order_product_id,due_period,completion_period,status,delay_days_if_completed,last_observed_blocker
64001,61,61,on_time,0,
64002,61,61,on_time,0,
64003,61,61,on_time,0,
64004,61,61,on_time,0,
64005,61,61,on_time,0,
64006,61,61,on_time,0,
64007,61,61,on_time,0,
64008,61,61,on_time,0,
64009,61,61,on_time,0,
64010,61,61,on_time,0,
64011,61,61,on_time,0,
64012,61,61,on_time,0,
64013,61,61,on_time,0,
64014,61,61,on_time,0,
64015,61,61,on_time,0,
64016,61,61,on_time,0,
64017,61,61,on_time,0,
64018,61,61,on_time,0,
64019,61,61,on_time,0,
64020,61,61,on_time,0,
64021,61,61,on_time,0,
64022,61,61,on_time,0,
64023,61,61,on_time,0,
64024,61,61,on_time,0,
64025,61,61,on_time,0,
64026,61,61,on_time,0,
64027,61,61,on_time,0,
64028,61,61,on_time,0,
64029,61,61,on_time,0,
64030,61,61,on_time,0,
64031,61,61,on_time,0,
64032,61,61,on_time,0,
64033,61,61,on_time,0,
64034,61,61,on_time,0,
64035,61,61,on_time,0,
64036,61,61,on_time,0,
64037,61,61,on_time,0,
64038,61,61,on_time,0,
64039,61,61,on_time,0,
64040,61,61,on_time,0,
64041,61,61,on_time,0,
64042,61,61,on_time,0,
64043,61,61,on_time,0,
64044,61,61,on_time,0,
64045,61,61,on_time,0,
64046,61,61,on_time,0,
64047,61,61,on_time,0,
64048,61,61,on_time,0,
64049,61,61,on_time,0,
64050,61,61,on_time,0,
64051,61,61,on_time,0,
64052,61,61,on_time,0,
64053,61,61,on_time,0,
64054,61,61,on_time,0,
64055,61,61,on_time,0,
64056,61,61,on_time,0,
64057,61,61,on_time,0,
64058,61,61,on_time,0,
64059,61,61,on_time,0,
64060,61,61,on_time,0,
64061,61,61,on_time,0,
64062,61,61,on_time,0,
64063,61,61,on_time,0,
64064,61,61,on_time,0,
64065,61,61,on_time,0,
64066,61,61,on_time,0,
64067,61,61,on_time,0,
64068,61,61,on_time,0,
64069,61,61,on_time,0,
64070,61,61,on_time,0,
64071,61,61,on_time,0,
64072,61,61,on_time,0,
64073,61,61,on_time,0,
64074,61,61,on_time,0,
64075,61,61,on_time,0,
64076,61,61,on_time,0,
64077,61,61,on_time,0,
64078,61,61,on_time,0,
64079,61,61,on_time,0,
64080,61,61,on_time,0,
64081,61,61,on_time,0,
64082,61,61,on_time,0,
64083,61,61,on_time,0,
64084,61,61,on_time,0,
64085,61,61,on_time,0,
64086,61,61,on_time,0,
64087,61,61,on_time,0,
64088,61,61,on_time,0,
64089,61,61,on_time,0,
64090,61,61,on_time,0,
64091,61,61,on_time,0,
64092,61,61,on_time,0,
64093,61,61,on_time,0,
64094,61,61,on_time,0,
64095,61,61,on_time,0,
64096,61,61,on_time,0,
64097,61,61,on_time,0,
64098,61,61,on_time,0,
64099,61,61,on_time,0,
64100,61,61,on_time,0,
64101,61,61,on_time,0,
64102,61,61,on_time,0,
64103,61,61,on_time,0,
64104,61,61,on_time,0,
64105,61,61,on_time,0,
64106,61,61,on_time,0,
64107,61,61,on_time,0,
64108,61,61,on_time,0,
64109,61,61,on_time,0,
64110,61,61,on_time,0,
64111,61,61,on_time,0,
64112,61,61,on_time,0,
64113,61,61,on_time,0,
64114,61,61,on_time,0,
64115,61,61,on_time,0,
64116,61,61,on_time,0,
64117,61,61,on_time,0,
64118,61,61,on_time,0,
64119,61,61,on_time,0,
64120,61,61,on_time,0,
64121,61,61,on_time,0,
64122,61,61,on_time,0,
64123,61,61,on_time,0,
64124,61,61,on_time,0,
64125,61,61,on_time,0,
64126,61,61,on_time,0,
64127,61,61,on_time,0,
64128,61,61,on_time,0,
64129,61,61,on_time,0,
64130,61,61,on_time,0,
64131,61,61,on_time,0,
64132,61,61,on_time,0,
64133,61,61,on_time,0,
64134,61,61,on_time,0,
64135,61,61,on_time,0,
64136,61,61,on_time,0,
64137,61,61,on_time,0,
64138,61,61,on_time,0,
64139,61,61,on_time,0,
64140,61,61,on_time,0,
64141,61,61,on_time,0,
64142,61,61,on_time,0,
64143,61,61,on_time,0,
64144,61,61,on_time,0,
64145,61,61,on_time,0,
64146,61,61,on_time,0,
64147,61,61,on_time,0,
64148,61,61,on_time,0,
64149,61,61,on_time,0,
64150,61,61,on_time,0,
64151,61,61,on_time,0,
64152,61,61,on_time,0,
64153,61,61,on_time,0,
64154,61,61,on_time,0,
64155,61,61,on_time,0,
64156,61,61,on_time,0,
64157,61,61,on_time,0,
64158,61,61,on_time,0,
64159,61,61,on_time,0,
64160,61,61,on_time,0,
64161,61,61,on_time,0,
64162,61,61,on_time,0,
64163,61,61,on_time,0,
64164,61,61,on_time,0,
64165,61,61,on_time,0,
64166,61,61,on_time,0,
64167,61,61,on_time,0,
64168,61,61,on_time,0,
64169,61,61,on_time,0,
64170,61,61,on_time,0,
64171,61,61,on_time,0,
64172,61,61,on_time,0,
64173,61,61,on_time,0,
64174,61,61,on_time,0,
64175,61,61,on_time,0,
64176,61,61,on_time,0,
64177,61,61,on_time,0,
64178,61,61,on_time,0,
64179,61,61,on_time,0,
64180,61,61,on_time,0,
64181,61,61,on_time,0,
64182,61,61,on_time,0,
64183,61,61,on_time,0,
64184,61,61,on_time,0,
64185,61,61,on_time,0,
64186,61,61,on_time,0,
64187,61,61,on_time,0,
64188,61,61,on_time,0,
64189,61,61,on_time,0,
64190,61,61,on_time,0,
64191,61,61,on_time,0,
64192,61,61,on_time,0,
64193,61,61,on_time,0,
64194,61,61,on_time,0,
64195,61,61,on_time,0,
64196,61,61,on_time,0,
64197,61,61,on_time,0,
64198,61,61,on_time,0,
64199,61,61,on_time,0,
64200,61,61,on_time,0,
64201,61,61,on_time,0,
64202,61,61,on_time,0,
64203,61,61,on_time,0,
64204,61,61,on_time,0,
64205,61,61,on_time,0,
64206,61,61,on_time,0,
64207,61,61,on_time,0,
64208,61,61,on_time,0,
64209,61,61,on_time,0,
64210,61,61,on_time,0,
64211,61,61,on_time,0,
64212,61,61,on_time,0,
64213,61,61,on_time,0,
64214,61,61,on_time,0,
64215,61,61,on_time,0,
64216,61,61,on_time,0,
64217,61,61,on_time,0,
64218,61,61,on_time,0,
64219,61,61,on_time,0,
64220,61,61,on_time,0,
64221,61,61,on_time,0,
64222,61,61,on_time,0,
64223,61,61,on_time,0,
64224,61,61,on_time,0,
64225,61,61,on_time,0,
64226,61,61,on_time,0,
64227,61,61,on_time,0,
64228,61,61,on_time,0,
64229,61,61,on_time,0,
64230,61,61,on_time,0,
64231,61,61,on_time,0,
64232,61,61,on_time,0,
64233,61,61,on_time,0,
64234,61,61,on_time,0,
64235,61,61,on_time,0,
64236,61,61,on_time,0,
64237,61,61,on_time,0,
64238,61,61,on_time,0,
64239,61,61,on_time,0,
64240,61,61,on_time,0,
64241,61,61,on_time,0,
64242,61,61,on_time,0,
64243,61,61,on_time,0,
64244,61,61,on_time,0,
64245,61,61,on_time,0,
64246,61,61,on_time,0,
64247,61,61,on_time,0,
64248,61,61,on_time,0,
64249,61,61,on_time,0,
64250,61,61,on_time,0,
64251,61,61,on_time,0,
64252,61,61,on_time,0,
64253,61,61,on_time,0,
64254,61,61,on_time,0,
64255,61,61,on_time,0,
64256,61,61,on_time,0,
64257,61,61,on_time,0,
64258,61,61,on_time,0,
64259,61,61,on_time,0,
64260,61,61,on_time,0,
64261,61,61,on_time,0,
64262,61,61,on_time,0,
64263,61,61,on_time,0,
64264,61,61,on_time,0,
64265,61,61,on_time,0,
64266,61,61,on_time,0,
64267,61,61,on_time,0,
64268,61,61,on_time,0,
64269,61,61,on_time,0,
64270,61,61,on_time,0,
64271,61,61,on_time,0,
64272,61,61,on_time,0,
64273,61,61,on_time,0,
64274,61,61,on_time,0,
64275,61,61,on_time,0,
64276,61,61,on_time,0,
64277,61,61,on_time,0,
64278,61,61,on_time,0,
64279,61,61,on_time,0,
64280,61,61,on_time,0,
64281,61,61,on_time,0,
64282,61,61,on_time,0,
64283,61,61,on_time,0,
64284,61,61,on_time,0,
64285,61,61,on_time,0,
64286,61,61,on_time,0,
64287,61,61,on_time,0,
64288,61,61,on_time,0,
64289,61,61,on_time,0,
64290,61,61,on_time,0,
64291,61,61,on_time,0,
64292,61,61,on_time,0,
64293,61,61,on_time,0,
64294,61,61,on_time,0,
64295,61,61,on_time,0,
64296,61,61,on_time,0,
64297,61,61,on_time,0,
64298,61,61,on_time,0,
64299,61,61,on_time,0,
64300,61,61,on_time,0,
64301,61,61,on_time,0,
64302,61,61,on_time,0,
64303,61,61,on_time,0,
64304,61,61,on_time,0,
64305,61,61,on_time,0,
64306,61,61,on_time,0,
64307,61,61,on_time,0,
64308,61,61,on_time,0,
64309,61,61,on_time,0,
64310,61,61,on_time,0,
64311,61,61,on_time,0,
64312,61,61,on_time,0,
64313,61,61,on_time,0,
64314,61,61,on_time,0,
64315,61,61,on_time,0,
64316,61,61,on_time,0,
64317,61,61,on_time,0,
64318,61,61,on_time,0,
64319,61,61,on_time,0,
64320,61,61,on_time,0,
64321,61,61,on_time,0,
64322,61,61,on_time,0,
64323,61,61,on_time,0,
64324,61,61,on_time,0,
64325,61,61,on_time,0,
64326,61,61,on_time,0,
64327,61,61,on_time,0,
64328,61,61,on_time,0,
64329,61,61,on_time,0,
64330,61,61,on_time,0,
64331,61,61,on_time,0,
64332,61,61,on_time,0,
64333,61,61,on_time,0,
64334,61,61,on_time,0,
64335,61,61,on_time,0,
64336,61,61,on_time,0,
64337,61,61,on_time,0,
64338,61,61,on_time,0,
64339,61,61,on_time,0,
64340,61,61,on_time,0,
64341,61,61,on_time,0,
64342,61,61,on_time,0,
64343,61,61,on_time,0,
64344,61,61,on_time,0,
64345,61,61,on_time,0,
64346,61,61,on_time,0,
64347,61,61,on_time,0,
64348,61,61,on_time,0,
64349,61,61,on_time,0,
64350,61,61,on_time,0,
64351,61,61,on_time,0,
64352,61,61,on_time,0,
64353,61,61,on_time,0,
64354,61,61,on_time,0,
64355,61,61,on_time,0,
64356,61,61,on_time,0,
64357,61,61,on_time,0,
64358,61,61,on_time,0,
64359,61,61,on_time,0,
64360,61,61,on_time,0,
64361,61,61,on_time,0,
64362,61,61,on_time,0,
64363,61,61,on_time,0,
64364,61,61,on_time,0,
64365,61,61,on_time,0,
64366,61,61,on_time,0,
64367,61,61,on_time,0,
64368,61,61,on_time,0,
64369,61,61,on_time,0,
64370,61,61,on_time,0,
64371,61,61,on_time,0,
64372,61,61,on_time,0,
64373,61,61,on_time,0,
64374,61,61,on_time,0,
64375,61,61,on_time,0,
64376,61,61,on_time,0,
64377,61,61,on_time,0,
64378,61,61,on_time,0,
64379,61,61,on_time,0,
64380,61,61,on_time,0,
64381,61,61,on_time,0,
64382,61,61,on_time,0,
64383,61,61,on_time,0,
64384,61,61,on_time,0,
64385,61,61,on_time,0,
64386,61,61,on_time,0,
64387,61,61,on_time,0,
64388,61,61,on_time,0,
64389,61,61,on_time,0,
64390,61,61,on_time,0,
64391,61,61,on_time,0,
64392,61,61,on_time,0,
64393,61,61,on_time,0,
64394,61,61,on_time,0,
64395,61,61,on_time,0,
64396,61,61,on_time,0,
64397,61,61,on_time,0,
64398,61,61,on_time,0,
64399,61,61,on_time,0,
64400,61,61,on_time,0,
64401,61,61,on_time,0,
64402,61,61,on_time,0,
64403,61,61,on_time,0,
64404,61,61,on_time,0,
64405,61,61,on_time,0,
64406,61,61,on_time,0,
64407,61,61,on_time,0,
64408,61,61,on_time,0,
64409,61,61,on_time,0,
64410,61,61,on_time,0,
64411,61,61,on_time,0,
64412,61,61,on_time,0,
64413,61,61,on_time,0,
64414,61,61,on_time,0,
64415,61,61,on_time,0,
64416,61,61,on_time,0,
64417,61,61,on_time,0,
64418,61,61,on_time,0,
64419,61,61,on_time,0,
64420,61,61,on_time,0,
64421,61,61,on_time,0,
64422,61,61,on_time,0,
64423,61,61,on_time,0,
64424,61,61,on_time,0,
64425,61,61,on_time,0,
64426,61,61,on_time,0,
64427,61,61,on_time,0,
64428,61,61,on_time,0,
64429,61,61,on_time,0,
64430,61,61,on_time,0,
64431,61,61,on_time,0,
64432,61,61,on_time,0,
64433,61,61,on_time,0,
64434,61,61,on_time,0,
64435,61,61,on_time,0,
64436,61,61,on_time,0,
64437,61,61,on_time,0,
64438,61,61,on_time,0,
64439,61,61,on_time,0,
64440,61,61,on_time,0,
64441,61,61,on_time,0,
64442,61,61,on_time,0,
64443,61,61,on_time,0,
64444,61,61,on_time,0,
64445,61,61,on_time,0,
64446,61,61,on_time,0,
64447,61,61,on_time,0,
64448,61,61,on_time,0,
64449,61,61,on_time,0,
64450,61,61,on_time,0,
64451,61,61,on_time,0,
64452,61,61,on_time,0,
64453,61,61,on_time,0,
64454,61,61,on_time,0,
64455,61,61,on_time,0,
64456,61,61,on_time,0,
64457,61,61,on_time,0,
64458,61,61,on_time,0,
64459,61,61,on_time,0,
64460,61,61,on_time,0,
64461,61,61,on_time,0,
64462,61,61,on_time,0,
64463,61,61,on_time,0,
64464,61,61,on_time,0,
64465,61,61,on_time,0,
64466,61,61,on_time,0,
64467,61,61,on_time,0,
64468,61,61,on_time,0,
64469,61,61,on_time,0,
64470,61,61,on_time,0,
64471,61,61,on_time,0,
64472,61,61,on_time,0,
64473,61,61,on_time,0,
64474,61,61,on_time,0,
64475,61,61,on_time,0,
64476,61,61,on_time,0,
64477,61,61,on_time,0,
64478,61,61,on_time,0,
64479,61,61,on_time,0,
64480,61,61,on_time,0,
64481,61,61,on_time,0,
64482,61,61,on_time,0,
64483,61,61,on_time,0,
64484,61,61,on_time,0,
64485,61,61,on_time,0,
64486,61,61,on_time,0,
64487,61,61,on_time,0,
64488,61,61,on_time,0,
64489,61,61,on_time,0,
64490,61,61,on_time,0,
64491,61,61,on_time,0,
64492,61,61,on_time,0,
64493,61,61,on_time,0,
64494,61,61,on_time,0,
64495,61,61,on_time,0,
64496,61,61,on_time,0,
64497,61,61,on_time,0,
64498,61,61,on_time,0,
64499,61,61,on_time,0,
64500,61,61,on_time,0,
64501,61,61,on_time,0,
64502,61,61,on_time,0,
64503,61,61,on_time,0,
64504,61,61,on_time,0,
64505,61,61,on_time,0,
64506,61,61,on_time,0,
64507,61,61,on_time,0,
64508,61,61,on_time,0,
64509,61,61,on_time,0,
64510,61,61,on_time,0,
64511,61,61,on_time,0,
64512,61,61,on_time,0,
64513,61,61,on_time,0,
64514,61,61,on_time,0,
64515,61,61,on_time,0,
64516,61,61,on_time,0,
64517,61,61,on_time,0,
64518,61,61,on_time,0,
64519,61,61,on_time,0,
64520,61,61,on_time,0,
64521,61,61,on_time,0,
64522,61,61,on_time,0,
64523,61,61,on_time,0,
64524,61,61,on_time,0,
64525,61,61,on_time,0,
64526,61,61,on_time,0,
64527,61,61,on_time,0,
64528,61,61,on_time,0,
64529,61,61,on_time,0,
64530,61,61,on_time,0,
64531,61,61,on_time,0,
64532,61,61,on_time,0,
64533,61,61,on_time,0,
64534,61,61,on_time,0,
64535,61,61,on_time,0,
64536,61,61,on_time,0,
64537,61,61,on_time,0,
64538,61,61,on_time,0,
64539,61,61,on_time,0,
64540,61,61,on_time,0,
64541,61,61,on_time,0,
64542,61,61,on_time,0,
64543,61,61,on_time,0,
64544,61,61,on_time,0,
64545,61,61,on_time,0,
64546,61,61,on_time,0,
64547,61,61,on_time,0,
64548,61,61,on_time,0,
64549,61,61,on_time,0,
64550,61,61,on_time,0,
64551,61,61,on_time,0,
64552,61,61,on_time,0,
64553,61,61,on_time,0,
64554,61,61,on_time,0,
64555,61,61,on_time,0,
64556,61,61,on_time,0,
64557,61,61,on_time,0,
64558,61,61,on_time,0,
64559,61,61,on_time,0,
64560,61,61,on_time,0,
64561,61,61,on_time,0,
64562,61,61,on_time,0,
64563,61,61,on_time,0,
64564,61,61,on_time,0,
64565,61,61,on_time,0,
64566,61,61,on_time,0,
64567,61,61,on_time,0,
64568,61,61,on_time,0,
64569,61,61,on_time,0,
64570,61,61,on_time,0,
64571,61,61,on_time,0,
64572,61,61,on_time,0,
64573,61,61,on_time,0,
64574,61,61,on_time,0,
64575,61,61,on_time,0,
64576,61,61,on_time,0,
64577,61,61,on_time,0,
64578,61,61,on_time,0,
64579,61,61,on_time,0,
64580,61,61,on_time,0,
64581,61,61,on_time,0,
64582,61,61,on_time,0,
64583,61,61,on_time,0,
64584,61,61,on_time,0,
64585,61,61,on_time,0,
64586,61,61,on_time,0,
64587,61,61,on_time,0,
64588,61,61,on_time,0,
64589,61,61,on_time,0,
64590,61,61,on_time,0,
64591,61,61,on_time,0,
64592,61,61,on_time,0,
64593,61,61,on_time,0,
64594,61,61,on_time,0,
64595,61,61,on_time,0,
64596,61,61,on_time,0,
64597,61,61,on_time,0,
64598,61,61,on_time,0,
64599,61,61,on_time,0,
64600,61,61,on_time,0,
64601,61,61,on_time,0,
64602,61,61,on_time,0,
64603,61,61,on_time,0,
64604,61,61,on_time,0,
64605,61,61,on_time,0,
64606,61,61,on_time,0,
64607,61,61,on_time,0,
64608,61,61,on_time,0,
64609,61,61,on_time,0,
64610,61,61,on_time,0,
64611,61,61,on_time,0,
64612,61,61,on_time,0,
64613,61,61,on_time,0,
64614,61,61,on_time,0,
64615,61,61,on_time,0,
64616,61,61,on_time,0,
64617,61,61,on_time,0,
64618,61,61,on_time,0,
64619,61,61,on_time,0,
64620,61,61,on_time,0,
64621,61,61,on_time,0,
64622,61,61,on_time,0,
64623,61,61,on_time,0,
64624,61,61,on_time,0,
64625,61,61,on_time,0,
64626,61,61,on_time,0,
64627,61,61,on_time,0,
64628,61,61,on_time,0,
64629,61,61,on_time,0,
64630,61,61,on_time,0,
64631,61,61,on_time,0,
64632,61,61,on_time,0,
64633,61,61,on_time,0,
64634,61,61,on_time,0,
64635,61,61,on_time,0,
64636,61,61,on_time,0,
64637,61,61,on_time,0,
64638,61,61,on_time,0,
64639,61,61,on_time,0,
64640,61,61,on_time,0,
64641,61,61,on_time,0,
64642,61,61,on_time,0,
64643,61,61,on_time,0,
64644,61,61,on_time,0,
64645,61,61,on_time,0,
64646,61,61,on_time,0,
64647,61,61,on_time,0,
64648,61,61,on_time,0,
64649,61,61,on_time,0,
64650,61,61,on_time,0,
64651,61,61,on_time,0,
64652,61,61,on_time,0,
64653,61,61,on_time,0,
64654,61,61,on_time,0,
64655,61,61,on_time,0,
64656,61,61,on_time,0,
64657,61,61,on_time,0,
64658,61,61,on_time,0,
64659,61,61,on_time,0,
64660,61,61,on_time,0,
64661,61,61,on_time,0,
64662,61,61,on_time,0,
64663,61,61,on_time,0,
64664,61,61,on_time,0,
64665,61,61,on_time,0,
64666,61,61,on_time,0,
64667,61,61,on_time,0,
64668,61,61,on_time,0,
64669,61,61,on_time,0,
64670,61,61,on_time,0,
64671,61,61,on_time,0,
64672,61,61,on_time,0,
64673,61,61,on_time,0,
64674,61,61,on_time,0,
64675,61,61,on_time,0,
64676,61,61,on_time,0,
64677,61,61,on_time,0,
64678,61,61,on_time,0,
64679,61,61,on_time,0,
64680,61,61,on_time,0,
64681,61,61,on_time,0,
64682,61,61,on_time,0,
64683,61,61,on_time,0,
64684,61,61,on_time,0,
64685,61,61,on_time,0,
64686,61,61,on_time,0,
64687,61,61,on_time,0,
64688,61,61,on_time,0,
64689,61,61,on_time,0,
64690,61,61,on_time,0,
64691,61,61,on_time,0,
64692,61,61,on_time,0,
64693,61,61,on_time,0,
64694,61,61,on_time,0,
64695,61,61,on_time,0,
64696,61,61,on_time,0,
64697,61,61,on_time,0,
64698,61,61,on_time,0,
64699,61,61,on_time,0,
64700,61,61,on_time,0,
64701,61,61,on_time,0,
64702,61,61,on_time,0,
64703,61,61,on_time,0,
64704,61,61,on_time,0,
64705,61,61,on_time,0,
64706,61,61,on_time,0,
64707,61,61,on_time,0,
64708,61,61,on_time,0,
64709,61,61,on_time,0,
64710,61,61,on_time,0,
64711,61,61,on_time,0,
64712,61,61,on_time,0,
64713,61,61,on_time,0,
64714,61,61,on_time,0,
64715,61,61,on_time,0,
64716,61,61,on_time,0,
64717,61,61,on_time,0,
64718,61,61,on_time,0,
64719,61,61,on_time,0,
64720,61,61,on_time,0,
64721,61,61,on_time,0,
64722,61,61,on_time,0,
64723,61,61,on_time,0,
64724,61,61,on_time,0,
64725,61,61,on_time,0,
64726,61,61,on_time,0,
64727,61,61,on_time,0,
64728,61,61,on_time,0,
64729,61,61,on_time,0,
64730,61,61,on_time,0,
64731,61,61,on_time,0,
64732,61,61,on_time,0,
64733,61,61,on_time,0,
64734,61,61,on_time,0,
64735,61,61,on_time,0,
64736,61,61,on_time,0,
64737,61,61,on_time,0,
64738,61,61,on_time,0,
64739,61,61,on_time,0,
64740,61,61,on_time,0,
64741,61,61,on_time,0,
64742,61,61,on_time,0,
64743,61,61,on_time,0,
64744,61,61,on_time,0,
64745,61,61,on_time,0,
64746,61,61,on_time,0,
64747,61,61,on_time,0,
64748,61,61,on_time,0,
64749,61,61,on_time,0,
64750,61,61,on_time,0,
64751,61,61,on_time,0,
64752,61,61,on_time,0,
64753,61,61,on_time,0,
64754,61,61,on_time,0,
64755,61,61,on_time,0,
64756,61,61,on_time,0,
64757,61,61,on_time,0,
64758,61,61,on_time,0,
64759,61,61,on_time,0,
64760,61,61,on_time,0,
64761,61,61,on_time,0,
64762,61,61,on_time,0,
64763,61,61,on_time,0,
64764,61,61,on_time,0,
64765,61,61,on_time,0,
64766,61,61,on_time,0,
64767,61,61,on_time,0,
64768,61,61,on_time,0,
64769,61,61,on_time,0,
64770,61,61,on_time,0,
64771,61,61,on_time,0,
64772,61,61,on_time,0,
64773,61,61,on_time,0,
64774,61,61,on_time,0,
64775,61,61,on_time,0,
64776,61,61,on_time,0,
64777,61,61,on_time,0,
64778,61,61,on_time,0,
64779,61,61,on_time,0,
64780,61,61,on_time,0,
64781,61,61,on_time,0,
64782,61,61,on_time,0,
64783,61,61,on_time,0,
64784,61,61,on_time,0,
64785,61,61,on_time,0,
64786,61,61,on_time,0,
64787,61,61,on_time,0,
64788,61,61,on_time,0,
64789,61,61,on_time,0,
64790,61,61,on_time,0,
64791,61,61,on_time,0,
64792,61,61,on_time,0,
64793,61,61,on_time,0,
64794,61,61,on_time,0,
64795,61,61,on_time,0,
64796,61,61,on_time,0,
64797,61,61,on_time,0,
64798,61,61,on_time,0,
64799,61,61,on_time,0,
64800,61,61,on_time,0,
64801,61,61,on_time,0,
64802,61,61,on_time,0,
64803,61,61,on_time,0,
64804,61,61,on_time,0,
64805,61,61,on_time,0,
64806,61,61,on_time,0,
64807,61,61,on_time,0,
64808,61,61,on_time,0,
64809,61,61,on_time,0,
64810,61,61,on_time,0,
64811,61,61,on_time,0,
64812,61,61,on_time,0,
64813,61,61,on_time,0,
64814,61,61,on_time,0,
64815,61,61,on_time,0,
64816,61,61,on_time,0,
64817,61,61,on_time,0,
64818,61,61,on_time,0,
64819,61,61,on_time,0,
64820,61,61,on_time,0,
64821,61,61,on_time,0,
64822,61,61,on_time,0,
64823,61,61,on_time,0,
64824,61,61,on_time,0,
64825,61,61,on_time,0,
64826,61,61,on_time,0,
64827,61,61,on_time,0,
64828,61,61,on_time,0,
64829,61,61,on_time,0,
64830,61,61,on_time,0,
64831,61,61,on_time,0,
64832,61,61,on_time,0,
64833,61,61,on_time,0,
64834,61,61,on_time,0,
64835,61,61,on_time,0,
64836,61,61,on_time,0,
64837,61,61,on_time,0,
64838,61,61,on_time,0,
64839,61,61,on_time,0,
64840,61,61,on_time,0,
64841,61,61,on_time,0,
64842,61,61,on_time,0,
64843,61,61,on_time,0,
64844,61,61,on_time,0,
64845,61,61,on_time,0,
64846,61,61,on_time,0,
64847,61,61,on_time,0,
64848,61,61,on_time,0,
64849,61,61,on_time,0,
64850,61,61,on_time,0,
64851,61,61,on_time,0,
64852,61,61,on_time,0,
64853,61,61,on_time,0,
64854,61,61,on_time,0,
64855,61,61,on_time,0,
64856,61,61,on_time,0,
64857,61,61,on_time,0,
64858,61,61,on_time,0,
64859,61,61,on_time,0,
64860,61,61,on_time,0,
64861,61,61,on_time,0,
64862,61,61,on_time,0,
64863,61,61,on_time,0,
64864,61,61,on_time,0,
64865,61,61,on_time,0,
64866,61,61,on_time,0,
64867,61,61,on_time,0,
64868,61,61,on_time,0,
64869,61,61,on_time,0,
64870,61,61,on_time,0,
64871,61,61,on_time,0,
64872,61,61,on_time,0,
64873,61,61,on_time,0,
64874,61,61,on_time,0,
64875,61,61,on_time,0,
64876,61,61,on_time,0,
64877,61,61,on_time,0,
64878,61,61,on_time,0,
64879,61,61,on_time,0,
64880,61,61,on_time,0,
64881,61,61,on_time,0,
64882,61,61,on_time,0,
64883,61,61,on_time,0,
64884,61,61,on_time,0,
64885,61,61,on_time,0,
64886,61,61,on_time,0,
64887,61,61,on_time,0,
64888,61,61,on_time,0,
64889,61,61,on_time,0,
64890,61,61,on_time,0,
64891,61,61,on_time,0,
64892,61,61,on_time,0,
64893,61,61,on_time,0,
64894,61,61,on_time,0,
64895,61,61,on_time,0,
64896,61,61,on_time,0,
64897,61,61,on_time,0,
64898,61,61,on_time,0,
64899,61,61,on_time,0,
64900,61,61,on_time,0,
64901,61,61,on_time,0,
64902,61,61,on_time,0,
64903,61,61,on_time,0,
64904,61,61,on_time,0,
64905,61,61,on_time,0,
64906,61,61,on_time,0,
64907,61,61,on_time,0,
64908,61,61,on_time,0,
64909,61,61,on_time,0,
64910,61,61,on_time,0,
64911,61,61,on_time,0,
64912,61,61,on_time,0,
64913,61,61,on_time,0,
64914,61,61,on_time,0,
64915,61,61,on_time,0,
64916,61,61,on_time,0,
64917,61,61,on_time,0,
64918,61,61,on_time,0,
64919,61,61,on_time,0,
64920,61,61,on_time,0,
64921,61,61,on_time,0,
64922,61,61,on_time,0,
64923,61,61,on_time,0,
64924,61,61,on_time,0,
64925,61,61,on_time,0,
64926,61,61,on_time,0,
64927,61,61,on_time,0,
64928,61,61,on_time,0,
64929,61,61,on_time,0,
64930,61,61,on_time,0,
64931,61,61,on_time,0,
64932,61,61,on_time,0,
64933,61,61,on_time,0,
64934,61,61,on_time,0,
64935,61,61,on_time,0,
64936,61,61,on_time,0,
64937,61,61,on_time,0,
64938,61,61,on_time,0,
64939,61,61,on_time,0,
64940,61,61,on_time,0,
64941,61,61,on_time,0,
64942,61,61,on_time,0,
64943,61,61,on_time,0,
64944,61,61,on_time,0,
64945,61,61,on_time,0,
64946,61,61,on_time,0,
64947,61,61,on_time,0,
64948,61,61,on_time,0,
64949,61,61,on_time,0,
64950,61,61,on_time,0,
64951,61,61,on_time,0,
64952,61,61,on_time,0,
64953,61,61,on_time,0,
64954,61,61,on_time,0,
64955,61,61,on_time,0,
64956,61,61,on_time,0,
64957,61,61,on_time,0,
64958,61,61,on_time,0,
64959,61,61,on_time,0,
64960,61,61,on_time,0,
64961,61,61,on_time,0,
64962,61,61,on_time,0,
64963,61,61,on_time,0,
64964,61,61,on_time,0,
64965,61,61,on_time,0,
64966,61,61,on_time,0,
64967,61,61,on_time,0,
64968,61,61,on_time,0,
64969,61,61,on_time,0,
64970,61,61,on_time,0,
64971,61,61,on_time,0,
64972,61,61,on_time,0,
64973,61,61,on_time,0,
64974,61,61,on_time,0,
64975,61,61,on_time,0,
64976,61,61,on_time,0,
64977,61,61,on_time,0,
64978,61,61,on_time,0,
64979,61,61,on_time,0,
64980,61,61,on_time,0,
64981,61,61,on_time,0,
64982,61,61,on_time,0,
64983,61,61,on_time,0,
64984,61,61,on_time,0,
64985,61,61,on_time,0,
64986,61,61,on_time,0,
64987,61,61,on_time,0,
64988,61,61,on_time,0,
64989,61,61,on_time,0,
64990,61,61,on_time,0,
64991,61,61,on_time,0,
64992,61,61,on_time,0,
64993,61,61,on_time,0,
64994,61,61,on_time,0,
64995,61,61,on_time,0,
64996,61,61,on_time,0,
64997,61,61,on_time,0,
64998,61,61,on_time,0,
64999,61,61,on_time,0,
65000,61,61,on_time,0,
65001,61,61,on_time,0,
65002,61,61,on_time,0,
65003,61,61,on_time,0,
65004,61,61,on_time,0,
65005,61,61,on_time,0,
65006,61,61,on_time,0,
65007,61,61,on_time,0,
65008,61,61,on_time,0,
65009,61,61,on_time,0,
65010,61,61,on_time,0,
65011,61,61,on_time,0,
65012,61,61,on_time,0,
65013,61,61,on_time,0,
65014,61,61,on_time,0,
65015,61,61,on_time,0,
65016,61,61,on_time,0,
65017,61,61,on_time,0,
65018,61,61,on_time,0,
65019,61,61,on_time,0,
65020,61,61,on_time,0,
65021,61,61,on_time,0,
65022,61,61,on_time,0,
65023,61,61,on_time,0,
65024,61,61,on_time,0,
65025,61,61,on_time,0,
65026,61,61,on_time,0,
65027,61,61,on_time,0,
65028,61,61,on_time,0,
65029,61,61,on_time,0,
65030,61,61,on_time,0,
65031,61,61,on_time,0,
65032,61,61,on_time,0,
65033,61,61,on_time,0,
65034,61,61,on_time,0,
65035,61,61,on_time,0,
65036,61,61,on_time,0,
65037,61,61,on_time,0,
65038,61,61,on_time,0,
65039,61,61,on_time,0,
65040,61,61,on_time,0,
65041,61,61,on_time,0,
65042,61,61,on_time,0,
65043,61,61,on_time,0,
65044,61,61,on_time,0,
65045,61,61,on_time,0,
65046,61,61,on_time,0,
65047,61,61,on_time,0,
65048,61,61,on_time,0,
65049,61,61,on_time,0,
65050,61,61,on_time,0,
65051,61,61,on_time,0,
65052,61,61,on_time,0,
65053,61,61,on_time,0,
65054,61,61,on_time,0,
65055,61,61,on_time,0,
65056,61,61,on_time,0,
65057,61,61,on_time,0,
65058,61,61,on_time,0,
65059,61,61,on_time,0,
65060,61,61,on_time,0,
65061,61,61,on_time,0,
65062,61,61,on_time,0,
65063,61,61,on_time,0,
65064,61,61,on_time,0,
65065,61,61,on_time,0,
65066,61,61,on_time,0,
65067,61,61,on_time,0,
65068,61,61,on_time,0,
65069,61,61,on_time,0,
65070,61,61,on_time,0,
65071,61,61,on_time,0,
65072,61,61,on_time,0,
65073,61,61,on_time,0,
65074,61,61,on_time,0,
65075,61,61,on_time,0,
65076,61,61,on_time,0,
65077,61,61,on_time,0,
65078,61,61,on_time,0,
65079,61,61,on_time,0,
65080,61,61,on_time,0,
65081,61,61,on_time,0,
65082,61,61,on_time,0,
65083,61,61,on_time,0,
65084,61,61,on_time,0,
65085,61,61,on_time,0,
65086,61,61,on_time,0,
65087,61,61,on_time,0,
65088,61,61,on_time,0,
65089,61,61,on_time,0,
65090,61,61,on_time,0,
65091,61,61,on_time,0,
65092,61,61,on_time,0,
65093,61,61,on_time,0,
65094,61,61,on_time,0,
65095,61,61,on_time,0,
65096,61,61,on_time,0,
65097,61,61,on_time,0,
65098,61,61,on_time,0,
65099,61,61,on_time,0,
65100,61,61,on_time,0,
65101,61,61,on_time,0,
65102,61,61,on_time,0,
65103,61,61,on_time,0,
65104,61,61,on_time,0,
65105,61,61,on_time,0,
65106,61,61,on_time,0,
65107,61,61,on_time,0,
65108,61,61,on_time,0,
65109,61,61,on_time,0,
65110,61,61,on_time,0,
65111,61,61,on_time,0,
65112,61,61,on_time,0,
65113,61,61,on_time,0,
65114,61,61,on_time,0,
65115,61,61,on_time,0,
65116,61,61,on_time,0,
65117,61,61,on_time,0,
65118,61,61,on_time,0,
65119,61,61,on_time,0,
65120,61,61,on_time,0,
65121,61,61,on_time,0,
65122,61,61,on_time,0,
65123,61,61,on_time,0,
65124,61,61,on_time,0,
65125,61,61,on_time,0,
65126,61,61,on_time,0,
65127,61,61,on_time,0,
65128,61,61,on_time,0,
65129,61,61,on_time,0,
65130,61,61,on_time,0,
65131,61,61,on_time,0,
65132,61,61,on_time,0,
65133,61,61,on_time,0,
65134,61,61,on_time,0,
65135,61,61,on_time,0,
65136,61,61,on_time,0,
65137,61,61,on_time,0,
65138,61,61,on_time,0,
65139,61,61,on_time,0,
65140,61,61,on_time,0,
65141,61,61,on_time,0,
65142,61,61,on_time,0,
65143,61,61,on_time,0,
65144,61,61,on_time,0,
65145,61,61,on_time,0,
65146,61,61,on_time,0,
65147,61,61,on_time,0,
65148,61,61,on_time,0,
65149,61,61,on_time,0,
65150,61,61,on_time,0,
65151,61,61,on_time,0,
65152,61,61,on_time,0,
65153,61,61,on_time,0,
65154,61,61,on_time,0,
65155,61,61,on_time,0,
65156,61,61,on_time,0,
65157,61,61,on_time,0,
65158,61,61,on_time,0,
65159,61,61,on_time,0,
65160,61,61,on_time,0,
65161,61,61,on_time,0,
65162,61,61,on_time,0,
65163,61,61,on_time,0,
65164,61,61,on_time,0,
65165,61,61,on_time,0,
65166,61,61,on_time,0,
65167,61,61,on_time,0,
65168,61,61,on_time,0,
65169,61,61,on_time,0,
65170,61,61,on_time,0,
65171,61,61,on_time,0,
65172,61,61,on_time,0,
65173,61,61,on_time,0,
65174,61,61,on_time,0,
65175,61,61,on_time,0,
65176,61,61,on_time,0,
65177,61,61,on_time,0,
65178,61,61,on_time,0,
65179,61,61,on_time,0,
65180,61,61,on_time,0,
65181,61,61,on_time,0,
65182,61,61,on_time,0,
65183,61,61,on_time,0,
65184,61,61,on_time,0,
65185,61,61,on_time,0,
65186,61,61,on_time,0,
65187,61,61,on_time,0,
65188,61,61,on_time,0,
65189,61,61,on_time,0,
65190,61,61,on_time,0,
65191,61,61,on_time,0,
65192,61,61,on_time,0,
65193,61,61,on_time,0,
65194,61,61,on_time,0,
65195,61,61,on_time,0,
65196,61,61,on_time,0,
65197,61,61,on_time,0,
65198,61,61,on_time,0,
65199,61,61,on_time,0,
65200,61,61,on_time,0,
65201,61,61,on_time,0,
65202,61,61,on_time,0,
65203,61,61,on_time,0,
65204,61,61,on_time,0,
65205,61,61,on_time,0,
65206,61,61,on_time,0,
65207,61,61,on_time,0,
65208,61,61,on_time,0,
65209,61,61,on_time,0,
65210,61,61,on_time,0,
65211,61,61,on_time,0,
65212,61,61,on_time,0,
65213,61,61,on_time,0,
65214,61,61,on_time,0,
65215,61,61,on_time,0,
65216,61,61,on_time,0,
65217,61,61,on_time,0,
65218,61,61,on_time,0,
65219,61,61,on_time,0,
65220,61,61,on_time,0,
65221,61,61,on_time,0,
65222,61,61,on_time,0,
65223,61,61,on_time,0,
65224,61,61,on_time,0,
65225,61,61,on_time,0,
65226,61,61,on_time,0,
65227,61,61,on_time,0,
65228,61,61,on_time,0,
65229,61,61,on_time,0,
65230,61,61,on_time,0,
65231,61,61,on_time,0,
65232,61,61,on_time,0,
65233,61,61,on_time,0,
65234,61,61,on_time,0,
65235,61,61,on_time,0,
65236,61,61,on_time,0,
65237,61,61,on_time,0,
65238,61,61,on_time,0,
65239,61,61,on_time,0,
65240,61,61,on_time,0,
65241,61,61,on_time,0,
65242,61,61,on_time,0,
65243,61,61,on_time,0,
65244,61,61,on_time,0,
65245,61,61,on_time,0,
65246,61,61,on_time,0,
65247,61,61,on_time,0,
65248,61,61,on_time,0,
65249,61,61,on_time,0,
65250,61,61,on_time,0,
65251,61,61,on_time,0,
65252,61,61,on_time,0,
65253,61,61,on_time,0,
65254,61,61,on_time,0,
65255,61,61,on_time,0,
65256,61,61,on_time,0,
65257,61,61,on_time,0,
65258,61,61,on_time,0,
65259,61,61,on_time,0,
65260,61,61,on_time,0,
65261,61,61,on_time,0,
65262,61,61,on_time,0,
65263,61,61,on_time,0,
65264,61,61,on_time,0,
65265,61,61,on_time,0,
65266,61,61,on_time,0,
65267,61,61,on_time,0,
65268,61,61,on_time,0,
65269,61,61,on_time,0,
65270,61,61,on_time,0,
65271,61,61,on_time,0,
65272,61,61,on_time,0,
65273,61,61,on_time,0,
65274,61,61,on_time,0,
65275,61,61,on_time,0,
65276,61,61,on_time,0,
65277,61,61,on_time,0,
65278,61,61,on_time,0,
65279,61,61,on_time,0,
65280,61,61,on_time,0,
65281,61,61,on_time,0,
65282,61,61,on_time,0,
65283,61,61,on_time,0,
65284,61,61,on_time,0,
65285,61,61,on_time,0,
65286,61,61,on_time,0,
65287,61,61,on_time,0,
65288,61,61,on_time,0,
65289,61,61,on_time,0,
65290,61,61,on_time,0,
65291,61,61,on_time,0,
65292,61,61,on_time,0,
65293,61,61,on_time,0,
65294,61,61,on_time,0,
65295,61,61,on_time,0,
65296,61,61,on_time,0,
65297,61,61,on_time,0,
65298,61,61,on_time,0,
65299,61,61,on_time,0,
65300,61,61,on_time,0,
65301,61,61,on_time,0,
65302,61,61,on_time,0,
65303,61,61,on_time,0,
65304,61,61,on_time,0,
65305,61,61,on_time,0,
65306,61,61,on_time,0,
65307,61,61,on_time,0,
65308,61,61,on_time,0,
65309,61,61,on_time,0,
65310,61,61,on_time,0,
65311,61,61,on_time,0,
65312,61,61,on_time,0,
65313,61,61,on_time,0,
65314,61,61,on_time,0,
65315,61,61,on_time,0,
65316,61,61,on_time,0,
65317,61,61,on_time,0,
65318,61,61,on_time,0,
65319,61,61,on_time,0,
65320,61,61,on_time,0,
65321,61,61,on_time,0,
65322,61,61,on_time,0,
65323,61,61,on_time,0,
65324,61,61,on_time,0,
65325,61,61,on_time,0,
65326,61,61,on_time,0,
65327,61,61,on_time,0,
65328,61,61,on_time,0,
65329,61,61,on_time,0,
65330,61,61,on_time,0,
65331,61,61,on_time,0,
65332,61,61,on_time,0,
65333,61,61,on_time,0,
65334,61,61,on_time,0,
65335,61,61,on_time,0,
65336,61,61,on_time,0,
65337,61,61,on_time,0,
65338,61,61,on_time,0,
65339,61,61,on_time,0,
65340,61,61,on_time,0,
65341,61,61,on_time,0,
65342,61,61,on_time,0,
65343,61,61,on_time,0,
65344,61,61,on_time,0,
65345,61,61,on_time,0,
65346,61,61,on_time,0,
65347,61,61,on_time,0,
65348,61,61,on_time,0,
65349,61,61,on_time,0,
65350,61,61,on_time,0,
65351,61,61,on_time,0,
65352,61,61,on_time,0,
65353,61,61,on_time,0,
65354,61,61,on_time,0,
65355,61,61,on_time,0,
65356,61,61,on_time,0,
65357,61,61,on_time,0,
65358,61,61,on_time,0,
65359,61,61,on_time,0,
65360,61,61,on_time,0,
65361,61,61,on_time,0,
65362,61,61,on_time,0,
65363,61,61,on_time,0,
65364,61,61,on_time,0,
65365,61,61,on_time,0,
65366,61,61,on_time,0,
65367,61,61,on_time,0,
65368,61,61,on_time,0,
65369,61,61,on_time,0,
65370,61,61,on_time,0,
65371,61,61,on_time,0,
65372,61,61,on_time,0,
65373,61,61,on_time,0,
65374,61,61,on_time,0,
65375,61,61,on_time,0,
65376,61,61,on_time,0,
65377,61,61,on_time,0,
65378,61,61,on_time,0,
65379,61,61,on_time,0,
65380,61,61,on_time,0,
65381,61,61,on_time,0,
65382,61,61,on_time,0,
65383,61,61,on_time,0,
65384,61,61,on_time,0,
65385,61,61,on_time,0,
65386,61,61,on_time,0,
65387,61,61,on_time,0,
65388,61,61,on_time,0,
65389,61,61,on_time,0,
65390,61,61,on_time,0,
65391,61,61,on_time,0,
65392,61,61,on_time,0,
65393,61,61,on_time,0,
65394,61,61,on_time,0,
65395,61,61,on_time,0,
65396,61,61,on_time,0,
65397,61,61,on_time,0,
65398,61,61,on_time,0,
65399,61,61,on_time,0,
65400,61,61,on_time,0,
65401,61,61,on_time,0,
65402,61,61,on_time,0,
65403,61,61,on_time,0,
65404,61,61,on_time,0,
65405,61,61,on_time,0,
65406,61,61,on_time,0,
65407,61,61,on_time,0,
65408,61,61,on_time,0,
65409,61,61,on_time,0,
65410,61,61,on_time,0,
65411,61,61,on_time,0,
65412,61,61,on_time,0,
65413,61,61,on_time,0,
65414,61,61,on_time,0,
65415,61,61,on_time,0,
65416,61,61,on_time,0,
65417,61,61,on_time,0,
65418,61,61,on_time,0,
65419,61,61,on_time,0,
65420,61,61,on_time,0,
65421,61,61,on_time,0,
65422,61,61,on_time,0,
65423,61,61,on_time,0,
65424,61,61,on_time,0,
65425,61,61,on_time,0,
65426,61,61,on_time,0,
65427,61,61,on_time,0,
65428,61,61,on_time,0,
65429,61,61,on_time,0,
65430,61,61,on_time,0,
65431,61,61,on_time,0,
65432,61,61,on_time,0,
65433,61,61,on_time,0,
65434,61,61,on_time,0,
65435,61,61,on_time,0,
65436,61,61,on_time,0,
65437,61,61,on_time,0,
65438,61,61,on_time,0,
65439,61,61,on_time,0,
65440,61,61,on_time,0,
65441,61,61,on_time,0,
65442,61,61,on_time,0,
65443,61,61,on_time,0,
65444,61,61,on_time,0,
65445,61,61,on_time,0,
65446,61,61,on_time,0,
65447,61,61,on_time,0,
65448,61,61,on_time,0,
65449,61,61,on_time,0,
65450,61,61,on_time,0,
65451,61,61,on_time,0,
65452,61,61,on_time,0,
65453,61,61,on_time,0,
65454,61,61,on_time,0,
65455,61,61,on_time,0,
65456,61,61,on_time,0,
65457,61,61,on_time,0,
65458,61,61,on_time,0,
65459,61,61,on_time,0,
65460,61,61,on_time,0,
65461,61,61,on_time,0,
65462,61,61,on_time,0,
65463,61,61,on_time,0,
65464,61,61,on_time,0,
65465,61,61,on_time,0,
65466,61,61,on_time,0,
65467,61,61,on_time,0,
65468,61,61,on_time,0,
65469,61,61,on_time,0,
65470,61,61,on_time,0,
65471,61,61,on_time,0,
65472,61,61,on_time,0,
65473,61,61,on_time,0,
65474,61,61,on_time,0,
65475,61,61,on_time,0,
65476,61,61,on_time,0,
65477,61,61,on_time,0,
65478,61,61,on_time,0,
65479,61,61,on_time,0,
65480,61,61,on_time,0,
65481,61,61,on_time,0,
65482,61,61,on_time,0,
65483,61,61,on_time,0,
65484,61,61,on_time,0,
65485,61,61,on_time,0,
65486,61,61,on_time,0,
65487,61,61,on_time,0,
65488,61,61,on_time,0,
65489,61,61,on_time,0,
65490,61,61,on_time,0,
65491,61,61,on_time,0,
65492,61,61,on_time,0,
65493,61,61,on_time,0,
65494,61,61,on_time,0,
65495,61,61,on_time,0,
65496,61,61,on_time,0,
65497,61,61,on_time,0,
65498,61,61,on_time,0,
65499,61,61,on_time,0,
65500,61,61,on_time,0,
65501,61,61,on_time,0,
65502,61,61,on_time,0,
65503,61,61,on_time,0,
65504,61,61,on_time,0,
65505,61,61,on_time,0,
65506,61,61,on_time,0,
65507,61,61,on_time,0,
65508,61,61,on_time,0,
65509,61,61,on_time,0,
65510,61,61,on_time,0,
65511,61,61,on_time,0,
65512,61,61,on_time,0,
65513,61,61,on_time,0,
65514,61,61,on_time,0,
65515,61,61,on_time,0,
65516,61,61,on_time,0,
65517,61,61,on_time,0,
65518,61,61,on_time,0,
65519,61,61,on_time,0,
65520,61,61,on_time,0,
65521,61,61,on_time,0,
65522,61,61,on_time,0,
65523,61,61,on_time,0,
65524,61,61,on_time,0,
65525,61,61,on_time,0,
65526,61,61,on_time,0,
65527,61,61,on_time,0,
65528,61,61,on_time,0,
65529,61,61,on_time,0,
65530,61,61,on_time,0,
65531,61,61,on_time,0,
65532,61,61,on_time,0,
65533,61,61,on_time,0,
65534,61,61,on_time,0,
65535,61,61,on_time,0,
65536,61,61,on_time,0,
65537,61,61,on_time,0,
65538,61,61,on_time,0,
65539,61,61,on_time,0,
65540,61,61,on_time,0,
65541,61,61,on_time,0,
65542,61,61,on_time,0,
65543,61,61,on_time,0,
65544,61,61,on_time,0,
65545,61,61,on_time,0,
65546,61,61,on_time,0,
65547,61,61,on_time,0,
65548,61,61,on_time,0,
65549,61,61,on_time,0,
65550,61,61,on_time,0,
65551,61,61,on_time,0,
65552,61,61,on_time,0,
65553,61,61,on_time,0,
65554,61,61,on_time,0,
65555,61,61,on_time,0,
65556,61,61,on_time,0,
65557,61,61,on_time,0,
65558,61,61,on_time,0,
65559,61,61,on_time,0,
65560,61,61,on_time,0,
65561,61,61,on_time,0,
65562,61,61,on_time,0,
65563,61,61,on_time,0,
65564,61,61,on_time,0,
65565,61,61,on_time,0,
65566,61,61,on_time,0,
65567,61,61,on_time,0,
65568,61,61,on_time,0,
65569,61,61,on_time,0,
65570,61,61,on_time,0,
65571,61,61,on_time,0,
65572,61,61,on_time,0,
65573,61,61,on_time,0,
65574,61,61,on_time,0,
65575,61,61,on_time,0,
65576,61,61,on_time,0,
65577,61,61,on_time,0,
65578,61,61,on_time,0,
65579,61,61,on_time,0,
65580,61,61,on_time,0,
65581,61,61,on_time,0,
65582,61,61,on_time,0,
65583,61,61,on_time,0,
65584,61,61,on_time,0,
65585,61,61,on_time,0,
65586,61,61,on_time,0,
65587,61,61,on_time,0,
65588,61,61,on_time,0,
65589,61,61,on_time,0,
65590,61,61,on_time,0,
65591,61,61,on_time,0,
65592,61,61,on_time,0,
65593,61,61,on_time,0,
65594,61,61,on_time,0,
65595,61,61,on_time,0,
65596,61,61,on_time,0,
65597,61,61,on_time,0,
65598,61,61,on_time,0,
65599,61,61,on_time,0,
65600,61,61,on_time,0,
65601,61,61,on_time,0,
65602,61,61,on_time,0,
65603,61,61,on_time,0,
65604,61,61,on_time,0,
65605,61,61,on_time,0,
65606,61,61,on_time,0,
65607,61,61,on_time,0,
65608,61,61,on_time,0,
65609,61,61,on_time,0,
65610,61,61,on_time,0,
65611,61,61,on_time,0,
65612,61,61,on_time,0,
65613,61,61,on_time,0,
65614,61,61,on_time,0,
65615,61,61,on_time,0,
65616,61,61,on_time,0,
65617,61,61,on_time,0,
65618,61,61,on_time,0,
65619,61,61,on_time,0,
65620,61,61,on_time,0,
65621,61,61,on_time,0,
65622,61,61,on_time,0,
65623,61,61,on_time,0,
65624,61,61,on_time,0,
65625,61,61,on_time,0,
65626,61,61,on_time,0,
65627,61,61,on_time,0,
65628,61,61,on_time,0,
65629,61,61,on_time,0,
65630,61,61,on_time,0,
65631,61,61,on_time,0,
65632,61,61,on_time,0,
65633,61,61,on_time,0,
65634,61,61,on_time,0,
65635,61,61,on_time,0,
65636,61,61,on_time,0,
65637,61,61,on_time,0,
65638,61,61,on_time,0,
65639,61,61,on_time,0,
65640,61,61,on_time,0,
65641,61,61,on_time,0,
65642,61,61,on_time,0,
65643,61,61,on_time,0,
65644,61,61,on_time,0,
65645,61,61,on_time,0,
65646,61,61,on_time,0,
65647,61,61,on_time,0,
65648,61,61,on_time,0,
65649,61,61,on_time,0,
65650,61,61,on_time,0,
65651,61,61,on_time,0,
65652,61,61,on_time,0,
65653,61,61,on_time,0,
65654,61,61,on_time,0,
65655,61,61,on_time,0,
65656,61,61,on_time,0,
65657,61,61,on_time,0,
65658,61,61,on_time,0,
65659,61,61,on_time,0,
65660,61,61,on_time,0,
65661,61,61,on_time,0,
65662,61,61,on_time,0,
65663,61,61,on_time,0,
65664,61,61,on_time,0,
65665,61,61,on_time,0,
65666,61,61,on_time,0,
65667,61,61,on_time,0,
65668,61,61,on_time,0,
65669,61,61,on_time,0,
65670,61,61,on_time,0,
65671,61,61,on_time,0,
65672,61,61,on_time,0,
65673,61,61,on_time,0,
65674,61,61,on_time,0,
65675,61,61,on_time,0,
65676,61,61,on_time,0,
65677,61,61,on_time,0,
65678,61,61,on_time,0,
65679,61,61,on_time,0,
65680,61,61,on_time,0,
65681,61,61,on_time,0,
65682,61,61,on_time,0,
65683,61,61,on_time,0,
65684,61,61,on_time,0,
65685,61,61,on_time,0,
65686,61,61,on_time,0,
65687,61,61,on_time,0,
65688,61,61,on_time,0,
65689,61,61,on_time,0,
65690,61,61,on_time,0,
65691,61,61,on_time,0,
65692,61,61,on_time,0,
65693,61,61,on_time,0,
65694,61,61,on_time,0,
65695,61,61,on_time,0,
65696,61,61,on_time,0,
65697,61,61,on_time,0,
65698,61,61,on_time,0,
65699,61,61,on_time,0,
65700,61,61,on_time,0,
65701,61,61,on_time,0,
65702,61,61,on_time,0,
65703,61,61,on_time,0,
65704,61,61,on_time,0,
65705,61,61,on_time,0,
65706,61,61,on_time,0,
65707,61,61,on_time,0,
65708,61,61,on_time,0,
65709,61,61,on_time,0,
65710,61,61,on_time,0,
65711,61,61,on_time,0,
65712,61,61,on_time,0,
65713,61,61,on_time,0,
65714,61,61,on_time,0,
65715,61,61,on_time,0,
65716,61,61,on_time,0,
65717,61,61,on_time,0,
65718,61,61,on_time,0,
65719,61,61,on_time,0,
65720,61,61,on_time,0,
65721,61,61,on_time,0,
65722,61,61,on_time,0,
65723,61,61,on_time,0,
65724,61,61,on_time,0,
65725,61,61,on_time,0,
65726,61,61,on_time,0,
65727,61,61,on_time,0,
65728,61,61,on_time,0,
65729,61,61,on_time,0,
65730,61,61,on_time,0,
65731,61,61,on_time,0,
65732,61,61,on_time,0,
65733,61,61,on_time,0,
65734,61,61,on_time,0,
65735,61,61,on_time,0,
65736,61,61,on_time,0,
65737,61,61,on_time,0,
65738,61,61,on_time,0,
65739,61,61,on_time,0,
65740,61,61,on_time,0,
65741,61,61,on_time,0,
65742,61,61,on_time,0,
65743,61,61,on_time,0,
65744,61,61,on_time,0,
65745,61,61,on_time,0,
65746,61,61,on_time,0,
65747,61,61,on_time,0,
65748,61,61,on_time,0,
65749,61,61,on_time,0,
65750,61,61,on_time,0,
65751,61,61,on_time,0,
65752,61,61,on_time,0,
65753,61,61,on_time,0,
65754,61,61,on_time,0,
65755,61,61,on_time,0,
65756,61,61,on_time,0,
65757,61,61,on_time,0,
65758,61,61,on_time,0,
65759,61,61,on_time,0,
65760,61,61,on_time,0,
65761,61,61,on_time,0,
65762,61,61,on_time,0,
65763,61,61,on_time,0,
65764,61,61,on_time,0,
65765,61,61,on_time,0,
65766,61,61,on_time,0,
65767,61,61,on_time,0,
65768,61,61,on_time,0,
65769,61,61,on_time,0,
65770,61,61,on_time,0,
65771,61,61,on_time,0,
65772,61,61,on_time,0,
65773,61,61,on_time,0,
65774,61,61,on_time,0,
65775,61,61,on_time,0,
65776,61,61,on_time,0,
65777,61,61,on_time,0,
65778,61,61,on_time,0,
65779,61,61,on_time,0,
65780,61,61,on_time,0,
65781,61,61,on_time,0,
65782,61,61,on_time,0,
65783,61,61,on_time,0,
65784,61,61,on_time,0,
65785,61,61,on_time,0,
65786,61,61,on_time,0,
65787,61,61,on_time,0,
65788,61,61,on_time,0,
65789,61,61,on_time,0,
65790,61,61,on_time,0,
65791,61,61,on_time,0,
65792,61,61,on_time,0,
65793,61,61,on_time,0,
65794,61,61,on_time,0,
65795,61,61,on_time,0,
65796,61,61,on_time,0,
65797,61,61,on_time,0,
65798,61,61,on_time,0,
65799,61,61,on_time,0,
65800,61,61,on_time,0,
65801,61,61,on_time,0,
65802,61,61,on_time,0,
65803,61,61,on_time,0,
65804,61,61,on_time,0,
65805,61,61,on_time,0,
65806,61,61,on_time,0,
65807,61,61,on_time,0,
65808,61,61,on_time,0,
65809,61,61,on_time,0,
65810,61,61,on_time,0,
65811,61,61,on_time,0,
65812,61,61,on_time,0,
65813,61,61,on_time,0,
65814,61,61,on_time,0,
65815,61,61,on_time,0,
65816,61,61,on_time,0,
65817,61,61,on_time,0,
65818,61,61,on_time,0,
65819,61,61,on_time,0,
65820,61,61,on_time,0,
65821,61,61,on_time,0,
65822,61,61,on_time,0,
65823,61,61,on_time,0,
65824,61,61,on_time,0,
65825,61,61,on_time,0,
65826,61,61,on_time,0,
65827,61,61,on_time,0,
65828,61,61,on_time,0,
65829,61,61,on_time,0,
65830,61,61,on_time,0,
65831,61,61,on_time,0,
65832,61,61,on_time,0,
65833,61,61,on_time,0,
65834,61,61,on_time,0,
65835,61,61,on_time,0,
65836,61,61,on_time,0,
65837,61,61,on_time,0,
65838,61,61,on_time,0,
65839,61,61,on_time,0,
65840,61,61,on_time,0,
65841,61,61,on_time,0,
65842,61,61,on_time,0,
65843,61,61,on_time,0,
65844,61,61,on_time,0,
65845,61,61,on_time,0,
65846,61,61,on_time,0,
65847,61,61,on_time,0,
65848,61,61,on_time,0,
65849,61,61,on_time,0,
65850,61,61,on_time,0,
65851,61,61,on_time,0,
65852,61,61,on_time,0,
65853,61,61,on_time,0,
65854,61,61,on_time,0,
65855,61,61,on_time,0,
65856,61,61,on_time,0,
65857,61,61,on_time,0,
65858,61,61,on_time,0,
65859,61,61,on_time,0,
65860,61,61,on_time,0,
65861,61,61,on_time,0,
65862,61,61,on_time,0,
65863,61,61,on_time,0,
65864,61,61,on_time,0,
65865,61,61,on_time,0,
65866,61,61,on_time,0,
65867,61,61,on_time,0,
65868,61,61,on_time,0,
65869,61,61,on_time,0,
65870,61,61,on_time,0,
65871,61,61,on_time,0,
65872,61,61,on_time,0,
65873,61,61,on_time,0,
65874,61,61,on_time,0,
65875,61,61,on_time,0,
65876,61,61,on_time,0,
65877,61,61,on_time,0,
65878,61,61,on_time,0,
65879,61,61,on_time,0,
65880,61,61,on_time,0,
65881,61,61,on_time,0,
65882,61,61,on_time,0,
65883,61,61,on_time,0,
65884,61,61,on_time,0,
65885,61,61,on_time,0,
65886,61,61,on_time,0,
65887,61,61,on_time,0,
65888,61,61,on_time,0,
65889,61,61,on_time,0,
65890,61,61,on_time,0,
65891,61,61,on_time,0,
65892,61,61,on_time,0,
65893,61,61,on_time,0,
65894,61,61,on_time,0,
65895,61,61,on_time,0,
65896,61,61,on_time,0,
65897,61,61,on_time,0,
65898,61,61,on_time,0,
65899,61,61,on_time,0,
65900,61,61,on_time,0,
65901,61,61,on_time,0,
65902,61,61,on_time,0,
65903,61,61,on_time,0,
65904,61,61,on_time,0,
65905,61,61,on_time,0,
65906,61,61,on_time,0,
65907,61,61,on_time,0,
65908,61,61,on_time,0,
65909,61,61,on_time,0,
65910,61,61,on_time,0,
65911,61,61,on_time,0,
65912,61,61,on_time,0,
65913,61,61,on_time,0,
65914,61,61,on_time,0,
65915,61,61,on_time,0,
65916,61,61,on_time,0,
65917,61,61,on_time,0,
65918,61,61,on_time,0,
65919,61,61,on_time,0,
65920,61,61,on_time,0,
65921,61,61,on_time,0,
65922,61,61,on_time,0,
65923,61,61,on_time,0,
65924,61,61,on_time,0,
65925,61,61,on_time,0,
65926,61,61,on_time,0,
65927,61,61,on_time,0,
65928,61,61,on_time,0,
65929,61,61,on_time,0,
65930,61,61,on_time,0,
65931,61,61,on_time,0,
65932,61,61,on_time,0,
65933,61,61,on_time,0,
65934,61,61,on_time,0,
65935,61,61,on_time,0,
65936,61,61,on_time,0,
65937,61,61,on_time,0,
65938,61,61,on_time,0,
65939,61,61,on_time,0,
65940,61,61,on_time,0,
65941,61,61,on_time,0,
65942,61,61,on_time,0,
65943,61,61,on_time,0,
65944,61,61,on_time,0,
65945,61,61,on_time,0,
65946,61,61,on_time,0,
65947,61,61,on_time,0,
65948,61,61,on_time,0,
65949,61,61,on_time,0,
65950,61,61,on_time,0,
65951,61,61,on_time,0,
65952,61,61,on_time,0,
65953,61,61,on_time,0,
65954,61,61,on_time,0,
65955,61,61,on_time,0,
65956,61,61,on_time,0,
65957,61,61,on_time,0,
65958,61,61,on_time,0,
65959,61,61,on_time,0,
65960,61,61,on_time,0,
65961,61,61,on_time,0,
65962,61,61,on_time,0,
65963,61,61,on_time,0,
65964,61,61,on_time,0,
65965,61,61,on_time,0,
65966,61,61,on_time,0,
65967,61,61,on_time,0,
65968,61,61,on_time,0,
65969,61,61,on_time,0,
65970,61,61,on_time,0,
65971,61,61,on_time,0,
65972,61,61,on_time,0,
65973,61,61,on_time,0,
65974,61,61,on_time,0,
65975,61,61,on_time,0,
65976,61,61,on_time,0,
65977,61,61,on_time,0,
65978,61,61,on_time,0,
65979,61,61,on_time,0,
65980,61,61,on_time,0,
65981,61,61,on_time,0,
65982,61,61,on_time,0,
65983,61,61,on_time,0,
65984,61,61,on_time,0,
65985,61,61,on_time,0,
65986,61,61,on_time,0,
65987,61,61,on_time,0,
65988,61,61,on_time,0,
65989,61,61,on_time,0,
65990,61,61,on_time,0,
65991,61,61,on_time,0,
65992,61,61,on_time,0,
65993,61,61,on_time,0,
65994,61,61,on_time,0,
65995,61,61,on_time,0,
65996,61,61,on_time,0,
65997,61,61,on_time,0,
65998,61,61,on_time,0,
65999,61,61,on_time,0,
66000,61,61,on_time,0,
66001,62,62,on_time,0,
66002,62,62,on_time,0,
66003,62,62,on_time,0,
66004,62,62,on_time,0,
66005,62,62,on_time,0,
66006,62,62,on_time,0,
66007,62,62,on_time,0,
66008,62,62,on_time,0,
66009,62,62,on_time,0,
66010,62,62,on_time,0,
66011,62,62,on_time,0,
66012,62,62,on_time,0,
66013,62,62,on_time,0,
66014,62,62,on_time,0,
66015,62,62,on_time,0,
66016,62,62,on_time,0,
66017,62,62,on_time,0,
66018,62,62,on_time,0,
66019,62,62,on_time,0,
66020,62,62,on_time,0,
66021,62,62,on_time,0,
66022,62,62,on_time,0,
66023,62,62,on_time,0,
66024,62,62,on_time,0,
66025,62,62,on_time,0,
66026,62,62,on_time,0,
66027,62,62,on_time,0,
66028,62,62,on_time,0,
66029,62,62,on_time,0,
66030,62,62,on_time,0,
66031,62,62,on_time,0,
66032,62,62,on_time,0,
66033,62,62,on_time,0,
66034,62,62,on_time,0,
66035,62,62,on_time,0,
66036,62,62,on_time,0,
66037,62,62,on_time,0,
66038,62,62,on_time,0,
66039,62,62,on_time,0,
66040,62,62,on_time,0,
66041,62,62,on_time,0,
66042,62,62,on_time,0,
66043,62,62,on_time,0,
66044,62,62,on_time,0,
66045,62,62,on_time,0,
66046,62,62,on_time,0,
66047,62,62,on_time,0,
66048,62,62,on_time,0,
66049,62,62,on_time,0,
66050,62,62,on_time,0,
66051,62,62,on_time,0,
66052,62,62,on_time,0,
66053,62,62,on_time,0,
66054,62,62,on_time,0,
66055,62,62,on_time,0,
66056,62,62,on_time,0,
66057,62,62,on_time,0,
66058,62,62,on_time,0,
66059,62,62,on_time,0,
66060,62,62,on_time,0,
66061,62,62,on_time,0,
66062,62,62,on_time,0,
66063,62,62,on_time,0,
66064,62,62,on_time,0,
66065,62,62,on_time,0,
66066,62,62,on_time,0,
66067,62,62,on_time,0,
66068,62,62,on_time,0,
66069,62,62,on_time,0,
66070,62,62,on_time,0,
66071,62,62,on_time,0,
66072,62,62,on_time,0,
66073,62,62,on_time,0,
66074,62,62,on_time,0,
66075,62,62,on_time,0,
66076,62,62,on_time,0,
66077,62,62,on_time,0,
66078,62,62,on_time,0,
66079,62,62,on_time,0,
66080,62,62,on_time,0,
66081,62,62,on_time,0,
66082,62,62,on_time,0,
66083,62,62,on_time,0,
66084,62,62,on_time,0,
66085,62,62,on_time,0,
66086,62,62,on_time,0,
66087,62,62,on_time,0,
66088,62,62,on_time,0,
66089,62,62,on_time,0,
66090,62,62,on_time,0,
66091,62,62,on_time,0,
66092,62,62,on_time,0,
66093,62,62,on_time,0,
66094,62,62,on_time,0,
66095,62,62,on_time,0,
66096,62,62,on_time,0,
66097,62,62,on_time,0,
66098,62,62,on_time,0,
66099,62,62,on_time,0,
66100,62,62,on_time,0,
66101,62,62,on_time,0,
66102,62,62,on_time,0,
66103,62,62,on_time,0,
66104,62,62,on_time,0,
66105,62,62,on_time,0,
66106,62,62,on_time,0,
66107,62,62,on_time,0,
66108,62,62,on_time,0,
66109,62,62,on_time,0,
66110,62,62,on_time,0,
66111,62,62,on_time,0,
66112,62,62,on_time,0,
66113,62,62,on_time,0,
66114,62,62,on_time,0,
66115,62,62,on_time,0,
66116,62,62,on_time,0,
66117,62,62,on_time,0,
66118,62,62,on_time,0,
66119,62,62,on_time,0,
66120,62,62,on_time,0,
66121,62,62,on_time,0,
66122,62,62,on_time,0,
66123,62,62,on_time,0,
66124,62,62,on_time,0,
66125,62,62,on_time,0,
66126,62,62,on_time,0,
66127,62,62,on_time,0,
66128,62,62,on_time,0,
66129,62,62,on_time,0,
66130,62,62,on_time,0,
66131,62,62,on_time,0,
66132,62,62,on_time,0,
66133,62,62,on_time,0,
66134,62,62,on_time,0,
66135,62,62,on_time,0,
66136,62,62,on_time,0,
66137,62,62,on_time,0,
66138,62,62,on_time,0,
66139,62,62,on_time,0,
66140,62,62,on_time,0,
66141,62,62,on_time,0,
66142,62,62,on_time,0,
66143,62,62,on_time,0,
66144,62,62,on_time,0,
66145,62,62,on_time,0,
66146,62,62,on_time,0,
66147,62,62,on_time,0,
66148,62,62,on_time,0,
66149,62,62,on_time,0,
66150,62,62,on_time,0,
66151,62,62,on_time,0,
66152,62,62,on_time,0,
66153,62,62,on_time,0,
66154,62,62,on_time,0,
66155,62,62,on_time,0,
66156,62,62,on_time,0,
66157,62,62,on_time,0,
66158,62,62,on_time,0,
66159,62,62,on_time,0,
66160,62,62,on_time,0,
66161,62,62,on_time,0,
66162,62,62,on_time,0,
66163,62,62,on_time,0,
66164,62,62,on_time,0,
66165,62,62,on_time,0,
66166,62,62,on_time,0,
66167,62,62,on_time,0,
66168,62,62,on_time,0,
66169,62,62,on_time,0,
66170,62,62,on_time,0,
66171,62,62,on_time,0,
66172,62,62,on_time,0,
66173,62,62,on_time,0,
66174,62,62,on_time,0,
66175,62,62,on_time,0,
66176,62,62,on_time,0,
66177,62,62,on_time,0,
66178,62,62,on_time,0,
66179,62,62,on_time,0,
66180,62,62,on_time,0,
66181,62,62,on_time,0,
66182,62,62,on_time,0,
66183,62,62,on_time,0,
66184,62,62,on_time,0,
66185,62,62,on_time,0,
66186,62,62,on_time,0,
66187,62,62,on_time,0,
66188,62,62,on_time,0,
66189,62,62,on_time,0,
66190,62,62,on_time,0,
66191,62,62,on_time,0,
66192,62,62,on_time,0,
66193,62,62,on_time,0,
66194,62,62,on_time,0,
66195,62,62,on_time,0,
66196,62,62,on_time,0,
66197,62,62,on_time,0,
66198,62,62,on_time,0,
66199,62,62,on_time,0,
66200,62,62,on_time,0,
66201,62,62,on_time,0,
66202,62,62,on_time,0,
66203,62,62,on_time,0,
66204,62,62,on_time,0,
66205,62,62,on_time,0,
66206,62,62,on_time,0,
66207,62,62,on_time,0,
66208,62,62,on_time,0,
66209,62,62,on_time,0,
66210,62,62,on_time,0,
66211,62,62,on_time,0,
66212,62,62,on_time,0,
66213,62,62,on_time,0,
66214,62,62,on_time,0,
66215,62,62,on_time,0,
66216,62,62,on_time,0,
66217,62,62,on_time,0,
66218,62,62,on_time,0,
66219,62,62,on_time,0,
66220,62,62,on_time,0,
66221,62,62,on_time,0,
66222,62,62,on_time,0,
66223,62,62,on_time,0,
66224,62,62,on_time,0,
66225,62,62,on_time,0,
66226,62,62,on_time,0,
66227,62,62,on_time,0,
66228,62,62,on_time,0,
66229,62,62,on_time,0,
66230,62,62,on_time,0,
66231,62,62,on_time,0,
66232,62,62,on_time,0,
66233,62,62,on_time,0,
66234,62,62,on_time,0,
66235,62,62,on_time,0,
66236,62,62,on_time,0,
66237,62,62,on_time,0,
66238,62,62,on_time,0,
66239,62,62,on_time,0,
66240,62,62,on_time,0,
66241,62,62,on_time,0,
66242,62,62,on_time,0,
66243,62,62,on_time,0,
66244,62,62,on_time,0,
66245,62,62,on_time,0,
66246,62,62,on_time,0,
66247,62,62,on_time,0,
66248,62,62,on_time,0,
66249,62,62,on_time,0,
66250,62,62,on_time,0,
66251,62,62,on_time,0,
66252,62,62,on_time,0,
66253,62,62,on_time,0,
66254,62,62,on_time,0,
66255,62,62,on_time,0,
66256,62,62,on_time,0,
66257,62,62,on_time,0,
66258,62,62,on_time,0,
66259,62,62,on_time,0,
66260,62,62,on_time,0,
66261,62,62,on_time,0,
66262,62,62,on_time,0,
66263,62,62,on_time,0,
66264,62,62,on_time,0,
66265,62,62,on_time,0,
66266,62,62,on_time,0,
66267,62,62,on_time,0,
66268,62,62,on_time,0,
66269,62,62,on_time,0,
66270,62,62,on_time,0,
66271,62,62,on_time,0,
66272,62,62,on_time,0,
66273,62,62,on_time,0,
66274,62,62,on_time,0,
66275,62,62,on_time,0,
66276,62,62,on_time,0,
66277,62,62,on_time,0,
66278,62,62,on_time,0,
66279,62,62,on_time,0,
66280,62,62,on_time,0,
66281,62,62,on_time,0,
66282,62,62,on_time,0,
66283,62,62,on_time,0,
66284,62,62,on_time,0,
66285,62,62,on_time,0,
66286,62,62,on_time,0,
66287,62,62,on_time,0,
66288,62,62,on_time,0,
66289,62,62,on_time,0,
66290,62,62,on_time,0,
66291,62,62,on_time,0,
66292,62,62,on_time,0,
66293,62,62,on_time,0,
66294,62,62,on_time,0,
66295,62,62,on_time,0,
66296,62,62,on_time,0,
66297,62,62,on_time,0,
66298,62,62,on_time,0,
66299,62,62,on_time,0,
66300,62,62,on_time,0,
66301,62,62,on_time,0,
66302,62,62,on_time,0,
66303,62,62,on_time,0,
66304,62,62,on_time,0,
66305,62,62,on_time,0,
66306,62,62,on_time,0,
66307,62,62,on_time,0,
66308,62,62,on_time,0,
66309,62,62,on_time,0,
66310,62,62,on_time,0,
66311,62,62,on_time,0,
66312,62,62,on_time,0,
66313,62,62,on_time,0,
66314,62,62,on_time,0,
66315,62,62,on_time,0,
66316,62,62,on_time,0,
66317,62,62,on_time,0,
66318,62,62,on_time,0,
66319,62,62,on_time,0,
66320,62,62,on_time,0,
66321,62,62,on_time,0,
66322,62,62,on_time,0,
66323,62,62,on_time,0,
66324,62,62,on_time,0,
66325,62,62,on_time,0,
66326,62,62,on_time,0,
66327,62,62,on_time,0,
66328,62,62,on_time,0,
66329,62,62,on_time,0,
66330,62,62,on_time,0,
66331,62,62,on_time,0,
66332,62,62,on_time,0,
66333,62,62,on_time,0,
66334,62,62,on_time,0,
66335,62,62,on_time,0,
66336,62,62,on_time,0,
66337,62,62,on_time,0,
66338,62,62,on_time,0,
66339,62,62,on_time,0,
66340,62,62,on_time,0,
66341,62,62,on_time,0,
66342,62,62,on_time,0,
66343,62,62,on_time,0,
66344,62,62,on_time,0,
66345,62,62,on_time,0,
66346,62,62,on_time,0,
66347,62,62,on_time,0,
66348,62,62,on_time,0,
66349,62,62,on_time,0,
66350,62,62,on_time,0,
66351,62,62,on_time,0,
66352,62,62,on_time,0,
66353,62,62,on_time,0,
66354,62,62,on_time,0,
66355,62,62,on_time,0,
66356,62,62,on_time,0,
66357,62,62,on_time,0,
66358,62,62,on_time,0,
66359,62,62,on_time,0,
66360,62,62,on_time,0,
66361,62,62,on_time,0,
66362,62,62,on_time,0,
66363,62,62,on_time,0,
66364,62,62,on_time,0,
66365,62,62,on_time,0,
66366,62,62,on_time,0,
66367,62,62,on_time,0,
66368,62,62,on_time,0,
66369,62,62,on_time,0,
66370,62,62,on_time,0,
66371,62,62,on_time,0,
66372,62,62,on_time,0,
66373,62,62,on_time,0,
66374,62,62,on_time,0,
66375,62,62,on_time,0,
66376,62,62,on_time,0,
66377,62,62,on_time,0,
66378,62,62,on_time,0,
66379,62,62,on_time,0,
66380,62,62,on_time,0,
66381,62,62,on_time,0,
66382,62,62,on_time,0,
66383,62,62,on_time,0,
66384,62,62,on_time,0,
66385,62,62,on_time,0,
66386,62,62,on_time,0,
66387,62,62,on_time,0,
66388,62,62,on_time,0,
66389,62,62,on_time,0,
66390,62,62,on_time,0,
66391,62,62,on_time,0,
66392,62,62,on_time,0,
66393,62,62,on_time,0,
66394,62,62,on_time,0,
66395,62,62,on_time,0,
66396,62,62,on_time,0,
66397,62,62,on_time,0,
66398,62,62,on_time,0,
66399,62,62,on_time,0,
66400,62,62,on_time,0,
66401,62,62,on_time,0,
66402,62,62,on_time,0,
66403,62,62,on_time,0,
66404,62,62,on_time,0,
66405,62,62,on_time,0,
66406,62,62,on_time,0,
66407,62,62,on_time,0,
66408,62,62,on_time,0,
66409,62,62,on_time,0,
66410,62,62,on_time,0,
66411,62,62,on_time,0,
66412,62,62,on_time,0,
66413,62,62,on_time,0,
66414,62,62,on_time,0,
66415,62,62,on_time,0,
66416,62,62,on_time,0,
66417,62,62,on_time,0,
66418,62,62,on_time,0,
66419,62,62,on_time,0,
66420,62,62,on_time,0,
66421,62,62,on_time,0,
66422,62,62,on_time,0,
66423,62,62,on_time,0,
66424,62,62,on_time,0,
66425,62,62,on_time,0,
66426,62,62,on_time,0,
66427,62,62,on_time,0,
66428,62,62,on_time,0,
66429,62,62,on_time,0,
66430,62,62,on_time,0,
66431,62,62,on_time,0,
66432,62,62,on_time,0,
66433,62,62,on_time,0,
66434,62,62,on_time,0,
66435,62,62,on_time,0,
66436,62,62,on_time,0,
66437,62,62,on_time,0,
66438,62,62,on_time,0,
66439,62,62,on_time,0,
66440,62,62,on_time,0,
66441,62,62,on_time,0,
66442,62,62,on_time,0,
66443,62,62,on_time,0,
66444,62,62,on_time,0,
66445,62,62,on_time,0,
66446,62,62,on_time,0,
66447,62,62,on_time,0,
66448,62,62,on_time,0,
66449,62,62,on_time,0,
66450,62,62,on_time,0,
66451,62,62,on_time,0,
66452,62,62,on_time,0,
66453,62,62,on_time,0,
66454,62,62,on_time,0,
66455,62,62,on_time,0,
66456,62,62,on_time,0,
66457,62,62,on_time,0,
66458,62,62,on_time,0,
66459,62,62,on_time,0,
66460,62,62,on_time,0,
66461,62,62,on_time,0,
66462,62,62,on_time,0,
66463,62,62,on_time,0,
66464,62,62,on_time,0,
66465,62,62,on_time,0,
66466,62,62,on_time,0,
66467,62,62,on_time,0,
66468,62,62,on_time,0,
66469,62,62,on_time,0,
66470,62,62,on_time,0,
66471,62,62,on_time,0,
66472,62,62,on_time,0,
66473,62,62,on_time,0,
66474,62,62,on_time,0,
66475,62,62,on_time,0,
66476,62,62,on_time,0,
66477,62,62,on_time,0,
66478,62,62,on_time,0,
66479,62,62,on_time,0,
66480,62,62,on_time,0,
66481,62,62,on_time,0,
66482,62,62,on_time,0,
66483,62,62,on_time,0,
66484,62,62,on_time,0,
66485,62,62,on_time,0,
66486,62,62,on_time,0,
66487,62,62,on_time,0,
66488,62,62,on_time,0,
66489,62,62,on_time,0,
66490,62,62,on_time,0,
66491,62,62,on_time,0,
66492,62,62,on_time,0,
66493,62,62,on_time,0,
66494,62,62,on_time,0,
66495,62,62,on_time,0,
66496,62,62,on_time,0,
66497,62,62,on_time,0,
66498,62,62,on_time,0,
66499,62,62,on_time,0,
66500,62,62,on_time,0,
66501,62,62,on_time,0,
66502,62,62,on_time,0,
66503,62,62,on_time,0,
66504,62,62,on_time,0,
66505,62,62,on_time,0,
66506,62,62,on_time,0,
66507,62,62,on_time,0,
66508,62,62,on_time,0,
66509,62,62,on_time,0,
66510,62,62,on_time,0,
66511,62,62,on_time,0,
66512,62,62,on_time,0,
66513,62,62,on_time,0,
66514,62,62,on_time,0,
66515,62,62,on_time,0,
66516,62,62,on_time,0,
66517,62,62,on_time,0,
66518,62,62,on_time,0,
66519,62,62,on_time,0,
66520,62,62,on_time,0,
66521,62,62,on_time,0,
66522,62,62,on_time,0,
66523,62,62,on_time,0,
66524,62,62,on_time,0,
66525,62,62,on_time,0,
66526,62,62,on_time,0,
66527,62,62,on_time,0,
66528,62,62,on_time,0,
66529,62,62,on_time,0,
66530,62,62,on_time,0,
66531,62,62,on_time,0,
66532,62,62,on_time,0,
66533,62,62,on_time,0,
66534,62,62,on_time,0,
66535,62,62,on_time,0,
66536,62,62,on_time,0,
66537,62,62,on_time,0,
66538,62,62,on_time,0,
66539,62,62,on_time,0,
66540,62,62,on_time,0,
66541,62,62,on_time,0,
66542,62,62,on_time,0,
66543,62,62,on_time,0,
66544,62,62,on_time,0,
66545,62,62,on_time,0,
66546,62,62,on_time,0,
66547,62,62,on_time,0,
66548,62,62,on_time,0,
66549,62,62,on_time,0,
66550,62,62,on_time,0,
66551,62,62,on_time,0,
66552,62,62,on_time,0,
66553,62,62,on_time,0,
66554,62,62,on_time,0,
66555,62,62,on_time,0,
66556,62,62,on_time,0,
66557,62,62,on_time,0,
66558,62,62,on_time,0,
66559,62,62,on_time,0,
66560,62,62,on_time,0,
66561,62,62,on_time,0,
66562,62,62,on_time,0,
66563,62,62,on_time,0,
66564,62,62,on_time,0,
66565,62,62,on_time,0,
66566,62,62,on_time,0,
66567,62,62,on_time,0,
66568,62,62,on_time,0,
66569,62,62,on_time,0,
66570,62,62,on_time,0,
66571,62,62,on_time,0,
66572,62,62,on_time,0,
66573,62,62,on_time,0,
66574,62,62,on_time,0,
66575,62,62,on_time,0,
66576,62,62,on_time,0,
66577,62,62,on_time,0,
66578,62,62,on_time,0,
66579,62,62,on_time,0,
66580,62,62,on_time,0,
66581,62,62,on_time,0,
66582,62,62,on_time,0,
66583,62,62,on_time,0,
66584,62,62,on_time,0,
66585,62,62,on_time,0,
66586,62,62,on_time,0,
66587,62,62,on_time,0,
66588,62,62,on_time,0,
66589,62,62,on_time,0,
66590,62,62,on_time,0,
66591,62,62,on_time,0,
66592,62,62,on_time,0,
66593,62,62,on_time,0,
66594,62,62,on_time,0,
66595,62,62,on_time,0,
66596,62,62,on_time,0,
66597,62,62,on_time,0,
66598,62,62,on_time,0,
66599,62,62,on_time,0,
66600,62,62,on_time,0,
66601,62,62,on_time,0,
66602,62,62,on_time,0,
66603,62,62,on_time,0,
66604,62,62,on_time,0,
66605,62,62,on_time,0,
66606,62,62,on_time,0,
66607,62,62,on_time,0,
66608,62,62,on_time,0,
66609,62,62,on_time,0,
66610,62,62,on_time,0,
66611,62,62,on_time,0,
66612,62,62,on_time,0,
66613,62,62,on_time,0,
66614,62,62,on_time,0,
66615,62,62,on_time,0,
66616,62,62,on_time,0,
66617,62,62,on_time,0,
66618,62,62,on_time,0,
66619,62,62,on_time,0,
66620,62,62,on_time,0,
66621,62,62,on_time,0,
66622,62,62,on_time,0,
66623,62,62,on_time,0,
66624,62,62,on_time,0,
66625,62,62,on_time,0,
66626,62,62,on_time,0,
66627,62,62,on_time,0,
66628,62,62,on_time,0,
66629,62,62,on_time,0,
66630,62,62,on_time,0,
66631,62,62,on_time,0,
66632,62,62,on_time,0,
66633,62,62,on_time,0,
66634,62,62,on_time,0,
66635,62,62,on_time,0,
66636,62,62,on_time,0,
66637,62,62,on_time,0,
66638,62,62,on_time,0,
66639,62,62,on_time,0,
66640,62,62,on_time,0,
66641,62,62,on_time,0,
66642,62,62,on_time,0,
66643,62,62,on_time,0,
66644,62,62,on_time,0,
66645,62,62,on_time,0,
66646,62,62,on_time,0,
66647,62,62,on_time,0,
66648,62,62,on_time,0,
66649,62,62,on_time,0,
66650,62,62,on_time,0,
66651,62,62,on_time,0,
66652,62,62,on_time,0,
66653,62,62,on_time,0,
66654,62,62,on_time,0,
66655,62,62,on_time,0,
66656,62,62,on_time,0,
66657,62,62,on_time,0,
66658,62,62,on_time,0,
66659,62,62,on_time,0,
66660,62,62,on_time,0,
66661,62,62,on_time,0,
66662,62,62,on_time,0,
66663,62,62,on_time,0,
66664,62,62,on_time,0,
66665,62,62,on_time,0,
66666,62,62,on_time,0,
66667,62,62,on_time,0,
66668,62,62,on_time,0,
66669,62,62,on_time,0,
66670,62,62,on_time,0,
66671,62,62,on_time,0,
66672,62,62,on_time,0,
66673,62,62,on_time,0,
66674,62,62,on_time,0,
66675,62,62,on_time,0,
66676,62,62,on_time,0,
66677,62,62,on_time,0,
66678,62,62,on_time,0,
66679,62,62,on_time,0,
66680,62,62,on_time,0,
66681,62,62,on_time,0,
66682,62,62,on_time,0,
66683,62,62,on_time,0,
66684,62,62,on_time,0,
66685,62,62,on_time,0,
66686,62,62,on_time,0,
66687,62,62,on_time,0,
66688,62,62,on_time,0,
66689,62,62,on_time,0,
66690,62,62,on_time,0,
66691,62,62,on_time,0,
66692,62,62,on_time,0,
66693,62,62,on_time,0,
66694,62,62,on_time,0,
66695,62,62,on_time,0,
66696,62,62,on_time,0,
66697,62,62,on_time,0,
66698,62,62,on_time,0,
66699,62,62,on_time,0,
66700,62,62,on_time,0,
66701,62,62,on_time,0,
66702,62,62,on_time,0,
66703,62,62,on_time,0,
66704,62,62,on_time,0,
66705,62,62,on_time,0,
66706,62,62,on_time,0,
66707,62,62,on_time,0,
66708,62,62,on_time,0,
66709,62,62,on_time,0,
66710,62,62,on_time,0,
66711,62,62,on_time,0,
66712,62,62,on_time,0,
66713,62,62,on_time,0,
66714,62,62,on_time,0,
66715,62,62,on_time,0,
66716,62,62,on_time,0,
66717,62,62,on_time,0,
66718,62,62,on_time,0,
66719,62,62,on_time,0,
66720,62,62,on_time,0,
66721,62,62,on_time,0,
66722,62,62,on_time,0,
66723,62,62,on_time,0,
66724,62,62,on_time,0,
66725,62,62,on_time,0,
66726,62,62,on_time,0,
66727,62,62,on_time,0,
66728,62,62,on_time,0,
66729,62,62,on_time,0,
66730,62,62,on_time,0,
66731,62,62,on_time,0,
66732,62,62,on_time,0,
66733,62,62,on_time,0,
66734,62,62,on_time,0,
66735,62,62,on_time,0,
66736,62,62,on_time,0,
66737,62,62,on_time,0,
66738,62,62,on_time,0,
66739,62,62,on_time,0,
66740,62,62,on_time,0,
66741,62,62,on_time,0,
66742,62,62,on_time,0,
66743,62,62,on_time,0,
66744,62,62,on_time,0,
66745,62,62,on_time,0,
66746,62,62,on_time,0,
66747,62,62,on_time,0,
66748,62,62,on_time,0,
66749,62,62,on_time,0,
66750,62,62,on_time,0,
66751,62,62,on_time,0,
66752,62,62,on_time,0,
66753,62,62,on_time,0,
66754,62,62,on_time,0,
66755,62,62,on_time,0,
66756,62,62,on_time,0,
66757,62,62,on_time,0,
66758,62,62,on_time,0,
66759,62,62,on_time,0,
66760,62,62,on_time,0,
66761,62,62,on_time,0,
66762,62,62,on_time,0,
66763,62,62,on_time,0,
66764,62,62,on_time,0,
66765,62,62,on_time,0,
66766,62,62,on_time,0,
66767,62,62,on_time,0,
66768,62,62,on_time,0,
66769,62,62,on_time,0,
66770,62,62,on_time,0,
66771,62,62,on_time,0,
66772,62,62,on_time,0,
66773,62,62,on_time,0,
66774,62,62,on_time,0,
66775,62,62,on_time,0,
66776,62,62,on_time,0,
66777,62,62,on_time,0,
66778,62,62,on_time,0,
66779,62,62,on_time,0,
66780,62,62,on_time,0,
66781,62,62,on_time,0,
66782,62,62,on_time,0,
66783,62,62,on_time,0,
66784,62,62,on_time,0,
66785,62,62,on_time,0,
66786,62,62,on_time,0,
66787,62,62,on_time,0,
66788,62,62,on_time,0,
66789,62,62,on_time,0,
66790,62,62,on_time,0,
66791,62,62,on_time,0,
66792,62,62,on_time,0,
66793,62,62,on_time,0,
66794,62,62,on_time,0,
66795,62,62,on_time,0,
66796,62,62,on_time,0,
66797,62,62,on_time,0,
66798,62,62,on_time,0,
66799,62,62,on_time,0,
66800,62,62,on_time,0,
66801,62,62,on_time,0,
66802,62,62,on_time,0,
66803,62,62,on_time,0,
66804,62,62,on_time,0,
66805,62,62,on_time,0,
66806,62,62,on_time,0,
66807,62,62,on_time,0,
66808,62,62,on_time,0,
66809,62,62,on_time,0,
66810,62,62,on_time,0,
66811,62,62,on_time,0,
66812,62,62,on_time,0,
66813,62,62,on_time,0,
66814,62,62,on_time,0,
66815,62,62,on_time,0,
66816,62,62,on_time,0,
66817,62,62,on_time,0,
66818,62,62,on_time,0,
66819,62,62,on_time,0,
66820,62,62,on_time,0,
66821,62,62,on_time,0,
66822,62,62,on_time,0,
66823,62,62,on_time,0,
66824,62,62,on_time,0,
66825,62,62,on_time,0,
66826,62,62,on_time,0,
66827,62,62,on_time,0,
66828,62,62,on_time,0,
66829,62,62,on_time,0,
66830,62,62,on_time,0,
66831,62,62,on_time,0,
66832,62,62,on_time,0,
66833,62,62,on_time,0,
66834,62,62,on_time,0,
66835,62,62,on_time,0,
66836,62,62,on_time,0,
66837,62,62,on_time,0,
66838,62,62,on_time,0,
66839,62,62,on_time,0,
66840,62,62,on_time,0,
66841,62,62,on_time,0,
66842,62,62,on_time,0,
66843,62,62,on_time,0,
66844,62,62,on_time,0,
66845,62,62,on_time,0,
66846,62,62,on_time,0,
66847,62,62,on_time,0,
66848,62,62,on_time,0,
66849,62,62,on_time,0,
66850,62,62,on_time,0,
66851,62,62,on_time,0,
66852,62,62,on_time,0,
66853,62,62,on_time,0,
66854,62,62,on_time,0,
66855,62,62,on_time,0,
66856,62,62,on_time,0,
66857,62,62,on_time,0,
66858,62,62,on_time,0,
66859,62,62,on_time,0,
66860,62,62,on_time,0,
66861,62,62,on_time,0,
66862,62,62,on_time,0,
66863,62,62,on_time,0,
66864,62,62,on_time,0,
66865,62,62,on_time,0,
66866,62,62,on_time,0,
66867,62,62,on_time,0,
66868,62,62,on_time,0,
66869,62,62,on_time,0,
66870,62,62,on_time,0,
66871,62,62,on_time,0,
66872,62,62,on_time,0,
66873,62,62,on_time,0,
66874,62,62,on_time,0,
66875,62,62,on_time,0,
66876,62,62,on_time,0,
66877,62,62,on_time,0,
66878,62,62,on_time,0,
66879,62,62,on_time,0,
66880,62,62,on_time,0,
66881,62,62,on_time,0,
66882,62,62,on_time,0,
66883,62,62,on_time,0,
66884,62,62,on_time,0,
66885,62,62,on_time,0,
66886,62,62,on_time,0,
66887,62,62,on_time,0,
66888,62,62,on_time,0,
66889,62,62,on_time,0,
66890,62,62,on_time,0,
66891,62,62,on_time,0,
66892,62,62,on_time,0,
66893,62,62,on_time,0,
66894,62,62,on_time,0,
66895,62,62,on_time,0,
66896,62,62,on_time,0,
66897,62,62,on_time,0,
66898,62,62,on_time,0,
66899,62,62,on_time,0,
66900,62,62,on_time,0,
66901,62,62,on_time,0,
66902,62,62,on_time,0,
66903,62,62,on_time,0,
66904,62,62,on_time,0,
66905,62,62,on_time,0,
66906,62,62,on_time,0,
66907,62,62,on_time,0,
66908,62,62,on_time,0,
66909,62,62,on_time,0,
66910,62,62,on_time,0,
66911,62,62,on_time,0,
66912,62,62,on_time,0,
66913,62,62,on_time,0,
66914,62,62,on_time,0,
66915,62,62,on_time,0,
66916,62,62,on_time,0,
66917,62,62,on_time,0,
66918,62,62,on_time,0,
66919,62,62,on_time,0,
66920,62,62,on_time,0,
66921,62,62,on_time,0,
66922,62,62,on_time,0,
66923,62,62,on_time,0,
66924,62,62,on_time,0,
66925,62,62,on_time,0,
66926,62,62,on_time,0,
66927,62,62,on_time,0,
66928,62,62,on_time,0,
66929,62,62,on_time,0,
66930,62,62,on_time,0,
66931,62,62,on_time,0,
66932,62,62,on_time,0,
66933,62,62,on_time,0,
66934,62,62,on_time,0,
66935,62,62,on_time,0,
66936,62,62,on_time,0,
66937,62,62,on_time,0,
66938,62,62,on_time,0,
66939,62,62,on_time,0,
66940,62,62,on_time,0,
66941,62,62,on_time,0,
66942,62,62,on_time,0,
66943,62,62,on_time,0,
66944,62,62,on_time,0,
66945,62,62,on_time,0,
66946,62,62,on_time,0,
66947,62,62,on_time,0,
66948,62,62,on_time,0,
66949,62,62,on_time,0,
66950,62,62,on_time,0,
66951,62,62,on_time,0,
66952,62,62,on_time,0,
66953,62,62,on_time,0,
66954,62,62,on_time,0,
66955,62,62,on_time,0,
66956,62,62,on_time,0,
66957,62,62,on_time,0,
66958,62,62,on_time,0,
66959,62,62,on_time,0,
66960,62,62,on_time,0,
66961,62,62,on_time,0,
66962,62,62,on_time,0,
66963,62,62,on_time,0,
66964,62,62,on_time,0,
66965,62,62,on_time,0,
66966,62,62,on_time,0,
66967,62,62,on_time,0,
66968,62,62,on_time,0,
66969,62,62,on_time,0,
66970,62,62,on_time,0,
66971,62,62,on_time,0,
66972,62,62,on_time,0,
66973,62,62,on_time,0,
66974,62,62,on_time,0,
66975,62,62,on_time,0,
66976,62,62,on_time,0,
66977,62,62,on_time,0,
66978,62,62,on_time,0,
66979,62,62,on_time,0,
66980,62,62,on_time,0,
66981,62,62,on_time,0,
66982,62,62,on_time,0,
66983,62,62,on_time,0,
66984,62,62,on_time,0,
66985,62,62,on_time,0,
66986,62,62,on_time,0,
66987,62,62,on_time,0,
66988,62,62,on_time,0,
66989,62,62,on_time,0,
66990,62,62,on_time,0,
66991,62,62,on_time,0,
66992,62,62,on_time,0,
66993,62,62,on_time,0,
66994,62,62,on_time,0,
66995,62,62,on_time,0,
66996,62,62,on_time,0,
66997,62,62,on_time,0,
66998,62,62,on_time,0,
66999,62,62,on_time,0,
67000,62,62,on_time,0,
67001,62,62,on_time,0,
67002,62,62,on_time,0,
67003,62,62,on_time,0,
67004,62,62,on_time,0,
67005,62,62,on_time,0,
67006,62,62,on_time,0,
67007,62,62,on_time,0,
67008,62,62,on_time,0,
67009,62,62,on_time,0,
67010,62,62,on_time,0,
67011,62,62,on_time,0,
67012,62,62,on_time,0,
67013,62,62,on_time,0,
67014,62,62,on_time,0,
67015,62,62,on_time,0,
67016,62,62,on_time,0,
67017,62,62,on_time,0,
67018,62,62,on_time,0,
67019,62,62,on_time,0,
67020,62,62,on_time,0,
67021,62,62,on_time,0,
67022,62,62,on_time,0,
67023,62,62,on_time,0,
67024,62,62,on_time,0,
67025,62,62,on_time,0,
67026,62,62,on_time,0,
67027,62,62,on_time,0,
67028,62,62,on_time,0,
67029,62,62,on_time,0,
67030,62,62,on_time,0,
67031,62,62,on_time,0,
67032,62,62,on_time,0,
67033,62,62,on_time,0,
67034,62,62,on_time,0,
67035,62,62,on_time,0,
67036,62,62,on_time,0,
67037,62,62,on_time,0,
67038,62,62,on_time,0,
67039,62,62,on_time,0,
67040,62,62,on_time,0,
67041,62,62,on_time,0,
67042,62,62,on_time,0,
67043,62,62,on_time,0,
67044,62,62,on_time,0,
67045,62,62,on_time,0,
67046,62,62,on_time,0,
67047,62,62,on_time,0,
67048,62,62,on_time,0,
67049,62,62,on_time,0,
67050,62,62,on_time,0,
67051,62,62,on_time,0,
67052,62,62,on_time,0,
67053,62,62,on_time,0,
67054,62,62,on_time,0,
67055,62,62,on_time,0,
67056,62,62,on_time,0,
67057,62,62,on_time,0,
67058,62,62,on_time,0,
67059,62,62,on_time,0,
67060,62,62,on_time,0,
67061,62,62,on_time,0,
67062,62,62,on_time,0,
67063,62,62,on_time,0,
67064,62,62,on_time,0,
67065,62,62,on_time,0,
67066,62,62,on_time,0,
67067,62,62,on_time,0,
67068,62,62,on_time,0,
67069,62,62,on_time,0,
67070,62,62,on_time,0,
67071,62,62,on_time,0,
67072,62,62,on_time,0,
67073,62,62,on_time,0,
67074,62,62,on_time,0,
67075,62,62,on_time,0,
67076,62,62,on_time,0,
67077,62,62,on_time,0,
67078,62,62,on_time,0,
67079,62,62,on_time,0,
67080,62,62,on_time,0,
67081,62,62,on_time,0,
67082,62,62,on_time,0,
67083,62,62,on_time,0,
67084,62,62,on_time,0,
67085,62,62,on_time,0,
67086,62,62,on_time,0,
67087,62,62,on_time,0,
67088,62,62,on_time,0,
67089,62,62,on_time,0,
67090,62,62,on_time,0,
67091,62,62,on_time,0,
67092,62,62,on_time,0,
67093,62,62,on_time,0,
67094,62,62,on_time,0,
67095,62,62,on_time,0,
67096,62,62,on_time,0,
67097,62,62,on_time,0,
67098,62,62,on_time,0,
67099,62,62,on_time,0,
67100,62,62,on_time,0,
67101,62,62,on_time,0,
67102,62,62,on_time,0,
67103,62,62,on_time,0,
67104,62,62,on_time,0,
67105,62,62,on_time,0,
67106,62,62,on_time,0,
67107,62,62,on_time,0,
67108,62,62,on_time,0,
67109,62,62,on_time,0,
67110,62,62,on_time,0,
67111,62,62,on_time,0,
67112,62,62,on_time,0,
67113,62,62,on_time,0,
67114,62,62,on_time,0,
67115,62,62,on_time,0,
67116,62,62,on_time,0,
67117,62,62,on_time,0,
67118,62,62,on_time,0,
67119,62,62,on_time,0,
67120,62,62,on_time,0,
67121,62,62,on_time,0,
67122,62,62,on_time,0,
67123,62,62,on_time,0,
67124,62,62,on_time,0,
67125,62,62,on_time,0,
67126,62,62,on_time,0,
67127,62,62,on_time,0,
67128,62,62,on_time,0,
67129,62,62,on_time,0,
67130,62,62,on_time,0,
67131,62,62,on_time,0,
67132,62,62,on_time,0,
67133,62,62,on_time,0,
67134,62,62,on_time,0,
67135,62,62,on_time,0,
67136,62,62,on_time,0,
67137,62,62,on_time,0,
67138,62,62,on_time,0,
67139,62,62,on_time,0,
67140,62,62,on_time,0,
67141,62,62,on_time,0,
67142,62,62,on_time,0,
67143,62,62,on_time,0,
67144,62,62,on_time,0,
67145,62,62,on_time,0,
67146,62,62,on_time,0,
67147,62,62,on_time,0,
67148,62,62,on_time,0,
67149,62,62,on_time,0,
67150,62,62,on_time,0,
67151,62,62,on_time,0,
67152,62,62,on_time,0,
67153,62,62,on_time,0,
67154,62,62,on_time,0,
67155,62,62,on_time,0,
67156,62,62,on_time,0,
67157,62,62,on_time,0,
67158,62,62,on_time,0,
67159,62,62,on_time,0,
67160,62,62,on_time,0,
67161,62,62,on_time,0,
67162,62,62,on_time,0,
67163,62,62,on_time,0,
67164,62,62,on_time,0,
67165,62,62,on_time,0,
67166,62,62,on_time,0,
67167,62,62,on_time,0,
67168,62,62,on_time,0,
67169,62,62,on_time,0,
67170,62,62,on_time,0,
67171,62,62,on_time,0,
67172,62,62,on_time,0,
67173,62,62,on_time,0,
67174,62,62,on_time,0,
67175,62,62,on_time,0,
67176,62,62,on_time,0,
67177,62,62,on_time,0,
67178,62,62,on_time,0,
67179,62,62,on_time,0,
67180,62,62,on_time,0,
67181,62,62,on_time,0,
67182,62,62,on_time,0,
67183,62,62,on_time,0,
67184,62,62,on_time,0,
67185,62,62,on_time,0,
67186,62,62,on_time,0,
67187,62,62,on_time,0,
67188,62,62,on_time,0,
67189,62,62,on_time,0,
67190,62,62,on_time,0,
67191,62,62,on_time,0,
67192,62,62,on_time,0,
67193,62,62,on_time,0,
67194,62,62,on_time,0,
67195,62,62,on_time,0,
67196,62,62,on_time,0,
67197,62,62,on_time,0,
67198,62,62,on_time,0,
67199,62,62,on_time,0,
67200,62,62,on_time,0,
67201,62,62,on_time,0,
67202,62,62,on_time,0,
67203,62,62,on_time,0,
67204,62,62,on_time,0,
67205,62,62,on_time,0,
67206,62,62,on_time,0,
67207,62,62,on_time,0,
67208,62,62,on_time,0,
67209,62,62,on_time,0,
67210,62,62,on_time,0,
67211,62,62,on_time,0,
67212,62,62,on_time,0,
67213,62,62,on_time,0,
67214,62,62,on_time,0,
67215,62,62,on_time,0,
67216,62,62,on_time,0,
67217,62,62,on_time,0,
67218,62,62,on_time,0,
67219,62,62,on_time,0,
67220,62,62,on_time,0,
67221,62,62,on_time,0,
67222,62,62,on_time,0,
67223,62,62,on_time,0,
67224,62,62,on_time,0,
67225,62,62,on_time,0,
67226,62,62,on_time,0,
67227,62,62,on_time,0,
67228,62,62,on_time,0,
67229,62,62,on_time,0,
67230,62,62,on_time,0,
67231,62,62,on_time,0,
67232,62,62,on_time,0,
67233,62,62,on_time,0,
67234,62,62,on_time,0,
67235,62,62,on_time,0,
67236,62,62,on_time,0,
67237,62,62,on_time,0,
67238,62,62,on_time,0,
67239,62,62,on_time,0,
67240,62,62,on_time,0,
67241,62,62,on_time,0,
67242,62,62,on_time,0,
67243,62,62,on_time,0,
67244,62,62,on_time,0,
67245,62,62,on_time,0,
67246,62,62,on_time,0,
67247,62,62,on_time,0,
67248,62,62,on_time,0,
67249,62,62,on_time,0,
67250,62,62,on_time,0,
67251,62,62,on_time,0,
67252,62,62,on_time,0,
67253,62,62,on_time,0,
67254,62,62,on_time,0,
67255,62,62,on_time,0,
67256,62,62,on_time,0,
67257,62,62,on_time,0,
67258,62,62,on_time,0,
67259,62,62,on_time,0,
67260,62,62,on_time,0,
67261,62,62,on_time,0,
67262,62,62,on_time,0,
67263,62,62,on_time,0,
67264,62,62,on_time,0,
67265,62,62,on_time,0,
67266,62,62,on_time,0,
67267,62,62,on_time,0,
67268,62,62,on_time,0,
67269,62,62,on_time,0,
67270,62,62,on_time,0,
67271,62,62,on_time,0,
67272,62,62,on_time,0,
67273,62,62,on_time,0,
67274,62,62,on_time,0,
67275,62,62,on_time,0,
67276,62,62,on_time,0,
67277,62,62,on_time,0,
67278,62,62,on_time,0,
67279,62,62,on_time,0,
67280,62,62,on_time,0,
67281,62,62,on_time,0,
67282,62,62,on_time,0,
67283,62,62,on_time,0,
67284,62,62,on_time,0,
67285,62,62,on_time,0,
67286,62,62,on_time,0,
67287,62,62,on_time,0,
67288,62,62,on_time,0,
67289,62,62,on_time,0,
67290,62,62,on_time,0,
67291,62,62,on_time,0,
67292,62,62,on_time,0,
67293,62,62,on_time,0,
67294,62,62,on_time,0,
67295,62,62,on_time,0,
67296,62,62,on_time,0,
67297,62,62,on_time,0,
67298,62,62,on_time,0,
67299,62,62,on_time,0,
67300,62,62,on_time,0,
67301,62,62,on_time,0,
67302,62,62,on_time,0,
67303,62,62,on_time,0,
67304,62,62,on_time,0,
67305,62,62,on_time,0,
67306,62,62,on_time,0,
67307,62,62,on_time,0,
67308,62,62,on_time,0,
67309,62,62,on_time,0,
67310,62,62,on_time,0,
67311,62,62,on_time,0,
67312,62,62,on_time,0,
67313,62,62,on_time,0,
67314,62,62,on_time,0,
67315,62,62,on_time,0,
67316,62,62,on_time,0,
67317,62,62,on_time,0,
67318,62,62,on_time,0,
67319,62,62,on_time,0,
67320,62,62,on_time,0,
67321,62,62,on_time,0,
67322,62,62,on_time,0,
67323,62,62,on_time,0,
67324,62,62,on_time,0,
67325,62,62,on_time,0,
67326,62,62,on_time,0,
67327,62,62,on_time,0,
67328,62,62,on_time,0,
67329,62,62,on_time,0,
67330,62,62,on_time,0,
67331,62,62,on_time,0,
67332,62,62,on_time,0,
67333,62,62,on_time,0,
67334,62,62,on_time,0,
67335,62,62,on_time,0,
67336,62,62,on_time,0,
67337,62,62,on_time,0,
67338,62,62,on_time,0,
67339,62,62,on_time,0,
67340,62,62,on_time,0,
67341,62,62,on_time,0,
67342,62,62,on_time,0,
67343,62,62,on_time,0,
67344,62,62,on_time,0,
67345,62,62,on_time,0,
67346,62,62,on_time,0,
67347,62,62,on_time,0,
67348,62,62,on_time,0,
67349,62,62,on_time,0,
67350,62,62,on_time,0,
67351,62,62,on_time,0,
67352,62,62,on_time,0,
67353,62,62,on_time,0,
67354,62,62,on_time,0,
67355,62,62,on_time,0,
67356,62,62,on_time,0,
67357,62,62,on_time,0,
67358,62,62,on_time,0,
67359,62,62,on_time,0,
67360,62,62,on_time,0,
67361,62,62,on_time,0,
67362,62,62,on_time,0,
67363,62,62,on_time,0,
67364,62,62,on_time,0,
67365,62,62,on_time,0,
67366,62,62,on_time,0,
67367,62,62,on_time,0,
67368,62,62,on_time,0,
67369,62,62,on_time,0,
67370,62,62,on_time,0,
67371,62,62,on_time,0,
67372,62,62,on_time,0,
67373,62,62,on_time,0,
67374,62,62,on_time,0,
67375,62,62,on_time,0,
67376,62,62,on_time,0,
67377,62,62,on_time,0,
67378,62,62,on_time,0,
67379,62,62,on_time,0,
67380,62,62,on_time,0,
67381,62,62,on_time,0,
67382,62,62,on_time,0,
67383,62,62,on_time,0,
67384,62,62,on_time,0,
67385,62,62,on_time,0,
67386,62,62,on_time,0,
67387,62,62,on_time,0,
67388,62,62,on_time,0,
67389,62,62,on_time,0,
67390,62,62,on_time,0,
67391,62,62,on_time,0,
67392,62,62,on_time,0,
67393,62,62,on_time,0,
67394,62,62,on_time,0,
67395,62,62,on_time,0,
67396,62,62,on_time,0,
67397,62,62,on_time,0,
67398,62,62,on_time,0,
67399,62,62,on_time,0,
67400,62,62,on_time,0,
67401,62,62,on_time,0,
67402,62,62,on_time,0,
67403,62,62,on_time,0,
67404,62,62,on_time,0,
67405,62,62,on_time,0,
67406,62,62,on_time,0,
67407,62,62,on_time,0,
67408,62,62,on_time,0,
67409,62,62,on_time,0,
67410,62,62,on_time,0,
67411,62,62,on_time,0,
67412,62,62,on_time,0,
67413,62,62,on_time,0,
67414,62,62,on_time,0,
67415,62,62,on_time,0,
67416,62,62,on_time,0,
67417,62,62,on_time,0,
67418,62,62,on_time,0,
67419,62,62,on_time,0,
67420,62,62,on_time,0,
67421,62,62,on_time,0,
67422,62,62,on_time,0,
67423,62,62,on_time,0,
67424,62,62,on_time,0,
67425,62,62,on_time,0,
67426,62,62,on_time,0,
67427,62,62,on_time,0,
67428,62,62,on_time,0,
67429,62,62,on_time,0,
67430,62,62,on_time,0,
67431,62,62,on_time,0,
67432,62,62,on_time,0,
67433,62,62,on_time,0,
67434,62,62,on_time,0,
67435,62,62,on_time,0,
67436,62,62,on_time,0,
67437,62,62,on_time,0,
67438,62,62,on_time,0,
67439,62,62,on_time,0,
67440,62,62,on_time,0,
67441,62,62,on_time,0,
67442,62,62,on_time,0,
67443,62,62,on_time,0,
67444,62,62,on_time,0,
67445,62,62,on_time,0,
67446,62,62,on_time,0,
67447,62,62,on_time,0,
67448,62,62,on_time,0,
67449,62,62,on_time,0,
67450,62,62,on_time,0,
67451,62,62,on_time,0,
67452,62,62,on_time,0,
67453,62,62,on_time,0,
67454,62,62,on_time,0,
67455,62,62,on_time,0,
67456,62,62,on_time,0,
67457,62,62,on_time,0,
67458,62,62,on_time,0,
67459,62,62,on_time,0,
67460,62,62,on_time,0,
67461,62,62,on_time,0,
67462,62,62,on_time,0,
67463,62,62,on_time,0,
67464,62,62,on_time,0,
67465,62,62,on_time,0,
67466,62,62,on_time,0,
67467,62,62,on_time,0,
67468,62,62,on_time,0,
67469,62,62,on_time,0,
67470,62,62,on_time,0,
67471,62,62,on_time,0,
67472,62,62,on_time,0,
67473,62,62,on_time,0,
67474,62,62,on_time,0,
67475,62,62,on_time,0,
67476,62,62,on_time,0,
67477,62,62,on_time,0,
67478,62,62,on_time,0,
67479,62,62,on_time,0,
67480,62,62,on_time,0,
67481,62,62,on_time,0,
67482,62,62,on_time,0,
67483,62,62,on_time,0,
67484,62,62,on_time,0,
67485,62,62,on_time,0,
67486,62,62,on_time,0,
67487,62,62,on_time,0,
67488,62,62,on_time,0,
67489,62,62,on_time,0,
67490,62,62,on_time,0,
67491,62,62,on_time,0,
67492,62,62,on_time,0,
67493,62,62,on_time,0,
67494,62,62,on_time,0,
67495,62,62,on_time,0,
67496,62,62,on_time,0,
67497,62,62,on_time,0,
67498,62,62,on_time,0,
67499,62,62,on_time,0,
67500,62,62,on_time,0,
67501,62,62,on_time,0,
67502,62,62,on_time,0,
67503,62,62,on_time,0,
67504,62,62,on_time,0,
67505,62,62,on_time,0,
67506,62,62,on_time,0,
67507,62,62,on_time,0,
67508,62,62,on_time,0,
67509,62,62,on_time,0,
67510,62,62,on_time,0,
67511,62,62,on_time,0,
67512,62,62,on_time,0,
67513,62,62,on_time,0,
67514,62,62,on_time,0,
67515,62,62,on_time,0,
67516,62,62,on_time,0,
67517,62,62,on_time,0,
67518,62,62,on_time,0,
67519,62,62,on_time,0,
67520,62,62,on_time,0,
67521,62,62,on_time,0,
67522,62,62,on_time,0,
67523,62,62,on_time,0,
67524,62,62,on_time,0,
67525,62,62,on_time,0,
67526,62,62,on_time,0,
67527,62,62,on_time,0,
67528,62,62,on_time,0,
67529,62,62,on_time,0,
67530,62,62,on_time,0,
67531,62,62,on_time,0,
67532,62,62,on_time,0,
67533,62,62,on_time,0,
67534,62,62,on_time,0,
67535,62,62,on_time,0,
67536,62,62,on_time,0,
67537,62,62,on_time,0,
67538,62,62,on_time,0,
67539,62,62,on_time,0,
67540,62,62,on_time,0,
67541,62,62,on_time,0,
67542,62,62,on_time,0,
67543,62,62,on_time,0,
67544,62,62,on_time,0,
67545,62,62,on_time,0,
67546,62,62,on_time,0,
67547,62,62,on_time,0,
67548,62,62,on_time,0,
67549,62,62,on_time,0,
67550,62,62,on_time,0,
67551,62,62,on_time,0,
67552,62,62,on_time,0,
67553,62,62,on_time,0,
67554,62,62,on_time,0,
67555,62,62,on_time,0,
67556,62,62,on_time,0,
67557,62,62,on_time,0,
67558,62,62,on_time,0,
67559,62,62,on_time,0,
67560,62,62,on_time,0,
67561,62,62,on_time,0,
67562,62,62,on_time,0,
67563,62,62,on_time,0,
67564,62,62,on_time,0,
67565,62,62,on_time,0,
67566,62,62,on_time,0,
67567,62,62,on_time,0,
67568,62,62,on_time,0,
67569,62,62,on_time,0,
67570,62,62,on_time,0,
67571,62,62,on_time,0,
67572,62,62,on_time,0,
67573,62,62,on_time,0,
67574,62,62,on_time,0,
67575,62,62,on_time,0,
67576,62,62,on_time,0,
67577,62,62,on_time,0,
67578,62,62,on_time,0,
67579,62,62,on_time,0,
67580,62,62,on_time,0,
67581,62,62,on_time,0,
67582,62,62,on_time,0,
67583,62,62,on_time,0,
67584,62,62,on_time,0,
67585,62,62,on_time,0,
67586,62,62,on_time,0,
67587,62,62,on_time,0,
67588,62,62,on_time,0,
67589,62,62,on_time,0,
67590,62,62,on_time,0,
67591,62,62,on_time,0,
67592,62,62,on_time,0,
67593,62,62,on_time,0,
67594,62,62,on_time,0,
67595,62,62,on_time,0,
67596,62,62,on_time,0,
67597,62,62,on_time,0,
67598,62,62,on_time,0,
67599,62,62,on_time,0,
67600,62,62,on_time,0,
67601,62,62,on_time,0,
67602,62,62,on_time,0,
67603,62,62,on_time,0,
67604,62,62,on_time,0,
67605,62,62,on_time,0,
67606,62,62,on_time,0,
67607,62,62,on_time,0,
67608,62,62,on_time,0,
67609,62,62,on_time,0,
67610,62,62,on_time,0,
67611,62,62,on_time,0,
67612,62,62,on_time,0,
67613,62,62,on_time,0,
67614,62,62,on_time,0,
67615,62,62,on_time,0,
67616,62,62,on_time,0,
67617,62,62,on_time,0,
67618,62,62,on_time,0,
67619,62,62,on_time,0,
67620,62,62,on_time,0,
67621,62,62,on_time,0,
67622,62,62,on_time,0,
67623,62,62,on_time,0,
67624,62,62,on_time,0,
67625,62,62,on_time,0,
67626,62,62,on_time,0,
67627,62,62,on_time,0,
67628,62,62,on_time,0,
67629,62,62,on_time,0,
67630,62,62,on_time,0,
67631,62,62,on_time,0,
67632,62,62,on_time,0,
67633,62,62,on_time,0,
67634,62,62,on_time,0,
67635,62,62,on_time,0,
67636,62,62,on_time,0,
67637,62,62,on_time,0,
67638,62,62,on_time,0,
67639,62,62,on_time,0,
67640,62,62,on_time,0,
67641,62,62,on_time,0,
67642,62,62,on_time,0,
67643,62,62,on_time,0,
67644,62,62,on_time,0,
67645,62,62,on_time,0,
67646,62,62,on_time,0,
67647,62,62,on_time,0,
67648,62,62,on_time,0,
67649,62,62,on_time,0,
67650,62,62,on_time,0,
67651,62,62,on_time,0,
67652,62,62,on_time,0,
67653,62,62,on_time,0,
67654,62,62,on_time,0,
67655,62,62,on_time,0,
67656,62,62,on_time,0,
67657,62,62,on_time,0,
67658,62,62,on_time,0,
67659,62,62,on_time,0,
67660,62,62,on_time,0,
67661,62,62,on_time,0,
67662,62,62,on_time,0,
67663,62,62,on_time,0,
67664,62,62,on_time,0,
67665,62,62,on_time,0,
67666,62,62,on_time,0,
67667,62,62,on_time,0,
67668,62,62,on_time,0,
67669,62,62,on_time,0,
67670,62,62,on_time,0,
67671,62,62,on_time,0,
67672,62,62,on_time,0,
67673,62,62,on_time,0,
67674,62,62,on_time,0,
67675,62,62,on_time,0,
67676,62,62,on_time,0,
67677,62,62,on_time,0,
67678,62,62,on_time,0,
67679,62,62,on_time,0,
67680,62,62,on_time,0,
67681,62,62,on_time,0,
67682,62,62,on_time,0,
67683,62,62,on_time,0,
67684,62,62,on_time,0,
67685,62,62,on_time,0,
67686,62,62,on_time,0,
67687,62,62,on_time,0,
67688,62,62,on_time,0,
67689,62,62,on_time,0,
67690,62,62,on_time,0,
67691,62,62,on_time,0,
67692,62,62,on_time,0,
67693,62,62,on_time,0,
67694,62,62,on_time,0,
67695,62,62,on_time,0,
67696,62,62,on_time,0,
67697,62,62,on_time,0,
67698,62,62,on_time,0,
67699,62,62,on_time,0,
67700,62,62,on_time,0,
67701,62,62,on_time,0,
67702,62,62,on_time,0,
67703,62,62,on_time,0,
67704,62,62,on_time,0,
67705,62,62,on_time,0,
67706,62,62,on_time,0,
67707,62,62,on_time,0,
67708,62,62,on_time,0,
67709,62,62,on_time,0,
67710,62,62,on_time,0,
67711,62,62,on_time,0,
67712,62,62,on_time,0,
67713,62,62,on_time,0,
67714,62,62,on_time,0,
67715,62,62,on_time,0,
67716,62,62,on_time,0,
67717,62,62,on_time,0,
67718,62,62,on_time,0,
67719,62,62,on_time,0,
67720,62,62,on_time,0,
67721,62,62,on_time,0,
67722,62,62,on_time,0,
67723,62,62,on_time,0,
67724,62,62,on_time,0,
67725,62,62,on_time,0,
67726,62,62,on_time,0,
67727,62,62,on_time,0,
67728,62,62,on_time,0,
67729,62,62,on_time,0,
67730,62,62,on_time,0,
67731,62,62,on_time,0,
67732,62,62,on_time,0,
67733,62,62,on_time,0,
67734,62,62,on_time,0,
67735,62,62,on_time,0,
67736,62,62,on_time,0,
67737,62,62,on_time,0,
67738,62,62,on_time,0,
67739,62,62,on_time,0,
67740,62,62,on_time,0,
67741,62,62,on_time,0,
67742,62,62,on_time,0,
67743,62,62,on_time,0,
67744,62,62,on_time,0,
67745,62,62,on_time,0,
67746,62,62,on_time,0,
67747,62,62,on_time,0,
67748,62,62,on_time,0,
67749,62,62,on_time,0,
67750,62,62,on_time,0,
67751,62,62,on_time,0,
67752,62,62,on_time,0,
67753,62,62,on_time,0,
67754,62,62,on_time,0,
67755,62,62,on_time,0,
67756,62,62,on_time,0,
67757,62,62,on_time,0,
67758,62,62,on_time,0,
67759,62,62,on_time,0,
67760,62,62,on_time,0,
67761,62,62,on_time,0,
67762,62,62,on_time,0,
67763,62,62,on_time,0,
67764,62,62,on_time,0,
67765,62,62,on_time,0,
67766,62,62,on_time,0,
67767,62,62,on_time,0,
67768,62,62,on_time,0,
67769,62,62,on_time,0,
67770,62,62,on_time,0,
67771,62,62,on_time,0,
67772,62,62,on_time,0,
67773,62,62,on_time,0,
67774,62,62,on_time,0,
67775,62,62,on_time,0,
67776,62,62,on_time,0,
67777,62,62,on_time,0,
67778,62,62,on_time,0,
67779,62,62,on_time,0,
67780,62,62,on_time,0,
67781,62,62,on_time,0,
67782,62,62,on_time,0,
67783,62,62,on_time,0,
67784,62,62,on_time,0,
67785,62,62,on_time,0,
67786,62,62,on_time,0,
67787,62,62,on_time,0,
67788,62,62,on_time,0,
67789,62,62,on_time,0,
67790,62,62,on_time,0,
67791,62,62,on_time,0,
67792,62,62,on_time,0,
67793,62,62,on_time,0,
67794,62,62,on_time,0,
67795,62,62,on_time,0,
67796,62,62,on_time,0,
67797,62,62,on_time,0,
67798,62,62,on_time,0,
67799,62,62,on_time,0,
67800,62,62,on_time,0,
67801,62,62,on_time,0,
67802,62,62,on_time,0,
67803,62,62,on_time,0,
67804,62,62,on_time,0,
67805,62,62,on_time,0,
67806,62,62,on_time,0,
67807,62,62,on_time,0,
67808,62,62,on_time,0,
67809,62,62,on_time,0,
67810,62,62,on_time,0,
67811,62,62,on_time,0,
67812,62,62,on_time,0,
67813,62,62,on_time,0,
67814,62,62,on_time,0,
67815,62,62,on_time,0,
67816,62,62,on_time,0,
67817,62,62,on_time,0,
67818,62,62,on_time,0,
67819,62,62,on_time,0,
67820,62,62,on_time,0,
67821,62,62,on_time,0,
67822,62,62,on_time,0,
67823,62,62,on_time,0,
67824,62,62,on_time,0,
67825,62,62,on_time,0,
67826,62,62,on_time,0,
67827,62,62,on_time,0,
67828,62,62,on_time,0,
67829,62,62,on_time,0,
67830,62,62,on_time,0,
67831,62,62,on_time,0,
67832,62,62,on_time,0,
67833,62,62,on_time,0,
67834,62,62,on_time,0,
67835,62,62,on_time,0,
67836,62,62,on_time,0,
67837,62,62,on_time,0,
67838,62,62,on_time,0,
67839,62,62,on_time,0,
67840,62,62,on_time,0,
67841,62,62,on_time,0,
67842,62,62,on_time,0,
67843,62,62,on_time,0,
67844,62,62,on_time,0,
67845,62,62,on_time,0,
67846,62,62,on_time,0,
67847,62,62,on_time,0,
67848,62,62,on_time,0,
67849,62,62,on_time,0,
67850,62,62,on_time,0,
67851,62,62,on_time,0,
67852,62,62,on_time,0,
67853,62,62,on_time,0,
67854,62,62,on_time,0,
67855,62,62,on_time,0,
67856,62,62,on_time,0,
67857,62,62,on_time,0,
67858,62,62,on_time,0,
67859,62,62,on_time,0,
67860,62,62,on_time,0,
67861,62,62,on_time,0,
67862,62,62,on_time,0,
67863,62,62,on_time,0,
67864,62,62,on_time,0,
67865,62,62,on_time,0,
67866,62,62,on_time,0,
67867,62,62,on_time,0,
67868,62,62,on_time,0,
67869,62,62,on_time,0,
67870,62,62,on_time,0,
67871,62,62,on_time,0,
67872,62,62,on_time,0,
67873,62,62,on_time,0,
67874,62,62,on_time,0,
67875,62,62,on_time,0,
67876,62,62,on_time,0,
67877,62,62,on_time,0,
67878,62,62,on_time,0,
67879,62,62,on_time,0,
67880,62,62,on_time,0,
67881,62,62,on_time,0,
67882,62,62,on_time,0,
67883,62,62,on_time,0,
67884,62,62,on_time,0,
67885,62,62,on_time,0,
67886,62,62,on_time,0,
67887,62,62,on_time,0,
67888,62,62,on_time,0,
67889,62,62,on_time,0,
67890,62,62,on_time,0,
67891,62,62,on_time,0,
67892,62,62,on_time,0,
67893,62,62,on_time,0,
67894,62,62,on_time,0,
67895,62,62,on_time,0,
67896,62,62,on_time,0,
67897,62,62,on_time,0,
67898,62,62,on_time,0,
67899,62,62,on_time,0,
67900,62,62,on_time,0,
67901,62,62,on_time,0,
67902,62,62,on_time,0,
67903,62,62,on_time,0,
67904,62,62,on_time,0,
67905,62,62,on_time,0,
67906,62,62,on_time,0,
67907,62,62,on_time,0,
67908,62,62,on_time,0,
67909,62,62,on_time,0,
67910,62,62,on_time,0,
67911,62,62,on_time,0,
67912,62,62,on_time,0,
67913,62,62,on_time,0,
67914,62,62,on_time,0,
67915,62,62,on_time,0,
67916,62,62,on_time,0,
67917,62,62,on_time,0,
67918,62,62,on_time,0,
67919,62,62,on_time,0,
67920,62,62,on_time,0,
67921,62,62,on_time,0,
67922,62,62,on_time,0,
67923,62,62,on_time,0,
67924,62,62,on_time,0,
67925,62,62,on_time,0,
67926,62,62,on_time,0,
67927,62,62,on_time,0,
67928,62,62,on_time,0,
67929,62,62,on_time,0,
67930,62,62,on_time,0,
67931,62,62,on_time,0,
67932,62,62,on_time,0,
67933,62,62,on_time,0,
67934,62,62,on_time,0,
67935,62,62,on_time,0,
67936,62,62,on_time,0,
67937,62,62,on_time,0,
67938,62,62,on_time,0,
67939,62,62,on_time,0,
67940,62,62,on_time,0,
67941,62,62,on_time,0,
67942,62,62,on_time,0,
67943,62,62,on_time,0,
67944,62,62,on_time,0,
67945,62,62,on_time,0,
67946,62,62,on_time,0,
67947,62,62,on_time,0,
67948,62,62,on_time,0,
67949,62,62,on_time,0,
67950,62,62,on_time,0,
67951,62,62,on_time,0,
67952,62,62,on_time,0,
67953,62,62,on_time,0,
67954,62,62,on_time,0,
67955,62,62,on_time,0,
67956,62,62,on_time,0,
67957,62,62,on_time,0,
67958,62,62,on_time,0,
67959,62,62,on_time,0,
67960,62,62,on_time,0,
67961,62,62,on_time,0,
67962,62,62,on_time,0,
67963,62,62,on_time,0,
67964,62,62,on_time,0,
67965,62,62,on_time,0,
67966,62,62,on_time,0,
67967,62,62,on_time,0,
67968,62,62,on_time,0,
67969,62,62,on_time,0,
67970,62,62,on_time,0,
67971,62,62,on_time,0,
67972,62,62,on_time,0,
67973,62,62,on_time,0,
67974,62,62,on_time,0,
67975,62,62,on_time,0,
67976,62,62,on_time,0,
67977,62,62,on_time,0,
67978,62,62,on_time,0,
67979,62,62,on_time,0,
67980,62,62,on_time,0,
67981,62,62,on_time,0,
67982,62,62,on_time,0,
67983,62,62,on_time,0,
67984,62,62,on_time,0,
67985,62,62,on_time,0,
67986,62,62,on_time,0,
67987,62,62,on_time,0,
67988,62,62,on_time,0,
67989,62,62,on_time,0,
67990,62,62,on_time,0,
67991,62,62,on_time,0,
67992,62,62,on_time,0,
67993,62,62,on_time,0,
67994,62,62,on_time,0,
67995,62,62,on_time,0,
67996,62,62,on_time,0,
67997,62,62,on_time,0,
67998,62,62,on_time,0,
67999,62,62,on_time,0,
68000,62,62,on_time,0,
68001,63,63,on_time,0,
68002,63,63,on_time,0,
68003,63,63,on_time,0,
68004,63,63,on_time,0,
68005,63,63,on_time,0,
68006,63,63,on_time,0,
68007,63,63,on_time,0,
68008,63,63,on_time,0,
68009,63,63,on_time,0,
68010,63,63,on_time,0,
68011,63,63,on_time,0,
68012,63,63,on_time,0,
68013,63,63,on_time,0,
68014,63,63,on_time,0,
68015,63,63,on_time,0,
68016,63,63,on_time,0,
68017,63,63,on_time,0,
68018,63,63,on_time,0,
68019,63,63,on_time,0,
68020,63,63,on_time,0,
68021,63,63,on_time,0,
68022,63,63,on_time,0,
68023,63,63,on_time,0,
68024,63,63,on_time,0,
68025,63,63,on_time,0,
68026,63,63,on_time,0,
68027,63,63,on_time,0,
68028,63,63,on_time,0,
68029,63,63,on_time,0,
68030,63,63,on_time,0,
68031,63,63,on_time,0,
68032,63,63,on_time,0,
68033,63,63,on_time,0,
68034,63,63,on_time,0,
68035,63,63,on_time,0,
68036,63,63,on_time,0,
68037,63,63,on_time,0,
68038,63,63,on_time,0,
68039,63,63,on_time,0,
68040,63,63,on_time,0,
68041,63,63,on_time,0,
68042,63,63,on_time,0,
68043,63,63,on_time,0,
68044,63,63,on_time,0,
68045,63,63,on_time,0,
68046,63,63,on_time,0,
68047,63,63,on_time,0,
68048,63,63,on_time,0,
68049,63,63,on_time,0,
68050,63,63,on_time,0,
68051,63,63,on_time,0,
68052,63,63,on_time,0,
68053,63,63,on_time,0,
68054,63,63,on_time,0,
68055,63,63,on_time,0,
68056,63,63,on_time,0,
68057,63,63,on_time,0,
68058,63,63,on_time,0,
68059,63,63,on_time,0,
68060,63,63,on_time,0,
68061,63,63,on_time,0,
68062,63,63,on_time,0,
68063,63,63,on_time,0,
68064,63,63,on_time,0,
68065,63,63,on_time,0,
68066,63,63,on_time,0,
68067,63,63,on_time,0,
68068,63,63,on_time,0,
68069,63,63,on_time,0,
68070,63,63,on_time,0,
68071,63,63,on_time,0,
68072,63,63,on_time,0,
68073,63,63,on_time,0,
68074,63,63,on_time,0,
68075,63,63,on_time,0,
68076,63,63,on_time,0,
68077,63,63,on_time,0,
68078,63,63,on_time,0,
68079,63,63,on_time,0,
68080,63,63,on_time,0,
68081,63,63,on_time,0,
68082,63,63,on_time,0,
68083,63,63,on_time,0,
68084,63,63,on_time,0,
68085,63,63,on_time,0,
68086,63,63,on_time,0,
68087,63,63,on_time,0,
68088,63,63,on_time,0,
68089,63,63,on_time,0,
68090,63,63,on_time,0,
68091,63,63,on_time,0,
68092,63,63,on_time,0,
68093,63,63,on_time,0,
68094,63,63,on_time,0,
68095,63,63,on_time,0,
68096,63,63,on_time,0,
68097,63,63,on_time,0,
68098,63,63,on_time,0,
68099,63,63,on_time,0,
68100,63,63,on_time,0,
68101,63,63,on_time,0,
68102,63,63,on_time,0,
68103,63,63,on_time,0,
68104,63,63,on_time,0,
68105,63,63,on_time,0,
68106,63,63,on_time,0,
68107,63,63,on_time,0,
68108,63,63,on_time,0,
68109,63,63,on_time,0,
68110,63,63,on_time,0,
68111,63,63,on_time,0,
68112,63,63,on_time,0,
68113,63,63,on_time,0,
68114,63,63,on_time,0,
68115,63,63,on_time,0,
68116,63,63,on_time,0,
68117,63,63,on_time,0,
68118,63,63,on_time,0,
68119,63,63,on_time,0,
68120,63,63,on_time,0,
68121,63,63,on_time,0,
68122,63,63,on_time,0,
68123,63,63,on_time,0,
68124,63,63,on_time,0,
68125,63,63,on_time,0,
68126,63,63,on_time,0,
68127,63,63,on_time,0,
68128,63,63,on_time,0,
68129,63,63,on_time,0,
68130,63,63,on_time,0,
68131,63,63,on_time,0,
68132,63,63,on_time,0,
68133,63,63,on_time,0,
68134,63,63,on_time,0,
68135,63,63,on_time,0,
68136,63,63,on_time,0,
68137,63,63,on_time,0,
68138,63,63,on_time,0,
68139,63,63,on_time,0,
68140,63,63,on_time,0,
68141,63,63,on_time,0,
68142,63,63,on_time,0,
68143,63,63,on_time,0,
68144,63,63,on_time,0,
68145,63,63,on_time,0,
68146,63,63,on_time,0,
68147,63,63,on_time,0,
68148,63,63,on_time,0,
68149,63,63,on_time,0,
68150,63,63,on_time,0,
68151,63,63,on_time,0,
68152,63,63,on_time,0,
68153,63,63,on_time,0,
68154,63,63,on_time,0,
68155,63,63,on_time,0,
68156,63,63,on_time,0,
68157,63,63,on_time,0,
68158,63,63,on_time,0,
68159,63,63,on_time,0,
68160,63,63,on_time,0,
68161,63,63,on_time,0,
68162,63,63,on_time,0,
68163,63,63,on_time,0,
68164,63,63,on_time,0,
68165,63,63,on_time,0,
68166,63,63,on_time,0,
68167,63,63,on_time,0,
68168,63,63,on_time,0,
68169,63,63,on_time,0,
68170,63,63,on_time,0,
68171,63,63,on_time,0,
68172,63,63,on_time,0,
68173,63,63,on_time,0,
68174,63,63,on_time,0,
68175,63,63,on_time,0,
68176,63,63,on_time,0,
68177,63,63,on_time,0,
68178,63,63,on_time,0,
68179,63,63,on_time,0,
68180,63,63,on_time,0,
68181,63,63,on_time,0,
68182,63,63,on_time,0,
68183,63,63,on_time,0,
68184,63,63,on_time,0,
68185,63,63,on_time,0,
68186,63,63,on_time,0,
68187,63,63,on_time,0,
68188,63,63,on_time,0,
68189,63,63,on_time,0,
68190,63,63,on_time,0,
68191,63,63,on_time,0,
68192,63,63,on_time,0,
68193,63,63,on_time,0,
68194,63,63,on_time,0,
68195,63,63,on_time,0,
68196,63,63,on_time,0,
68197,63,63,on_time,0,
68198,63,63,on_time,0,
68199,63,63,on_time,0,
68200,63,63,on_time,0,
68201,63,63,on_time,0,
68202,63,63,on_time,0,
68203,63,63,on_time,0,
68204,63,63,on_time,0,
68205,63,63,on_time,0,
68206,63,63,on_time,0,
68207,63,63,on_time,0,
68208,63,63,on_time,0,
68209,63,63,on_time,0,
68210,63,63,on_time,0,
68211,63,63,on_time,0,
68212,63,63,on_time,0,
68213,63,63,on_time,0,
68214,63,63,on_time,0,
68215,63,63,on_time,0,
68216,63,63,on_time,0,
68217,63,63,on_time,0,
68218,63,63,on_time,0,
68219,63,63,on_time,0,
68220,63,63,on_time,0,
68221,63,63,on_time,0,
68222,63,63,on_time,0,
68223,63,63,on_time,0,
68224,63,63,on_time,0,
68225,63,63,on_time,0,
68226,63,63,on_time,0,
68227,63,63,on_time,0,
68228,63,63,on_time,0,
68229,63,63,on_time,0,
68230,63,63,on_time,0,
68231,63,63,on_time,0,
68232,63,63,on_time,0,
68233,63,63,on_time,0,
68234,63,63,on_time,0,
68235,63,63,on_time,0,
68236,63,63,on_time,0,
68237,63,63,on_time,0,
68238,63,63,on_time,0,
68239,63,63,on_time,0,
68240,63,63,on_time,0,
68241,63,63,on_time,0,
68242,63,63,on_time,0,
68243,63,63,on_time,0,
68244,63,63,on_time,0,
68245,63,63,on_time,0,
68246,63,63,on_time,0,
68247,63,63,on_time,0,
68248,63,63,on_time,0,
68249,63,63,on_time,0,
68250,63,63,on_time,0,
68251,63,63,on_time,0,
68252,63,63,on_time,0,
68253,63,63,on_time,0,
68254,63,63,on_time,0,
68255,63,63,on_time,0,
68256,63,63,on_time,0,
68257,63,63,on_time,0,
68258,63,63,on_time,0,
68259,63,63,on_time,0,
68260,63,63,on_time,0,
68261,63,63,on_time,0,
68262,63,63,on_time,0,
68263,63,63,on_time,0,
68264,63,63,on_time,0,
68265,63,63,on_time,0,
68266,63,63,on_time,0,
68267,63,63,on_time,0,
68268,63,63,on_time,0,
68269,63,63,on_time,0,
68270,63,63,on_time,0,
68271,63,63,on_time,0,
68272,63,63,on_time,0,
68273,63,63,on_time,0,
68274,63,63,on_time,0,
68275,63,63,on_time,0,
68276,63,63,on_time,0,
68277,63,63,on_time,0,
68278,63,63,on_time,0,
68279,63,63,on_time,0,
68280,63,63,on_time,0,
68281,63,63,on_time,0,
68282,63,63,on_time,0,
68283,63,63,on_time,0,
68284,63,63,on_time,0,
68285,63,63,on_time,0,
68286,63,63,on_time,0,
68287,63,63,on_time,0,
68288,63,63,on_time,0,
68289,63,63,on_time,0,
68290,63,63,on_time,0,
68291,63,63,on_time,0,
68292,63,63,on_time,0,
68293,63,63,on_time,0,
68294,63,63,on_time,0,
68295,63,63,on_time,0,
68296,63,63,on_time,0,
68297,63,63,on_time,0,
68298,63,63,on_time,0,
68299,63,63,on_time,0,
68300,63,63,on_time,0,
68301,63,63,on_time,0,
68302,63,63,on_time,0,
68303,63,63,on_time,0,
68304,63,63,on_time,0,
68305,63,63,on_time,0,
68306,63,63,on_time,0,
68307,63,63,on_time,0,
68308,63,63,on_time,0,
68309,63,63,on_time,0,
68310,63,63,on_time,0,
68311,63,63,on_time,0,
68312,63,63,on_time,0,
68313,63,63,on_time,0,
68314,63,63,on_time,0,
68315,63,63,on_time,0,
68316,63,63,on_time,0,
68317,63,63,on_time,0,
68318,63,63,on_time,0,
68319,63,63,on_time,0,
68320,63,63,on_time,0,
68321,63,63,on_time,0,
68322,63,63,on_time,0,
68323,63,63,on_time,0,
68324,63,63,on_time,0,
68325,63,63,on_time,0,
68326,63,63,on_time,0,
68327,63,63,on_time,0,
68328,63,63,on_time,0,
68329,63,63,on_time,0,
68330,63,63,on_time,0,
68331,63,63,on_time,0,
68332,63,63,on_time,0,
68333,63,63,on_time,0,
68334,63,63,on_time,0,
68335,63,63,on_time,0,
68336,63,63,on_time,0,
68337,63,63,on_time,0,
68338,63,63,on_time,0,
68339,63,63,on_time,0,
68340,63,63,on_time,0,
68341,63,63,on_time,0,
68342,63,63,on_time,0,
68343,63,63,on_time,0,
68344,63,63,on_time,0,
68345,63,63,on_time,0,
68346,63,63,on_time,0,
68347,63,63,on_time,0,
68348,63,63,on_time,0,
68349,63,63,on_time,0,
68350,63,63,on_time,0,
68351,63,63,on_time,0,
68352,63,63,on_time,0,
68353,63,63,on_time,0,
68354,63,63,on_time,0,
68355,63,63,on_time,0,
68356,63,63,on_time,0,
68357,63,63,on_time,0,
68358,63,63,on_time,0,
68359,63,63,on_time,0,
68360,63,63,on_time,0,
68361,63,63,on_time,0,
68362,63,63,on_time,0,
68363,63,63,on_time,0,
68364,63,63,on_time,0,
68365,63,63,on_time,0,
68366,63,63,on_time,0,
68367,63,63,on_time,0,
68368,63,63,on_time,0,
68369,63,63,on_time,0,
68370,63,63,on_time,0,
68371,63,63,on_time,0,
68372,63,63,on_time,0,
68373,63,63,on_time,0,
68374,63,63,on_time,0,
68375,63,63,on_time,0,
68376,63,63,on_time,0,
68377,63,63,on_time,0,
68378,63,63,on_time,0,
68379,63,63,on_time,0,
68380,63,63,on_time,0,
68381,63,63,on_time,0,
68382,63,63,on_time,0,
68383,63,63,on_time,0,
68384,63,63,on_time,0,
68385,63,63,on_time,0,
68386,63,63,on_time,0,
68387,63,63,on_time,0,
68388,63,63,on_time,0,
68389,63,63,on_time,0,
68390,63,63,on_time,0,
68391,63,63,on_time,0,
68392,63,63,on_time,0,
68393,63,63,on_time,0,
68394,63,63,on_time,0,
68395,63,63,on_time,0,
68396,63,63,on_time,0,
68397,63,63,on_time,0,
68398,63,63,on_time,0,
68399,63,63,on_time,0,
68400,63,63,on_time,0,
68401,63,63,on_time,0,
68402,63,63,on_time,0,
68403,63,63,on_time,0,
68404,63,63,on_time,0,
68405,63,63,on_time,0,
68406,63,63,on_time,0,
68407,63,63,on_time,0,
68408,63,63,on_time,0,
68409,63,63,on_time,0,
68410,63,63,on_time,0,
68411,63,63,on_time,0,
68412,63,63,on_time,0,
68413,63,63,on_time,0,
68414,63,63,on_time,0,
68415,63,63,on_time,0,
68416,63,63,on_time,0,
68417,63,63,on_time,0,
68418,63,63,on_time,0,
68419,63,63,on_time,0,
68420,63,63,on_time,0,
68421,63,63,on_time,0,
68422,63,63,on_time,0,
68423,63,63,on_time,0,
68424,63,63,on_time,0,
68425,63,63,on_time,0,
68426,63,63,on_time,0,
68427,63,63,on_time,0,
68428,63,63,on_time,0,
68429,63,63,on_time,0,
68430,63,63,on_time,0,
68431,63,63,on_time,0,
68432,63,63,on_time,0,
68433,63,63,on_time,0,
68434,63,63,on_time,0,
68435,63,63,on_time,0,
68436,63,63,on_time,0,
68437,63,63,on_time,0,
68438,63,63,on_time,0,
68439,63,63,on_time,0,
68440,63,63,on_time,0,
68441,63,63,on_time,0,
68442,63,63,on_time,0,
68443,63,63,on_time,0,
68444,63,63,on_time,0,
68445,63,63,on_time,0,
68446,63,63,on_time,0,
68447,63,63,on_time,0,
68448,63,63,on_time,0,
68449,63,63,on_time,0,
68450,63,63,on_time,0,
68451,63,63,on_time,0,
68452,63,63,on_time,0,
68453,63,63,on_time,0,
68454,63,63,on_time,0,
68455,63,63,on_time,0,
68456,63,63,on_time,0,
68457,63,63,on_time,0,
68458,63,63,on_time,0,
68459,63,63,on_time,0,
68460,63,63,on_time,0,
68461,63,63,on_time,0,
68462,63,63,on_time,0,
68463,63,63,on_time,0,
68464,63,63,on_time,0,
68465,63,63,on_time,0,
68466,63,63,on_time,0,
68467,63,63,on_time,0,
68468,63,63,on_time,0,
68469,63,63,on_time,0,
68470,63,63,on_time,0,
68471,63,63,on_time,0,
68472,63,63,on_time,0,
68473,63,63,on_time,0,
68474,63,63,on_time,0,
68475,63,63,on_time,0,
68476,63,63,on_time,0,
68477,63,63,on_time,0,
68478,63,63,on_time,0,
68479,63,63,on_time,0,
68480,63,63,on_time,0,
68481,63,63,on_time,0,
68482,63,63,on_time,0,
68483,63,63,on_time,0,
68484,63,63,on_time,0,
68485,63,63,on_time,0,
68486,63,63,on_time,0,
68487,63,63,on_time,0,
68488,63,63,on_time,0,
68489,63,63,on_time,0,
68490,63,63,on_time,0,
68491,63,63,on_time,0,
68492,63,63,on_time,0,
68493,63,63,on_time,0,
68494,63,63,on_time,0,
68495,63,63,on_time,0,
68496,63,63,on_time,0,
68497,63,63,on_time,0,
68498,63,63,on_time,0,
68499,63,63,on_time,0,
68500,63,63,on_time,0,
68501,63,63,on_time,0,
68502,63,63,on_time,0,
68503,63,63,on_time,0,
68504,63,63,on_time,0,
68505,63,63,on_time,0,
68506,63,63,on_time,0,
68507,63,63,on_time,0,
68508,63,63,on_time,0,
68509,63,63,on_time,0,
68510,63,63,on_time,0,
68511,63,63,on_time,0,
68512,63,63,on_time,0,
68513,63,63,on_time,0,
68514,63,63,on_time,0,
68515,63,63,on_time,0,
68516,63,63,on_time,0,
68517,63,63,on_time,0,
68518,63,63,on_time,0,
68519,63,63,on_time,0,
68520,63,63,on_time,0,
68521,63,63,on_time,0,
68522,63,63,on_time,0,
68523,63,63,on_time,0,
68524,63,63,on_time,0,
68525,63,63,on_time,0,
68526,63,63,on_time,0,
68527,63,63,on_time,0,
68528,63,63,on_time,0,
68529,63,63,on_time,0,
68530,63,63,on_time,0,
68531,63,63,on_time,0,
68532,63,63,on_time,0,
68533,63,63,on_time,0,
68534,63,63,on_time,0,
68535,63,63,on_time,0,
68536,63,63,on_time,0,
68537,63,63,on_time,0,
68538,63,63,on_time,0,
68539,63,63,on_time,0,
68540,63,63,on_time,0,
68541,63,63,on_time,0,
68542,63,63,on_time,0,
68543,63,63,on_time,0,
68544,63,63,on_time,0,
68545,63,63,on_time,0,
68546,63,63,on_time,0,
68547,63,63,on_time,0,
68548,63,63,on_time,0,
68549,63,63,on_time,0,
68550,63,63,on_time,0,
68551,63,63,on_time,0,
68552,63,63,on_time,0,
68553,63,63,on_time,0,
68554,63,63,on_time,0,
68555,63,63,on_time,0,
68556,63,63,on_time,0,
68557,63,63,on_time,0,
68558,63,63,on_time,0,
68559,63,63,on_time,0,
68560,63,63,on_time,0,
68561,63,63,on_time,0,
68562,63,63,on_time,0,
68563,63,63,on_time,0,
68564,63,63,on_time,0,
68565,63,63,on_time,0,
68566,63,63,on_time,0,
68567,63,63,on_time,0,
68568,63,63,on_time,0,
68569,63,63,on_time,0,
68570,63,63,on_time,0,
68571,63,63,on_time,0,
68572,63,63,on_time,0,
68573,63,63,on_time,0,
68574,63,63,on_time,0,
68575,63,63,on_time,0,
68576,63,63,on_time,0,
68577,63,63,on_time,0,
68578,63,63,on_time,0,
68579,63,63,on_time,0,
68580,63,63,on_time,0,
68581,63,63,on_time,0,
68582,63,63,on_time,0,
68583,63,63,on_time,0,
68584,63,63,on_time,0,
68585,63,63,on_time,0,
68586,63,63,on_time,0,
68587,63,63,on_time,0,
68588,63,63,on_time,0,
68589,63,63,on_time,0,
68590,63,63,on_time,0,
68591,63,63,on_time,0,
68592,63,63,on_time,0,
68593,63,63,on_time,0,
68594,63,63,on_time,0,
68595,63,63,on_time,0,
68596,63,63,on_time,0,
68597,63,63,on_time,0,
68598,63,63,on_time,0,
68599,63,63,on_time,0,
68600,63,63,on_time,0,
68601,63,63,on_time,0,
68602,63,63,on_time,0,
68603,63,63,on_time,0,
68604,63,63,on_time,0,
68605,63,63,on_time,0,
68606,63,63,on_time,0,
68607,63,63,on_time,0,
68608,63,63,on_time,0,
68609,63,63,on_time,0,
68610,63,63,on_time,0,
68611,63,63,on_time,0,
68612,63,63,on_time,0,
68613,63,63,on_time,0,
68614,63,63,on_time,0,
68615,63,63,on_time,0,
68616,63,63,on_time,0,
68617,63,63,on_time,0,
68618,63,63,on_time,0,
68619,63,63,on_time,0,
68620,63,63,on_time,0,
68621,63,63,on_time,0,
68622,63,63,on_time,0,
68623,63,63,on_time,0,
68624,63,63,on_time,0,
68625,63,63,on_time,0,
68626,63,63,on_time,0,
68627,63,63,on_time,0,
68628,63,63,on_time,0,
68629,63,63,on_time,0,
68630,63,63,on_time,0,
68631,63,63,on_time,0,
68632,63,63,on_time,0,
68633,63,63,on_time,0,
68634,63,63,on_time,0,
68635,63,63,on_time,0,
68636,63,63,on_time,0,
68637,63,63,on_time,0,
68638,63,63,on_time,0,
68639,63,63,on_time,0,
68640,63,63,on_time,0,
68641,63,63,on_time,0,
68642,63,63,on_time,0,
68643,63,63,on_time,0,
68644,63,63,on_time,0,
68645,63,63,on_time,0,
68646,63,63,on_time,0,
68647,63,63,on_time,0,
68648,63,63,on_time,0,
68649,63,63,on_time,0,
68650,63,63,on_time,0,
68651,63,63,on_time,0,
68652,63,63,on_time,0,
68653,63,63,on_time,0,
68654,63,63,on_time,0,
68655,63,63,on_time,0,
68656,63,63,on_time,0,
68657,63,63,on_time,0,
68658,63,63,on_time,0,
68659,63,63,on_time,0,
68660,63,63,on_time,0,
68661,63,63,on_time,0,
68662,63,63,on_time,0,
68663,63,63,on_time,0,
68664,63,63,on_time,0,
68665,63,63,on_time,0,
68666,63,63,on_time,0,
68667,63,63,on_time,0,
68668,63,63,on_time,0,
68669,63,63,on_time,0,
68670,63,63,on_time,0,
68671,63,63,on_time,0,
68672,63,63,on_time,0,
68673,63,63,on_time,0,
68674,63,63,on_time,0,
68675,63,63,on_time,0,
68676,63,63,on_time,0,
68677,63,63,on_time,0,
68678,63,63,on_time,0,
68679,63,63,on_time,0,
68680,63,63,on_time,0,
68681,63,63,on_time,0,
68682,63,63,on_time,0,
68683,63,63,on_time,0,
68684,63,63,on_time,0,
68685,63,63,on_time,0,
68686,63,63,on_time,0,
68687,63,63,on_time,0,
68688,63,63,on_time,0,
68689,63,63,on_time,0,
68690,63,63,on_time,0,
68691,63,63,on_time,0,
68692,63,63,on_time,0,
68693,63,63,on_time,0,
68694,63,63,on_time,0,
68695,63,63,on_time,0,
68696,63,63,on_time,0,
68697,63,63,on_time,0,
68698,63,63,on_time,0,
68699,63,63,on_time,0,
68700,63,63,on_time,0,
68701,63,63,on_time,0,
68702,63,63,on_time,0,
68703,63,63,on_time,0,
68704,63,63,on_time,0,
68705,63,63,on_time,0,
68706,63,63,on_time,0,
68707,63,63,on_time,0,
68708,63,63,on_time,0,
68709,63,63,on_time,0,
68710,63,63,on_time,0,
68711,63,63,on_time,0,
68712,63,63,on_time,0,
68713,63,63,on_time,0,
68714,63,63,on_time,0,
68715,63,63,on_time,0,
68716,63,63,on_time,0,
68717,63,63,on_time,0,
68718,63,63,on_time,0,
68719,63,63,on_time,0,
68720,63,63,on_time,0,
68721,63,63,on_time,0,
68722,63,63,on_time,0,
68723,63,63,on_time,0,
68724,63,63,on_time,0,
68725,63,63,on_time,0,
68726,63,63,on_time,0,
68727,63,63,on_time,0,
68728,63,63,on_time,0,
68729,63,63,on_time,0,
68730,63,63,on_time,0,
68731,63,63,on_time,0,
68732,63,63,on_time,0,
68733,63,63,on_time,0,
68734,63,63,on_time,0,
68735,63,63,on_time,0,
68736,63,63,on_time,0,
68737,63,63,on_time,0,
68738,63,63,on_time,0,
68739,63,63,on_time,0,
68740,63,63,on_time,0,
68741,63,63,on_time,0,
68742,63,63,on_time,0,
68743,63,63,on_time,0,
68744,63,63,on_time,0,
68745,63,63,on_time,0,
68746,63,63,on_time,0,
68747,63,63,on_time,0,
68748,63,63,on_time,0,
68749,63,63,on_time,0,
68750,63,63,on_time,0,
68751,63,63,on_time,0,
68752,63,63,on_time,0,
68753,63,63,on_time,0,
68754,63,63,on_time,0,
68755,63,63,on_time,0,
68756,63,63,on_time,0,
68757,63,63,on_time,0,
68758,63,63,on_time,0,
68759,63,63,on_time,0,
68760,63,63,on_time,0,
68761,63,63,on_time,0,
68762,63,63,on_time,0,
68763,63,63,on_time,0,
68764,63,63,on_time,0,
68765,63,63,on_time,0,
68766,63,63,on_time,0,
68767,63,63,on_time,0,
68768,63,63,on_time,0,
68769,63,63,on_time,0,
68770,63,63,on_time,0,
68771,63,63,on_time,0,
68772,63,63,on_time,0,
68773,63,63,on_time,0,
68774,63,63,on_time,0,
68775,63,63,on_time,0,
68776,63,63,on_time,0,
68777,63,63,on_time,0,
68778,63,63,on_time,0,
68779,63,63,on_time,0,
68780,63,63,on_time,0,
68781,63,63,on_time,0,
68782,63,63,on_time,0,
68783,63,63,on_time,0,
68784,63,63,on_time,0,
68785,63,63,on_time,0,
68786,63,63,on_time,0,
68787,63,63,on_time,0,
68788,63,63,on_time,0,
68789,63,63,on_time,0,
68790,63,63,on_time,0,
68791,63,63,on_time,0,
68792,63,63,on_time,0,
68793,63,63,on_time,0,
68794,63,63,on_time,0,
68795,63,63,on_time,0,
68796,63,63,on_time,0,
68797,63,63,on_time,0,
68798,63,63,on_time,0,
68799,63,63,on_time,0,
68800,63,63,on_time,0,
68801,63,63,on_time,0,
68802,63,63,on_time,0,
68803,63,63,on_time,0,
68804,63,63,on_time,0,
68805,63,63,on_time,0,
68806,63,63,on_time,0,
68807,63,63,on_time,0,
68808,63,63,on_time,0,
68809,63,63,on_time,0,
68810,63,63,on_time,0,
68811,63,63,on_time,0,
68812,63,63,on_time,0,
68813,63,63,on_time,0,
68814,63,63,on_time,0,
68815,63,63,on_time,0,
68816,63,63,on_time,0,
68817,63,63,on_time,0,
68818,63,63,on_time,0,
68819,63,63,on_time,0,
68820,63,63,on_time,0,
68821,63,63,on_time,0,
68822,63,63,on_time,0,
68823,63,63,on_time,0,
68824,63,63,on_time,0,
68825,63,63,on_time,0,
68826,63,63,on_time,0,
68827,63,63,on_time,0,
68828,63,63,on_time,0,
68829,63,63,on_time,0,
68830,63,63,on_time,0,
68831,63,63,on_time,0,
68832,63,63,on_time,0,
68833,63,63,on_time,0,
68834,63,63,on_time,0,
68835,63,63,on_time,0,
68836,63,63,on_time,0,
68837,63,63,on_time,0,
68838,63,63,on_time,0,
68839,63,63,on_time,0,
68840,63,63,on_time,0,
68841,63,63,on_time,0,
68842,63,63,on_time,0,
68843,63,63,on_time,0,
68844,63,63,on_time,0,
68845,63,63,on_time,0,
68846,63,63,on_time,0,
68847,63,63,on_time,0,
68848,63,63,on_time,0,
68849,63,63,on_time,0,
68850,63,63,on_time,0,
68851,63,63,on_time,0,
68852,63,63,on_time,0,
68853,63,63,on_time,0,
68854,63,63,on_time,0,
68855,63,63,on_time,0,
68856,63,63,on_time,0,
68857,63,63,on_time,0,
68858,63,63,on_time,0,
68859,63,63,on_time,0,
68860,63,63,on_time,0,
68861,63,63,on_time,0,
68862,63,63,on_time,0,
68863,63,63,on_time,0,
68864,63,63,on_time,0,
68865,63,63,on_time,0,
68866,63,63,on_time,0,
68867,63,63,on_time,0,
68868,63,63,on_time,0,
68869,63,63,on_time,0,
68870,63,63,on_time,0,
68871,63,63,on_time,0,
68872,63,63,on_time,0,
68873,63,63,on_time,0,
68874,63,63,on_time,0,
68875,63,63,on_time,0,
68876,63,63,on_time,0,
68877,63,63,on_time,0,
68878,63,63,on_time,0,
68879,63,63,on_time,0,
68880,63,63,on_time,0,
68881,63,63,on_time,0,
68882,63,63,on_time,0,
68883,63,63,on_time,0,
68884,63,63,on_time,0,
68885,63,63,on_time,0,
68886,63,63,on_time,0,
68887,63,63,on_time,0,
68888,63,63,on_time,0,
68889,63,63,on_time,0,
68890,63,63,on_time,0,
68891,63,63,on_time,0,
68892,63,63,on_time,0,
68893,63,63,on_time,0,
68894,63,63,on_time,0,
68895,63,63,on_time,0,
68896,63,63,on_time,0,
68897,63,63,on_time,0,
68898,63,63,on_time,0,
68899,63,63,on_time,0,
68900,63,63,on_time,0,
68901,63,63,on_time,0,
68902,63,63,on_time,0,
68903,63,63,on_time,0,
68904,63,63,on_time,0,
68905,63,63,on_time,0,
68906,63,63,on_time,0,
68907,63,63,on_time,0,
68908,63,63,on_time,0,
68909,63,63,on_time,0,
68910,63,63,on_time,0,
68911,63,63,on_time,0,
68912,63,63,on_time,0,
68913,63,63,on_time,0,
68914,63,63,on_time,0,
68915,63,63,on_time,0,
68916,63,63,on_time,0,
68917,63,63,on_time,0,
68918,63,63,on_time,0,
68919,63,63,on_time,0,
68920,63,63,on_time,0,
68921,63,63,on_time,0,
68922,63,63,on_time,0,
68923,63,63,on_time,0,
68924,63,63,on_time,0,
68925,63,63,on_time,0,
68926,63,63,on_time,0,
68927,63,63,on_time,0,
68928,63,63,on_time,0,
68929,63,63,on_time,0,
68930,63,63,on_time,0,
68931,63,63,on_time,0,
68932,63,63,on_time,0,
68933,63,63,on_time,0,
68934,63,63,on_time,0,
68935,63,63,on_time,0,
68936,63,63,on_time,0,
68937,63,63,on_time,0,
68938,63,63,on_time,0,
68939,63,63,on_time,0,
68940,63,63,on_time,0,
68941,63,63,on_time,0,
68942,63,63,on_time,0,
68943,63,63,on_time,0,
68944,63,63,on_time,0,
68945,63,63,on_time,0,
68946,63,63,on_time,0,
68947,63,63,on_time,0,
68948,63,63,on_time,0,
68949,63,63,on_time,0,
68950,63,63,on_time,0,
68951,63,63,on_time,0,
68952,63,63,on_time,0,
68953,63,63,on_time,0,
68954,63,63,on_time,0,
68955,63,63,on_time,0,
68956,63,63,on_time,0,
68957,63,63,on_time,0,
68958,63,63,on_time,0,
68959,63,63,on_time,0,
68960,63,63,on_time,0,
68961,63,63,on_time,0,
68962,63,63,on_time,0,
68963,63,63,on_time,0,
68964,63,63,on_time,0,
68965,63,63,on_time,0,
68966,63,63,on_time,0,
68967,63,63,on_time,0,
68968,63,63,on_time,0,
68969,63,63,on_time,0,
68970,63,63,on_time,0,
68971,63,63,on_time,0,
68972,63,63,on_time,0,
68973,63,63,on_time,0,
68974,63,63,on_time,0,
68975,63,63,on_time,0,
68976,63,63,on_time,0,
68977,63,63,on_time,0,
68978,63,63,on_time,0,
68979,63,63,on_time,0,
68980,63,63,on_time,0,
68981,63,63,on_time,0,
68982,63,63,on_time,0,
68983,63,63,on_time,0,
68984,63,63,on_time,0,
68985,63,63,on_time,0,
68986,63,63,on_time,0,
68987,63,63,on_time,0,
68988,63,63,on_time,0,
68989,63,63,on_time,0,
68990,63,63,on_time,0,
68991,63,63,on_time,0,
68992,63,63,on_time,0,
68993,63,63,on_time,0,
68994,63,63,on_time,0,
68995,63,63,on_time,0,
68996,63,63,on_time,0,
68997,63,63,on_time,0,
68998,63,63,on_time,0,
68999,63,63,on_time,0,
69000,63,63,on_time,0,
69001,63,63,on_time,0,
69002,63,63,on_time,0,
69003,63,63,on_time,0,
69004,63,63,on_time,0,
69005,63,63,on_time,0,
69006,63,63,on_time,0,
69007,63,63,on_time,0,
69008,63,63,on_time,0,
69009,63,63,on_time,0,
69010,63,63,on_time,0,
69011,63,63,on_time,0,
69012,63,63,on_time,0,
69013,63,63,on_time,0,
69014,63,63,on_time,0,
69015,63,63,on_time,0,
69016,63,63,on_time,0,
69017,63,63,on_time,0,
69018,63,63,on_time,0,
69019,63,63,on_time,0,
69020,63,63,on_time,0,
69021,63,63,on_time,0,
69022,63,63,on_time,0,
69023,63,63,on_time,0,
69024,63,63,on_time,0,
69025,63,63,on_time,0,
69026,63,63,on_time,0,
69027,63,63,on_time,0,
69028,63,63,on_time,0,
69029,63,63,on_time,0,
69030,63,63,on_time,0,
69031,63,63,on_time,0,
69032,63,63,on_time,0,
69033,63,63,on_time,0,
69034,63,63,on_time,0,
69035,63,63,on_time,0,
69036,63,63,on_time,0,
69037,63,63,on_time,0,
69038,63,63,on_time,0,
69039,63,63,on_time,0,
69040,63,63,on_time,0,
69041,63,63,on_time,0,
69042,63,63,on_time,0,
69043,63,63,on_time,0,
69044,63,63,on_time,0,
69045,63,63,on_time,0,
69046,63,63,on_time,0,
69047,63,63,on_time,0,
69048,63,63,on_time,0,
69049,63,63,on_time,0,
69050,63,63,on_time,0,
69051,63,63,on_time,0,
69052,63,63,on_time,0,
69053,63,63,on_time,0,
69054,63,63,on_time,0,
69055,63,63,on_time,0,
69056,63,63,on_time,0,
69057,63,63,on_time,0,
69058,63,63,on_time,0,
69059,63,63,on_time,0,
69060,63,63,on_time,0,
69061,63,63,on_time,0,
69062,63,63,on_time,0,
69063,63,63,on_time,0,
69064,63,63,on_time,0,
69065,63,63,on_time,0,
69066,63,63,on_time,0,
69067,63,63,on_time,0,
69068,63,63,on_time,0,
69069,63,63,on_time,0,
69070,63,63,on_time,0,
69071,63,63,on_time,0,
69072,63,63,on_time,0,
69073,63,63,on_time,0,
69074,63,63,on_time,0,
69075,63,63,on_time,0,
69076,63,63,on_time,0,
69077,63,63,on_time,0,
69078,63,63,on_time,0,
69079,63,63,on_time,0,
69080,63,63,on_time,0,
69081,63,63,on_time,0,
69082,63,63,on_time,0,
69083,63,63,on_time,0,
69084,63,63,on_time,0,
69085,63,63,on_time,0,
69086,63,63,on_time,0,
69087,63,63,on_time,0,
69088,63,63,on_time,0,
69089,63,63,on_time,0,
69090,63,63,on_time,0,
69091,63,63,on_time,0,
69092,63,63,on_time,0,
69093,63,63,on_time,0,
69094,63,63,on_time,0,
69095,63,63,on_time,0,
69096,63,63,on_time,0,
69097,63,63,on_time,0,
69098,63,63,on_time,0,
69099,63,63,on_time,0,
69100,63,63,on_time,0,
69101,63,63,on_time,0,
69102,63,63,on_time,0,
69103,63,63,on_time,0,
69104,63,63,on_time,0,
69105,63,63,on_time,0,
69106,63,63,on_time,0,
69107,63,63,on_time,0,
69108,63,63,on_time,0,
69109,63,63,on_time,0,
69110,63,63,on_time,0,
69111,63,63,on_time,0,
69112,63,63,on_time,0,
69113,63,63,on_time,0,
69114,63,63,on_time,0,
69115,63,63,on_time,0,
69116,63,63,on_time,0,
69117,63,63,on_time,0,
69118,63,63,on_time,0,
69119,63,63,on_time,0,
69120,63,63,on_time,0,
69121,63,63,on_time,0,
69122,63,63,on_time,0,
69123,63,63,on_time,0,
69124,63,63,on_time,0,
69125,63,63,on_time,0,
69126,63,63,on_time,0,
69127,63,63,on_time,0,
69128,63,63,on_time,0,
69129,63,63,on_time,0,
69130,63,63,on_time,0,
69131,63,63,on_time,0,
69132,63,63,on_time,0,
69133,63,63,on_time,0,
69134,63,63,on_time,0,
69135,63,63,on_time,0,
69136,63,63,on_time,0,
69137,63,63,on_time,0,
69138,63,63,on_time,0,
69139,63,63,on_time,0,
69140,63,63,on_time,0,
69141,63,63,on_time,0,
69142,63,63,on_time,0,
69143,63,63,on_time,0,
69144,63,63,on_time,0,
69145,63,63,on_time,0,
69146,63,63,on_time,0,
69147,63,63,on_time,0,
69148,63,63,on_time,0,
69149,63,63,on_time,0,
69150,63,63,on_time,0,
69151,63,63,on_time,0,
69152,63,63,on_time,0,
69153,63,63,on_time,0,
69154,63,63,on_time,0,
69155,63,63,on_time,0,
69156,63,63,on_time,0,
69157,63,63,on_time,0,
69158,63,63,on_time,0,
69159,63,63,on_time,0,
69160,63,63,on_time,0,
69161,63,63,on_time,0,
69162,63,63,on_time,0,
69163,63,63,on_time,0,
69164,63,63,on_time,0,
69165,63,63,on_time,0,
69166,63,63,on_time,0,
69167,63,63,on_time,0,
69168,63,63,on_time,0,
69169,63,63,on_time,0,
69170,63,63,on_time,0,
69171,63,63,on_time,0,
69172,63,63,on_time,0,
69173,63,63,on_time,0,
69174,63,63,on_time,0,
69175,63,63,on_time,0,
69176,63,63,on_time,0,
69177,63,63,on_time,0,
69178,63,63,on_time,0,
69179,63,63,on_time,0,
69180,63,63,on_time,0,
69181,63,63,on_time,0,
69182,63,63,on_time,0,
69183,63,63,on_time,0,
69184,63,63,on_time,0,
69185,63,63,on_time,0,
69186,63,63,on_time,0,
69187,63,63,on_time,0,
69188,63,63,on_time,0,
69189,63,63,on_time,0,
69190,63,63,on_time,0,
69191,63,63,on_time,0,
69192,63,63,on_time,0,
69193,63,63,on_time,0,
69194,63,63,on_time,0,
69195,63,63,on_time,0,
69196,63,63,on_time,0,
69197,63,63,on_time,0,
69198,63,63,on_time,0,
69199,63,63,on_time,0,
69200,63,63,on_time,0,
69201,63,63,on_time,0,
69202,63,63,on_time,0,
69203,63,63,on_time,0,
69204,63,63,on_time,0,
69205,63,63,on_time,0,
69206,63,63,on_time,0,
69207,63,63,on_time,0,
69208,63,63,on_time,0,
69209,63,63,on_time,0,
69210,63,63,on_time,0,
69211,63,63,on_time,0,
69212,63,63,on_time,0,
69213,63,63,on_time,0,
69214,63,63,on_time,0,
69215,63,63,on_time,0,
69216,63,63,on_time,0,
69217,63,63,on_time,0,
69218,63,63,on_time,0,
69219,63,63,on_time,0,
69220,63,63,on_time,0,
69221,63,63,on_time,0,
69222,63,63,on_time,0,
69223,63,63,on_time,0,
69224,63,63,on_time,0,
69225,63,63,on_time,0,
69226,63,63,on_time,0,
69227,63,63,on_time,0,
69228,63,63,on_time,0,
69229,63,63,on_time,0,
69230,63,63,on_time,0,
69231,63,63,on_time,0,
69232,63,63,on_time,0,
69233,63,63,on_time,0,
69234,63,63,on_time,0,
69235,63,63,on_time,0,
69236,63,63,on_time,0,
69237,63,63,on_time,0,
69238,63,63,on_time,0,
69239,63,63,on_time,0,
69240,63,63,on_time,0,
69241,63,63,on_time,0,
69242,63,63,on_time,0,
69243,63,63,on_time,0,
69244,63,63,on_time,0,
69245,63,63,on_time,0,
69246,63,63,on_time,0,
69247,63,63,on_time,0,
69248,63,63,on_time,0,
69249,63,63,on_time,0,
69250,63,63,on_time,0,
69251,63,63,on_time,0,
69252,63,63,on_time,0,
69253,63,63,on_time,0,
69254,63,63,on_time,0,
69255,63,63,on_time,0,
69256,63,63,on_time,0,
69257,63,63,on_time,0,
69258,63,63,on_time,0,
69259,63,63,on_time,0,
69260,63,63,on_time,0,
69261,63,63,on_time,0,
69262,63,63,on_time,0,
69263,63,63,on_time,0,
69264,63,63,on_time,0,
69265,63,63,on_time,0,
69266,63,63,on_time,0,
69267,63,63,on_time,0,
69268,63,63,on_time,0,
69269,63,63,on_time,0,
69270,63,63,on_time,0,
69271,63,63,on_time,0,
69272,63,63,on_time,0,
69273,63,63,on_time,0,
69274,63,63,on_time,0,
69275,63,63,on_time,0,
69276,63,63,on_time,0,
69277,63,63,on_time,0,
69278,63,63,on_time,0,
69279,63,63,on_time,0,
69280,63,63,on_time,0,
69281,63,63,on_time,0,
69282,63,63,on_time,0,
69283,63,63,on_time,0,
69284,63,63,on_time,0,
69285,63,63,on_time,0,
69286,63,63,on_time,0,
69287,63,63,on_time,0,
69288,63,63,on_time,0,
69289,63,63,on_time,0,
69290,63,63,on_time,0,
69291,63,63,on_time,0,
69292,63,63,on_time,0,
69293,63,63,on_time,0,
69294,63,63,on_time,0,
69295,63,63,on_time,0,
69296,63,63,on_time,0,
69297,63,63,on_time,0,
69298,63,63,on_time,0,
69299,63,63,on_time,0,
69300,63,63,on_time,0,
69301,63,63,on_time,0,
69302,63,63,on_time,0,
69303,63,63,on_time,0,
69304,63,63,on_time,0,
69305,63,63,on_time,0,
69306,63,63,on_time,0,
69307,63,63,on_time,0,
69308,63,63,on_time,0,
69309,63,63,on_time,0,
69310,63,63,on_time,0,
69311,63,63,on_time,0,
69312,63,63,on_time,0,
69313,63,63,on_time,0,
69314,63,63,on_time,0,
69315,63,63,on_time,0,
69316,63,63,on_time,0,
69317,63,63,on_time,0,
69318,63,63,on_time,0,
69319,63,63,on_time,0,
69320,63,63,on_time,0,
69321,63,63,on_time,0,
69322,63,63,on_time,0,
69323,63,63,on_time,0,
69324,63,63,on_time,0,
69325,63,63,on_time,0,
69326,63,63,on_time,0,
69327,63,63,on_time,0,
69328,63,63,on_time,0,
69329,63,63,on_time,0,
69330,63,63,on_time,0,
69331,63,63,on_time,0,
69332,63,63,on_time,0,
69333,63,63,on_time,0,
69334,63,63,on_time,0,
69335,63,63,on_time,0,
69336,63,63,on_time,0,
69337,63,63,on_time,0,
69338,63,63,on_time,0,
69339,63,63,on_time,0,
69340,63,63,on_time,0,
69341,63,63,on_time,0,
69342,63,63,on_time,0,
69343,63,63,on_time,0,
69344,63,63,on_time,0,
69345,63,63,on_time,0,
69346,63,63,on_time,0,
69347,63,63,on_time,0,
69348,63,63,on_time,0,
69349,63,63,on_time,0,
69350,63,63,on_time,0,
69351,63,63,on_time,0,
69352,63,63,on_time,0,
69353,63,63,on_time,0,
69354,63,63,on_time,0,
69355,63,63,on_time,0,
69356,63,63,on_time,0,
69357,63,63,on_time,0,
69358,63,63,on_time,0,
69359,63,63,on_time,0,
69360,63,63,on_time,0,
69361,63,63,on_time,0,
69362,63,63,on_time,0,
69363,63,63,on_time,0,
69364,63,63,on_time,0,
69365,63,63,on_time,0,
69366,63,63,on_time,0,
69367,63,63,on_time,0,
69368,63,63,on_time,0,
69369,63,63,on_time,0,
69370,63,63,on_time,0,
69371,63,63,on_time,0,
69372,63,63,on_time,0,
69373,63,63,on_time,0,
69374,63,63,on_time,0,
69375,63,63,on_time,0,
69376,63,63,on_time,0,
69377,63,63,on_time,0,
69378,63,63,on_time,0,
69379,63,63,on_time,0,
69380,63,63,on_time,0,
69381,63,63,on_time,0,
69382,63,63,on_time,0,
69383,63,63,on_time,0,
69384,63,63,on_time,0,
69385,63,63,on_time,0,
69386,63,63,on_time,0,
69387,63,63,on_time,0,
69388,63,63,on_time,0,
69389,63,63,on_time,0,
69390,63,63,on_time,0,
69391,63,63,on_time,0,
69392,63,63,on_time,0,
69393,63,63,on_time,0,
69394,63,63,on_time,0,
69395,63,63,on_time,0,
69396,63,63,on_time,0,
69397,63,63,on_time,0,
69398,63,63,on_time,0,
69399,63,63,on_time,0,
69400,63,63,on_time,0,
69401,63,63,on_time,0,
69402,63,63,on_time,0,
69403,63,63,on_time,0,
69404,63,63,on_time,0,
69405,63,63,on_time,0,
69406,63,63,on_time,0,
69407,63,63,on_time,0,
69408,63,63,on_time,0,
69409,63,63,on_time,0,
69410,63,63,on_time,0,
69411,63,63,on_time,0,
69412,63,63,on_time,0,
69413,63,63,on_time,0,
69414,63,63,on_time,0,
69415,63,63,on_time,0,
69416,63,63,on_time,0,
69417,63,63,on_time,0,
69418,63,63,on_time,0,
69419,63,63,on_time,0,
69420,63,63,on_time,0,
69421,63,63,on_time,0,
69422,63,63,on_time,0,
69423,63,63,on_time,0,
69424,63,63,on_time,0,
69425,63,63,on_time,0,
69426,63,63,on_time,0,
69427,63,63,on_time,0,
69428,63,63,on_time,0,
69429,63,63,on_time,0,
69430,63,63,on_time,0,
69431,63,63,on_time,0,
69432,63,63,on_time,0,
69433,63,63,on_time,0,
69434,63,63,on_time,0,
69435,63,63,on_time,0,
69436,63,63,on_time,0,
69437,63,63,on_time,0,
69438,63,63,on_time,0,
69439,63,63,on_time,0,
69440,63,63,on_time,0,
69441,63,63,on_time,0,
69442,63,63,on_time,0,
69443,63,63,on_time,0,
69444,63,63,on_time,0,
69445,63,63,on_time,0,
69446,63,63,on_time,0,
69447,63,63,on_time,0,
69448,63,63,on_time,0,
69449,63,63,on_time,0,
69450,63,63,on_time,0,
69451,63,63,on_time,0,
69452,63,63,on_time,0,
69453,63,63,on_time,0,
69454,63,63,on_time,0,
69455,63,63,on_time,0,
69456,63,63,on_time,0,
69457,63,63,on_time,0,
69458,63,63,on_time,0,
69459,63,63,on_time,0,
69460,63,63,on_time,0,
69461,63,63,on_time,0,
69462,63,63,on_time,0,
69463,63,63,on_time,0,
69464,63,63,on_time,0,
69465,63,63,on_time,0,
69466,63,63,on_time,0,
69467,63,63,on_time,0,
69468,63,63,on_time,0,
69469,63,63,on_time,0,
69470,63,63,on_time,0,
69471,63,63,on_time,0,
69472,63,63,on_time,0,
69473,63,63,on_time,0,
69474,63,63,on_time,0,
69475,63,63,on_time,0,
69476,63,63,on_time,0,
69477,63,63,on_time,0,
69478,63,63,on_time,0,
69479,63,63,on_time,0,
69480,63,63,on_time,0,
69481,63,63,on_time,0,
69482,63,63,on_time,0,
69483,63,63,on_time,0,
69484,63,63,on_time,0,
69485,63,63,on_time,0,
69486,63,63,on_time,0,
69487,63,63,on_time,0,
69488,63,63,on_time,0,
69489,63,63,on_time,0,
69490,63,63,on_time,0,
69491,63,63,on_time,0,
69492,63,63,on_time,0,
69493,63,63,on_time,0,
69494,63,63,on_time,0,
69495,63,63,on_time,0,
69496,63,63,on_time,0,
69497,63,63,on_time,0,
69498,63,63,on_time,0,
69499,63,63,on_time,0,
69500,63,63,on_time,0,
69501,63,63,on_time,0,
69502,63,63,on_time,0,
69503,63,63,on_time,0,
69504,63,63,on_time,0,
69505,63,63,on_time,0,
69506,63,63,on_time,0,
69507,63,63,on_time,0,
69508,63,63,on_time,0,
69509,63,63,on_time,0,
69510,63,63,on_time,0,
69511,63,63,on_time,0,
69512,63,63,on_time,0,
69513,63,63,on_time,0,
69514,63,63,on_time,0,
69515,63,63,on_time,0,
69516,63,63,on_time,0,
69517,63,63,on_time,0,
69518,63,63,on_time,0,
69519,63,63,on_time,0,
69520,63,63,on_time,0,
69521,63,63,on_time,0,
69522,63,63,on_time,0,
69523,63,63,on_time,0,
69524,63,63,on_time,0,
69525,63,63,on_time,0,
69526,63,63,on_time,0,
69527,63,63,on_time,0,
69528,63,63,on_time,0,
69529,63,63,on_time,0,
69530,63,63,on_time,0,
69531,63,63,on_time,0,
69532,63,63,on_time,0,
69533,63,63,on_time,0,
69534,63,63,on_time,0,
69535,63,63,on_time,0,
69536,63,63,on_time,0,
69537,63,63,on_time,0,
69538,63,63,on_time,0,
69539,63,63,on_time,0,
69540,63,63,on_time,0,
69541,63,63,on_time,0,
69542,63,63,on_time,0,
69543,63,63,on_time,0,
69544,63,63,on_time,0,
69545,63,63,on_time,0,
69546,63,63,on_time,0,
69547,63,63,on_time,0,
69548,63,63,on_time,0,
69549,63,63,on_time,0,
69550,63,63,on_time,0,
69551,63,63,on_time,0,
69552,63,63,on_time,0,
69553,63,63,on_time,0,
69554,63,63,on_time,0,
69555,63,63,on_time,0,
69556,63,63,on_time,0,
69557,63,63,on_time,0,
69558,63,63,on_time,0,
69559,63,63,on_time,0,
69560,63,63,on_time,0,
69561,63,63,on_time,0,
69562,63,63,on_time,0,
69563,63,63,on_time,0,
69564,63,63,on_time,0,
69565,63,63,on_time,0,
69566,63,63,on_time,0,
69567,63,63,on_time,0,
69568,63,63,on_time,0,
69569,63,63,on_time,0,
69570,63,63,on_time,0,
69571,63,63,on_time,0,
69572,63,63,on_time,0,
69573,63,63,on_time,0,
69574,63,63,on_time,0,
69575,63,63,on_time,0,
69576,63,63,on_time,0,
69577,63,63,on_time,0,
69578,63,63,on_time,0,
69579,63,63,on_time,0,
69580,63,63,on_time,0,
69581,63,63,on_time,0,
69582,63,63,on_time,0,
69583,63,63,on_time,0,
69584,63,63,on_time,0,
69585,63,63,on_time,0,
69586,63,63,on_time,0,
69587,63,63,on_time,0,
69588,63,63,on_time,0,
69589,63,63,on_time,0,
69590,63,63,on_time,0,
69591,63,63,on_time,0,
69592,63,63,on_time,0,
69593,63,63,on_time,0,
69594,63,63,on_time,0,
69595,63,63,on_time,0,
69596,63,63,on_time,0,
69597,63,63,on_time,0,
69598,63,63,on_time,0,
69599,63,63,on_time,0,
69600,63,63,on_time,0,
69601,63,63,on_time,0,
69602,63,63,on_time,0,
69603,63,63,on_time,0,
69604,63,63,on_time,0,
69605,63,63,on_time,0,
69606,63,63,on_time,0,
69607,63,63,on_time,0,
69608,63,63,on_time,0,
69609,63,63,on_time,0,
69610,63,63,on_time,0,
69611,63,63,on_time,0,
69612,63,63,on_time,0,
69613,63,63,on_time,0,
69614,63,63,on_time,0,
69615,63,63,on_time,0,
69616,63,63,on_time,0,
69617,63,63,on_time,0,
69618,63,63,on_time,0,
69619,63,63,on_time,0,
69620,63,63,on_time,0,
69621,63,63,on_time,0,
69622,63,63,on_time,0,
69623,63,63,on_time,0,
69624,63,63,on_time,0,
69625,63,63,on_time,0,
69626,63,63,on_time,0,
69627,63,63,on_time,0,
69628,63,63,on_time,0,
69629,63,63,on_time,0,
69630,63,63,on_time,0,
69631,63,63,on_time,0,
69632,63,63,on_time,0,
69633,63,63,on_time,0,
69634,63,63,on_time,0,
69635,63,63,on_time,0,
69636,63,63,on_time,0,
69637,63,63,on_time,0,
69638,63,63,on_time,0,
69639,63,63,on_time,0,
69640,63,63,on_time,0,
69641,63,63,on_time,0,
69642,63,63,on_time,0,
69643,63,63,on_time,0,
69644,63,63,on_time,0,
69645,63,63,on_time,0,
69646,63,63,on_time,0,
69647,63,63,on_time,0,
69648,63,63,on_time,0,
69649,63,63,on_time,0,
69650,63,63,on_time,0,
69651,63,63,on_time,0,
69652,63,63,on_time,0,
69653,63,63,on_time,0,
69654,63,63,on_time,0,
69655,63,63,on_time,0,
69656,63,63,on_time,0,
69657,63,63,on_time,0,
69658,63,63,on_time,0,
69659,63,63,on_time,0,
69660,63,63,on_time,0,
69661,63,63,on_time,0,
69662,63,63,on_time,0,
69663,63,63,on_time,0,
69664,63,63,on_time,0,
69665,63,63,on_time,0,
69666,63,63,on_time,0,
69667,63,63,on_time,0,
69668,63,63,on_time,0,
69669,63,63,on_time,0,
69670,63,63,on_time,0,
69671,63,63,on_time,0,
69672,63,63,on_time,0,
69673,63,63,on_time,0,
69674,63,63,on_time,0,
69675,63,63,on_time,0,
69676,63,63,on_time,0,
69677,63,63,on_time,0,
69678,63,63,on_time,0,
69679,63,63,on_time,0,
69680,63,63,on_time,0,
69681,63,63,on_time,0,
69682,63,63,on_time,0,
69683,63,63,on_time,0,
69684,63,63,on_time,0,
69685,63,63,on_time,0,
69686,63,63,on_time,0,
69687,63,63,on_time,0,
69688,63,63,on_time,0,
69689,63,63,on_time,0,
69690,63,63,on_time,0,
69691,63,63,on_time,0,
69692,63,63,on_time,0,
69693,63,63,on_time,0,
69694,63,63,on_time,0,
69695,63,63,on_time,0,
69696,63,63,on_time,0,
69697,63,63,on_time,0,
69698,63,63,on_time,0,
69699,63,63,on_time,0,
69700,63,63,on_time,0,
69701,63,63,on_time,0,
69702,63,63,on_time,0,
69703,63,63,on_time,0,
69704,63,63,on_time,0,
69705,63,63,on_time,0,
69706,63,63,on_time,0,
69707,63,63,on_time,0,
69708,63,63,on_time,0,
69709,63,63,on_time,0,
69710,63,63,on_time,0,
69711,63,63,on_time,0,
69712,63,63,on_time,0,
69713,63,63,on_time,0,
69714,63,63,on_time,0,
69715,63,63,on_time,0,
69716,63,63,on_time,0,
69717,63,63,on_time,0,
69718,63,63,on_time,0,
69719,63,63,on_time,0,
69720,63,63,on_time,0,
69721,63,63,on_time,0,
69722,63,63,on_time,0,
69723,63,63,on_time,0,
69724,63,63,on_time,0,
69725,63,63,on_time,0,
69726,63,63,on_time,0,
69727,63,63,on_time,0,
69728,63,63,on_time,0,
69729,63,63,on_time,0,
69730,63,63,on_time,0,
69731,63,63,on_time,0,
69732,63,63,on_time,0,
69733,63,63,on_time,0,
69734,63,63,on_time,0,
69735,63,63,on_time,0,
69736,63,63,on_time,0,
69737,63,63,on_time,0,
69738,63,63,on_time,0,
69739,63,63,on_time,0,
69740,63,63,on_time,0,
69741,63,63,on_time,0,
69742,63,63,on_time,0,
69743,63,63,on_time,0,
69744,63,63,on_time,0,
69745,63,63,on_time,0,
69746,63,63,on_time,0,
69747,63,63,on_time,0,
69748,63,63,on_time,0,
69749,63,63,on_time,0,
69750,63,63,on_time,0,
69751,63,63,on_time,0,
69752,63,63,on_time,0,
69753,63,63,on_time,0,
69754,63,63,on_time,0,
69755,63,63,on_time,0,
69756,63,63,on_time,0,
69757,63,63,on_time,0,
69758,63,63,on_time,0,
69759,63,63,on_time,0,
69760,63,63,on_time,0,
69761,63,63,on_time,0,
69762,63,63,on_time,0,
69763,63,63,on_time,0,
69764,63,63,on_time,0,
69765,63,63,on_time,0,
69766,63,63,on_time,0,
69767,63,63,on_time,0,
69768,63,63,on_time,0,
69769,63,63,on_time,0,
69770,63,63,on_time,0,
69771,63,63,on_time,0,
69772,63,63,on_time,0,
69773,63,63,on_time,0,
69774,63,63,on_time,0,
69775,63,63,on_time,0,
69776,63,63,on_time,0,
69777,63,63,on_time,0,
69778,63,63,on_time,0,
69779,63,63,on_time,0,
69780,63,63,on_time,0,
69781,63,63,on_time,0,
69782,63,63,on_time,0,
69783,63,63,on_time,0,
69784,63,63,on_time,0,
69785,63,63,on_time,0,
69786,63,63,on_time,0,
69787,63,63,on_time,0,
69788,63,63,on_time,0,
69789,63,63,on_time,0,
69790,63,63,on_time,0,
69791,63,63,on_time,0,
69792,63,63,on_time,0,
69793,63,63,on_time,0,
69794,63,63,on_time,0,
69795,63,63,on_time,0,
69796,63,63,on_time,0,
69797,63,63,on_time,0,
69798,63,63,on_time,0,
69799,63,63,on_time,0,
69800,63,63,on_time,0,
69801,63,63,on_time,0,
69802,63,63,on_time,0,
69803,63,63,on_time,0,
69804,63,63,on_time,0,
69805,63,63,on_time,0,
69806,63,63,on_time,0,
69807,63,63,on_time,0,
69808,63,63,on_time,0,
69809,63,63,on_time,0,
69810,63,63,on_time,0,
69811,63,63,on_time,0,
69812,63,63,on_time,0,
69813,63,63,on_time,0,
69814,63,63,on_time,0,
69815,63,63,on_time,0,
69816,63,63,on_time,0,
69817,63,63,on_time,0,
69818,63,63,on_time,0,
69819,63,63,on_time,0,
69820,63,63,on_time,0,
69821,63,63,on_time,0,
69822,63,63,on_time,0,
69823,63,63,on_time,0,
69824,63,63,on_time,0,
69825,63,63,on_time,0,
69826,63,63,on_time,0,
69827,63,63,on_time,0,
69828,63,63,on_time,0,
69829,63,63,on_time,0,
69830,63,63,on_time,0,
69831,63,63,on_time,0,
69832,63,63,on_time,0,
69833,63,63,on_time,0,
69834,63,63,on_time,0,
69835,63,63,on_time,0,
69836,63,63,on_time,0,
69837,63,63,on_time,0,
69838,63,63,on_time,0,
69839,63,63,on_time,0,
69840,63,63,on_time,0,
69841,63,63,on_time,0,
69842,63,63,on_time,0,
69843,63,63,on_time,0,
69844,63,63,on_time,0,
69845,63,63,on_time,0,
69846,63,63,on_time,0,
69847,63,63,on_time,0,
69848,63,63,on_time,0,
69849,63,63,on_time,0,
69850,63,63,on_time,0,
69851,63,63,on_time,0,
69852,63,63,on_time,0,
69853,63,63,on_time,0,
69854,63,63,on_time,0,
69855,63,63,on_time,0,
69856,63,63,on_time,0,
69857,63,63,on_time,0,
69858,63,63,on_time,0,
69859,63,63,on_time,0,
69860,63,63,on_time,0,
69861,63,63,on_time,0,
69862,63,63,on_time,0,
69863,63,63,on_time,0,
69864,63,63,on_time,0,
69865,63,63,on_time,0,
69866,63,63,on_time,0,
69867,63,63,on_time,0,
69868,63,63,on_time,0,
69869,63,63,on_time,0,
69870,63,63,on_time,0,
69871,63,63,on_time,0,
69872,63,63,on_time,0,
69873,63,63,on_time,0,
69874,63,63,on_time,0,
69875,63,63,on_time,0,
69876,63,63,on_time,0,
69877,63,63,on_time,0,
69878,63,63,on_time,0,
69879,63,63,on_time,0,
69880,63,63,on_time,0,
69881,63,63,on_time,0,
69882,63,63,on_time,0,
69883,63,63,on_time,0,
69884,63,63,on_time,0,
69885,63,63,on_time,0,
69886,63,63,on_time,0,
69887,63,63,on_time,0,
69888,63,63,on_time,0,
69889,63,63,on_time,0,
69890,63,63,on_time,0,
69891,63,63,on_time,0,
69892,63,63,on_time,0,
69893,63,63,on_time,0,
69894,63,63,on_time,0,
69895,63,63,on_time,0,
69896,63,63,on_time,0,
69897,63,63,on_time,0,
69898,63,63,on_time,0,
69899,63,63,on_time,0,
69900,63,63,on_time,0,
69901,63,63,on_time,0,
69902,63,63,on_time,0,
69903,63,63,on_time,0,
69904,63,63,on_time,0,
69905,63,63,on_time,0,
69906,63,63,on_time,0,
69907,63,63,on_time,0,
69908,63,63,on_time,0,
69909,63,63,on_time,0,
69910,63,63,on_time,0,
69911,63,63,on_time,0,
69912,63,63,on_time,0,
69913,63,63,on_time,0,
69914,63,63,on_time,0,
69915,63,63,on_time,0,
69916,63,63,on_time,0,
69917,63,63,on_time,0,
69918,63,63,on_time,0,
69919,63,63,on_time,0,
69920,63,63,on_time,0,
69921,63,63,on_time,0,
69922,63,63,on_time,0,
69923,63,63,on_time,0,
69924,63,63,on_time,0,
69925,63,63,on_time,0,
69926,63,63,on_time,0,
69927,63,63,on_time,0,
69928,63,63,on_time,0,
69929,63,63,on_time,0,
69930,63,63,on_time,0,
69931,63,63,on_time,0,
69932,63,63,on_time,0,
69933,63,63,on_time,0,
69934,63,63,on_time,0,
69935,63,63,on_time,0,
69936,63,63,on_time,0,
69937,63,63,on_time,0,
69938,63,63,on_time,0,
69939,63,63,on_time,0,
69940,63,63,on_time,0,
69941,63,63,on_time,0,
69942,63,63,on_time,0,
69943,63,63,on_time,0,
69944,63,63,on_time,0,
69945,63,63,on_time,0,
69946,63,63,on_time,0,
69947,63,63,on_time,0,
69948,63,63,on_time,0,
69949,63,63,on_time,0,
69950,63,63,on_time,0,
69951,63,63,on_time,0,
69952,63,63,on_time,0,
69953,63,63,on_time,0,
69954,63,63,on_time,0,
69955,63,63,on_time,0,
69956,63,63,on_time,0,
69957,63,63,on_time,0,
69958,63,63,on_time,0,
69959,63,63,on_time,0,
69960,63,63,on_time,0,
69961,63,63,on_time,0,
69962,63,63,on_time,0,
69963,63,63,on_time,0,
69964,63,63,on_time,0,
69965,63,63,on_time,0,
69966,63,63,on_time,0,
69967,63,63,on_time,0,
69968,63,63,on_time,0,
69969,63,63,on_time,0,
69970,63,63,on_time,0,
69971,63,63,on_time,0,
69972,63,63,on_time,0,
69973,63,63,on_time,0,
69974,63,63,on_time,0,
69975,63,63,on_time,0,
69976,63,63,on_time,0,
69977,63,63,on_time,0,
69978,63,63,on_time,0,
69979,63,63,on_time,0,
69980,63,63,on_time,0,
69981,63,63,on_time,0,
69982,63,63,on_time,0,
69983,63,63,on_time,0,
69984,63,63,on_time,0,
69985,63,63,on_time,0,
69986,63,63,on_time,0,
69987,63,63,on_time,0,
69988,63,63,on_time,0,
69989,63,63,on_time,0,
69990,63,63,on_time,0,
69991,63,63,on_time,0,
69992,63,63,on_time,0,
69993,63,63,on_time,0,
69994,63,63,on_time,0,
69995,63,63,on_time,0,
69996,63,63,on_time,0,
69997,63,63,on_time,0,
69998,63,63,on_time,0,
69999,63,63,on_time,0,
70000,63,63,on_time,0,
70001,64,64,on_time,0,
70002,64,64,on_time,0,
70003,64,64,on_time,0,
70004,64,64,on_time,0,
70005,64,64,on_time,0,
70006,64,64,on_time,0,
70007,64,64,on_time,0,
70008,64,64,on_time,0,
70009,64,64,on_time,0,
70010,64,64,on_time,0,
70011,64,64,on_time,0,
70012,64,64,on_time,0,
70013,64,64,on_time,0,
70014,64,64,on_time,0,
70015,64,64,on_time,0,
70016,64,64,on_time,0,
70017,64,64,on_time,0,
70018,64,64,on_time,0,
70019,64,64,on_time,0,
70020,64,64,on_time,0,
70021,64,64,on_time,0,
70022,64,64,on_time,0,
70023,64,64,on_time,0,
70024,64,64,on_time,0,
70025,64,64,on_time,0,
70026,64,64,on_time,0,
70027,64,64,on_time,0,
70028,64,64,on_time,0,
70029,64,64,on_time,0,
70030,64,64,on_time,0,
70031,64,64,on_time,0,
70032,64,64,on_time,0,
70033,64,64,on_time,0,
70034,64,64,on_time,0,
70035,64,64,on_time,0,
70036,64,64,on_time,0,
70037,64,64,on_time,0,
70038,64,64,on_time,0,
70039,64,64,on_time,0,
70040,64,64,on_time,0,
70041,64,64,on_time,0,
70042,64,64,on_time,0,
70043,64,64,on_time,0,
70044,64,64,on_time,0,
70045,64,64,on_time,0,
70046,64,64,on_time,0,
70047,64,64,on_time,0,
70048,64,64,on_time,0,
70049,64,64,on_time,0,
70050,64,64,on_time,0,
70051,64,64,on_time,0,
70052,64,64,on_time,0,
70053,64,64,on_time,0,
70054,64,64,on_time,0,
70055,64,64,on_time,0,
70056,64,64,on_time,0,
70057,64,64,on_time,0,
70058,64,64,on_time,0,
70059,64,64,on_time,0,
70060,64,64,on_time,0,
70061,64,64,on_time,0,
70062,64,64,on_time,0,
70063,64,64,on_time,0,
70064,64,64,on_time,0,
70065,64,64,on_time,0,
70066,64,64,on_time,0,
70067,64,64,on_time,0,
70068,64,64,on_time,0,
70069,64,64,on_time,0,
70070,64,64,on_time,0,
70071,64,64,on_time,0,
70072,64,64,on_time,0,
70073,64,64,on_time,0,
70074,64,64,on_time,0,
70075,64,64,on_time,0,
70076,64,64,on_time,0,
70077,64,64,on_time,0,
70078,64,64,on_time,0,
70079,64,64,on_time,0,
70080,64,64,on_time,0,
70081,64,64,on_time,0,
70082,64,64,on_time,0,
70083,64,64,on_time,0,
70084,64,64,on_time,0,
70085,64,64,on_time,0,
70086,64,64,on_time,0,
70087,64,64,on_time,0,
70088,64,64,on_time,0,
70089,64,64,on_time,0,
70090,64,64,on_time,0,
70091,64,64,on_time,0,
70092,64,64,on_time,0,
70093,64,64,on_time,0,
70094,64,64,on_time,0,
70095,64,64,on_time,0,
70096,64,64,on_time,0,
70097,64,64,on_time,0,
70098,64,64,on_time,0,
70099,64,64,on_time,0,
70100,64,64,on_time,0,
70101,64,64,on_time,0,
70102,64,64,on_time,0,
70103,64,64,on_time,0,
70104,64,64,on_time,0,
70105,64,64,on_time,0,
70106,64,64,on_time,0,
70107,64,64,on_time,0,
70108,64,64,on_time,0,
70109,64,64,on_time,0,
70110,64,64,on_time,0,
70111,64,64,on_time,0,
70112,64,64,on_time,0,
70113,64,64,on_time,0,
70114,64,64,on_time,0,
70115,64,64,on_time,0,
70116,64,64,on_time,0,
70117,64,64,on_time,0,
70118,64,64,on_time,0,
70119,64,64,on_time,0,
70120,64,64,on_time,0,
70121,64,64,on_time,0,
70122,64,64,on_time,0,
70123,64,64,on_time,0,
70124,64,64,on_time,0,
70125,64,64,on_time,0,
70126,64,64,on_time,0,
70127,64,64,on_time,0,
70128,64,64,on_time,0,
70129,64,64,on_time,0,
70130,64,64,on_time,0,
70131,64,64,on_time,0,
70132,64,64,on_time,0,
70133,64,64,on_time,0,
70134,64,64,on_time,0,
70135,64,64,on_time,0,
70136,64,64,on_time,0,
70137,64,64,on_time,0,
70138,64,64,on_time,0,
70139,64,64,on_time,0,
70140,64,64,on_time,0,
70141,64,64,on_time,0,
70142,64,64,on_time,0,
70143,64,64,on_time,0,
70144,64,64,on_time,0,
70145,64,64,on_time,0,
70146,64,64,on_time,0,
70147,64,64,on_time,0,
70148,64,64,on_time,0,
70149,64,64,on_time,0,
70150,64,64,on_time,0,
70151,64,64,on_time,0,
70152,64,64,on_time,0,
70153,64,64,on_time,0,
70154,64,64,on_time,0,
70155,64,64,on_time,0,
70156,64,64,on_time,0,
70157,64,64,on_time,0,
70158,64,64,on_time,0,
70159,64,64,on_time,0,
70160,64,64,on_time,0,
70161,64,64,on_time,0,
70162,64,64,on_time,0,
70163,64,64,on_time,0,
70164,64,64,on_time,0,
70165,64,64,on_time,0,
70166,64,64,on_time,0,
70167,64,64,on_time,0,
70168,64,64,on_time,0,
70169,64,64,on_time,0,
70170,64,64,on_time,0,
70171,64,64,on_time,0,
70172,64,64,on_time,0,
70173,64,64,on_time,0,
70174,64,64,on_time,0,
70175,64,64,on_time,0,
70176,64,64,on_time,0,
70177,64,64,on_time,0,
70178,64,64,on_time,0,
70179,64,64,on_time,0,
70180,64,64,on_time,0,
70181,64,64,on_time,0,
70182,64,64,on_time,0,
70183,64,64,on_time,0,
70184,64,64,on_time,0,
70185,64,64,on_time,0,
70186,64,64,on_time,0,
70187,64,64,on_time,0,
70188,64,64,on_time,0,
70189,64,64,on_time,0,
70190,64,64,on_time,0,
70191,64,64,on_time,0,
70192,64,64,on_time,0,
70193,64,64,on_time,0,
70194,64,64,on_time,0,
70195,64,64,on_time,0,
70196,64,64,on_time,0,
70197,64,64,on_time,0,
70198,64,64,on_time,0,
70199,64,64,on_time,0,
70200,64,64,on_time,0,
70201,64,64,on_time,0,
70202,64,64,on_time,0,
70203,64,64,on_time,0,
70204,64,64,on_time,0,
70205,64,64,on_time,0,
70206,64,64,on_time,0,
70207,64,64,on_time,0,
70208,64,64,on_time,0,
70209,64,64,on_time,0,
70210,64,64,on_time,0,
70211,64,64,on_time,0,
70212,64,64,on_time,0,
70213,64,64,on_time,0,
70214,64,64,on_time,0,
70215,64,64,on_time,0,
70216,64,64,on_time,0,
70217,64,64,on_time,0,
70218,64,64,on_time,0,
70219,64,64,on_time,0,
70220,64,64,on_time,0,
70221,64,64,on_time,0,
70222,64,64,on_time,0,
70223,64,64,on_time,0,
70224,64,64,on_time,0,
70225,64,64,on_time,0,
70226,64,64,on_time,0,
70227,64,64,on_time,0,
70228,64,64,on_time,0,
70229,64,64,on_time,0,
70230,64,64,on_time,0,
70231,64,64,on_time,0,
70232,64,64,on_time,0,
70233,64,64,on_time,0,
70234,64,64,on_time,0,
70235,64,64,on_time,0,
70236,64,64,on_time,0,
70237,64,64,on_time,0,
70238,64,64,on_time,0,
70239,64,64,on_time,0,
70240,64,64,on_time,0,
70241,64,64,on_time,0,
70242,64,64,on_time,0,
70243,64,64,on_time,0,
70244,64,64,on_time,0,
70245,64,64,on_time,0,
70246,64,64,on_time,0,
70247,64,64,on_time,0,
70248,64,64,on_time,0,
70249,64,64,on_time,0,
70250,64,64,on_time,0,
70251,64,64,on_time,0,
70252,64,64,on_time,0,
70253,64,64,on_time,0,
70254,64,64,on_time,0,
70255,64,64,on_time,0,
70256,64,64,on_time,0,
70257,64,64,on_time,0,
70258,64,64,on_time,0,
70259,64,64,on_time,0,
70260,64,64,on_time,0,
70261,64,64,on_time,0,
70262,64,64,on_time,0,
70263,64,64,on_time,0,
70264,64,64,on_time,0,
70265,64,64,on_time,0,
70266,64,64,on_time,0,
70267,64,64,on_time,0,
70268,64,64,on_time,0,
70269,64,64,on_time,0,
70270,64,64,on_time,0,
70271,64,64,on_time,0,
70272,64,64,on_time,0,
70273,64,64,on_time,0,
70274,64,64,on_time,0,
70275,64,64,on_time,0,
70276,64,64,on_time,0,
70277,64,64,on_time,0,
70278,64,64,on_time,0,
70279,64,64,on_time,0,
70280,64,64,on_time,0,
70281,64,64,on_time,0,
70282,64,64,on_time,0,
70283,64,64,on_time,0,
70284,64,64,on_time,0,
70285,64,64,on_time,0,
70286,64,64,on_time,0,
70287,64,64,on_time,0,
70288,64,64,on_time,0,
70289,64,64,on_time,0,
70290,64,64,on_time,0,
70291,64,64,on_time,0,
70292,64,64,on_time,0,
70293,64,64,on_time,0,
70294,64,64,on_time,0,
70295,64,64,on_time,0,
70296,64,64,on_time,0,
70297,64,64,on_time,0,
70298,64,64,on_time,0,
70299,64,64,on_time,0,
70300,64,64,on_time,0,
70301,64,64,on_time,0,
70302,64,64,on_time,0,
70303,64,64,on_time,0,
70304,64,64,on_time,0,
70305,64,64,on_time,0,
70306,64,64,on_time,0,
70307,64,64,on_time,0,
70308,64,64,on_time,0,
70309,64,64,on_time,0,
70310,64,64,on_time,0,
70311,64,64,on_time,0,
70312,64,64,on_time,0,
70313,64,64,on_time,0,
70314,64,64,on_time,0,
70315,64,64,on_time,0,
70316,64,64,on_time,0,
70317,64,64,on_time,0,
70318,64,64,on_time,0,
70319,64,64,on_time,0,
70320,64,64,on_time,0,
70321,64,64,on_time,0,
70322,64,64,on_time,0,
70323,64,64,on_time,0,
70324,64,64,on_time,0,
70325,64,64,on_time,0,
70326,64,64,on_time,0,
70327,64,64,on_time,0,
70328,64,64,on_time,0,
70329,64,64,on_time,0,
70330,64,64,on_time,0,
70331,64,64,on_time,0,
70332,64,64,on_time,0,
70333,64,64,on_time,0,
70334,64,64,on_time,0,
70335,64,64,on_time,0,
70336,64,64,on_time,0,
70337,64,64,on_time,0,
70338,64,64,on_time,0,
70339,64,64,on_time,0,
70340,64,64,on_time,0,
70341,64,64,on_time,0,
70342,64,64,on_time,0,
70343,64,64,on_time,0,
70344,64,64,on_time,0,
70345,64,64,on_time,0,
70346,64,64,on_time,0,
70347,64,64,on_time,0,
70348,64,64,on_time,0,
70349,64,64,on_time,0,
70350,64,64,on_time,0,
70351,64,64,on_time,0,
70352,64,64,on_time,0,
70353,64,64,on_time,0,
70354,64,64,on_time,0,
70355,64,64,on_time,0,
70356,64,64,on_time,0,
70357,64,64,on_time,0,
70358,64,64,on_time,0,
70359,64,64,on_time,0,
70360,64,64,on_time,0,
70361,64,64,on_time,0,
70362,64,64,on_time,0,
70363,64,64,on_time,0,
70364,64,64,on_time,0,
70365,64,64,on_time,0,
70366,64,64,on_time,0,
70367,64,64,on_time,0,
70368,64,64,on_time,0,
70369,64,64,on_time,0,
70370,64,64,on_time,0,
70371,64,64,on_time,0,
70372,64,64,on_time,0,
70373,64,64,on_time,0,
70374,64,64,on_time,0,
70375,64,64,on_time,0,
70376,64,64,on_time,0,
70377,64,64,on_time,0,
70378,64,64,on_time,0,
70379,64,64,on_time,0,
70380,64,64,on_time,0,
70381,64,64,on_time,0,
70382,64,64,on_time,0,
70383,64,64,on_time,0,
70384,64,64,on_time,0,
70385,64,64,on_time,0,
70386,64,64,on_time,0,
70387,64,64,on_time,0,
70388,64,64,on_time,0,
70389,64,64,on_time,0,
70390,64,64,on_time,0,
70391,64,64,on_time,0,
70392,64,64,on_time,0,
70393,64,64,on_time,0,
70394,64,64,on_time,0,
70395,64,64,on_time,0,
70396,64,64,on_time,0,
70397,64,64,on_time,0,
70398,64,64,on_time,0,
70399,64,64,on_time,0,
70400,64,64,on_time,0,
70401,64,64,on_time,0,
70402,64,64,on_time,0,
70403,64,64,on_time,0,
70404,64,64,on_time,0,
70405,64,64,on_time,0,
70406,64,64,on_time,0,
70407,64,64,on_time,0,
70408,64,64,on_time,0,
70409,64,64,on_time,0,
70410,64,64,on_time,0,
70411,64,64,on_time,0,
70412,64,64,on_time,0,
70413,64,64,on_time,0,
70414,64,64,on_time,0,
70415,64,64,on_time,0,
70416,64,64,on_time,0,
70417,64,64,on_time,0,
70418,64,64,on_time,0,
70419,64,64,on_time,0,
70420,64,64,on_time,0,
70421,64,64,on_time,0,
70422,64,64,on_time,0,
70423,64,64,on_time,0,
70424,64,64,on_time,0,
70425,64,64,on_time,0,
70426,64,64,on_time,0,
70427,64,64,on_time,0,
70428,64,64,on_time,0,
70429,64,64,on_time,0,
70430,64,64,on_time,0,
70431,64,64,on_time,0,
70432,64,64,on_time,0,
70433,64,64,on_time,0,
70434,64,64,on_time,0,
70435,64,64,on_time,0,
70436,64,64,on_time,0,
70437,64,64,on_time,0,
70438,64,64,on_time,0,
70439,64,64,on_time,0,
70440,64,64,on_time,0,
70441,64,64,on_time,0,
70442,64,64,on_time,0,
70443,64,64,on_time,0,
70444,64,64,on_time,0,
70445,64,64,on_time,0,
70446,64,64,on_time,0,
70447,64,64,on_time,0,
70448,64,64,on_time,0,
70449,64,64,on_time,0,
70450,64,64,on_time,0,
70451,64,64,on_time,0,
70452,64,64,on_time,0,
70453,64,64,on_time,0,
70454,64,64,on_time,0,
70455,64,64,on_time,0,
70456,64,64,on_time,0,
70457,64,64,on_time,0,
70458,64,64,on_time,0,
70459,64,64,on_time,0,
70460,64,64,on_time,0,
70461,64,64,on_time,0,
70462,64,64,on_time,0,
70463,64,64,on_time,0,
70464,64,64,on_time,0,
70465,64,64,on_time,0,
70466,64,64,on_time,0,
70467,64,64,on_time,0,
70468,64,64,on_time,0,
70469,64,64,on_time,0,
70470,64,64,on_time,0,
70471,64,64,on_time,0,
70472,64,64,on_time,0,
70473,64,64,on_time,0,
70474,64,64,on_time,0,
70475,64,64,on_time,0,
70476,64,64,on_time,0,
70477,64,64,on_time,0,
70478,64,64,on_time,0,
70479,64,64,on_time,0,
70480,64,64,on_time,0,
70481,64,64,on_time,0,
70482,64,64,on_time,0,
70483,64,64,on_time,0,
70484,64,64,on_time,0,
70485,64,64,on_time,0,
70486,64,64,on_time,0,
70487,64,64,on_time,0,
70488,64,64,on_time,0,
70489,64,64,on_time,0,
70490,64,64,on_time,0,
70491,64,64,on_time,0,
70492,64,64,on_time,0,
70493,64,64,on_time,0,
70494,64,64,on_time,0,
70495,64,64,on_time,0,
70496,64,64,on_time,0,
70497,64,64,on_time,0,
70498,64,64,on_time,0,
70499,64,64,on_time,0,
70500,64,64,on_time,0,
70501,64,64,on_time,0,
70502,64,64,on_time,0,
70503,64,64,on_time,0,
70504,64,64,on_time,0,
70505,64,64,on_time,0,
70506,64,64,on_time,0,
70507,64,64,on_time,0,
70508,64,64,on_time,0,
70509,64,64,on_time,0,
70510,64,64,on_time,0,
70511,64,64,on_time,0,
70512,64,64,on_time,0,
70513,64,64,on_time,0,
70514,64,64,on_time,0,
70515,64,64,on_time,0,
70516,64,64,on_time,0,
70517,64,64,on_time,0,
70518,64,64,on_time,0,
70519,64,64,on_time,0,
70520,64,64,on_time,0,
70521,64,64,on_time,0,
70522,64,64,on_time,0,
70523,64,64,on_time,0,
70524,64,64,on_time,0,
70525,64,64,on_time,0,
70526,64,64,on_time,0,
70527,64,64,on_time,0,
70528,64,64,on_time,0,
70529,64,64,on_time,0,
70530,64,64,on_time,0,
70531,64,64,on_time,0,
70532,64,64,on_time,0,
70533,64,64,on_time,0,
70534,64,64,on_time,0,
70535,64,64,on_time,0,
70536,64,64,on_time,0,
70537,64,64,on_time,0,
70538,64,64,on_time,0,
70539,64,64,on_time,0,
70540,64,64,on_time,0,
70541,64,64,on_time,0,
70542,64,64,on_time,0,
70543,64,64,on_time,0,
70544,64,64,on_time,0,
70545,64,64,on_time,0,
70546,64,64,on_time,0,
70547,64,64,on_time,0,
70548,64,64,on_time,0,
70549,64,64,on_time,0,
70550,64,64,on_time,0,
70551,64,64,on_time,0,
70552,64,64,on_time,0,
70553,64,64,on_time,0,
70554,64,64,on_time,0,
70555,64,64,on_time,0,
70556,64,64,on_time,0,
70557,64,64,on_time,0,
70558,64,64,on_time,0,
70559,64,64,on_time,0,
70560,64,64,on_time,0,
70561,64,64,on_time,0,
70562,64,64,on_time,0,
70563,64,64,on_time,0,
70564,64,64,on_time,0,
70565,64,64,on_time,0,
70566,64,64,on_time,0,
70567,64,64,on_time,0,
70568,64,64,on_time,0,
70569,64,64,on_time,0,
70570,64,64,on_time,0,
70571,64,64,on_time,0,
70572,64,64,on_time,0,
70573,64,64,on_time,0,
70574,64,64,on_time,0,
70575,64,64,on_time,0,
70576,64,64,on_time,0,
70577,64,64,on_time,0,
70578,64,64,on_time,0,
70579,64,64,on_time,0,
70580,64,64,on_time,0,
70581,64,64,on_time,0,
70582,64,64,on_time,0,
70583,64,64,on_time,0,
70584,64,64,on_time,0,
70585,64,64,on_time,0,
70586,64,64,on_time,0,
70587,64,64,on_time,0,
70588,64,64,on_time,0,
70589,64,64,on_time,0,
70590,64,64,on_time,0,
70591,64,64,on_time,0,
70592,64,64,on_time,0,
70593,64,64,on_time,0,
70594,64,64,on_time,0,
70595,64,64,on_time,0,
70596,64,64,on_time,0,
70597,64,64,on_time,0,
70598,64,64,on_time,0,
70599,64,64,on_time,0,
70600,64,64,on_time,0,
70601,64,64,on_time,0,
70602,64,64,on_time,0,
70603,64,64,on_time,0,
70604,64,64,on_time,0,
70605,64,64,on_time,0,
70606,64,64,on_time,0,
70607,64,64,on_time,0,
70608,64,64,on_time,0,
70609,64,64,on_time,0,
70610,64,64,on_time,0,
70611,64,64,on_time,0,
70612,64,64,on_time,0,
70613,64,64,on_time,0,
70614,64,64,on_time,0,
70615,64,64,on_time,0,
70616,64,64,on_time,0,
70617,64,64,on_time,0,
70618,64,64,on_time,0,
70619,64,64,on_time,0,
70620,64,64,on_time,0,
70621,64,64,on_time,0,
70622,64,64,on_time,0,
70623,64,64,on_time,0,
70624,64,64,on_time,0,
70625,64,64,on_time,0,
70626,64,64,on_time,0,
70627,64,64,on_time,0,
70628,64,64,on_time,0,
70629,64,64,on_time,0,
70630,64,64,on_time,0,
70631,64,64,on_time,0,
70632,64,64,on_time,0,
70633,64,64,on_time,0,
70634,64,64,on_time,0,
70635,64,64,on_time,0,
70636,64,64,on_time,0,
70637,64,64,on_time,0,
70638,64,64,on_time,0,
70639,64,64,on_time,0,
70640,64,64,on_time,0,
70641,64,64,on_time,0,
70642,64,64,on_time,0,
70643,64,64,on_time,0,
70644,64,64,on_time,0,
70645,64,64,on_time,0,
70646,64,64,on_time,0,
70647,64,64,on_time,0,
70648,64,64,on_time,0,
70649,64,64,on_time,0,
70650,64,64,on_time,0,
70651,64,64,on_time,0,
70652,64,64,on_time,0,
70653,64,64,on_time,0,
70654,64,64,on_time,0,
70655,64,64,on_time,0,
70656,64,64,on_time,0,
70657,64,64,on_time,0,
70658,64,64,on_time,0,
70659,64,64,on_time,0,
70660,64,64,on_time,0,
70661,64,64,on_time,0,
70662,64,64,on_time,0,
70663,64,64,on_time,0,
70664,64,64,on_time,0,
70665,64,64,on_time,0,
70666,64,64,on_time,0,
70667,64,64,on_time,0,
70668,64,64,on_time,0,
70669,64,64,on_time,0,
70670,64,64,on_time,0,
70671,64,64,on_time,0,
70672,64,64,on_time,0,
70673,64,64,on_time,0,
70674,64,64,on_time,0,
70675,64,64,on_time,0,
70676,64,64,on_time,0,
70677,64,64,on_time,0,
70678,64,64,on_time,0,
70679,64,64,on_time,0,
70680,64,64,on_time,0,
70681,64,64,on_time,0,
70682,64,64,on_time,0,
70683,64,64,on_time,0,
70684,64,64,on_time,0,
70685,64,64,on_time,0,
70686,64,64,on_time,0,
70687,64,64,on_time,0,
70688,64,64,on_time,0,
70689,64,64,on_time,0,
70690,64,64,on_time,0,
70691,64,64,on_time,0,
70692,64,64,on_time,0,
70693,64,64,on_time,0,
70694,64,64,on_time,0,
70695,64,64,on_time,0,
70696,64,64,on_time,0,
70697,64,64,on_time,0,
70698,64,64,on_time,0,
70699,64,64,on_time,0,
70700,64,64,on_time,0,
70701,64,64,on_time,0,
70702,64,64,on_time,0,
70703,64,64,on_time,0,
70704,64,64,on_time,0,
70705,64,64,on_time,0,
70706,64,64,on_time,0,
70707,64,64,on_time,0,
70708,64,64,on_time,0,
70709,64,64,on_time,0,
70710,64,64,on_time,0,
70711,64,64,on_time,0,
70712,64,64,on_time,0,
70713,64,64,on_time,0,
70714,64,64,on_time,0,
70715,64,64,on_time,0,
70716,64,64,on_time,0,
70717,64,64,on_time,0,
70718,64,64,on_time,0,
70719,64,64,on_time,0,
70720,64,64,on_time,0,
70721,64,64,on_time,0,
70722,64,64,on_time,0,
70723,64,64,on_time,0,
70724,64,64,on_time,0,
70725,64,64,on_time,0,
70726,64,64,on_time,0,
70727,64,64,on_time,0,
70728,64,64,on_time,0,
70729,64,64,on_time,0,
70730,64,64,on_time,0,
70731,64,64,on_time,0,
70732,64,64,on_time,0,
70733,64,64,on_time,0,
70734,64,64,on_time,0,
70735,64,64,on_time,0,
70736,64,64,on_time,0,
70737,64,64,on_time,0,
70738,64,64,on_time,0,
70739,64,64,on_time,0,
70740,64,64,on_time,0,
70741,64,64,on_time,0,
70742,64,64,on_time,0,
70743,64,64,on_time,0,
70744,64,64,on_time,0,
70745,64,64,on_time,0,
70746,64,64,on_time,0,
70747,64,64,on_time,0,
70748,64,64,on_time,0,
70749,64,64,on_time,0,
70750,64,64,on_time,0,
70751,64,64,on_time,0,
70752,64,64,on_time,0,
70753,64,64,on_time,0,
70754,64,64,on_time,0,
70755,64,64,on_time,0,
70756,64,64,on_time,0,
70757,64,64,on_time,0,
70758,64,64,on_time,0,
70759,64,64,on_time,0,
70760,64,64,on_time,0,
70761,64,64,on_time,0,
70762,64,64,on_time,0,
70763,64,64,on_time,0,
70764,64,64,on_time,0,
70765,64,64,on_time,0,
70766,64,64,on_time,0,
70767,64,64,on_time,0,
70768,64,64,on_time,0,
70769,64,64,on_time,0,
70770,64,64,on_time,0,
70771,64,64,on_time,0,
70772,64,64,on_time,0,
70773,64,64,on_time,0,
70774,64,64,on_time,0,
70775,64,64,on_time,0,
70776,64,64,on_time,0,
70777,64,64,on_time,0,
70778,64,64,on_time,0,
70779,64,64,on_time,0,
70780,64,64,on_time,0,
70781,64,64,on_time,0,
70782,64,64,on_time,0,
70783,64,64,on_time,0,
70784,64,64,on_time,0,
70785,64,64,on_time,0,
70786,64,64,on_time,0,
70787,64,64,on_time,0,
70788,64,64,on_time,0,
70789,64,64,on_time,0,
70790,64,64,on_time,0,
70791,64,64,on_time,0,
70792,64,64,on_time,0,
70793,64,64,on_time,0,
70794,64,64,on_time,0,
70795,64,64,on_time,0,
70796,64,64,on_time,0,
70797,64,64,on_time,0,
70798,64,64,on_time,0,
70799,64,64,on_time,0,
70800,64,64,on_time,0,
70801,64,64,on_time,0,
70802,64,64,on_time,0,
70803,64,64,on_time,0,
70804,64,64,on_time,0,
70805,64,64,on_time,0,
70806,64,64,on_time,0,
70807,64,64,on_time,0,
70808,64,64,on_time,0,
70809,64,64,on_time,0,
70810,64,64,on_time,0,
70811,64,64,on_time,0,
70812,64,64,on_time,0,
70813,64,64,on_time,0,
70814,64,64,on_time,0,
70815,64,64,on_time,0,
70816,64,64,on_time,0,
70817,64,64,on_time,0,
70818,64,64,on_time,0,
70819,64,64,on_time,0,
70820,64,64,on_time,0,
70821,64,64,on_time,0,
70822,64,64,on_time,0,
70823,64,64,on_time,0,
70824,64,64,on_time,0,
70825,64,64,on_time,0,
70826,64,64,on_time,0,
70827,64,64,on_time,0,
70828,64,64,on_time,0,
70829,64,64,on_time,0,
70830,64,64,on_time,0,
70831,64,64,on_time,0,
70832,64,64,on_time,0,
70833,64,64,on_time,0,
70834,64,64,on_time,0,
70835,64,64,on_time,0,
70836,64,64,on_time,0,
70837,64,64,on_time,0,
70838,64,64,on_time,0,
70839,64,64,on_time,0,
70840,64,64,on_time,0,
70841,64,64,on_time,0,
70842,64,64,on_time,0,
70843,64,64,on_time,0,
70844,64,64,on_time,0,
70845,64,64,on_time,0,
70846,64,64,on_time,0,
70847,64,64,on_time,0,
70848,64,64,on_time,0,
70849,64,64,on_time,0,
70850,64,64,on_time,0,
70851,64,64,on_time,0,
70852,64,64,on_time,0,
70853,64,64,on_time,0,
70854,64,64,on_time,0,
70855,64,64,on_time,0,
70856,64,64,on_time,0,
70857,64,64,on_time,0,
70858,64,64,on_time,0,
70859,64,64,on_time,0,
70860,64,64,on_time,0,
70861,64,64,on_time,0,
70862,64,64,on_time,0,
70863,64,64,on_time,0,
70864,64,64,on_time,0,
70865,64,64,on_time,0,
70866,64,64,on_time,0,
70867,64,64,on_time,0,
70868,64,64,on_time,0,
70869,64,64,on_time,0,
70870,64,64,on_time,0,
70871,64,64,on_time,0,
70872,64,64,on_time,0,
70873,64,64,on_time,0,
70874,64,64,on_time,0,
70875,64,64,on_time,0,
70876,64,64,on_time,0,
70877,64,64,on_time,0,
70878,64,64,on_time,0,
70879,64,64,on_time,0,
70880,64,64,on_time,0,
70881,64,64,on_time,0,
70882,64,64,on_time,0,
70883,64,64,on_time,0,
70884,64,64,on_time,0,
70885,64,64,on_time,0,
70886,64,64,on_time,0,
70887,64,64,on_time,0,
70888,64,64,on_time,0,
70889,64,64,on_time,0,
70890,64,64,on_time,0,
70891,64,64,on_time,0,
70892,64,64,on_time,0,
70893,64,64,on_time,0,
70894,64,64,on_time,0,
70895,64,64,on_time,0,
70896,64,64,on_time,0,
70897,64,64,on_time,0,
70898,64,64,on_time,0,
70899,64,64,on_time,0,
70900,64,64,on_time,0,
70901,64,64,on_time,0,
70902,64,64,on_time,0,
70903,64,64,on_time,0,
70904,64,64,on_time,0,
70905,64,64,on_time,0,
70906,64,64,on_time,0,
70907,64,64,on_time,0,
70908,64,64,on_time,0,
70909,64,64,on_time,0,
70910,64,64,on_time,0,
70911,64,64,on_time,0,
70912,64,64,on_time,0,
70913,64,64,on_time,0,
70914,64,64,on_time,0,
70915,64,64,on_time,0,
70916,64,64,on_time,0,
70917,64,64,on_time,0,
70918,64,64,on_time,0,
70919,64,64,on_time,0,
70920,64,64,on_time,0,
70921,64,64,on_time,0,
70922,64,64,on_time,0,
70923,64,64,on_time,0,
70924,64,64,on_time,0,
70925,64,64,on_time,0,
70926,64,64,on_time,0,
70927,64,64,on_time,0,
70928,64,64,on_time,0,
70929,64,64,on_time,0,
70930,64,64,on_time,0,
70931,64,64,on_time,0,
70932,64,64,on_time,0,
70933,64,64,on_time,0,
70934,64,64,on_time,0,
70935,64,64,on_time,0,
70936,64,64,on_time,0,
70937,64,64,on_time,0,
70938,64,64,on_time,0,
70939,64,64,on_time,0,
70940,64,64,on_time,0,
70941,64,64,on_time,0,
70942,64,64,on_time,0,
70943,64,64,on_time,0,
70944,64,64,on_time,0,
70945,64,64,on_time,0,
70946,64,64,on_time,0,
70947,64,64,on_time,0,
70948,64,64,on_time,0,
70949,64,64,on_time,0,
70950,64,64,on_time,0,
70951,64,64,on_time,0,
70952,64,64,on_time,0,
70953,64,64,on_time,0,
70954,64,64,on_time,0,
70955,64,64,on_time,0,
70956,64,64,on_time,0,
70957,64,64,on_time,0,
70958,64,64,on_time,0,
70959,64,64,on_time,0,
70960,64,64,on_time,0,
70961,64,64,on_time,0,
70962,64,64,on_time,0,
70963,64,64,on_time,0,
70964,64,64,on_time,0,
70965,64,64,on_time,0,
70966,64,64,on_time,0,
70967,64,64,on_time,0,
70968,64,64,on_time,0,
70969,64,64,on_time,0,
70970,64,64,on_time,0,
70971,64,64,on_time,0,
70972,64,64,on_time,0,
70973,64,64,on_time,0,
70974,64,64,on_time,0,
70975,64,64,on_time,0,
70976,64,64,on_time,0,
70977,64,64,on_time,0,
70978,64,64,on_time,0,
70979,64,64,on_time,0,
70980,64,64,on_time,0,
70981,64,64,on_time,0,
70982,64,64,on_time,0,
70983,64,64,on_time,0,
70984,64,64,on_time,0,
70985,64,64,on_time,0,
70986,64,64,on_time,0,
70987,64,64,on_time,0,
70988,64,64,on_time,0,
70989,64,64,on_time,0,
70990,64,64,on_time,0,
70991,64,64,on_time,0,
70992,64,64,on_time,0,
70993,64,64,on_time,0,
70994,64,64,on_time,0,
70995,64,64,on_time,0,
70996,64,64,on_time,0,
70997,64,64,on_time,0,
70998,64,64,on_time,0,
70999,64,64,on_time,0,
71000,64,64,on_time,0,
71001,64,64,on_time,0,
71002,64,64,on_time,0,
71003,64,64,on_time,0,
71004,64,64,on_time,0,
71005,64,64,on_time,0,
71006,64,64,on_time,0,
71007,64,64,on_time,0,
71008,64,64,on_time,0,
71009,64,64,on_time,0,
71010,64,64,on_time,0,
71011,64,64,on_time,0,
71012,64,64,on_time,0,
71013,64,64,on_time,0,
71014,64,64,on_time,0,
71015,64,64,on_time,0,
71016,64,64,on_time,0,
71017,64,64,on_time,0,
71018,64,64,on_time,0,
71019,64,64,on_time,0,
71020,64,64,on_time,0,
71021,64,64,on_time,0,
71022,64,64,on_time,0,
71023,64,64,on_time,0,
71024,64,64,on_time,0,
71025,64,64,on_time,0,
71026,64,64,on_time,0,
71027,64,64,on_time,0,
71028,64,64,on_time,0,
71029,64,64,on_time,0,
71030,64,64,on_time,0,
71031,64,64,on_time,0,
71032,64,64,on_time,0,
71033,64,64,on_time,0,
71034,64,64,on_time,0,
71035,64,64,on_time,0,
71036,64,64,on_time,0,
71037,64,64,on_time,0,
71038,64,64,on_time,0,
71039,64,64,on_time,0,
71040,64,64,on_time,0,
71041,64,64,on_time,0,
71042,64,64,on_time,0,
71043,64,64,on_time,0,
71044,64,64,on_time,0,
71045,64,64,on_time,0,
71046,64,64,on_time,0,
71047,64,64,on_time,0,
71048,64,64,on_time,0,
71049,64,64,on_time,0,
71050,64,64,on_time,0,
71051,64,64,on_time,0,
71052,64,64,on_time,0,
71053,64,64,on_time,0,
71054,64,64,on_time,0,
71055,64,64,on_time,0,
71056,64,64,on_time,0,
71057,64,64,on_time,0,
71058,64,64,on_time,0,
71059,64,64,on_time,0,
71060,64,64,on_time,0,
71061,64,64,on_time,0,
71062,64,64,on_time,0,
71063,64,64,on_time,0,
71064,64,64,on_time,0,
71065,64,64,on_time,0,
71066,64,64,on_time,0,
71067,64,64,on_time,0,
71068,64,64,on_time,0,
71069,64,64,on_time,0,
71070,64,64,on_time,0,
71071,64,64,on_time,0,
71072,64,64,on_time,0,
71073,64,64,on_time,0,
71074,64,64,on_time,0,
71075,64,64,on_time,0,
71076,64,64,on_time,0,
71077,64,64,on_time,0,
71078,64,64,on_time,0,
71079,64,64,on_time,0,
71080,64,64,on_time,0,
71081,64,64,on_time,0,
71082,64,64,on_time,0,
71083,64,64,on_time,0,
71084,64,64,on_time,0,
71085,64,64,on_time,0,
71086,64,64,on_time,0,
71087,64,64,on_time,0,
71088,64,64,on_time,0,
71089,64,64,on_time,0,
71090,64,64,on_time,0,
71091,64,64,on_time,0,
71092,64,64,on_time,0,
71093,64,64,on_time,0,
71094,64,64,on_time,0,
71095,64,64,on_time,0,
71096,64,64,on_time,0,
71097,64,64,on_time,0,
71098,64,64,on_time,0,
71099,64,64,on_time,0,
71100,64,64,on_time,0,
71101,64,64,on_time,0,
71102,64,64,on_time,0,
71103,64,64,on_time,0,
71104,64,64,on_time,0,
71105,64,64,on_time,0,
71106,64,64,on_time,0,
71107,64,64,on_time,0,
71108,64,64,on_time,0,
71109,64,64,on_time,0,
71110,64,64,on_time,0,
71111,64,64,on_time,0,
71112,64,64,on_time,0,
71113,64,64,on_time,0,
71114,64,64,on_time,0,
71115,64,64,on_time,0,
71116,64,64,on_time,0,
71117,64,64,on_time,0,
71118,64,64,on_time,0,
71119,64,64,on_time,0,
71120,64,64,on_time,0,
71121,64,64,on_time,0,
71122,64,64,on_time,0,
71123,64,64,on_time,0,
71124,64,64,on_time,0,
71125,64,64,on_time,0,
71126,64,64,on_time,0,
71127,64,64,on_time,0,
71128,64,64,on_time,0,
71129,64,64,on_time,0,
71130,64,64,on_time,0,
71131,64,64,on_time,0,
71132,64,64,on_time,0,
71133,64,64,on_time,0,
71134,64,64,on_time,0,
71135,64,64,on_time,0,
71136,64,64,on_time,0,
71137,64,64,on_time,0,
71138,64,64,on_time,0,
71139,64,64,on_time,0,
71140,64,64,on_time,0,
71141,64,64,on_time,0,
71142,64,64,on_time,0,
71143,64,64,on_time,0,
71144,64,64,on_time,0,
71145,64,64,on_time,0,
71146,64,64,on_time,0,
71147,64,64,on_time,0,
71148,64,64,on_time,0,
71149,64,64,on_time,0,
71150,64,64,on_time,0,
71151,64,64,on_time,0,
71152,64,64,on_time,0,
71153,64,64,on_time,0,
71154,64,64,on_time,0,
71155,64,64,on_time,0,
71156,64,64,on_time,0,
71157,64,64,on_time,0,
71158,64,64,on_time,0,
71159,64,64,on_time,0,
71160,64,64,on_time,0,
71161,64,64,on_time,0,
71162,64,64,on_time,0,
71163,64,64,on_time,0,
71164,64,64,on_time,0,
71165,64,64,on_time,0,
71166,64,64,on_time,0,
71167,64,64,on_time,0,
71168,64,64,on_time,0,
71169,64,64,on_time,0,
71170,64,64,on_time,0,
71171,64,64,on_time,0,
71172,64,64,on_time,0,
71173,64,64,on_time,0,
71174,64,64,on_time,0,
71175,64,64,on_time,0,
71176,64,64,on_time,0,
71177,64,64,on_time,0,
71178,64,64,on_time,0,
71179,64,64,on_time,0,
71180,64,64,on_time,0,
71181,64,64,on_time,0,
71182,64,64,on_time,0,
71183,64,64,on_time,0,
71184,64,64,on_time,0,
71185,64,64,on_time,0,
71186,64,64,on_time,0,
71187,64,64,on_time,0,
71188,64,64,on_time,0,
71189,64,64,on_time,0,
71190,64,64,on_time,0,
71191,64,64,on_time,0,
71192,64,64,on_time,0,
71193,64,64,on_time,0,
71194,64,64,on_time,0,
71195,64,64,on_time,0,
71196,64,64,on_time,0,
71197,64,64,on_time,0,
71198,64,64,on_time,0,
71199,64,64,on_time,0,
71200,64,64,on_time,0,
71201,64,64,on_time,0,
71202,64,64,on_time,0,
71203,64,64,on_time,0,
71204,64,64,on_time,0,
71205,64,64,on_time,0,
71206,64,64,on_time,0,
71207,64,64,on_time,0,
71208,64,64,on_time,0,
71209,64,64,on_time,0,
71210,64,64,on_time,0,
71211,64,64,on_time,0,
71212,64,64,on_time,0,
71213,64,64,on_time,0,
71214,64,64,on_time,0,
71215,64,64,on_time,0,
71216,64,64,on_time,0,
71217,64,64,on_time,0,
71218,64,64,on_time,0,
71219,64,64,on_time,0,
71220,64,64,on_time,0,
71221,64,64,on_time,0,
71222,64,64,on_time,0,
71223,64,64,on_time,0,
71224,64,64,on_time,0,
71225,64,64,on_time,0,
71226,64,64,on_time,0,
71227,64,64,on_time,0,
71228,64,64,on_time,0,
71229,64,64,on_time,0,
71230,64,64,on_time,0,
71231,64,64,on_time,0,
71232,64,64,on_time,0,
71233,64,64,on_time,0,
71234,64,64,on_time,0,
71235,64,64,on_time,0,
71236,64,64,on_time,0,
71237,64,64,on_time,0,
71238,64,64,on_time,0,
71239,64,64,on_time,0,
71240,64,64,on_time,0,
71241,64,64,on_time,0,
71242,64,64,on_time,0,
71243,64,64,on_time,0,
71244,64,64,on_time,0,
71245,64,64,on_time,0,
71246,64,64,on_time,0,
71247,64,64,on_time,0,
71248,64,64,on_time,0,
71249,64,64,on_time,0,
71250,64,64,on_time,0,
71251,64,64,on_time,0,
71252,64,64,on_time,0,
71253,64,64,on_time,0,
71254,64,64,on_time,0,
71255,64,64,on_time,0,
71256,64,64,on_time,0,
71257,64,64,on_time,0,
71258,64,64,on_time,0,
71259,64,64,on_time,0,
71260,64,64,on_time,0,
71261,64,64,on_time,0,
71262,64,64,on_time,0,
71263,64,64,on_time,0,
71264,64,64,on_time,0,
71265,64,64,on_time,0,
71266,64,64,on_time,0,
71267,64,64,on_time,0,
71268,64,64,on_time,0,
71269,64,64,on_time,0,
71270,64,64,on_time,0,
71271,64,64,on_time,0,
71272,64,64,on_time,0,
71273,64,64,on_time,0,
71274,64,64,on_time,0,
71275,64,64,on_time,0,
71276,64,64,on_time,0,
71277,64,64,on_time,0,
71278,64,64,on_time,0,
71279,64,64,on_time,0,
71280,64,64,on_time,0,
71281,64,64,on_time,0,
71282,64,64,on_time,0,
71283,64,64,on_time,0,
71284,64,64,on_time,0,
71285,64,64,on_time,0,
71286,64,64,on_time,0,
71287,64,64,on_time,0,
71288,64,64,on_time,0,
71289,64,64,on_time,0,
71290,64,64,on_time,0,
71291,64,64,on_time,0,
71292,64,64,on_time,0,
71293,64,64,on_time,0,
71294,64,64,on_time,0,
71295,64,64,on_time,0,
71296,64,64,on_time,0,
71297,64,64,on_time,0,
71298,64,64,on_time,0,
71299,64,64,on_time,0,
71300,64,64,on_time,0,
71301,64,64,on_time,0,
71302,64,64,on_time,0,
71303,64,64,on_time,0,
71304,64,64,on_time,0,
71305,64,64,on_time,0,
71306,64,64,on_time,0,
71307,64,64,on_time,0,
71308,64,64,on_time,0,
71309,64,64,on_time,0,
71310,64,64,on_time,0,
71311,64,64,on_time,0,
71312,64,64,on_time,0,
71313,64,64,on_time,0,
71314,64,64,on_time,0,
71315,64,64,on_time,0,
71316,64,64,on_time,0,
71317,64,64,on_time,0,
71318,64,64,on_time,0,
71319,64,64,on_time,0,
71320,64,64,on_time,0,
71321,64,64,on_time,0,
71322,64,64,on_time,0,
71323,64,64,on_time,0,
71324,64,64,on_time,0,
71325,64,64,on_time,0,
71326,64,64,on_time,0,
71327,64,64,on_time,0,
71328,64,64,on_time,0,
71329,64,64,on_time,0,
71330,64,64,on_time,0,
71331,64,64,on_time,0,
71332,64,64,on_time,0,
71333,64,64,on_time,0,
71334,64,64,on_time,0,
71335,64,64,on_time,0,
71336,64,64,on_time,0,
71337,64,64,on_time,0,
71338,64,64,on_time,0,
71339,64,64,on_time,0,
71340,64,64,on_time,0,
71341,64,64,on_time,0,
71342,64,64,on_time,0,
71343,64,64,on_time,0,
71344,64,64,on_time,0,
71345,64,64,on_time,0,
71346,64,64,on_time,0,
71347,64,64,on_time,0,
71348,64,64,on_time,0,
71349,64,64,on_time,0,
71350,64,64,on_time,0,
71351,64,64,on_time,0,
71352,64,64,on_time,0,
71353,64,64,on_time,0,
71354,64,64,on_time,0,
71355,64,64,on_time,0,
71356,64,64,on_time,0,
71357,64,64,on_time,0,
71358,64,64,on_time,0,
71359,64,64,on_time,0,
71360,64,64,on_time,0,
71361,64,64,on_time,0,
71362,64,64,on_time,0,
71363,64,64,on_time,0,
71364,64,64,on_time,0,
71365,64,64,on_time,0,
71366,64,64,on_time,0,
71367,64,64,on_time,0,
71368,64,64,on_time,0,
71369,64,64,on_time,0,
71370,64,64,on_time,0,
71371,64,64,on_time,0,
71372,64,64,on_time,0,
71373,64,64,on_time,0,
71374,64,64,on_time,0,
71375,64,64,on_time,0,
71376,64,64,on_time,0,
71377,64,64,on_time,0,
71378,64,64,on_time,0,
71379,64,64,on_time,0,
71380,64,64,on_time,0,
71381,64,64,on_time,0,
71382,64,64,on_time,0,
71383,64,64,on_time,0,
71384,64,64,on_time,0,
71385,64,64,on_time,0,
71386,64,64,on_time,0,
71387,64,64,on_time,0,
71388,64,64,on_time,0,
71389,64,64,on_time,0,
71390,64,64,on_time,0,
71391,64,64,on_time,0,
71392,64,64,on_time,0,
71393,64,64,on_time,0,
71394,64,64,on_time,0,
71395,64,64,on_time,0,
71396,64,64,on_time,0,
71397,64,64,on_time,0,
71398,64,64,on_time,0,
71399,64,64,on_time,0,
71400,64,64,on_time,0,
71401,64,64,on_time,0,
71402,64,64,on_time,0,
71403,64,64,on_time,0,
71404,64,64,on_time,0,
71405,64,64,on_time,0,
71406,64,64,on_time,0,
71407,64,64,on_time,0,
71408,64,64,on_time,0,
71409,64,64,on_time,0,
71410,64,64,on_time,0,
71411,64,64,on_time,0,
71412,64,64,on_time,0,
71413,64,64,on_time,0,
71414,64,64,on_time,0,
71415,64,64,on_time,0,
71416,64,64,on_time,0,
71417,64,64,on_time,0,
71418,64,64,on_time,0,
71419,64,64,on_time,0,
71420,64,64,on_time,0,
71421,64,64,on_time,0,
71422,64,64,on_time,0,
71423,64,64,on_time,0,
71424,64,64,on_time,0,
71425,64,64,on_time,0,
71426,64,64,on_time,0,
71427,64,64,on_time,0,
71428,64,64,on_time,0,
71429,64,64,on_time,0,
71430,64,64,on_time,0,
71431,64,64,on_time,0,
71432,64,64,on_time,0,
71433,64,64,on_time,0,
71434,64,64,on_time,0,
71435,64,64,on_time,0,
71436,64,64,on_time,0,
71437,64,64,on_time,0,
71438,64,64,on_time,0,
71439,64,64,on_time,0,
71440,64,64,on_time,0,
71441,64,64,on_time,0,
71442,64,64,on_time,0,
71443,64,64,on_time,0,
71444,64,64,on_time,0,
71445,64,64,on_time,0,
71446,64,64,on_time,0,
71447,64,64,on_time,0,
71448,64,64,on_time,0,
71449,64,64,on_time,0,
71450,64,64,on_time,0,
71451,64,64,on_time,0,
71452,64,64,on_time,0,
71453,64,64,on_time,0,
71454,64,64,on_time,0,
71455,64,64,on_time,0,
71456,64,64,on_time,0,
71457,64,64,on_time,0,
71458,64,64,on_time,0,
71459,64,64,on_time,0,
71460,64,64,on_time,0,
71461,64,64,on_time,0,
71462,64,64,on_time,0,
71463,64,64,on_time,0,
71464,64,64,on_time,0,
71465,64,64,on_time,0,
71466,64,64,on_time,0,
71467,64,64,on_time,0,
71468,64,64,on_time,0,
71469,64,64,on_time,0,
71470,64,64,on_time,0,
71471,64,64,on_time,0,
71472,64,64,on_time,0,
71473,64,64,on_time,0,
71474,64,64,on_time,0,
71475,64,64,on_time,0,
71476,64,64,on_time,0,
71477,64,64,on_time,0,
71478,64,64,on_time,0,
71479,64,64,on_time,0,
71480,64,64,on_time,0,
71481,64,64,on_time,0,
71482,64,64,on_time,0,
71483,64,64,on_time,0,
71484,64,64,on_time,0,
71485,64,64,on_time,0,
71486,64,64,on_time,0,
71487,64,64,on_time,0,
71488,64,64,on_time,0,
71489,64,64,on_time,0,
71490,64,64,on_time,0,
71491,64,64,on_time,0,
71492,64,64,on_time,0,
71493,64,64,on_time,0,
71494,64,64,on_time,0,
71495,64,64,on_time,0,
71496,64,64,on_time,0,
71497,64,64,on_time,0,
71498,64,64,on_time,0,
71499,64,64,on_time,0,
71500,64,64,on_time,0,
71501,64,64,on_time,0,
71502,64,64,on_time,0,
71503,64,64,on_time,0,
71504,64,64,on_time,0,
71505,64,64,on_time,0,
71506,64,64,on_time,0,
71507,64,64,on_time,0,
71508,64,64,on_time,0,
71509,64,64,on_time,0,
71510,64,64,on_time,0,
71511,64,64,on_time,0,
71512,64,64,on_time,0,
71513,64,64,on_time,0,
71514,64,64,on_time,0,
71515,64,64,on_time,0,
71516,64,64,on_time,0,
71517,64,64,on_time,0,
71518,64,64,on_time,0,
71519,64,64,on_time,0,
71520,64,64,on_time,0,
71521,64,64,on_time,0,
71522,64,64,on_time,0,
71523,64,64,on_time,0,
71524,64,64,on_time,0,
71525,64,64,on_time,0,
71526,64,64,on_time,0,
71527,64,64,on_time,0,
71528,64,64,on_time,0,
71529,64,64,on_time,0,
71530,64,64,on_time,0,
71531,64,64,on_time,0,
71532,64,64,on_time,0,
71533,64,64,on_time,0,
71534,64,64,on_time,0,
71535,64,64,on_time,0,
71536,64,64,on_time,0,
71537,64,64,on_time,0,
71538,64,64,on_time,0,
71539,64,64,on_time,0,
71540,64,64,on_time,0,
71541,64,64,on_time,0,
71542,64,64,on_time,0,
71543,64,64,on_time,0,
71544,64,64,on_time,0,
71545,64,64,on_time,0,
71546,64,64,on_time,0,
71547,64,64,on_time,0,
71548,64,64,on_time,0,
71549,64,64,on_time,0,
71550,64,64,on_time,0,
71551,64,64,on_time,0,
71552,64,64,on_time,0,
71553,64,64,on_time,0,
71554,64,64,on_time,0,
71555,64,64,on_time,0,
71556,64,64,on_time,0,
71557,64,64,on_time,0,
71558,64,64,on_time,0,
71559,64,64,on_time,0,
71560,64,64,on_time,0,
71561,64,64,on_time,0,
71562,64,64,on_time,0,
71563,64,64,on_time,0,
71564,64,64,on_time,0,
71565,64,64,on_time,0,
71566,64,64,on_time,0,
71567,64,64,on_time,0,
71568,64,64,on_time,0,
71569,64,64,on_time,0,
71570,64,64,on_time,0,
71571,64,64,on_time,0,
71572,64,64,on_time,0,
71573,64,64,on_time,0,
71574,64,64,on_time,0,
71575,64,64,on_time,0,
71576,64,64,on_time,0,
71577,64,64,on_time,0,
71578,64,64,on_time,0,
71579,64,64,on_time,0,
71580,64,64,on_time,0,
71581,64,64,on_time,0,
71582,64,64,on_time,0,
71583,64,64,on_time,0,
71584,64,64,on_time,0,
71585,64,64,on_time,0,
71586,64,64,on_time,0,
71587,64,64,on_time,0,
71588,64,64,on_time,0,
71589,64,64,on_time,0,
71590,64,64,on_time,0,
71591,64,64,on_time,0,
71592,64,64,on_time,0,
71593,64,64,on_time,0,
71594,64,64,on_time,0,
71595,64,64,on_time,0,
71596,64,64,on_time,0,
71597,64,64,on_time,0,
71598,64,64,on_time,0,
71599,64,64,on_time,0,
71600,64,64,on_time,0,
71601,64,64,on_time,0,
71602,64,64,on_time,0,
71603,64,64,on_time,0,
71604,64,64,on_time,0,
71605,64,64,on_time,0,
71606,64,64,on_time,0,
71607,64,64,on_time,0,
71608,64,64,on_time,0,
71609,64,64,on_time,0,
71610,64,64,on_time,0,
71611,64,64,on_time,0,
71612,64,64,on_time,0,
71613,64,64,on_time,0,
71614,64,64,on_time,0,
71615,64,64,on_time,0,
71616,64,64,on_time,0,
71617,64,64,on_time,0,
71618,64,64,on_time,0,
71619,64,64,on_time,0,
71620,64,64,on_time,0,
71621,64,64,on_time,0,
71622,64,64,on_time,0,
71623,64,64,on_time,0,
71624,64,64,on_time,0,
71625,64,64,on_time,0,
71626,64,64,on_time,0,
71627,64,64,on_time,0,
71628,64,64,on_time,0,
71629,64,64,on_time,0,
71630,64,64,on_time,0,
71631,64,64,on_time,0,
71632,64,64,on_time,0,
71633,64,64,on_time,0,
71634,64,64,on_time,0,
71635,64,64,on_time,0,
71636,64,64,on_time,0,
71637,64,64,on_time,0,
71638,64,64,on_time,0,
71639,64,64,on_time,0,
71640,64,64,on_time,0,
71641,64,64,on_time,0,
71642,64,64,on_time,0,
71643,64,64,on_time,0,
71644,64,64,on_time,0,
71645,64,64,on_time,0,
71646,64,64,on_time,0,
71647,64,64,on_time,0,
71648,64,64,on_time,0,
71649,64,64,on_time,0,
71650,64,64,on_time,0,
71651,64,64,on_time,0,
71652,64,64,on_time,0,
71653,64,64,on_time,0,
71654,64,64,on_time,0,
71655,64,64,on_time,0,
71656,64,64,on_time,0,
71657,64,64,on_time,0,
71658,64,64,on_time,0,
71659,64,64,on_time,0,
71660,64,64,on_time,0,
71661,64,64,on_time,0,
71662,64,64,on_time,0,
71663,64,64,on_time,0,
71664,64,64,on_time,0,
71665,64,64,on_time,0,
71666,64,64,on_time,0,
71667,64,64,on_time,0,
71668,64,64,on_time,0,
71669,64,64,on_time,0,
71670,64,64,on_time,0,
71671,64,64,on_time,0,
71672,64,64,on_time,0,
71673,64,64,on_time,0,
71674,64,64,on_time,0,
71675,64,64,on_time,0,
71676,64,64,on_time,0,
71677,64,64,on_time,0,
71678,64,64,on_time,0,
71679,64,64,on_time,0,
71680,64,64,on_time,0,
71681,64,64,on_time,0,
71682,64,64,on_time,0,
71683,64,64,on_time,0,
71684,64,64,on_time,0,
71685,64,64,on_time,0,
71686,64,64,on_time,0,
71687,64,64,on_time,0,
71688,64,64,on_time,0,
71689,64,64,on_time,0,
71690,64,64,on_time,0,
71691,64,64,on_time,0,
71692,64,64,on_time,0,
71693,64,64,on_time,0,
71694,64,64,on_time,0,
71695,64,64,on_time,0,
71696,64,64,on_time,0,
71697,64,64,on_time,0,
71698,64,64,on_time,0,
71699,64,64,on_time,0,
71700,64,64,on_time,0,
71701,64,64,on_time,0,
71702,64,64,on_time,0,
71703,64,64,on_time,0,
71704,64,64,on_time,0,
71705,64,64,on_time,0,
71706,64,64,on_time,0,
71707,64,64,on_time,0,
71708,64,64,on_time,0,
71709,64,64,on_time,0,
71710,64,64,on_time,0,
71711,64,64,on_time,0,
71712,64,64,on_time,0,
71713,64,64,on_time,0,
71714,64,64,on_time,0,
71715,64,64,on_time,0,
71716,64,64,on_time,0,
71717,64,64,on_time,0,
71718,64,64,on_time,0,
71719,64,64,on_time,0,
71720,64,64,on_time,0,
71721,64,64,on_time,0,
71722,64,64,on_time,0,
71723,64,64,on_time,0,
71724,64,64,on_time,0,
71725,64,64,on_time,0,
71726,64,64,on_time,0,
71727,64,64,on_time,0,
71728,64,64,on_time,0,
71729,64,64,on_time,0,
71730,64,64,on_time,0,
71731,64,64,on_time,0,
71732,64,64,on_time,0,
71733,64,64,on_time,0,
71734,64,64,on_time,0,
71735,64,64,on_time,0,
71736,64,64,on_time,0,
71737,64,64,on_time,0,
71738,64,64,on_time,0,
71739,64,64,on_time,0,
71740,64,64,on_time,0,
71741,64,64,on_time,0,
71742,64,64,on_time,0,
71743,64,64,on_time,0,
71744,64,64,on_time,0,
71745,64,64,on_time,0,
71746,64,64,on_time,0,
71747,64,64,on_time,0,
71748,64,64,on_time,0,
71749,64,64,on_time,0,
71750,64,64,on_time,0,
71751,64,64,on_time,0,
71752,64,64,on_time,0,
71753,64,64,on_time,0,
71754,64,64,on_time,0,
71755,64,64,on_time,0,
71756,64,64,on_time,0,
71757,64,64,on_time,0,
71758,64,64,on_time,0,
71759,64,64,on_time,0,
71760,64,64,on_time,0,
71761,64,64,on_time,0,
71762,64,64,on_time,0,
71763,64,64,on_time,0,
71764,64,64,on_time,0,
71765,64,64,on_time,0,
71766,64,64,on_time,0,
71767,64,64,on_time,0,
71768,64,64,on_time,0,
71769,64,64,on_time,0,
71770,64,64,on_time,0,
71771,64,64,on_time,0,
71772,64,64,on_time,0,
71773,64,64,on_time,0,
71774,64,64,on_time,0,
71775,64,64,on_time,0,
71776,64,64,on_time,0,
71777,64,64,on_time,0,
71778,64,64,on_time,0,
71779,64,64,on_time,0,
71780,64,64,on_time,0,
71781,64,64,on_time,0,
71782,64,64,on_time,0,
71783,64,64,on_time,0,
71784,64,64,on_time,0,
71785,64,64,on_time,0,
71786,64,64,on_time,0,
71787,64,64,on_time,0,
71788,64,64,on_time,0,
71789,64,64,on_time,0,
71790,64,64,on_time,0,
71791,64,64,on_time,0,
71792,64,64,on_time,0,
71793,64,64,on_time,0,
71794,64,64,on_time,0,
71795,64,64,on_time,0,
71796,64,64,on_time,0,
71797,64,64,on_time,0,
71798,64,64,on_time,0,
71799,64,64,on_time,0,
71800,64,64,on_time,0,
71801,64,64,on_time,0,
71802,64,64,on_time,0,
71803,64,64,on_time,0,
71804,64,64,on_time,0,
71805,64,64,on_time,0,
71806,64,64,on_time,0,
71807,64,64,on_time,0,
71808,64,64,on_time,0,
71809,64,64,on_time,0,
71810,64,64,on_time,0,
71811,64,64,on_time,0,
71812,64,64,on_time,0,
71813,64,64,on_time,0,
71814,64,64,on_time,0,
71815,64,64,on_time,0,
71816,64,64,on_time,0,
71817,64,64,on_time,0,
71818,64,64,on_time,0,
71819,64,64,on_time,0,
71820,64,64,on_time,0,
71821,64,64,on_time,0,
71822,64,64,on_time,0,
71823,64,64,on_time,0,
71824,64,64,on_time,0,
71825,64,64,on_time,0,
71826,64,64,on_time,0,
71827,64,64,on_time,0,
71828,64,64,on_time,0,
71829,64,64,on_time,0,
71830,64,64,on_time,0,
71831,64,64,on_time,0,
71832,64,64,on_time,0,
71833,64,64,on_time,0,
71834,64,64,on_time,0,
71835,64,64,on_time,0,
71836,64,64,on_time,0,
71837,64,64,on_time,0,
71838,64,64,on_time,0,
71839,64,64,on_time,0,
71840,64,64,on_time,0,
71841,64,64,on_time,0,
71842,64,64,on_time,0,
71843,64,64,on_time,0,
71844,64,64,on_time,0,
71845,64,64,on_time,0,
71846,64,64,on_time,0,
71847,64,64,on_time,0,
71848,64,64,on_time,0,
71849,64,64,on_time,0,
71850,64,64,on_time,0,
71851,64,64,on_time,0,
71852,64,64,on_time,0,
71853,64,64,on_time,0,
71854,64,64,on_time,0,
71855,64,64,on_time,0,
71856,64,64,on_time,0,
71857,64,64,on_time,0,
71858,64,64,on_time,0,
71859,64,64,on_time,0,
71860,64,64,on_time,0,
71861,64,64,on_time,0,
71862,64,64,on_time,0,
71863,64,64,on_time,0,
71864,64,64,on_time,0,
71865,64,64,on_time,0,
71866,64,64,on_time,0,
71867,64,64,on_time,0,
71868,64,64,on_time,0,
71869,64,64,on_time,0,
71870,64,64,on_time,0,
71871,64,64,on_time,0,
71872,64,64,on_time,0,
71873,64,64,on_time,0,
71874,64,64,on_time,0,
71875,64,64,on_time,0,
71876,64,64,on_time,0,
71877,64,64,on_time,0,
71878,64,64,on_time,0,
71879,64,64,on_time,0,
71880,64,64,on_time,0,
71881,64,64,on_time,0,
71882,64,64,on_time,0,
71883,64,64,on_time,0,
71884,64,64,on_time,0,
71885,64,64,on_time,0,
71886,64,64,on_time,0,
71887,64,64,on_time,0,
71888,64,64,on_time,0,
71889,64,64,on_time,0,
71890,64,64,on_time,0,
71891,64,64,on_time,0,
71892,64,64,on_time,0,
71893,64,64,on_time,0,
71894,64,64,on_time,0,
71895,64,64,on_time,0,
71896,64,64,on_time,0,
71897,64,64,on_time,0,
71898,64,64,on_time,0,
71899,64,64,on_time,0,
71900,64,64,on_time,0,
71901,64,64,on_time,0,
71902,64,64,on_time,0,
71903,64,64,on_time,0,
71904,64,64,on_time,0,
71905,64,64,on_time,0,
71906,64,64,on_time,0,
71907,64,64,on_time,0,
71908,64,64,on_time,0,
71909,64,64,on_time,0,
71910,64,64,on_time,0,
71911,64,64,on_time,0,
71912,64,64,on_time,0,
71913,64,64,on_time,0,
71914,64,64,on_time,0,
71915,64,64,on_time,0,
71916,64,64,on_time,0,
71917,64,64,on_time,0,
71918,64,64,on_time,0,
71919,64,64,on_time,0,
71920,64,64,on_time,0,
71921,64,64,on_time,0,
71922,64,64,on_time,0,
71923,64,64,on_time,0,
71924,64,64,on_time,0,
71925,64,64,on_time,0,
71926,64,64,on_time,0,
71927,64,64,on_time,0,
71928,64,64,on_time,0,
71929,64,64,on_time,0,
71930,64,64,on_time,0,
71931,64,64,on_time,0,
71932,64,64,on_time,0,
71933,64,64,on_time,0,
71934,64,64,on_time,0,
71935,64,64,on_time,0,
71936,64,64,on_time,0,
71937,64,64,on_time,0,
71938,64,64,on_time,0,
71939,64,64,on_time,0,
71940,64,64,on_time,0,
71941,64,64,on_time,0,
71942,64,64,on_time,0,
71943,64,64,on_time,0,
71944,64,64,on_time,0,
71945,64,64,on_time,0,
71946,64,64,on_time,0,
71947,64,64,on_time,0,
71948,64,64,on_time,0,
71949,64,64,on_time,0,
71950,64,64,on_time,0,
71951,64,64,on_time,0,
71952,64,64,on_time,0,
71953,64,64,on_time,0,
71954,64,64,on_time,0,
71955,64,64,on_time,0,
71956,64,64,on_time,0,
71957,64,64,on_time,0,
71958,64,64,on_time,0,
71959,64,64,on_time,0,
71960,64,64,on_time,0,
71961,64,64,on_time,0,
71962,64,64,on_time,0,
71963,64,64,on_time,0,
71964,64,64,on_time,0,
71965,64,64,on_time,0,
71966,64,64,on_time,0,
71967,64,64,on_time,0,
71968,64,64,on_time,0,
71969,64,64,on_time,0,
71970,64,64,on_time,0,
71971,64,64,on_time,0,
71972,64,64,on_time,0,
71973,64,64,on_time,0,
71974,64,64,on_time,0,
71975,64,64,on_time,0,
71976,64,64,on_time,0,
71977,64,64,on_time,0,
71978,64,64,on_time,0,
71979,64,64,on_time,0,
71980,64,64,on_time,0,
71981,64,64,on_time,0,
71982,64,64,on_time,0,
71983,64,64,on_time,0,
71984,64,64,on_time,0,
71985,64,64,on_time,0,
71986,64,64,on_time,0,
71987,64,64,on_time,0,
71988,64,64,on_time,0,
71989,64,64,on_time,0,
71990,64,64,on_time,0,
71991,64,64,on_time,0,
71992,64,64,on_time,0,
71993,64,64,on_time,0,
71994,64,64,on_time,0,
71995,64,64,on_time,0,
71996,64,64,on_time,0,
71997,64,64,on_time,0,
71998,64,64,on_time,0,
71999,64,64,on_time,0,
72000,64,64,on_time,0,
72001,65,65,on_time,0,
72002,65,65,on_time,0,
72003,65,65,on_time,0,
72004,65,65,on_time,0,
72005,65,65,on_time,0,
72006,65,65,on_time,0,
72007,65,65,on_time,0,
72008,65,65,on_time,0,
72009,65,65,on_time,0,
72010,65,65,on_time,0,
72011,65,65,on_time,0,
72012,65,65,on_time,0,
72013,65,65,on_time,0,
72014,65,65,on_time,0,
72015,65,65,on_time,0,
72016,65,65,on_time,0,
72017,65,65,on_time,0,
72018,65,65,on_time,0,
72019,65,65,on_time,0,
72020,65,65,on_time,0,
72021,65,65,on_time,0,
72022,65,65,on_time,0,
72023,65,65,on_time,0,
72024,65,65,on_time,0,
72025,65,65,on_time,0,
72026,65,65,on_time,0,
72027,65,65,on_time,0,
72028,65,65,on_time,0,
72029,65,65,on_time,0,
72030,65,65,on_time,0,
72031,65,65,on_time,0,
72032,65,65,on_time,0,
72033,65,65,on_time,0,
72034,65,65,on_time,0,
72035,65,65,on_time,0,
72036,65,65,on_time,0,
72037,65,65,on_time,0,
72038,65,65,on_time,0,
72039,65,65,on_time,0,
72040,65,65,on_time,0,
72041,65,65,on_time,0,
72042,65,65,on_time,0,
72043,65,65,on_time,0,
72044,65,65,on_time,0,
72045,65,65,on_time,0,
72046,65,65,on_time,0,
72047,65,65,on_time,0,
72048,65,65,on_time,0,
72049,65,65,on_time,0,
72050,65,65,on_time,0,
72051,65,65,on_time,0,
72052,65,65,on_time,0,
72053,65,65,on_time,0,
72054,65,65,on_time,0,
72055,65,65,on_time,0,
72056,65,65,on_time,0,
72057,65,65,on_time,0,
72058,65,65,on_time,0,
72059,65,65,on_time,0,
72060,65,65,on_time,0,
72061,65,65,on_time,0,
72062,65,65,on_time,0,
72063,65,65,on_time,0,
72064,65,65,on_time,0,
72065,65,65,on_time,0,
72066,65,65,on_time,0,
72067,65,65,on_time,0,
72068,65,65,on_time,0,
72069,65,65,on_time,0,
72070,65,65,on_time,0,
72071,65,65,on_time,0,
72072,65,65,on_time,0,
72073,65,65,on_time,0,
72074,65,65,on_time,0,
72075,65,65,on_time,0,
72076,65,65,on_time,0,
72077,65,65,on_time,0,
72078,65,65,on_time,0,
72079,65,65,on_time,0,
72080,65,65,on_time,0,
72081,65,65,on_time,0,
72082,65,65,on_time,0,
72083,65,65,on_time,0,
72084,65,65,on_time,0,
72085,65,65,on_time,0,
72086,65,65,on_time,0,
72087,65,65,on_time,0,
72088,65,65,on_time,0,
72089,65,65,on_time,0,
72090,65,65,on_time,0,
72091,65,65,on_time,0,
72092,65,65,on_time,0,
72093,65,65,on_time,0,
72094,65,65,on_time,0,
72095,65,65,on_time,0,
72096,65,65,on_time,0,
72097,65,65,on_time,0,
72098,65,65,on_time,0,
72099,65,65,on_time,0,
72100,65,65,on_time,0,
72101,65,65,on_time,0,
72102,65,65,on_time,0,
72103,65,65,on_time,0,
72104,65,65,on_time,0,
72105,65,65,on_time,0,
72106,65,65,on_time,0,
72107,65,65,on_time,0,
72108,65,65,on_time,0,
72109,65,65,on_time,0,
72110,65,65,on_time,0,
72111,65,65,on_time,0,
72112,65,65,on_time,0,
72113,65,65,on_time,0,
72114,65,65,on_time,0,
72115,65,65,on_time,0,
72116,65,65,on_time,0,
72117,65,65,on_time,0,
72118,65,65,on_time,0,
72119,65,65,on_time,0,
72120,65,65,on_time,0,
72121,65,65,on_time,0,
72122,65,65,on_time,0,
72123,65,65,on_time,0,
72124,65,65,on_time,0,
72125,65,65,on_time,0,
72126,65,65,on_time,0,
72127,65,65,on_time,0,
72128,65,65,on_time,0,
72129,65,65,on_time,0,
72130,65,65,on_time,0,
72131,65,65,on_time,0,
72132,65,65,on_time,0,
72133,65,65,on_time,0,
72134,65,65,on_time,0,
72135,65,65,on_time,0,
72136,65,65,on_time,0,
72137,65,65,on_time,0,
72138,65,65,on_time,0,
72139,65,65,on_time,0,
72140,65,65,on_time,0,
72141,65,65,on_time,0,
72142,65,65,on_time,0,
72143,65,65,on_time,0,
72144,65,65,on_time,0,
72145,65,65,on_time,0,
72146,65,65,on_time,0,
72147,65,65,on_time,0,
72148,65,65,on_time,0,
72149,65,65,on_time,0,
72150,65,65,on_time,0,
72151,65,65,on_time,0,
72152,65,65,on_time,0,
72153,65,65,on_time,0,
72154,65,65,on_time,0,
72155,65,65,on_time,0,
72156,65,65,on_time,0,
72157,65,65,on_time,0,
72158,65,65,on_time,0,
72159,65,65,on_time,0,
72160,65,65,on_time,0,
72161,65,65,on_time,0,
72162,65,65,on_time,0,
72163,65,65,on_time,0,
72164,65,65,on_time,0,
72165,65,65,on_time,0,
72166,65,65,on_time,0,
72167,65,65,on_time,0,
72168,65,65,on_time,0,
72169,65,65,on_time,0,
72170,65,65,on_time,0,
72171,65,65,on_time,0,
72172,65,65,on_time,0,
72173,65,65,on_time,0,
72174,65,65,on_time,0,
72175,65,65,on_time,0,
72176,65,65,on_time,0,
72177,65,65,on_time,0,
72178,65,65,on_time,0,
72179,65,65,on_time,0,
72180,65,65,on_time,0,
72181,65,65,on_time,0,
72182,65,65,on_time,0,
72183,65,65,on_time,0,
72184,65,65,on_time,0,
72185,65,65,on_time,0,
72186,65,65,on_time,0,
72187,65,65,on_time,0,
72188,65,65,on_time,0,
72189,65,65,on_time,0,
72190,65,65,on_time,0,
72191,65,65,on_time,0,
72192,65,65,on_time,0,
72193,65,65,on_time,0,
72194,65,65,on_time,0,
72195,65,65,on_time,0,
72196,65,65,on_time,0,
72197,65,65,on_time,0,
72198,65,65,on_time,0,
72199,65,65,on_time,0,
72200,65,65,on_time,0,
72201,65,65,on_time,0,
72202,65,65,on_time,0,
72203,65,65,on_time,0,
72204,65,65,on_time,0,
72205,65,65,on_time,0,
72206,65,65,on_time,0,
72207,65,65,on_time,0,
72208,65,65,on_time,0,
72209,65,65,on_time,0,
72210,65,65,on_time,0,
72211,65,65,on_time,0,
72212,65,65,on_time,0,
72213,65,65,on_time,0,
72214,65,65,on_time,0,
72215,65,65,on_time,0,
72216,65,65,on_time,0,
72217,65,65,on_time,0,
72218,65,65,on_time,0,
72219,65,65,on_time,0,
72220,65,65,on_time,0,
72221,65,65,on_time,0,
72222,65,65,on_time,0,
72223,65,65,on_time,0,
72224,65,65,on_time,0,
72225,65,65,on_time,0,
72226,65,65,on_time,0,
72227,65,65,on_time,0,
72228,65,65,on_time,0,
72229,65,65,on_time,0,
72230,65,65,on_time,0,
72231,65,65,on_time,0,
72232,65,65,on_time,0,
72233,65,65,on_time,0,
72234,65,65,on_time,0,
72235,65,65,on_time,0,
72236,65,65,on_time,0,
72237,65,65,on_time,0,
72238,65,65,on_time,0,
72239,65,65,on_time,0,
72240,65,65,on_time,0,
72241,65,65,on_time,0,
72242,65,65,on_time,0,
72243,65,65,on_time,0,
72244,65,65,on_time,0,
72245,65,65,on_time,0,
72246,65,65,on_time,0,
72247,65,65,on_time,0,
72248,65,65,on_time,0,
72249,65,65,on_time,0,
72250,65,65,on_time,0,
72251,65,65,on_time,0,
72252,65,65,on_time,0,
72253,65,65,on_time,0,
72254,65,65,on_time,0,
72255,65,65,on_time,0,
72256,65,65,on_time,0,
72257,65,65,on_time,0,
72258,65,65,on_time,0,
72259,65,65,on_time,0,
72260,65,65,on_time,0,
72261,65,65,on_time,0,
72262,65,65,on_time,0,
72263,65,65,on_time,0,
72264,65,65,on_time,0,
72265,65,65,on_time,0,
72266,65,65,on_time,0,
72267,65,65,on_time,0,
72268,65,65,on_time,0,
72269,65,65,on_time,0,
72270,65,65,on_time,0,
72271,65,65,on_time,0,
72272,65,65,on_time,0,
72273,65,65,on_time,0,
72274,65,65,on_time,0,
72275,65,65,on_time,0,
72276,65,65,on_time,0,
72277,65,65,on_time,0,
72278,65,65,on_time,0,
72279,65,65,on_time,0,
72280,65,65,on_time,0,
72281,65,65,on_time,0,
72282,65,65,on_time,0,
72283,65,65,on_time,0,
72284,65,65,on_time,0,
72285,65,65,on_time,0,
72286,65,65,on_time,0,
72287,65,65,on_time,0,
72288,65,65,on_time,0,
72289,65,65,on_time,0,
72290,65,65,on_time,0,
72291,65,65,on_time,0,
72292,65,65,on_time,0,
72293,65,65,on_time,0,
72294,65,65,on_time,0,
72295,65,65,on_time,0,
72296,65,65,on_time,0,
72297,65,65,on_time,0,
72298,65,65,on_time,0,
72299,65,65,on_time,0,
72300,65,65,on_time,0,
72301,65,65,on_time,0,
72302,65,65,on_time,0,
72303,65,65,on_time,0,
72304,65,65,on_time,0,
72305,65,65,on_time,0,
72306,65,65,on_time,0,
72307,65,65,on_time,0,
72308,65,65,on_time,0,
72309,65,65,on_time,0,
72310,65,65,on_time,0,
72311,65,65,on_time,0,
72312,65,65,on_time,0,
72313,65,65,on_time,0,
72314,65,65,on_time,0,
72315,65,65,on_time,0,
72316,65,65,on_time,0,
72317,65,65,on_time,0,
72318,65,65,on_time,0,
72319,65,65,on_time,0,
72320,65,65,on_time,0,
72321,65,65,on_time,0,
72322,65,65,on_time,0,
72323,65,65,on_time,0,
72324,65,65,on_time,0,
72325,65,65,on_time,0,
72326,65,65,on_time,0,
72327,65,65,on_time,0,
72328,65,65,on_time,0,
72329,65,65,on_time,0,
72330,65,65,on_time,0,
72331,65,65,on_time,0,
72332,65,65,on_time,0,
72333,65,65,on_time,0,
72334,65,65,on_time,0,
72335,65,65,on_time,0,
72336,65,65,on_time,0,
72337,65,65,on_time,0,
72338,65,65,on_time,0,
72339,65,65,on_time,0,
72340,65,65,on_time,0,
72341,65,65,on_time,0,
72342,65,65,on_time,0,
72343,65,65,on_time,0,
72344,65,65,on_time,0,
72345,65,65,on_time,0,
72346,65,65,on_time,0,
72347,65,65,on_time,0,
72348,65,65,on_time,0,
72349,65,65,on_time,0,
72350,65,65,on_time,0,
72351,65,65,on_time,0,
72352,65,65,on_time,0,
72353,65,65,on_time,0,
72354,65,65,on_time,0,
72355,65,65,on_time,0,
72356,65,65,on_time,0,
72357,65,65,on_time,0,
72358,65,65,on_time,0,
72359,65,65,on_time,0,
72360,65,65,on_time,0,
72361,65,65,on_time,0,
72362,65,65,on_time,0,
72363,65,65,on_time,0,
72364,65,65,on_time,0,
72365,65,65,on_time,0,
72366,65,65,on_time,0,
72367,65,65,on_time,0,
72368,65,65,on_time,0,
72369,65,65,on_time,0,
72370,65,65,on_time,0,
72371,65,65,on_time,0,
72372,65,65,on_time,0,
72373,65,65,on_time,0,
72374,65,65,on_time,0,
72375,65,65,on_time,0,
72376,65,65,on_time,0,
72377,65,65,on_time,0,
72378,65,65,on_time,0,
72379,65,65,on_time,0,
72380,65,65,on_time,0,
72381,65,65,on_time,0,
72382,65,65,on_time,0,
72383,65,65,on_time,0,
72384,65,65,on_time,0,
72385,65,65,on_time,0,
72386,65,65,on_time,0,
72387,65,65,on_time,0,
72388,65,65,on_time,0,
72389,65,65,on_time,0,
72390,65,65,on_time,0,
72391,65,65,on_time,0,
72392,65,65,on_time,0,
72393,65,65,on_time,0,
72394,65,65,on_time,0,
72395,65,65,on_time,0,
72396,65,65,on_time,0,
72397,65,65,on_time,0,
72398,65,65,on_time,0,
72399,65,65,on_time,0,
72400,65,65,on_time,0,
72401,65,65,on_time,0,
72402,65,65,on_time,0,
72403,65,65,on_time,0,
72404,65,65,on_time,0,
72405,65,65,on_time,0,
72406,65,65,on_time,0,
72407,65,65,on_time,0,
72408,65,65,on_time,0,
72409,65,65,on_time,0,
72410,65,65,on_time,0,
72411,65,65,on_time,0,
72412,65,65,on_time,0,
72413,65,65,on_time,0,
72414,65,65,on_time,0,
72415,65,65,on_time,0,
72416,65,65,on_time,0,
72417,65,65,on_time,0,
72418,65,65,on_time,0,
72419,65,65,on_time,0,
72420,65,65,on_time,0,
72421,65,65,on_time,0,
72422,65,65,on_time,0,
72423,65,65,on_time,0,
72424,65,65,on_time,0,
72425,65,65,on_time,0,
72426,65,65,on_time,0,
72427,65,65,on_time,0,
72428,65,65,on_time,0,
72429,65,65,on_time,0,
72430,65,65,on_time,0,
72431,65,65,on_time,0,
72432,65,65,on_time,0,
72433,65,65,on_time,0,
72434,65,65,on_time,0,
72435,65,65,on_time,0,
72436,65,65,on_time,0,
72437,65,65,on_time,0,
72438,65,65,on_time,0,
72439,65,65,on_time,0,
72440,65,65,on_time,0,
72441,65,65,on_time,0,
72442,65,65,on_time,0,
72443,65,65,on_time,0,
72444,65,65,on_time,0,
72445,65,65,on_time,0,
72446,65,65,on_time,0,
72447,65,65,on_time,0,
72448,65,65,on_time,0,
72449,65,65,on_time,0,
72450,65,65,on_time,0,
72451,65,65,on_time,0,
72452,65,65,on_time,0,
72453,65,65,on_time,0,
72454,65,65,on_time,0,
72455,65,65,on_time,0,
72456,65,65,on_time,0,
72457,65,65,on_time,0,
72458,65,65,on_time,0,
72459,65,65,on_time,0,
72460,65,65,on_time,0,
72461,65,65,on_time,0,
72462,65,65,on_time,0,
72463,65,65,on_time,0,
72464,65,65,on_time,0,
72465,65,65,on_time,0,
72466,65,65,on_time,0,
72467,65,65,on_time,0,
72468,65,65,on_time,0,
72469,65,65,on_time,0,
72470,65,65,on_time,0,
72471,65,65,on_time,0,
72472,65,65,on_time,0,
72473,65,65,on_time,0,
72474,65,65,on_time,0,
72475,65,65,on_time,0,
72476,65,65,on_time,0,
72477,65,65,on_time,0,
72478,65,65,on_time,0,
72479,65,65,on_time,0,
72480,65,65,on_time,0,
72481,65,65,on_time,0,
72482,65,65,on_time,0,
72483,65,65,on_time,0,
72484,65,65,on_time,0,
72485,65,65,on_time,0,
72486,65,65,on_time,0,
72487,65,65,on_time,0,
72488,65,65,on_time,0,
72489,65,65,on_time,0,
72490,65,65,on_time,0,
72491,65,65,on_time,0,
72492,65,65,on_time,0,
72493,65,65,on_time,0,
72494,65,65,on_time,0,
72495,65,65,on_time,0,
72496,65,65,on_time,0,
72497,65,65,on_time,0,
72498,65,65,on_time,0,
72499,65,65,on_time,0,
72500,65,65,on_time,0,
72501,65,65,on_time,0,
72502,65,65,on_time,0,
72503,65,65,on_time,0,
72504,65,65,on_time,0,
72505,65,65,on_time,0,
72506,65,65,on_time,0,
72507,65,65,on_time,0,
72508,65,65,on_time,0,
72509,65,65,on_time,0,
72510,65,65,on_time,0,
72511,65,65,on_time,0,
72512,65,65,on_time,0,
72513,65,65,on_time,0,
72514,65,65,on_time,0,
72515,65,65,on_time,0,
72516,65,65,on_time,0,
72517,65,65,on_time,0,
72518,65,65,on_time,0,
72519,65,65,on_time,0,
72520,65,65,on_time,0,
72521,65,65,on_time,0,
72522,65,65,on_time,0,
72523,65,65,on_time,0,
72524,65,65,on_time,0,
72525,65,65,on_time,0,
72526,65,65,on_time,0,
72527,65,65,on_time,0,
72528,65,65,on_time,0,
72529,65,65,on_time,0,
72530,65,65,on_time,0,
72531,65,65,on_time,0,
72532,65,65,on_time,0,
72533,65,65,on_time,0,
72534,65,65,on_time,0,
72535,65,65,on_time,0,
72536,65,65,on_time,0,
72537,65,65,on_time,0,
72538,65,65,on_time,0,
72539,65,65,on_time,0,
72540,65,65,on_time,0,
72541,65,65,on_time,0,
72542,65,65,on_time,0,
72543,65,65,on_time,0,
72544,65,65,on_time,0,
72545,65,65,on_time,0,
72546,65,65,on_time,0,
72547,65,65,on_time,0,
72548,65,65,on_time,0,
72549,65,65,on_time,0,
72550,65,65,on_time,0,
72551,65,65,on_time,0,
72552,65,65,on_time,0,
72553,65,65,on_time,0,
72554,65,65,on_time,0,
72555,65,65,on_time,0,
72556,65,65,on_time,0,
72557,65,65,on_time,0,
72558,65,65,on_time,0,
72559,65,65,on_time,0,
72560,65,65,on_time,0,
72561,65,65,on_time,0,
72562,65,65,on_time,0,
72563,65,65,on_time,0,
72564,65,65,on_time,0,
72565,65,65,on_time,0,
72566,65,65,on_time,0,
72567,65,65,on_time,0,
72568,65,65,on_time,0,
72569,65,65,on_time,0,
72570,65,65,on_time,0,
72571,65,65,on_time,0,
72572,65,65,on_time,0,
72573,65,65,on_time,0,
72574,65,65,on_time,0,
72575,65,65,on_time,0,
72576,65,65,on_time,0,
72577,65,65,on_time,0,
72578,65,65,on_time,0,
72579,65,65,on_time,0,
72580,65,65,on_time,0,
72581,65,65,on_time,0,
72582,65,65,on_time,0,
72583,65,65,on_time,0,
72584,65,65,on_time,0,
72585,65,65,on_time,0,
72586,65,65,on_time,0,
72587,65,65,on_time,0,
72588,65,65,on_time,0,
72589,65,65,on_time,0,
72590,65,65,on_time,0,
72591,65,65,on_time,0,
72592,65,65,on_time,0,
72593,65,65,on_time,0,
72594,65,65,on_time,0,
72595,65,65,on_time,0,
72596,65,65,on_time,0,
72597,65,65,on_time,0,
72598,65,65,on_time,0,
72599,65,65,on_time,0,
72600,65,65,on_time,0,
72601,65,65,on_time,0,
72602,65,65,on_time,0,
72603,65,65,on_time,0,
72604,65,65,on_time,0,
72605,65,65,on_time,0,
72606,65,65,on_time,0,
72607,65,65,on_time,0,
72608,65,65,on_time,0,
72609,65,65,on_time,0,
72610,65,65,on_time,0,
72611,65,65,on_time,0,
72612,65,65,on_time,0,
72613,65,65,on_time,0,
72614,65,65,on_time,0,
72615,65,65,on_time,0,
72616,65,65,on_time,0,
72617,65,65,on_time,0,
72618,65,65,on_time,0,
72619,65,65,on_time,0,
72620,65,65,on_time,0,
72621,65,65,on_time,0,
72622,65,65,on_time,0,
72623,65,65,on_time,0,
72624,65,65,on_time,0,
72625,65,65,on_time,0,
72626,65,65,on_time,0,
72627,65,65,on_time,0,
72628,65,65,on_time,0,
72629,65,65,on_time,0,
72630,65,65,on_time,0,
72631,65,65,on_time,0,
72632,65,65,on_time,0,
72633,65,65,on_time,0,
72634,65,65,on_time,0,
72635,65,65,on_time,0,
72636,65,65,on_time,0,
72637,65,65,on_time,0,
72638,65,65,on_time,0,
72639,65,65,on_time,0,
72640,65,65,on_time,0,
72641,65,65,on_time,0,
72642,65,65,on_time,0,
72643,65,65,on_time,0,
72644,65,65,on_time,0,
72645,65,65,on_time,0,
72646,65,65,on_time,0,
72647,65,65,on_time,0,
72648,65,65,on_time,0,
72649,65,65,on_time,0,
72650,65,65,on_time,0,
72651,65,65,on_time,0,
72652,65,65,on_time,0,
72653,65,65,on_time,0,
72654,65,65,on_time,0,
72655,65,65,on_time,0,
72656,65,65,on_time,0,
72657,65,65,on_time,0,
72658,65,65,on_time,0,
72659,65,65,on_time,0,
72660,65,65,on_time,0,
72661,65,65,on_time,0,
72662,65,65,on_time,0,
72663,65,65,on_time,0,
72664,65,65,on_time,0,
72665,65,65,on_time,0,
72666,65,65,on_time,0,
72667,65,65,on_time,0,
72668,65,65,on_time,0,
72669,65,65,on_time,0,
72670,65,65,on_time,0,
72671,65,65,on_time,0,
72672,65,65,on_time,0,
72673,65,65,on_time,0,
72674,65,65,on_time,0,
72675,65,65,on_time,0,
72676,65,65,on_time,0,
72677,65,65,on_time,0,
72678,65,65,on_time,0,
72679,65,65,on_time,0,
72680,65,65,on_time,0,
72681,65,65,on_time,0,
72682,65,65,on_time,0,
72683,65,65,on_time,0,
72684,65,65,on_time,0,
72685,65,65,on_time,0,
72686,65,65,on_time,0,
72687,65,65,on_time,0,
72688,65,65,on_time,0,
72689,65,65,on_time,0,
72690,65,65,on_time,0,
72691,65,65,on_time,0,
72692,65,65,on_time,0,
72693,65,65,on_time,0,
72694,65,65,on_time,0,
72695,65,65,on_time,0,
72696,65,65,on_time,0,
72697,65,65,on_time,0,
72698,65,65,on_time,0,
72699,65,65,on_time,0,
72700,65,65,on_time,0,
72701,65,65,on_time,0,
72702,65,65,on_time,0,
72703,65,65,on_time,0,
72704,65,65,on_time,0,
72705,65,65,on_time,0,
72706,65,65,on_time,0,
72707,65,65,on_time,0,
72708,65,65,on_time,0,
72709,65,65,on_time,0,
72710,65,65,on_time,0,
72711,65,65,on_time,0,
72712,65,65,on_time,0,
72713,65,65,on_time,0,
72714,65,65,on_time,0,
72715,65,65,on_time,0,
72716,65,65,on_time,0,
72717,65,65,on_time,0,
72718,65,65,on_time,0,
72719,65,65,on_time,0,
72720,65,65,on_time,0,
72721,65,65,on_time,0,
72722,65,65,on_time,0,
72723,65,65,on_time,0,
72724,65,65,on_time,0,
72725,65,65,on_time,0,
72726,65,65,on_time,0,
72727,65,65,on_time,0,
72728,65,65,on_time,0,
72729,65,65,on_time,0,
72730,65,65,on_time,0,
72731,65,65,on_time,0,
72732,65,65,on_time,0,
72733,65,65,on_time,0,
72734,65,65,on_time,0,
72735,65,65,on_time,0,
72736,65,65,on_time,0,
72737,65,65,on_time,0,
72738,65,65,on_time,0,
72739,65,65,on_time,0,
72740,65,65,on_time,0,
72741,65,65,on_time,0,
72742,65,65,on_time,0,
72743,65,65,on_time,0,
72744,65,65,on_time,0,
72745,65,65,on_time,0,
72746,65,65,on_time,0,
72747,65,65,on_time,0,
72748,65,65,on_time,0,
72749,65,65,on_time,0,
72750,65,65,on_time,0,
72751,65,65,on_time,0,
72752,65,65,on_time,0,
72753,65,65,on_time,0,
72754,65,65,on_time,0,
72755,65,65,on_time,0,
72756,65,65,on_time,0,
72757,65,65,on_time,0,
72758,65,65,on_time,0,
72759,65,65,on_time,0,
72760,65,65,on_time,0,
72761,65,65,on_time,0,
72762,65,65,on_time,0,
72763,65,65,on_time,0,
72764,65,65,on_time,0,
72765,65,65,on_time,0,
72766,65,65,on_time,0,
72767,65,65,on_time,0,
72768,65,65,on_time,0,
72769,65,65,on_time,0,
72770,65,65,on_time,0,
72771,65,65,on_time,0,
72772,65,65,on_time,0,
72773,65,65,on_time,0,
72774,65,65,on_time,0,
72775,65,65,on_time,0,
72776,65,65,on_time,0,
72777,65,65,on_time,0,
72778,65,65,on_time,0,
72779,65,65,on_time,0,
72780,65,65,on_time,0,
72781,65,65,on_time,0,
72782,65,65,on_time,0,
72783,65,65,on_time,0,
72784,65,65,on_time,0,
72785,65,65,on_time,0,
72786,65,65,on_time,0,
72787,65,65,on_time,0,
72788,65,65,on_time,0,
72789,65,65,on_time,0,
72790,65,65,on_time,0,
72791,65,65,on_time,0,
72792,65,65,on_time,0,
72793,65,65,on_time,0,
72794,65,65,on_time,0,
72795,65,65,on_time,0,
72796,65,65,on_time,0,
72797,65,65,on_time,0,
72798,65,65,on_time,0,
72799,65,65,on_time,0,
72800,65,65,on_time,0,
72801,65,65,on_time,0,
72802,65,65,on_time,0,
72803,65,65,on_time,0,
72804,65,65,on_time,0,
72805,65,65,on_time,0,
72806,65,65,on_time,0,
72807,65,65,on_time,0,
72808,65,65,on_time,0,
72809,65,65,on_time,0,
72810,65,65,on_time,0,
72811,65,65,on_time,0,
72812,65,65,on_time,0,
72813,65,65,on_time,0,
72814,65,65,on_time,0,
72815,65,65,on_time,0,
72816,65,65,on_time,0,
72817,65,65,on_time,0,
72818,65,65,on_time,0,
72819,65,65,on_time,0,
72820,65,65,on_time,0,
72821,65,65,on_time,0,
72822,65,65,on_time,0,
72823,65,65,on_time,0,
72824,65,65,on_time,0,
72825,65,65,on_time,0,
72826,65,65,on_time,0,
72827,65,65,on_time,0,
72828,65,65,on_time,0,
72829,65,65,on_time,0,
72830,65,65,on_time,0,
72831,65,65,on_time,0,
72832,65,65,on_time,0,
72833,65,65,on_time,0,
72834,65,65,on_time,0,
72835,65,65,on_time,0,
72836,65,65,on_time,0,
72837,65,65,on_time,0,
72838,65,65,on_time,0,
72839,65,65,on_time,0,
72840,65,65,on_time,0,
72841,65,65,on_time,0,
72842,65,65,on_time,0,
72843,65,65,on_time,0,
72844,65,65,on_time,0,
72845,65,65,on_time,0,
72846,65,65,on_time,0,
72847,65,65,on_time,0,
72848,65,65,on_time,0,
72849,65,65,on_time,0,
72850,65,65,on_time,0,
72851,65,65,on_time,0,
72852,65,65,on_time,0,
72853,65,65,on_time,0,
72854,65,65,on_time,0,
72855,65,65,on_time,0,
72856,65,65,on_time,0,
72857,65,65,on_time,0,
72858,65,65,on_time,0,
72859,65,65,on_time,0,
72860,65,65,on_time,0,
72861,65,65,on_time,0,
72862,65,65,on_time,0,
72863,65,65,on_time,0,
72864,65,65,on_time,0,
72865,65,65,on_time,0,
72866,65,65,on_time,0,
72867,65,65,on_time,0,
72868,65,65,on_time,0,
72869,65,65,on_time,0,
72870,65,65,on_time,0,
72871,65,65,on_time,0,
72872,65,65,on_time,0,
72873,65,65,on_time,0,
72874,65,65,on_time,0,
72875,65,65,on_time,0,
72876,65,65,on_time,0,
72877,65,65,on_time,0,
72878,65,65,on_time,0,
72879,65,65,on_time,0,
72880,65,65,on_time,0,
72881,65,65,on_time,0,
72882,65,65,on_time,0,
72883,65,65,on_time,0,
72884,65,65,on_time,0,
72885,65,65,on_time,0,
72886,65,65,on_time,0,
72887,65,65,on_time,0,
72888,65,65,on_time,0,
72889,65,65,on_time,0,
72890,65,65,on_time,0,
72891,65,65,on_time,0,
72892,65,65,on_time,0,
72893,65,65,on_time,0,
72894,65,65,on_time,0,
72895,65,65,on_time,0,
72896,65,65,on_time,0,
72897,65,65,on_time,0,
72898,65,65,on_time,0,
72899,65,65,on_time,0,
72900,65,65,on_time,0,
72901,65,65,on_time,0,
72902,65,65,on_time,0,
72903,65,65,on_time,0,
72904,65,65,on_time,0,
72905,65,65,on_time,0,
72906,65,65,on_time,0,
72907,65,65,on_time,0,
72908,65,65,on_time,0,
72909,65,65,on_time,0,
72910,65,65,on_time,0,
72911,65,65,on_time,0,
72912,65,65,on_time,0,
72913,65,65,on_time,0,
72914,65,65,on_time,0,
72915,65,65,on_time,0,
72916,65,65,on_time,0,
72917,65,65,on_time,0,
72918,65,65,on_time,0,
72919,65,65,on_time,0,
72920,65,65,on_time,0,
72921,65,65,on_time,0,
72922,65,65,on_time,0,
72923,65,65,on_time,0,
72924,65,65,on_time,0,
72925,65,65,on_time,0,
72926,65,65,on_time,0,
72927,65,65,on_time,0,
72928,65,65,on_time,0,
72929,65,65,on_time,0,
72930,65,65,on_time,0,
72931,65,65,on_time,0,
72932,65,65,on_time,0,
72933,65,65,on_time,0,
72934,65,65,on_time,0,
72935,65,65,on_time,0,
72936,65,65,on_time,0,
72937,65,65,on_time,0,
72938,65,65,on_time,0,
72939,65,65,on_time,0,
72940,65,65,on_time,0,
72941,65,65,on_time,0,
72942,65,65,on_time,0,
72943,65,65,on_time,0,
72944,65,65,on_time,0,
72945,65,65,on_time,0,
72946,65,65,on_time,0,
72947,65,65,on_time,0,
72948,65,65,on_time,0,
72949,65,65,on_time,0,
72950,65,65,on_time,0,
72951,65,65,on_time,0,
72952,65,65,on_time,0,
72953,65,65,on_time,0,
72954,65,65,on_time,0,
72955,65,65,on_time,0,
72956,65,65,on_time,0,
72957,65,65,on_time,0,
72958,65,65,on_time,0,
72959,65,65,on_time,0,
72960,65,65,on_time,0,
72961,65,65,on_time,0,
72962,65,65,on_time,0,
72963,65,65,on_time,0,
72964,65,65,on_time,0,
72965,65,65,on_time,0,
72966,65,65,on_time,0,
72967,65,65,on_time,0,
72968,65,65,on_time,0,
72969,65,65,on_time,0,
72970,65,65,on_time,0,
72971,65,65,on_time,0,
72972,65,65,on_time,0,
72973,65,65,on_time,0,
72974,65,65,on_time,0,
72975,65,65,on_time,0,
72976,65,65,on_time,0,
72977,65,65,on_time,0,
72978,65,65,on_time,0,
72979,65,65,on_time,0,
72980,65,65,on_time,0,
72981,65,65,on_time,0,
72982,65,65,on_time,0,
72983,65,65,on_time,0,
72984,65,65,on_time,0,
72985,65,65,on_time,0,
72986,65,65,on_time,0,
72987,65,65,on_time,0,
72988,65,65,on_time,0,
72989,65,65,on_time,0,
72990,65,65,on_time,0,
72991,65,65,on_time,0,
72992,65,65,on_time,0,
72993,65,65,on_time,0,
72994,65,65,on_time,0,
72995,65,65,on_time,0,
72996,65,65,on_time,0,
72997,65,65,on_time,0,
72998,65,65,on_time,0,
72999,65,65,on_time,0,
73000,65,65,on_time,0,
73001,65,65,on_time,0,
73002,65,65,on_time,0,
73003,65,65,on_time,0,
73004,65,65,on_time,0,
73005,65,65,on_time,0,
73006,65,65,on_time,0,
73007,65,65,on_time,0,
73008,65,65,on_time,0,
73009,65,65,on_time,0,
73010,65,65,on_time,0,
73011,65,65,on_time,0,
73012,65,65,on_time,0,
73013,65,65,on_time,0,
73014,65,65,on_time,0,
73015,65,65,on_time,0,
73016,65,65,on_time,0,
73017,65,65,on_time,0,
73018,65,65,on_time,0,
73019,65,65,on_time,0,
73020,65,65,on_time,0,
73021,65,65,on_time,0,
73022,65,65,on_time,0,
73023,65,65,on_time,0,
73024,65,65,on_time,0,
73025,65,65,on_time,0,
73026,65,65,on_time,0,
73027,65,65,on_time,0,
73028,65,65,on_time,0,
73029,65,65,on_time,0,
73030,65,65,on_time,0,
73031,65,65,on_time,0,
73032,65,65,on_time,0,
73033,65,65,on_time,0,
73034,65,65,on_time,0,
73035,65,65,on_time,0,
73036,65,65,on_time,0,
73037,65,65,on_time,0,
73038,65,65,on_time,0,
73039,65,65,on_time,0,
73040,65,65,on_time,0,
73041,65,65,on_time,0,
73042,65,65,on_time,0,
73043,65,65,on_time,0,
73044,65,65,on_time,0,
73045,65,65,on_time,0,
73046,65,65,on_time,0,
73047,65,65,on_time,0,
73048,65,65,on_time,0,
73049,65,65,on_time,0,
73050,65,65,on_time,0,
73051,65,65,on_time,0,
73052,65,65,on_time,0,
73053,65,65,on_time,0,
73054,65,65,on_time,0,
73055,65,65,on_time,0,
73056,65,65,on_time,0,
73057,65,65,on_time,0,
73058,65,65,on_time,0,
73059,65,65,on_time,0,
73060,65,65,on_time,0,
73061,65,65,on_time,0,
73062,65,65,on_time,0,
73063,65,65,on_time,0,
73064,65,65,on_time,0,
73065,65,65,on_time,0,
73066,65,65,on_time,0,
73067,65,65,on_time,0,
73068,65,65,on_time,0,
73069,65,65,on_time,0,
73070,65,65,on_time,0,
73071,65,65,on_time,0,
73072,65,65,on_time,0,
73073,65,65,on_time,0,
73074,65,65,on_time,0,
73075,65,65,on_time,0,
73076,65,65,on_time,0,
73077,65,65,on_time,0,
73078,65,65,on_time,0,
73079,65,65,on_time,0,
73080,65,65,on_time,0,
73081,65,65,on_time,0,
73082,65,65,on_time,0,
73083,65,65,on_time,0,
73084,65,65,on_time,0,
73085,65,65,on_time,0,
73086,65,65,on_time,0,
73087,65,65,on_time,0,
73088,65,65,on_time,0,
73089,65,65,on_time,0,
73090,65,65,on_time,0,
73091,65,65,on_time,0,
73092,65,65,on_time,0,
73093,65,65,on_time,0,
73094,65,65,on_time,0,
73095,65,65,on_time,0,
73096,65,65,on_time,0,
73097,65,65,on_time,0,
73098,65,65,on_time,0,
73099,65,65,on_time,0,
73100,65,65,on_time,0,
73101,65,65,on_time,0,
73102,65,65,on_time,0,
73103,65,65,on_time,0,
73104,65,65,on_time,0,
73105,65,65,on_time,0,
73106,65,65,on_time,0,
73107,65,65,on_time,0,
73108,65,65,on_time,0,
73109,65,65,on_time,0,
73110,65,65,on_time,0,
73111,65,65,on_time,0,
73112,65,65,on_time,0,
73113,65,65,on_time,0,
73114,65,65,on_time,0,
73115,65,65,on_time,0,
73116,65,65,on_time,0,
73117,65,65,on_time,0,
73118,65,65,on_time,0,
73119,65,65,on_time,0,
73120,65,65,on_time,0,
73121,65,65,on_time,0,
73122,65,65,on_time,0,
73123,65,65,on_time,0,
73124,65,65,on_time,0,
73125,65,65,on_time,0,
73126,65,65,on_time,0,
73127,65,65,on_time,0,
73128,65,65,on_time,0,
73129,65,65,on_time,0,
73130,65,65,on_time,0,
73131,65,65,on_time,0,
73132,65,65,on_time,0,
73133,65,65,on_time,0,
73134,65,65,on_time,0,
73135,65,65,on_time,0,
73136,65,65,on_time,0,
73137,65,65,on_time,0,
73138,65,65,on_time,0,
73139,65,65,on_time,0,
73140,65,65,on_time,0,
73141,65,65,on_time,0,
73142,65,65,on_time,0,
73143,65,65,on_time,0,
73144,65,65,on_time,0,
73145,65,65,on_time,0,
73146,65,65,on_time,0,
73147,65,65,on_time,0,
73148,65,65,on_time,0,
73149,65,65,on_time,0,
73150,65,65,on_time,0,
73151,65,65,on_time,0,
73152,65,65,on_time,0,
73153,65,65,on_time,0,
73154,65,65,on_time,0,
73155,65,65,on_time,0,
73156,65,65,on_time,0,
73157,65,65,on_time,0,
73158,65,65,on_time,0,
73159,65,65,on_time,0,
73160,65,65,on_time,0,
73161,65,65,on_time,0,
73162,65,65,on_time,0,
73163,65,65,on_time,0,
73164,65,65,on_time,0,
73165,65,65,on_time,0,
73166,65,65,on_time,0,
73167,65,65,on_time,0,
73168,65,65,on_time,0,
73169,65,65,on_time,0,
73170,65,65,on_time,0,
73171,65,65,on_time,0,
73172,65,65,on_time,0,
73173,65,65,on_time,0,
73174,65,65,on_time,0,
73175,65,65,on_time,0,
73176,65,65,on_time,0,
73177,65,65,on_time,0,
73178,65,65,on_time,0,
73179,65,65,on_time,0,
73180,65,65,on_time,0,
73181,65,65,on_time,0,
73182,65,65,on_time,0,
73183,65,65,on_time,0,
73184,65,65,on_time,0,
73185,65,65,on_time,0,
73186,65,65,on_time,0,
73187,65,65,on_time,0,
73188,65,65,on_time,0,
73189,65,65,on_time,0,
73190,65,65,on_time,0,
73191,65,65,on_time,0,
73192,65,65,on_time,0,
73193,65,65,on_time,0,
73194,65,65,on_time,0,
73195,65,65,on_time,0,
73196,65,65,on_time,0,
73197,65,65,on_time,0,
73198,65,65,on_time,0,
73199,65,65,on_time,0,
73200,65,65,on_time,0,
73201,65,65,on_time,0,
73202,65,65,on_time,0,
73203,65,65,on_time,0,
73204,65,65,on_time,0,
73205,65,65,on_time,0,
73206,65,65,on_time,0,
73207,65,65,on_time,0,
73208,65,65,on_time,0,
73209,65,65,on_time,0,
73210,65,65,on_time,0,
73211,65,65,on_time,0,
73212,65,65,on_time,0,
73213,65,65,on_time,0,
73214,65,65,on_time,0,
73215,65,65,on_time,0,
73216,65,65,on_time,0,
73217,65,65,on_time,0,
73218,65,65,on_time,0,
73219,65,65,on_time,0,
73220,65,65,on_time,0,
73221,65,65,on_time,0,
73222,65,65,on_time,0,
73223,65,65,on_time,0,
73224,65,65,on_time,0,
73225,65,65,on_time,0,
73226,65,65,on_time,0,
73227,65,65,on_time,0,
73228,65,65,on_time,0,
73229,65,65,on_time,0,
73230,65,65,on_time,0,
73231,65,65,on_time,0,
73232,65,65,on_time,0,
73233,65,65,on_time,0,
73234,65,65,on_time,0,
73235,65,65,on_time,0,
73236,65,65,on_time,0,
73237,65,65,on_time,0,
73238,65,65,on_time,0,
73239,65,65,on_time,0,
73240,65,65,on_time,0,
73241,65,65,on_time,0,
73242,65,65,on_time,0,
73243,65,65,on_time,0,
73244,65,65,on_time,0,
73245,65,65,on_time,0,
73246,65,65,on_time,0,
73247,65,65,on_time,0,
73248,65,65,on_time,0,
73249,65,65,on_time,0,
73250,65,65,on_time,0,
73251,65,65,on_time,0,
73252,65,65,on_time,0,
73253,65,65,on_time,0,
73254,65,65,on_time,0,
73255,65,65,on_time,0,
73256,65,65,on_time,0,
73257,65,65,on_time,0,
73258,65,65,on_time,0,
73259,65,65,on_time,0,
73260,65,65,on_time,0,
73261,65,65,on_time,0,
73262,65,65,on_time,0,
73263,65,65,on_time,0,
73264,65,65,on_time,0,
73265,65,65,on_time,0,
73266,65,65,on_time,0,
73267,65,65,on_time,0,
73268,65,65,on_time,0,
73269,65,65,on_time,0,
73270,65,65,on_time,0,
73271,65,65,on_time,0,
73272,65,65,on_time,0,
73273,65,65,on_time,0,
73274,65,65,on_time,0,
73275,65,65,on_time,0,
73276,65,65,on_time,0,
73277,65,65,on_time,0,
73278,65,65,on_time,0,
73279,65,65,on_time,0,
73280,65,65,on_time,0,
73281,65,65,on_time,0,
73282,65,65,on_time,0,
73283,65,65,on_time,0,
73284,65,65,on_time,0,
73285,65,65,on_time,0,
73286,65,65,on_time,0,
73287,65,65,on_time,0,
73288,65,65,on_time,0,
73289,65,65,on_time,0,
73290,65,65,on_time,0,
73291,65,65,on_time,0,
73292,65,65,on_time,0,
73293,65,65,on_time,0,
73294,65,65,on_time,0,
73295,65,65,on_time,0,
73296,65,65,on_time,0,
73297,65,65,on_time,0,
73298,65,65,on_time,0,
73299,65,65,on_time,0,
73300,65,65,on_time,0,
73301,65,65,on_time,0,
73302,65,65,on_time,0,
73303,65,65,on_time,0,
73304,65,65,on_time,0,
73305,65,65,on_time,0,
73306,65,65,on_time,0,
73307,65,65,on_time,0,
73308,65,65,on_time,0,
73309,65,65,on_time,0,
73310,65,65,on_time,0,
73311,65,65,on_time,0,
73312,65,65,on_time,0,
73313,65,65,on_time,0,
73314,65,65,on_time,0,
73315,65,65,on_time,0,
73316,65,65,on_time,0,
73317,65,65,on_time,0,
73318,65,65,on_time,0,
73319,65,65,on_time,0,
73320,65,65,on_time,0,
73321,65,65,on_time,0,
73322,65,65,on_time,0,
73323,65,65,on_time,0,
73324,65,65,on_time,0,
73325,65,65,on_time,0,
73326,65,65,on_time,0,
73327,65,65,on_time,0,
73328,65,65,on_time,0,
73329,65,65,on_time,0,
73330,65,65,on_time,0,
73331,65,65,on_time,0,
73332,65,65,on_time,0,
73333,65,65,on_time,0,
73334,65,65,on_time,0,
73335,65,65,on_time,0,
73336,65,65,on_time,0,
73337,65,65,on_time,0,
73338,65,65,on_time,0,
73339,65,65,on_time,0,
73340,65,65,on_time,0,
73341,65,65,on_time,0,
73342,65,65,on_time,0,
73343,65,65,on_time,0,
73344,65,65,on_time,0,
73345,65,65,on_time,0,
73346,65,65,on_time,0,
73347,65,65,on_time,0,
73348,65,65,on_time,0,
73349,65,65,on_time,0,
73350,65,65,on_time,0,
73351,65,65,on_time,0,
73352,65,65,on_time,0,
73353,65,65,on_time,0,
73354,65,65,on_time,0,
73355,65,65,on_time,0,
73356,65,65,on_time,0,
73357,65,65,on_time,0,
73358,65,65,on_time,0,
73359,65,65,on_time,0,
73360,65,65,on_time,0,
73361,65,65,on_time,0,
73362,65,65,on_time,0,
73363,65,65,on_time,0,
73364,65,65,on_time,0,
73365,65,65,on_time,0,
73366,65,65,on_time,0,
73367,65,65,on_time,0,
73368,65,65,on_time,0,
73369,65,65,on_time,0,
73370,65,65,on_time,0,
73371,65,65,on_time,0,
73372,65,65,on_time,0,
73373,65,65,on_time,0,
73374,65,65,on_time,0,
73375,65,65,on_time,0,
73376,65,65,on_time,0,
73377,65,65,on_time,0,
73378,65,65,on_time,0,
73379,65,65,on_time,0,
73380,65,65,on_time,0,
73381,65,65,on_time,0,
73382,65,65,on_time,0,
73383,65,65,on_time,0,
73384,65,65,on_time,0,
73385,65,65,on_time,0,
73386,65,65,on_time,0,
73387,65,65,on_time,0,
73388,65,65,on_time,0,
73389,65,65,on_time,0,
73390,65,65,on_time,0,
73391,65,65,on_time,0,
73392,65,65,on_time,0,
73393,65,65,on_time,0,
73394,65,65,on_time,0,
73395,65,65,on_time,0,
73396,65,65,on_time,0,
73397,65,65,on_time,0,
73398,65,65,on_time,0,
73399,65,65,on_time,0,
73400,65,65,on_time,0,
73401,65,65,on_time,0,
73402,65,65,on_time,0,
73403,65,65,on_time,0,
73404,65,65,on_time,0,
73405,65,65,on_time,0,
73406,65,65,on_time,0,
73407,65,65,on_time,0,
73408,65,65,on_time,0,
73409,65,65,on_time,0,
73410,65,65,on_time,0,
73411,65,65,on_time,0,
73412,65,65,on_time,0,
73413,65,65,on_time,0,
73414,65,65,on_time,0,
73415,65,65,on_time,0,
73416,65,65,on_time,0,
73417,65,65,on_time,0,
73418,65,65,on_time,0,
73419,65,65,on_time,0,
73420,65,65,on_time,0,
73421,65,65,on_time,0,
73422,65,65,on_time,0,
73423,65,65,on_time,0,
73424,65,65,on_time,0,
73425,65,65,on_time,0,
73426,65,65,on_time,0,
73427,65,65,on_time,0,
73428,65,65,on_time,0,
73429,65,65,on_time,0,
73430,65,65,on_time,0,
73431,65,65,on_time,0,
73432,65,65,on_time,0,
73433,65,65,on_time,0,
73434,65,65,on_time,0,
73435,65,65,on_time,0,
73436,65,65,on_time,0,
73437,65,65,on_time,0,
73438,65,65,on_time,0,
73439,65,65,on_time,0,
73440,65,65,on_time,0,
73441,65,65,on_time,0,
73442,65,65,on_time,0,
73443,65,65,on_time,0,
73444,65,65,on_time,0,
73445,65,65,on_time,0,
73446,65,65,on_time,0,
73447,65,65,on_time,0,
73448,65,65,on_time,0,
73449,65,65,on_time,0,
73450,65,65,on_time,0,
73451,65,65,on_time,0,
73452,65,65,on_time,0,
73453,65,65,on_time,0,
73454,65,65,on_time,0,
73455,65,65,on_time,0,
73456,65,65,on_time,0,
73457,65,65,on_time,0,
73458,65,65,on_time,0,
73459,65,65,on_time,0,
73460,65,65,on_time,0,
73461,65,65,on_time,0,
73462,65,65,on_time,0,
73463,65,65,on_time,0,
73464,65,65,on_time,0,
73465,65,65,on_time,0,
73466,65,65,on_time,0,
73467,65,65,on_time,0,
73468,65,65,on_time,0,
73469,65,65,on_time,0,
73470,65,65,on_time,0,
73471,65,65,on_time,0,
73472,65,65,on_time,0,
73473,65,65,on_time,0,
73474,65,65,on_time,0,
73475,65,65,on_time,0,
73476,65,65,on_time,0,
73477,65,65,on_time,0,
73478,65,65,on_time,0,
73479,65,65,on_time,0,
73480,65,65,on_time,0,
73481,65,65,on_time,0,
73482,65,65,on_time,0,
73483,65,65,on_time,0,
73484,65,65,on_time,0,
73485,65,65,on_time,0,
73486,65,65,on_time,0,
73487,65,65,on_time,0,
73488,65,65,on_time,0,
73489,65,65,on_time,0,
73490,65,65,on_time,0,
73491,65,65,on_time,0,
73492,65,65,on_time,0,
73493,65,65,on_time,0,
73494,65,65,on_time,0,
73495,65,65,on_time,0,
73496,65,65,on_time,0,
73497,65,65,on_time,0,
73498,65,65,on_time,0,
73499,65,65,on_time,0,
73500,65,65,on_time,0,
73501,65,65,on_time,0,
73502,65,65,on_time,0,
73503,65,65,on_time,0,
73504,65,65,on_time,0,
73505,65,65,on_time,0,
73506,65,65,on_time,0,
73507,65,65,on_time,0,
73508,65,65,on_time,0,
73509,65,65,on_time,0,
73510,65,65,on_time,0,
73511,65,65,on_time,0,
73512,65,65,on_time,0,
73513,65,65,on_time,0,
73514,65,65,on_time,0,
73515,65,65,on_time,0,
73516,65,65,on_time,0,
73517,65,65,on_time,0,
73518,65,65,on_time,0,
73519,65,65,on_time,0,
73520,65,65,on_time,0,
73521,65,65,on_time,0,
73522,65,65,on_time,0,
73523,65,65,on_time,0,
73524,65,65,on_time,0,
73525,65,65,on_time,0,
73526,65,65,on_time,0,
73527,65,65,on_time,0,
73528,65,65,on_time,0,
73529,65,65,on_time,0,
73530,65,65,on_time,0,
73531,65,65,on_time,0,
73532,65,65,on_time,0,
73533,65,65,on_time,0,
73534,65,65,on_time,0,
73535,65,65,on_time,0,
73536,65,65,on_time,0,
73537,65,65,on_time,0,
73538,65,65,on_time,0,
73539,65,65,on_time,0,
73540,65,65,on_time,0,
73541,65,65,on_time,0,
73542,65,65,on_time,0,
73543,65,65,on_time,0,
73544,65,65,on_time,0,
73545,65,65,on_time,0,
73546,65,65,on_time,0,
73547,65,65,on_time,0,
73548,65,65,on_time,0,
73549,65,65,on_time,0,
73550,65,65,on_time,0,
73551,65,65,on_time,0,
73552,65,65,on_time,0,
73553,65,65,on_time,0,
73554,65,65,on_time,0,
73555,65,65,on_time,0,
73556,65,65,on_time,0,
73557,65,65,on_time,0,
73558,65,65,on_time,0,
73559,65,65,on_time,0,
73560,65,65,on_time,0,
73561,65,65,on_time,0,
73562,65,65,on_time,0,
73563,65,65,on_time,0,
73564,65,65,on_time,0,
73565,65,65,on_time,0,
73566,65,65,on_time,0,
73567,65,65,on_time,0,
73568,65,65,on_time,0,
73569,65,65,on_time,0,
73570,65,65,on_time,0,
73571,65,65,on_time,0,
73572,65,65,on_time,0,
73573,65,65,on_time,0,
73574,65,65,on_time,0,
73575,65,65,on_time,0,
73576,65,65,on_time,0,
73577,65,65,on_time,0,
73578,65,65,on_time,0,
73579,65,65,on_time,0,
73580,65,65,on_time,0,
73581,65,65,on_time,0,
73582,65,65,on_time,0,
73583,65,65,on_time,0,
73584,65,65,on_time,0,
73585,65,65,on_time,0,
73586,65,65,on_time,0,
73587,65,65,on_time,0,
73588,65,65,on_time,0,
73589,65,65,on_time,0,
73590,65,65,on_time,0,
73591,65,65,on_time,0,
73592,65,65,on_time,0,
73593,65,65,on_time,0,
73594,65,65,on_time,0,
73595,65,65,on_time,0,
73596,65,65,on_time,0,
73597,65,65,on_time,0,
73598,65,65,on_time,0,
73599,65,65,on_time,0,
73600,65,65,on_time,0,
73601,65,65,on_time,0,
73602,65,65,on_time,0,
73603,65,65,on_time,0,
73604,65,65,on_time,0,
73605,65,65,on_time,0,
73606,65,65,on_time,0,
73607,65,65,on_time,0,
73608,65,65,on_time,0,
73609,65,65,on_time,0,
73610,65,65,on_time,0,
73611,65,65,on_time,0,
73612,65,65,on_time,0,
73613,65,65,on_time,0,
73614,65,65,on_time,0,
73615,65,65,on_time,0,
73616,65,65,on_time,0,
73617,65,65,on_time,0,
73618,65,65,on_time,0,
73619,65,65,on_time,0,
73620,65,65,on_time,0,
73621,65,65,on_time,0,
73622,65,65,on_time,0,
73623,65,65,on_time,0,
73624,65,65,on_time,0,
73625,65,65,on_time,0,
73626,65,65,on_time,0,
73627,65,65,on_time,0,
73628,65,65,on_time,0,
73629,65,65,on_time,0,
73630,65,65,on_time,0,
73631,65,65,on_time,0,
73632,65,65,on_time,0,
73633,65,65,on_time,0,
73634,65,65,on_time,0,
73635,65,65,on_time,0,
73636,65,65,on_time,0,
73637,65,65,on_time,0,
73638,65,65,on_time,0,
73639,65,65,on_time,0,
73640,65,65,on_time,0,
73641,65,65,on_time,0,
73642,65,65,on_time,0,
73643,65,65,on_time,0,
73644,65,65,on_time,0,
73645,65,65,on_time,0,
73646,65,65,on_time,0,
73647,65,65,on_time,0,
73648,65,65,on_time,0,
73649,65,65,on_time,0,
73650,65,65,on_time,0,
73651,65,65,on_time,0,
73652,65,65,on_time,0,
73653,65,65,on_time,0,
73654,65,65,on_time,0,
73655,65,65,on_time,0,
73656,65,65,on_time,0,
73657,65,65,on_time,0,
73658,65,65,on_time,0,
73659,65,65,on_time,0,
73660,65,65,on_time,0,
73661,65,65,on_time,0,
73662,65,65,on_time,0,
73663,65,65,on_time,0,
73664,65,65,on_time,0,
73665,65,65,on_time,0,
73666,65,65,on_time,0,
73667,65,65,on_time,0,
73668,65,65,on_time,0,
73669,65,65,on_time,0,
73670,65,65,on_time,0,
73671,65,65,on_time,0,
73672,65,65,on_time,0,
73673,65,65,on_time,0,
73674,65,65,on_time,0,
73675,65,65,on_time,0,
73676,65,65,on_time,0,
73677,65,65,on_time,0,
73678,65,65,on_time,0,
73679,65,65,on_time,0,
73680,65,65,on_time,0,
73681,65,65,on_time,0,
73682,65,65,on_time,0,
73683,65,65,on_time,0,
73684,65,65,on_time,0,
73685,65,65,on_time,0,
73686,65,65,on_time,0,
73687,65,65,on_time,0,
73688,65,65,on_time,0,
73689,65,65,on_time,0,
73690,65,65,on_time,0,
73691,65,65,on_time,0,
73692,65,65,on_time,0,
73693,65,65,on_time,0,
73694,65,65,on_time,0,
73695,65,65,on_time,0,
73696,65,65,on_time,0,
73697,65,65,on_time,0,
73698,65,65,on_time,0,
73699,65,65,on_time,0,
73700,65,65,on_time,0,
73701,65,65,on_time,0,
73702,65,65,on_time,0,
73703,65,65,on_time,0,
73704,65,65,on_time,0,
73705,65,65,on_time,0,
73706,65,65,on_time,0,
73707,65,65,on_time,0,
73708,65,65,on_time,0,
73709,65,65,on_time,0,
73710,65,65,on_time,0,
73711,65,65,on_time,0,
73712,65,65,on_time,0,
73713,65,65,on_time,0,
73714,65,65,on_time,0,
73715,65,65,on_time,0,
73716,65,65,on_time,0,
73717,65,65,on_time,0,
73718,65,65,on_time,0,
73719,65,65,on_time,0,
73720,65,65,on_time,0,
73721,65,65,on_time,0,
73722,65,65,on_time,0,
73723,65,65,on_time,0,
73724,65,65,on_time,0,
73725,65,65,on_time,0,
73726,65,65,on_time,0,
73727,65,65,on_time,0,
73728,65,65,on_time,0,
73729,65,65,on_time,0,
73730,65,65,on_time,0,
73731,65,65,on_time,0,
73732,65,65,on_time,0,
73733,65,65,on_time,0,
73734,65,65,on_time,0,
73735,65,65,on_time,0,
73736,65,65,on_time,0,
73737,65,65,on_time,0,
73738,65,65,on_time,0,
73739,65,65,on_time,0,
73740,65,65,on_time,0,
73741,65,65,on_time,0,
73742,65,65,on_time,0,
73743,65,65,on_time,0,
73744,65,65,on_time,0,
73745,65,65,on_time,0,
73746,65,65,on_time,0,
73747,65,65,on_time,0,
73748,65,65,on_time,0,
73749,65,65,on_time,0,
73750,65,65,on_time,0,
73751,65,65,on_time,0,
73752,65,65,on_time,0,
73753,65,65,on_time,0,
73754,65,65,on_time,0,
73755,65,65,on_time,0,
73756,65,65,on_time,0,
73757,65,65,on_time,0,
73758,65,65,on_time,0,
73759,65,65,on_time,0,
73760,65,65,on_time,0,
73761,65,65,on_time,0,
73762,65,65,on_time,0,
73763,65,65,on_time,0,
73764,65,65,on_time,0,
73765,65,65,on_time,0,
73766,65,65,on_time,0,
73767,65,65,on_time,0,
73768,65,65,on_time,0,
73769,65,65,on_time,0,
73770,65,65,on_time,0,
73771,65,65,on_time,0,
73772,65,65,on_time,0,
73773,65,65,on_time,0,
73774,65,65,on_time,0,
73775,65,65,on_time,0,
73776,65,65,on_time,0,
73777,65,65,on_time,0,
73778,65,65,on_time,0,
73779,65,65,on_time,0,
73780,65,65,on_time,0,
73781,65,65,on_time,0,
73782,65,65,on_time,0,
73783,65,65,on_time,0,
73784,65,65,on_time,0,
73785,65,65,on_time,0,
73786,65,65,on_time,0,
73787,65,65,on_time,0,
73788,65,65,on_time,0,
73789,65,65,on_time,0,
73790,65,65,on_time,0,
73791,65,65,on_time,0,
73792,65,65,on_time,0,
73793,65,65,on_time,0,
73794,65,65,on_time,0,
73795,65,65,on_time,0,
73796,65,65,on_time,0,
73797,65,65,on_time,0,
73798,65,65,on_time,0,
73799,65,65,on_time,0,
73800,65,65,on_time,0,
73801,65,65,on_time,0,
73802,65,65,on_time,0,
73803,65,65,on_time,0,
73804,65,65,on_time,0,
73805,65,65,on_time,0,
73806,65,65,on_time,0,
73807,65,65,on_time,0,
73808,65,65,on_time,0,
73809,65,65,on_time,0,
73810,65,65,on_time,0,
73811,65,65,on_time,0,
73812,65,65,on_time,0,
73813,65,65,on_time,0,
73814,65,65,on_time,0,
73815,65,65,on_time,0,
73816,65,65,on_time,0,
73817,65,65,on_time,0,
73818,65,65,on_time,0,
73819,65,65,on_time,0,
73820,65,65,on_time,0,
73821,65,65,on_time,0,
73822,65,65,on_time,0,
73823,65,65,on_time,0,
73824,65,65,on_time,0,
73825,65,65,on_time,0,
73826,65,65,on_time,0,
73827,65,65,on_time,0,
73828,65,65,on_time,0,
73829,65,65,on_time,0,
73830,65,65,on_time,0,
73831,65,65,on_time,0,
73832,65,65,on_time,0,
73833,65,65,on_time,0,
73834,65,65,on_time,0,
73835,65,65,on_time,0,
73836,65,65,on_time,0,
73837,65,65,on_time,0,
73838,65,65,on_time,0,
73839,65,65,on_time,0,
73840,65,65,on_time,0,
73841,65,65,on_time,0,
73842,65,65,on_time,0,
73843,65,65,on_time,0,
73844,65,65,on_time,0,
73845,65,65,on_time,0,
73846,65,65,on_time,0,
73847,65,65,on_time,0,
73848,65,65,on_time,0,
73849,65,65,on_time,0,
73850,65,65,on_time,0,
73851,65,65,on_time,0,
73852,65,65,on_time,0,
73853,65,65,on_time,0,
73854,65,65,on_time,0,
73855,65,65,on_time,0,
73856,65,65,on_time,0,
73857,65,65,on_time,0,
73858,65,65,on_time,0,
73859,65,65,on_time,0,
73860,65,65,on_time,0,
73861,65,65,on_time,0,
73862,65,65,on_time,0,
73863,65,65,on_time,0,
73864,65,65,on_time,0,
73865,65,65,on_time,0,
73866,65,65,on_time,0,
73867,65,65,on_time,0,
73868,65,65,on_time,0,
73869,65,65,on_time,0,
73870,65,65,on_time,0,
73871,65,65,on_time,0,
73872,65,65,on_time,0,
73873,65,65,on_time,0,
73874,65,65,on_time,0,
73875,65,65,on_time,0,
73876,65,65,on_time,0,
73877,65,65,on_time,0,
73878,65,65,on_time,0,
73879,65,65,on_time,0,
73880,65,65,on_time,0,
73881,65,65,on_time,0,
73882,65,65,on_time,0,
73883,65,65,on_time,0,
73884,65,65,on_time,0,
73885,65,65,on_time,0,
73886,65,65,on_time,0,
73887,65,65,on_time,0,
73888,65,65,on_time,0,
73889,65,65,on_time,0,
73890,65,65,on_time,0,
73891,65,65,on_time,0,
73892,65,65,on_time,0,
73893,65,65,on_time,0,
73894,65,65,on_time,0,
73895,65,65,on_time,0,
73896,65,65,on_time,0,
73897,65,65,on_time,0,
73898,65,65,on_time,0,
73899,65,65,on_time,0,
73900,65,65,on_time,0,
73901,65,65,on_time,0,
73902,65,65,on_time,0,
73903,65,65,on_time,0,
73904,65,65,on_time,0,
73905,65,65,on_time,0,
73906,65,65,on_time,0,
73907,65,65,on_time,0,
73908,65,65,on_time,0,
73909,65,65,on_time,0,
73910,65,65,on_time,0,
73911,65,65,on_time,0,
73912,65,65,on_time,0,
73913,65,65,on_time,0,
73914,65,65,on_time,0,
73915,65,65,on_time,0,
73916,65,65,on_time,0,
73917,65,65,on_time,0,
73918,65,65,on_time,0,
73919,65,65,on_time,0,
73920,65,65,on_time,0,
73921,65,65,on_time,0,
73922,65,65,on_time,0,
73923,65,65,on_time,0,
73924,65,65,on_time,0,
73925,65,65,on_time,0,
73926,65,65,on_time,0,
73927,65,65,on_time,0,
73928,65,65,on_time,0,
73929,65,65,on_time,0,
73930,65,65,on_time,0,
73931,65,65,on_time,0,
73932,65,65,on_time,0,
73933,65,65,on_time,0,
73934,65,65,on_time,0,
73935,65,65,on_time,0,
73936,65,65,on_time,0,
73937,65,65,on_time,0,
73938,65,65,on_time,0,
73939,65,65,on_time,0,
73940,65,65,on_time,0,
73941,65,65,on_time,0,
73942,65,65,on_time,0,
73943,65,65,on_time,0,
73944,65,65,on_time,0,
73945,65,65,on_time,0,
73946,65,65,on_time,0,
73947,65,65,on_time,0,
73948,65,65,on_time,0,
73949,65,65,on_time,0,
73950,65,65,on_time,0,
73951,65,65,on_time,0,
73952,65,65,on_time,0,
73953,65,65,on_time,0,
73954,65,65,on_time,0,
73955,65,65,on_time,0,
73956,65,65,on_time,0,
73957,65,65,on_time,0,
73958,65,65,on_time,0,
73959,65,65,on_time,0,
73960,65,65,on_time,0,
73961,65,65,on_time,0,
73962,65,65,on_time,0,
73963,65,65,on_time,0,
73964,65,65,on_time,0,
73965,65,65,on_time,0,
73966,65,65,on_time,0,
73967,65,65,on_time,0,
73968,65,65,on_time,0,
73969,65,65,on_time,0,
73970,65,65,on_time,0,
73971,65,65,on_time,0,
73972,65,65,on_time,0,
73973,65,65,on_time,0,
73974,65,65,on_time,0,
73975,65,65,on_time,0,
73976,65,65,on_time,0,
73977,65,65,on_time,0,
73978,65,65,on_time,0,
73979,65,65,on_time,0,
73980,65,65,on_time,0,
73981,65,65,on_time,0,
73982,65,65,on_time,0,
73983,65,65,on_time,0,
73984,65,65,on_time,0,
73985,65,65,on_time,0,
73986,65,65,on_time,0,
73987,65,65,on_time,0,
73988,65,65,on_time,0,
73989,65,65,on_time,0,
73990,65,65,on_time,0,
73991,65,65,on_time,0,
73992,65,65,on_time,0,
73993,65,65,on_time,0,
73994,65,65,on_time,0,
73995,65,65,on_time,0,
73996,65,65,on_time,0,
73997,65,65,on_time,0,
73998,65,65,on_time,0,
73999,65,65,on_time,0,
74000,65,65,on_time,0,
74001,66,66,on_time,0,
74002,66,66,on_time,0,
74003,66,66,on_time,0,
74004,66,66,on_time,0,
74005,66,66,on_time,0,
74006,66,66,on_time,0,
74007,66,66,on_time,0,
74008,66,66,on_time,0,
74009,66,66,on_time,0,
74010,66,66,on_time,0,
74011,66,66,on_time,0,
74012,66,66,on_time,0,
74013,66,66,on_time,0,
74014,66,66,on_time,0,
74015,66,66,on_time,0,
74016,66,66,on_time,0,
74017,66,66,on_time,0,
74018,66,66,on_time,0,
74019,66,66,on_time,0,
74020,66,66,on_time,0,
74021,66,66,on_time,0,
74022,66,66,on_time,0,
74023,66,66,on_time,0,
74024,66,66,on_time,0,
74025,66,66,on_time,0,
74026,66,66,on_time,0,
74027,66,66,on_time,0,
74028,66,66,on_time,0,
74029,66,66,on_time,0,
74030,66,66,on_time,0,
74031,66,66,on_time,0,
74032,66,66,on_time,0,
74033,66,66,on_time,0,
74034,66,66,on_time,0,
74035,66,66,on_time,0,
74036,66,66,on_time,0,
74037,66,66,on_time,0,
74038,66,66,on_time,0,
74039,66,66,on_time,0,
74040,66,66,on_time,0,
74041,66,66,on_time,0,
74042,66,66,on_time,0,
74043,66,66,on_time,0,
74044,66,66,on_time,0,
74045,66,66,on_time,0,
74046,66,66,on_time,0,
74047,66,66,on_time,0,
74048,66,66,on_time,0,
74049,66,66,on_time,0,
74050,66,66,on_time,0,
74051,66,66,on_time,0,
74052,66,66,on_time,0,
74053,66,66,on_time,0,
74054,66,66,on_time,0,
74055,66,66,on_time,0,
74056,66,66,on_time,0,
74057,66,66,on_time,0,
74058,66,66,on_time,0,
74059,66,66,on_time,0,
74060,66,66,on_time,0,
74061,66,66,on_time,0,
74062,66,66,on_time,0,
74063,66,66,on_time,0,
74064,66,66,on_time,0,
74065,66,66,on_time,0,
74066,66,66,on_time,0,
74067,66,66,on_time,0,
74068,66,66,on_time,0,
74069,66,66,on_time,0,
74070,66,66,on_time,0,
74071,66,66,on_time,0,
74072,66,66,on_time,0,
74073,66,66,on_time,0,
74074,66,66,on_time,0,
74075,66,66,on_time,0,
74076,66,66,on_time,0,
74077,66,66,on_time,0,
74078,66,66,on_time,0,
74079,66,66,on_time,0,
74080,66,66,on_time,0,
74081,66,66,on_time,0,
74082,66,66,on_time,0,
74083,66,66,on_time,0,
74084,66,66,on_time,0,
74085,66,66,on_time,0,
74086,66,66,on_time,0,
74087,66,66,on_time,0,
74088,66,66,on_time,0,
74089,66,66,on_time,0,
74090,66,66,on_time,0,
74091,66,66,on_time,0,
74092,66,66,on_time,0,
74093,66,66,on_time,0,
74094,66,66,on_time,0,
74095,66,66,on_time,0,
74096,66,66,on_time,0,
74097,66,66,on_time,0,
74098,66,66,on_time,0,
74099,66,66,on_time,0,
74100,66,66,on_time,0,
74101,66,66,on_time,0,
74102,66,66,on_time,0,
74103,66,66,on_time,0,
74104,66,66,on_time,0,
74105,66,66,on_time,0,
74106,66,66,on_time,0,
74107,66,66,on_time,0,
74108,66,66,on_time,0,
74109,66,66,on_time,0,
74110,66,66,on_time,0,
74111,66,66,on_time,0,
74112,66,66,on_time,0,
74113,66,66,on_time,0,
74114,66,66,on_time,0,
74115,66,66,on_time,0,
74116,66,66,on_time,0,
74117,66,66,on_time,0,
74118,66,66,on_time,0,
74119,66,66,on_time,0,
74120,66,66,on_time,0,
74121,66,66,on_time,0,
74122,66,66,on_time,0,
74123,66,66,on_time,0,
74124,66,66,on_time,0,
74125,66,66,on_time,0,
74126,66,66,on_time,0,
74127,66,66,on_time,0,
74128,66,66,on_time,0,
74129,66,66,on_time,0,
74130,66,66,on_time,0,
74131,66,66,on_time,0,
74132,66,66,on_time,0,
74133,66,66,on_time,0,
74134,66,66,on_time,0,
74135,66,66,on_time,0,
74136,66,66,on_time,0,
74137,66,66,on_time,0,
74138,66,66,on_time,0,
74139,66,66,on_time,0,
74140,66,66,on_time,0,
74141,66,66,on_time,0,
74142,66,66,on_time,0,
74143,66,66,on_time,0,
74144,66,66,on_time,0,
74145,66,66,on_time,0,
74146,66,66,on_time,0,
74147,66,66,on_time,0,
74148,66,66,on_time,0,
74149,66,66,on_time,0,
74150,66,66,on_time,0,
74151,66,66,on_time,0,
74152,66,66,on_time,0,
74153,66,66,on_time,0,
74154,66,66,on_time,0,
74155,66,66,on_time,0,
74156,66,66,on_time,0,
74157,66,66,on_time,0,
74158,66,66,on_time,0,
74159,66,66,on_time,0,
74160,66,66,on_time,0,
74161,66,66,on_time,0,
74162,66,66,on_time,0,
74163,66,66,on_time,0,
74164,66,66,on_time,0,
74165,66,66,on_time,0,
74166,66,66,on_time,0,
74167,66,66,on_time,0,
74168,66,66,on_time,0,
74169,66,66,on_time,0,
74170,66,66,on_time,0,
74171,66,66,on_time,0,
74172,66,66,on_time,0,
74173,66,66,on_time,0,
74174,66,66,on_time,0,
74175,66,66,on_time,0,
74176,66,66,on_time,0,
74177,66,66,on_time,0,
74178,66,66,on_time,0,
74179,66,66,on_time,0,
74180,66,66,on_time,0,
74181,66,66,on_time,0,
74182,66,66,on_time,0,
74183,66,66,on_time,0,
74184,66,66,on_time,0,
74185,66,66,on_time,0,
74186,66,66,on_time,0,
74187,66,66,on_time,0,
74188,66,66,on_time,0,
74189,66,66,on_time,0,
74190,66,66,on_time,0,
74191,66,66,on_time,0,
74192,66,66,on_time,0,
74193,66,66,on_time,0,
74194,66,66,on_time,0,
74195,66,66,on_time,0,
74196,66,66,on_time,0,
74197,66,66,on_time,0,
74198,66,66,on_time,0,
74199,66,66,on_time,0,
74200,66,66,on_time,0,
74201,66,66,on_time,0,
74202,66,66,on_time,0,
74203,66,66,on_time,0,
74204,66,66,on_time,0,
74205,66,66,on_time,0,
74206,66,66,on_time,0,
74207,66,66,on_time,0,
74208,66,66,on_time,0,
74209,66,66,on_time,0,
74210,66,66,on_time,0,
74211,66,66,on_time,0,
74212,66,66,on_time,0,
74213,66,66,on_time,0,
74214,66,66,on_time,0,
74215,66,66,on_time,0,
74216,66,66,on_time,0,
74217,66,66,on_time,0,
74218,66,66,on_time,0,
74219,66,66,on_time,0,
74220,66,66,on_time,0,
74221,66,66,on_time,0,
74222,66,66,on_time,0,
74223,66,66,on_time,0,
74224,66,66,on_time,0,
74225,66,66,on_time,0,
74226,66,66,on_time,0,
74227,66,66,on_time,0,
74228,66,66,on_time,0,
74229,66,66,on_time,0,
74230,66,66,on_time,0,
74231,66,66,on_time,0,
74232,66,66,on_time,0,
74233,66,66,on_time,0,
74234,66,66,on_time,0,
74235,66,66,on_time,0,
74236,66,66,on_time,0,
74237,66,66,on_time,0,
74238,66,66,on_time,0,
74239,66,66,on_time,0,
74240,66,66,on_time,0,
74241,66,66,on_time,0,
74242,66,66,on_time,0,
74243,66,66,on_time,0,
74244,66,66,on_time,0,
74245,66,66,on_time,0,
74246,66,66,on_time,0,
74247,66,66,on_time,0,
74248,66,66,on_time,0,
74249,66,66,on_time,0,
74250,66,66,on_time,0,
74251,66,66,on_time,0,
74252,66,66,on_time,0,
74253,66,66,on_time,0,
74254,66,66,on_time,0,
74255,66,66,on_time,0,
74256,66,66,on_time,0,
74257,66,66,on_time,0,
74258,66,66,on_time,0,
74259,66,66,on_time,0,
74260,66,66,on_time,0,
74261,66,66,on_time,0,
74262,66,66,on_time,0,
74263,66,66,on_time,0,
74264,66,66,on_time,0,
74265,66,66,on_time,0,
74266,66,66,on_time,0,
74267,66,66,on_time,0,
74268,66,66,on_time,0,
74269,66,66,on_time,0,
74270,66,66,on_time,0,
74271,66,66,on_time,0,
74272,66,66,on_time,0,
74273,66,66,on_time,0,
74274,66,66,on_time,0,
74275,66,66,on_time,0,
74276,66,66,on_time,0,
74277,66,66,on_time,0,
74278,66,66,on_time,0,
74279,66,66,on_time,0,
74280,66,66,on_time,0,
74281,66,66,on_time,0,
74282,66,66,on_time,0,
74283,66,66,on_time,0,
74284,66,66,on_time,0,
74285,66,66,on_time,0,
74286,66,66,on_time,0,
74287,66,66,on_time,0,
74288,66,66,on_time,0,
74289,66,66,on_time,0,
74290,66,66,on_time,0,
74291,66,66,on_time,0,
74292,66,66,on_time,0,
74293,66,66,on_time,0,
74294,66,66,on_time,0,
74295,66,66,on_time,0,
74296,66,66,on_time,0,
74297,66,66,on_time,0,
74298,66,66,on_time,0,
74299,66,66,on_time,0,
74300,66,66,on_time,0,
74301,66,66,on_time,0,
74302,66,66,on_time,0,
74303,66,66,on_time,0,
74304,66,66,on_time,0,
74305,66,66,on_time,0,
74306,66,66,on_time,0,
74307,66,66,on_time,0,
74308,66,66,on_time,0,
74309,66,66,on_time,0,
74310,66,66,on_time,0,
74311,66,66,on_time,0,
74312,66,66,on_time,0,
74313,66,66,on_time,0,
74314,66,66,on_time,0,
74315,66,66,on_time,0,
74316,66,66,on_time,0,
74317,66,66,on_time,0,
74318,66,66,on_time,0,
74319,66,66,on_time,0,
74320,66,66,on_time,0,
74321,66,66,on_time,0,
74322,66,66,on_time,0,
74323,66,66,on_time,0,
74324,66,66,on_time,0,
74325,66,66,on_time,0,
74326,66,66,on_time,0,
74327,66,66,on_time,0,
74328,66,66,on_time,0,
74329,66,66,on_time,0,
74330,66,66,on_time,0,
74331,66,66,on_time,0,
74332,66,66,on_time,0,
74333,66,66,on_time,0,
74334,66,66,on_time,0,
74335,66,66,on_time,0,
74336,66,66,on_time,0,
74337,66,66,on_time,0,
74338,66,66,on_time,0,
74339,66,66,on_time,0,
74340,66,66,on_time,0,
74341,66,66,on_time,0,
74342,66,66,on_time,0,
74343,66,66,on_time,0,
74344,66,66,on_time,0,
74345,66,66,on_time,0,
74346,66,66,on_time,0,
74347,66,66,on_time,0,
74348,66,66,on_time,0,
74349,66,66,on_time,0,
74350,66,66,on_time,0,
74351,66,66,on_time,0,
74352,66,66,on_time,0,
74353,66,66,on_time,0,
74354,66,66,on_time,0,
74355,66,66,on_time,0,
74356,66,66,on_time,0,
74357,66,66,on_time,0,
74358,66,66,on_time,0,
74359,66,66,on_time,0,
74360,66,66,on_time,0,
74361,66,66,on_time,0,
74362,66,66,on_time,0,
74363,66,66,on_time,0,
74364,66,66,on_time,0,
74365,66,66,on_time,0,
74366,66,66,on_time,0,
74367,66,66,on_time,0,
74368,66,66,on_time,0,
74369,66,66,on_time,0,
74370,66,66,on_time,0,
74371,66,66,on_time,0,
74372,66,66,on_time,0,
74373,66,66,on_time,0,
74374,66,66,on_time,0,
74375,66,66,on_time,0,
74376,66,66,on_time,0,
74377,66,66,on_time,0,
74378,66,66,on_time,0,
74379,66,66,on_time,0,
74380,66,66,on_time,0,
74381,66,66,on_time,0,
74382,66,66,on_time,0,
74383,66,66,on_time,0,
74384,66,66,on_time,0,
74385,66,66,on_time,0,
74386,66,66,on_time,0,
74387,66,66,on_time,0,
74388,66,66,on_time,0,
74389,66,66,on_time,0,
74390,66,66,on_time,0,
74391,66,66,on_time,0,
74392,66,66,on_time,0,
74393,66,66,on_time,0,
74394,66,66,on_time,0,
74395,66,66,on_time,0,
74396,66,66,on_time,0,
74397,66,66,on_time,0,
74398,66,66,on_time,0,
74399,66,66,on_time,0,
74400,66,66,on_time,0,
74401,66,66,on_time,0,
74402,66,66,on_time,0,
74403,66,66,on_time,0,
74404,66,66,on_time,0,
74405,66,66,on_time,0,
74406,66,66,on_time,0,
74407,66,66,on_time,0,
74408,66,66,on_time,0,
74409,66,66,on_time,0,
74410,66,66,on_time,0,
74411,66,66,on_time,0,
74412,66,66,on_time,0,
74413,66,66,on_time,0,
74414,66,66,on_time,0,
74415,66,66,on_time,0,
74416,66,66,on_time,0,
74417,66,66,on_time,0,
74418,66,66,on_time,0,
74419,66,66,on_time,0,
74420,66,66,on_time,0,
74421,66,66,on_time,0,
74422,66,66,on_time,0,
74423,66,66,on_time,0,
74424,66,66,on_time,0,
74425,66,66,on_time,0,
74426,66,66,on_time,0,
74427,66,66,on_time,0,
74428,66,66,on_time,0,
74429,66,66,on_time,0,
74430,66,66,on_time,0,
74431,66,66,on_time,0,
74432,66,66,on_time,0,
74433,66,66,on_time,0,
74434,66,66,on_time,0,
74435,66,66,on_time,0,
74436,66,66,on_time,0,
74437,66,66,on_time,0,
74438,66,66,on_time,0,
74439,66,66,on_time,0,
74440,66,66,on_time,0,
74441,66,66,on_time,0,
74442,66,66,on_time,0,
74443,66,66,on_time,0,
74444,66,66,on_time,0,
74445,66,66,on_time,0,
74446,66,66,on_time,0,
74447,66,66,on_time,0,
74448,66,66,on_time,0,
74449,66,66,on_time,0,
74450,66,66,on_time,0,
74451,66,66,on_time,0,
74452,66,66,on_time,0,
74453,66,66,on_time,0,
74454,66,66,on_time,0,
74455,66,66,on_time,0,
74456,66,66,on_time,0,
74457,66,66,on_time,0,
74458,66,66,on_time,0,
74459,66,66,on_time,0,
74460,66,66,on_time,0,
74461,66,66,on_time,0,
74462,66,66,on_time,0,
74463,66,66,on_time,0,
74464,66,66,on_time,0,
74465,66,66,on_time,0,
74466,66,66,on_time,0,
74467,66,66,on_time,0,
74468,66,66,on_time,0,
74469,66,66,on_time,0,
74470,66,66,on_time,0,
74471,66,66,on_time,0,
74472,66,66,on_time,0,
74473,66,66,on_time,0,
74474,66,66,on_time,0,
74475,66,66,on_time,0,
74476,66,66,on_time,0,
74477,66,66,on_time,0,
74478,66,66,on_time,0,
74479,66,66,on_time,0,
74480,66,66,on_time,0,
74481,66,66,on_time,0,
74482,66,66,on_time,0,
74483,66,66,on_time,0,
74484,66,66,on_time,0,
74485,66,66,on_time,0,
74486,66,66,on_time,0,
74487,66,66,on_time,0,
74488,66,66,on_time,0,
74489,66,66,on_time,0,
74490,66,66,on_time,0,
74491,66,66,on_time,0,
74492,66,66,on_time,0,
74493,66,66,on_time,0,
74494,66,66,on_time,0,
74495,66,66,on_time,0,
74496,66,66,on_time,0,
74497,66,66,on_time,0,
74498,66,66,on_time,0,
74499,66,66,on_time,0,
74500,66,66,on_time,0,
74501,66,66,on_time,0,
74502,66,66,on_time,0,
74503,66,66,on_time,0,
74504,66,66,on_time,0,
74505,66,66,on_time,0,
74506,66,66,on_time,0,
74507,66,66,on_time,0,
74508,66,66,on_time,0,
74509,66,66,on_time,0,
74510,66,66,on_time,0,
74511,66,66,on_time,0,
74512,66,66,on_time,0,
74513,66,66,on_time,0,
74514,66,66,on_time,0,
74515,66,66,on_time,0,
74516,66,66,on_time,0,
74517,66,66,on_time,0,
74518,66,66,on_time,0,
74519,66,66,on_time,0,
74520,66,66,on_time,0,
74521,66,66,on_time,0,
74522,66,66,on_time,0,
74523,66,66,on_time,0,
74524,66,66,on_time,0,
74525,66,66,on_time,0,
74526,66,66,on_time,0,
74527,66,66,on_time,0,
74528,66,66,on_time,0,
74529,66,66,on_time,0,
74530,66,66,on_time,0,
74531,66,66,on_time,0,
74532,66,66,on_time,0,
74533,66,66,on_time,0,
74534,66,66,on_time,0,
74535,66,66,on_time,0,
74536,66,66,on_time,0,
74537,66,66,on_time,0,
74538,66,66,on_time,0,
74539,66,66,on_time,0,
74540,66,66,on_time,0,
74541,66,66,on_time,0,
74542,66,66,on_time,0,
74543,66,66,on_time,0,
74544,66,66,on_time,0,
74545,66,66,on_time,0,
74546,66,66,on_time,0,
74547,66,66,on_time,0,
74548,66,66,on_time,0,
74549,66,66,on_time,0,
74550,66,66,on_time,0,
74551,66,66,on_time,0,
74552,66,66,on_time,0,
74553,66,66,on_time,0,
74554,66,66,on_time,0,
74555,66,66,on_time,0,
74556,66,66,on_time,0,
74557,66,66,on_time,0,
74558,66,66,on_time,0,
74559,66,66,on_time,0,
74560,66,66,on_time,0,
74561,66,66,on_time,0,
74562,66,66,on_time,0,
74563,66,66,on_time,0,
74564,66,66,on_time,0,
74565,66,66,on_time,0,
74566,66,66,on_time,0,
74567,66,66,on_time,0,
74568,66,66,on_time,0,
74569,66,66,on_time,0,
74570,66,66,on_time,0,
74571,66,66,on_time,0,
74572,66,66,on_time,0,
74573,66,66,on_time,0,
74574,66,66,on_time,0,
74575,66,66,on_time,0,
74576,66,66,on_time,0,
74577,66,66,on_time,0,
74578,66,66,on_time,0,
74579,66,66,on_time,0,
74580,66,66,on_time,0,
74581,66,66,on_time,0,
74582,66,66,on_time,0,
74583,66,66,on_time,0,
74584,66,66,on_time,0,
74585,66,66,on_time,0,
74586,66,66,on_time,0,
74587,66,66,on_time,0,
74588,66,66,on_time,0,
74589,66,66,on_time,0,
74590,66,66,on_time,0,
74591,66,66,on_time,0,
74592,66,66,on_time,0,
74593,66,66,on_time,0,
74594,66,66,on_time,0,
74595,66,66,on_time,0,
74596,66,66,on_time,0,
74597,66,66,on_time,0,
74598,66,66,on_time,0,
74599,66,66,on_time,0,
74600,66,66,on_time,0,
74601,66,66,on_time,0,
74602,66,66,on_time,0,
74603,66,66,on_time,0,
74604,66,66,on_time,0,
74605,66,66,on_time,0,
74606,66,66,on_time,0,
74607,66,66,on_time,0,
74608,66,66,on_time,0,
74609,66,66,on_time,0,
74610,66,66,on_time,0,
74611,66,66,on_time,0,
74612,66,66,on_time,0,
74613,66,66,on_time,0,
74614,66,66,on_time,0,
74615,66,66,on_time,0,
74616,66,66,on_time,0,
74617,66,66,on_time,0,
74618,66,66,on_time,0,
74619,66,66,on_time,0,
74620,66,66,on_time,0,
74621,66,66,on_time,0,
74622,66,66,on_time,0,
74623,66,66,on_time,0,
74624,66,66,on_time,0,
74625,66,66,on_time,0,
74626,66,66,on_time,0,
74627,66,66,on_time,0,
74628,66,66,on_time,0,
74629,66,66,on_time,0,
74630,66,66,on_time,0,
74631,66,66,on_time,0,
74632,66,66,on_time,0,
74633,66,66,on_time,0,
74634,66,66,on_time,0,
74635,66,66,on_time,0,
74636,66,66,on_time,0,
74637,66,66,on_time,0,
74638,66,66,on_time,0,
74639,66,66,on_time,0,
74640,66,66,on_time,0,
74641,66,66,on_time,0,
74642,66,66,on_time,0,
74643,66,66,on_time,0,
74644,66,66,on_time,0,
74645,66,66,on_time,0,
74646,66,66,on_time,0,
74647,66,66,on_time,0,
74648,66,66,on_time,0,
74649,66,66,on_time,0,
74650,66,66,on_time,0,
74651,66,66,on_time,0,
74652,66,66,on_time,0,
74653,66,66,on_time,0,
74654,66,66,on_time,0,
74655,66,66,on_time,0,
74656,66,66,on_time,0,
74657,66,66,on_time,0,
74658,66,66,on_time,0,
74659,66,66,on_time,0,
74660,66,66,on_time,0,
74661,66,66,on_time,0,
74662,66,66,on_time,0,
74663,66,66,on_time,0,
74664,66,66,on_time,0,
74665,66,66,on_time,0,
74666,66,66,on_time,0,
74667,66,66,on_time,0,
74668,66,66,on_time,0,
74669,66,66,on_time,0,
74670,66,66,on_time,0,
74671,66,66,on_time,0,
74672,66,66,on_time,0,
74673,66,66,on_time,0,
74674,66,66,on_time,0,
74675,66,66,on_time,0,
74676,66,66,on_time,0,
74677,66,66,on_time,0,
74678,66,66,on_time,0,
74679,66,66,on_time,0,
74680,66,66,on_time,0,
74681,66,66,on_time,0,
74682,66,66,on_time,0,
74683,66,66,on_time,0,
74684,66,66,on_time,0,
74685,66,66,on_time,0,
74686,66,66,on_time,0,
74687,66,66,on_time,0,
74688,66,66,on_time,0,
74689,66,66,on_time,0,
74690,66,66,on_time,0,
74691,66,66,on_time,0,
74692,66,66,on_time,0,
74693,66,66,on_time,0,
74694,66,66,on_time,0,
74695,66,66,on_time,0,
74696,66,66,on_time,0,
74697,66,66,on_time,0,
74698,66,66,on_time,0,
74699,66,66,on_time,0,
74700,66,66,on_time,0,
74701,66,66,on_time,0,
74702,66,66,on_time,0,
74703,66,66,on_time,0,
74704,66,66,on_time,0,
74705,66,66,on_time,0,
74706,66,66,on_time,0,
74707,66,66,on_time,0,
74708,66,66,on_time,0,
74709,66,66,on_time,0,
74710,66,66,on_time,0,
74711,66,66,on_time,0,
74712,66,66,on_time,0,
74713,66,66,on_time,0,
74714,66,66,on_time,0,
74715,66,66,on_time,0,
74716,66,66,on_time,0,
74717,66,66,on_time,0,
74718,66,66,on_time,0,
74719,66,66,on_time,0,
74720,66,66,on_time,0,
74721,66,66,on_time,0,
74722,66,66,on_time,0,
74723,66,66,on_time,0,
74724,66,66,on_time,0,
74725,66,66,on_time,0,
74726,66,66,on_time,0,
74727,66,66,on_time,0,
74728,66,66,on_time,0,
74729,66,66,on_time,0,
74730,66,66,on_time,0,
74731,66,66,on_time,0,
74732,66,66,on_time,0,
74733,66,66,on_time,0,
74734,66,66,on_time,0,
74735,66,66,on_time,0,
74736,66,66,on_time,0,
74737,66,66,on_time,0,
74738,66,66,on_time,0,
74739,66,66,on_time,0,
74740,66,66,on_time,0,
74741,66,66,on_time,0,
74742,66,66,on_time,0,
74743,66,66,on_time,0,
74744,66,66,on_time,0,
74745,66,66,on_time,0,
74746,66,66,on_time,0,
74747,66,66,on_time,0,
74748,66,66,on_time,0,
74749,66,66,on_time,0,
74750,66,66,on_time,0,
74751,66,66,on_time,0,
74752,66,66,on_time,0,
74753,66,66,on_time,0,
74754,66,66,on_time,0,
74755,66,66,on_time,0,
74756,66,66,on_time,0,
74757,66,66,on_time,0,
74758,66,66,on_time,0,
74759,66,66,on_time,0,
74760,66,66,on_time,0,
74761,66,66,on_time,0,
74762,66,66,on_time,0,
74763,66,66,on_time,0,
74764,66,66,on_time,0,
74765,66,66,on_time,0,
74766,66,66,on_time,0,
74767,66,66,on_time,0,
74768,66,66,on_time,0,
74769,66,66,on_time,0,
74770,66,66,on_time,0,
74771,66,66,on_time,0,
74772,66,66,on_time,0,
74773,66,66,on_time,0,
74774,66,66,on_time,0,
74775,66,66,on_time,0,
74776,66,66,on_time,0,
74777,66,66,on_time,0,
74778,66,66,on_time,0,
74779,66,66,on_time,0,
74780,66,66,on_time,0,
74781,66,66,on_time,0,
74782,66,66,on_time,0,
74783,66,66,on_time,0,
74784,66,66,on_time,0,
74785,66,66,on_time,0,
74786,66,66,on_time,0,
74787,66,66,on_time,0,
74788,66,66,on_time,0,
74789,66,66,on_time,0,
74790,66,66,on_time,0,
74791,66,66,on_time,0,
74792,66,66,on_time,0,
74793,66,66,on_time,0,
74794,66,66,on_time,0,
74795,66,66,on_time,0,
74796,66,66,on_time,0,
74797,66,66,on_time,0,
74798,66,66,on_time,0,
74799,66,66,on_time,0,
74800,66,66,on_time,0,
74801,66,66,on_time,0,
74802,66,66,on_time,0,
74803,66,66,on_time,0,
74804,66,66,on_time,0,
74805,66,66,on_time,0,
74806,66,66,on_time,0,
74807,66,66,on_time,0,
74808,66,66,on_time,0,
74809,66,66,on_time,0,
74810,66,66,on_time,0,
74811,66,66,on_time,0,
74812,66,66,on_time,0,
74813,66,66,on_time,0,
74814,66,66,on_time,0,
74815,66,66,on_time,0,
74816,66,66,on_time,0,
74817,66,66,on_time,0,
74818,66,66,on_time,0,
74819,66,66,on_time,0,
74820,66,66,on_time,0,
74821,66,66,on_time,0,
74822,66,66,on_time,0,
74823,66,66,on_time,0,
74824,66,66,on_time,0,
74825,66,66,on_time,0,
74826,66,66,on_time,0,
74827,66,66,on_time,0,
74828,66,66,on_time,0,
74829,66,66,on_time,0,
74830,66,66,on_time,0,
74831,66,66,on_time,0,
74832,66,66,on_time,0,
74833,66,66,on_time,0,
74834,66,66,on_time,0,
74835,66,66,on_time,0,
74836,66,66,on_time,0,
74837,66,66,on_time,0,
74838,66,66,on_time,0,
74839,66,66,on_time,0,
74840,66,66,on_time,0,
74841,66,66,on_time,0,
74842,66,66,on_time,0,
74843,66,66,on_time,0,
74844,66,66,on_time,0,
74845,66,66,on_time,0,
74846,66,66,on_time,0,
74847,66,66,on_time,0,
74848,66,66,on_time,0,
74849,66,66,on_time,0,
74850,66,66,on_time,0,
74851,66,66,on_time,0,
74852,66,66,on_time,0,
74853,66,66,on_time,0,
74854,66,66,on_time,0,
74855,66,66,on_time,0,
74856,66,66,on_time,0,
74857,66,66,on_time,0,
74858,66,66,on_time,0,
74859,66,66,on_time,0,
74860,66,66,on_time,0,
74861,66,66,on_time,0,
74862,66,66,on_time,0,
74863,66,66,on_time,0,
74864,66,66,on_time,0,
74865,66,66,on_time,0,
74866,66,66,on_time,0,
74867,66,66,on_time,0,
74868,66,66,on_time,0,
74869,66,66,on_time,0,
74870,66,66,on_time,0,
74871,66,66,on_time,0,
74872,66,66,on_time,0,
74873,66,66,on_time,0,
74874,66,66,on_time,0,
74875,66,66,on_time,0,
74876,66,66,on_time,0,
74877,66,66,on_time,0,
74878,66,66,on_time,0,
74879,66,66,on_time,0,
74880,66,66,on_time,0,
74881,66,66,on_time,0,
74882,66,66,on_time,0,
74883,66,66,on_time,0,
74884,66,66,on_time,0,
74885,66,66,on_time,0,
74886,66,66,on_time,0,
74887,66,66,on_time,0,
74888,66,66,on_time,0,
74889,66,66,on_time,0,
74890,66,66,on_time,0,
74891,66,66,on_time,0,
74892,66,66,on_time,0,
74893,66,66,on_time,0,
74894,66,66,on_time,0,
74895,66,66,on_time,0,
74896,66,66,on_time,0,
74897,66,66,on_time,0,
74898,66,66,on_time,0,
74899,66,66,on_time,0,
74900,66,66,on_time,0,
74901,66,66,on_time,0,
74902,66,66,on_time,0,
74903,66,66,on_time,0,
74904,66,66,on_time,0,
74905,66,66,on_time,0,
74906,66,66,on_time,0,
74907,66,66,on_time,0,
74908,66,66,on_time,0,
74909,66,66,on_time,0,
74910,66,66,on_time,0,
74911,66,66,on_time,0,
74912,66,66,on_time,0,
74913,66,66,on_time,0,
74914,66,66,on_time,0,
74915,66,66,on_time,0,
74916,66,66,on_time,0,
74917,66,66,on_time,0,
74918,66,66,on_time,0,
74919,66,66,on_time,0,
74920,66,66,on_time,0,
74921,66,66,on_time,0,
74922,66,66,on_time,0,
74923,66,66,on_time,0,
74924,66,66,on_time,0,
74925,66,66,on_time,0,
74926,66,66,on_time,0,
74927,66,66,on_time,0,
74928,66,66,on_time,0,
74929,66,66,on_time,0,
74930,66,66,on_time,0,
74931,66,66,on_time,0,
74932,66,66,on_time,0,
74933,66,66,on_time,0,
74934,66,66,on_time,0,
74935,66,66,on_time,0,
74936,66,66,on_time,0,
74937,66,66,on_time,0,
74938,66,66,on_time,0,
74939,66,66,on_time,0,
74940,66,66,on_time,0,
74941,66,66,on_time,0,
74942,66,66,on_time,0,
74943,66,66,on_time,0,
74944,66,66,on_time,0,
74945,66,66,on_time,0,
74946,66,66,on_time,0,
74947,66,66,on_time,0,
74948,66,66,on_time,0,
74949,66,66,on_time,0,
74950,66,66,on_time,0,
74951,66,66,on_time,0,
74952,66,66,on_time,0,
74953,66,66,on_time,0,
74954,66,66,on_time,0,
74955,66,66,on_time,0,
74956,66,66,on_time,0,
74957,66,66,on_time,0,
74958,66,66,on_time,0,
74959,66,66,on_time,0,
74960,66,66,on_time,0,
74961,66,66,on_time,0,
74962,66,66,on_time,0,
74963,66,66,on_time,0,
74964,66,66,on_time,0,
74965,66,66,on_time,0,
74966,66,66,on_time,0,
74967,66,66,on_time,0,
74968,66,66,on_time,0,
74969,66,66,on_time,0,
74970,66,66,on_time,0,
74971,66,66,on_time,0,
74972,66,66,on_time,0,
74973,66,66,on_time,0,
74974,66,66,on_time,0,
74975,66,66,on_time,0,
74976,66,66,on_time,0,
74977,66,66,on_time,0,
74978,66,66,on_time,0,
74979,66,66,on_time,0,
74980,66,66,on_time,0,
74981,66,66,on_time,0,
74982,66,66,on_time,0,
74983,66,66,on_time,0,
74984,66,66,on_time,0,
74985,66,66,on_time,0,
74986,66,66,on_time,0,
74987,66,66,on_time,0,
74988,66,66,on_time,0,
74989,66,66,on_time,0,
74990,66,66,on_time,0,
74991,66,66,on_time,0,
74992,66,66,on_time,0,
74993,66,66,on_time,0,
74994,66,66,on_time,0,
74995,66,66,on_time,0,
74996,66,66,on_time,0,
74997,66,66,on_time,0,
74998,66,66,on_time,0,
74999,66,66,on_time,0,
75000,66,66,on_time,0,
75001,66,66,on_time,0,
75002,66,66,on_time,0,
75003,66,66,on_time,0,
75004,66,66,on_time,0,
75005,66,66,on_time,0,
75006,66,66,on_time,0,
75007,66,66,on_time,0,
75008,66,66,on_time,0,
75009,66,66,on_time,0,
75010,66,66,on_time,0,
75011,66,66,on_time,0,
75012,66,66,on_time,0,
75013,66,66,on_time,0,
75014,66,66,on_time,0,
75015,66,66,on_time,0,
75016,66,66,on_time,0,
75017,66,66,on_time,0,
75018,66,66,on_time,0,
75019,66,66,on_time,0,
75020,66,66,on_time,0,
75021,66,66,on_time,0,
75022,66,66,on_time,0,
75023,66,66,on_time,0,
75024,66,66,on_time,0,
75025,66,66,on_time,0,
75026,66,66,on_time,0,
75027,66,66,on_time,0,
75028,66,66,on_time,0,
75029,66,66,on_time,0,
75030,66,66,on_time,0,
75031,66,66,on_time,0,
75032,66,66,on_time,0,
75033,66,66,on_time,0,
75034,66,66,on_time,0,
75035,66,66,on_time,0,
75036,66,66,on_time,0,
75037,66,66,on_time,0,
75038,66,66,on_time,0,
75039,66,66,on_time,0,
75040,66,66,on_time,0,
75041,66,66,on_time,0,
75042,66,66,on_time,0,
75043,66,66,on_time,0,
75044,66,66,on_time,0,
75045,66,66,on_time,0,
75046,66,66,on_time,0,
75047,66,66,on_time,0,
75048,66,66,on_time,0,
75049,66,66,on_time,0,
75050,66,66,on_time,0,
75051,66,66,on_time,0,
75052,66,66,on_time,0,
75053,66,66,on_time,0,
75054,66,66,on_time,0,
75055,66,66,on_time,0,
75056,66,66,on_time,0,
75057,66,66,on_time,0,
75058,66,66,on_time,0,
75059,66,66,on_time,0,
75060,66,66,on_time,0,
75061,66,66,on_time,0,
75062,66,66,on_time,0,
75063,66,66,on_time,0,
75064,66,66,on_time,0,
75065,66,66,on_time,0,
75066,66,66,on_time,0,
75067,66,66,on_time,0,
75068,66,66,on_time,0,
75069,66,66,on_time,0,
75070,66,66,on_time,0,
75071,66,66,on_time,0,
75072,66,66,on_time,0,
75073,66,66,on_time,0,
75074,66,66,on_time,0,
75075,66,66,on_time,0,
75076,66,66,on_time,0,
75077,66,66,on_time,0,
75078,66,66,on_time,0,
75079,66,66,on_time,0,
75080,66,66,on_time,0,
75081,66,66,on_time,0,
75082,66,66,on_time,0,
75083,66,66,on_time,0,
75084,66,66,on_time,0,
75085,66,66,on_time,0,
75086,66,66,on_time,0,
75087,66,66,on_time,0,
75088,66,66,on_time,0,
75089,66,66,on_time,0,
75090,66,66,on_time,0,
75091,66,66,on_time,0,
75092,66,66,on_time,0,
75093,66,66,on_time,0,
75094,66,66,on_time,0,
75095,66,66,on_time,0,
75096,66,66,on_time,0,
75097,66,66,on_time,0,
75098,66,66,on_time,0,
75099,66,66,on_time,0,
75100,66,66,on_time,0,
75101,66,66,on_time,0,
75102,66,66,on_time,0,
75103,66,66,on_time,0,
75104,66,66,on_time,0,
75105,66,66,on_time,0,
75106,66,66,on_time,0,
75107,66,66,on_time,0,
75108,66,66,on_time,0,
75109,66,66,on_time,0,
75110,66,66,on_time,0,
75111,66,66,on_time,0,
75112,66,66,on_time,0,
75113,66,66,on_time,0,
75114,66,66,on_time,0,
75115,66,66,on_time,0,
75116,66,66,on_time,0,
75117,66,66,on_time,0,
75118,66,66,on_time,0,
75119,66,66,on_time,0,
75120,66,66,on_time,0,
75121,66,66,on_time,0,
75122,66,66,on_time,0,
75123,66,66,on_time,0,
75124,66,66,on_time,0,
75125,66,66,on_time,0,
75126,66,66,on_time,0,
75127,66,66,on_time,0,
75128,66,66,on_time,0,
75129,66,66,on_time,0,
75130,66,66,on_time,0,
75131,66,66,on_time,0,
75132,66,66,on_time,0,
75133,66,66,on_time,0,
75134,66,66,on_time,0,
75135,66,66,on_time,0,
75136,66,66,on_time,0,
75137,66,66,on_time,0,
75138,66,66,on_time,0,
75139,66,66,on_time,0,
75140,66,66,on_time,0,
75141,66,66,on_time,0,
75142,66,66,on_time,0,
75143,66,66,on_time,0,
75144,66,66,on_time,0,
75145,66,66,on_time,0,
75146,66,66,on_time,0,
75147,66,66,on_time,0,
75148,66,66,on_time,0,
75149,66,66,on_time,0,
75150,66,66,on_time,0,
75151,66,66,on_time,0,
75152,66,66,on_time,0,
75153,66,66,on_time,0,
75154,66,66,on_time,0,
75155,66,66,on_time,0,
75156,66,66,on_time,0,
75157,66,66,on_time,0,
75158,66,66,on_time,0,
75159,66,66,on_time,0,
75160,66,66,on_time,0,
75161,66,66,on_time,0,
75162,66,66,on_time,0,
75163,66,66,on_time,0,
75164,66,66,on_time,0,
75165,66,66,on_time,0,
75166,66,66,on_time,0,
75167,66,66,on_time,0,
75168,66,66,on_time,0,
75169,66,66,on_time,0,
75170,66,66,on_time,0,
75171,66,66,on_time,0,
75172,66,66,on_time,0,
75173,66,66,on_time,0,
75174,66,66,on_time,0,
75175,66,66,on_time,0,
75176,66,66,on_time,0,
75177,66,66,on_time,0,
75178,66,66,on_time,0,
75179,66,66,on_time,0,
75180,66,66,on_time,0,
75181,66,66,on_time,0,
75182,66,66,on_time,0,
75183,66,66,on_time,0,
75184,66,66,on_time,0,
75185,66,66,on_time,0,
75186,66,66,on_time,0,
75187,66,66,on_time,0,
75188,66,66,on_time,0,
75189,66,66,on_time,0,
75190,66,66,on_time,0,
75191,66,66,on_time,0,
75192,66,66,on_time,0,
75193,66,66,on_time,0,
75194,66,66,on_time,0,
75195,66,66,on_time,0,
75196,66,66,on_time,0,
75197,66,66,on_time,0,
75198,66,66,on_time,0,
75199,66,66,on_time,0,
75200,66,66,on_time,0,
75201,66,66,on_time,0,
75202,66,66,on_time,0,
75203,66,66,on_time,0,
75204,66,66,on_time,0,
75205,66,66,on_time,0,
75206,66,66,on_time,0,
75207,66,66,on_time,0,
75208,66,66,on_time,0,
75209,66,66,on_time,0,
75210,66,66,on_time,0,
75211,66,66,on_time,0,
75212,66,66,on_time,0,
75213,66,66,on_time,0,
75214,66,66,on_time,0,
75215,66,66,on_time,0,
75216,66,66,on_time,0,
75217,66,66,on_time,0,
75218,66,66,on_time,0,
75219,66,66,on_time,0,
75220,66,66,on_time,0,
75221,66,66,on_time,0,
75222,66,66,on_time,0,
75223,66,66,on_time,0,
75224,66,66,on_time,0,
75225,66,66,on_time,0,
75226,66,66,on_time,0,
75227,66,66,on_time,0,
75228,66,66,on_time,0,
75229,66,66,on_time,0,
75230,66,66,on_time,0,
75231,66,66,on_time,0,
75232,66,66,on_time,0,
75233,66,66,on_time,0,
75234,66,66,on_time,0,
75235,66,66,on_time,0,
75236,66,66,on_time,0,
75237,66,66,on_time,0,
75238,66,66,on_time,0,
75239,66,66,on_time,0,
75240,66,66,on_time,0,
75241,66,66,on_time,0,
75242,66,66,on_time,0,
75243,66,66,on_time,0,
75244,66,66,on_time,0,
75245,66,66,on_time,0,
75246,66,66,on_time,0,
75247,66,66,on_time,0,
75248,66,66,on_time,0,
75249,66,66,on_time,0,
75250,66,66,on_time,0,
75251,66,66,on_time,0,
75252,66,66,on_time,0,
75253,66,66,on_time,0,
75254,66,66,on_time,0,
75255,66,66,on_time,0,
75256,66,66,on_time,0,
75257,66,66,on_time,0,
75258,66,66,on_time,0,
75259,66,66,on_time,0,
75260,66,66,on_time,0,
75261,66,66,on_time,0,
75262,66,66,on_time,0,
75263,66,66,on_time,0,
75264,66,66,on_time,0,
75265,66,66,on_time,0,
75266,66,66,on_time,0,
75267,66,66,on_time,0,
75268,66,66,on_time,0,
75269,66,66,on_time,0,
75270,66,66,on_time,0,
75271,66,66,on_time,0,
75272,66,66,on_time,0,
75273,66,66,on_time,0,
75274,66,66,on_time,0,
75275,66,66,on_time,0,
75276,66,66,on_time,0,
75277,66,66,on_time,0,
75278,66,66,on_time,0,
75279,66,66,on_time,0,
75280,66,66,on_time,0,
75281,66,66,on_time,0,
75282,66,66,on_time,0,
75283,66,66,on_time,0,
75284,66,66,on_time,0,
75285,66,66,on_time,0,
75286,66,66,on_time,0,
75287,66,66,on_time,0,
75288,66,66,on_time,0,
75289,66,66,on_time,0,
75290,66,66,on_time,0,
75291,66,66,on_time,0,
75292,66,66,on_time,0,
75293,66,66,on_time,0,
75294,66,66,on_time,0,
75295,66,66,on_time,0,
75296,66,66,on_time,0,
75297,66,66,on_time,0,
75298,66,66,on_time,0,
75299,66,66,on_time,0,
75300,66,66,on_time,0,
75301,66,66,on_time,0,
75302,66,66,on_time,0,
75303,66,66,on_time,0,
75304,66,66,on_time,0,
75305,66,66,on_time,0,
75306,66,66,on_time,0,
75307,66,66,on_time,0,
75308,66,66,on_time,0,
75309,66,66,on_time,0,
75310,66,66,on_time,0,
75311,66,66,on_time,0,
75312,66,66,on_time,0,
75313,66,66,on_time,0,
75314,66,66,on_time,0,
75315,66,66,on_time,0,
75316,66,66,on_time,0,
75317,66,66,on_time,0,
75318,66,66,on_time,0,
75319,66,66,on_time,0,
75320,66,66,on_time,0,
75321,66,66,on_time,0,
75322,66,66,on_time,0,
75323,66,66,on_time,0,
75324,66,66,on_time,0,
75325,66,66,on_time,0,
75326,66,66,on_time,0,
75327,66,66,on_time,0,
75328,66,66,on_time,0,
75329,66,66,on_time,0,
75330,66,66,on_time,0,
75331,66,66,on_time,0,
75332,66,66,on_time,0,
75333,66,66,on_time,0,
75334,66,66,on_time,0,
75335,66,66,on_time,0,
75336,66,66,on_time,0,
75337,66,66,on_time,0,
75338,66,66,on_time,0,
75339,66,66,on_time,0,
75340,66,66,on_time,0,
75341,66,66,on_time,0,
75342,66,66,on_time,0,
75343,66,66,on_time,0,
75344,66,66,on_time,0,
75345,66,66,on_time,0,
75346,66,66,on_time,0,
75347,66,66,on_time,0,
75348,66,66,on_time,0,
75349,66,66,on_time,0,
75350,66,66,on_time,0,
75351,66,66,on_time,0,
75352,66,66,on_time,0,
75353,66,66,on_time,0,
75354,66,66,on_time,0,
75355,66,66,on_time,0,
75356,66,66,on_time,0,
75357,66,66,on_time,0,
75358,66,66,on_time,0,
75359,66,66,on_time,0,
75360,66,66,on_time,0,
75361,66,66,on_time,0,
75362,66,66,on_time,0,
75363,66,66,on_time,0,
75364,66,66,on_time,0,
75365,66,66,on_time,0,
75366,66,66,on_time,0,
75367,66,66,on_time,0,
75368,66,66,on_time,0,
75369,66,66,on_time,0,
75370,66,66,on_time,0,
75371,66,66,on_time,0,
75372,66,66,on_time,0,
75373,66,66,on_time,0,
75374,66,66,on_time,0,
75375,66,66,on_time,0,
75376,66,66,on_time,0,
75377,66,66,on_time,0,
75378,66,66,on_time,0,
75379,66,66,on_time,0,
75380,66,66,on_time,0,
75381,66,66,on_time,0,
75382,66,66,on_time,0,
75383,66,66,on_time,0,
75384,66,66,on_time,0,
75385,66,66,on_time,0,
75386,66,66,on_time,0,
75387,66,66,on_time,0,
75388,66,66,on_time,0,
75389,66,66,on_time,0,
75390,66,66,on_time,0,
75391,66,66,on_time,0,
75392,66,66,on_time,0,
75393,66,66,on_time,0,
75394,66,66,on_time,0,
75395,66,66,on_time,0,
75396,66,66,on_time,0,
75397,66,66,on_time,0,
75398,66,66,on_time,0,
75399,66,66,on_time,0,
75400,66,66,on_time,0,
75401,66,66,on_time,0,
75402,66,66,on_time,0,
75403,66,66,on_time,0,
75404,66,66,on_time,0,
75405,66,66,on_time,0,
75406,66,66,on_time,0,
75407,66,66,on_time,0,
75408,66,66,on_time,0,
75409,66,66,on_time,0,
75410,66,66,on_time,0,
75411,66,66,on_time,0,
75412,66,66,on_time,0,
75413,66,66,on_time,0,
75414,66,66,on_time,0,
75415,66,66,on_time,0,
75416,66,66,on_time,0,
75417,66,66,on_time,0,
75418,66,66,on_time,0,
75419,66,66,on_time,0,
75420,66,66,on_time,0,
75421,66,66,on_time,0,
75422,66,66,on_time,0,
75423,66,66,on_time,0,
75424,66,66,on_time,0,
75425,66,66,on_time,0,
75426,66,66,on_time,0,
75427,66,66,on_time,0,
75428,66,66,on_time,0,
75429,66,66,on_time,0,
75430,66,66,on_time,0,
75431,66,66,on_time,0,
75432,66,66,on_time,0,
75433,66,66,on_time,0,
75434,66,66,on_time,0,
75435,66,66,on_time,0,
75436,66,66,on_time,0,
75437,66,66,on_time,0,
75438,66,66,on_time,0,
75439,66,66,on_time,0,
75440,66,66,on_time,0,
75441,66,66,on_time,0,
75442,66,66,on_time,0,
75443,66,66,on_time,0,
75444,66,66,on_time,0,
75445,66,66,on_time,0,
75446,66,66,on_time,0,
75447,66,66,on_time,0,
75448,66,66,on_time,0,
75449,66,66,on_time,0,
75450,66,66,on_time,0,
75451,66,66,on_time,0,
75452,66,66,on_time,0,
75453,66,66,on_time,0,
75454,66,66,on_time,0,
75455,66,66,on_time,0,
75456,66,66,on_time,0,
75457,66,66,on_time,0,
75458,66,66,on_time,0,
75459,66,66,on_time,0,
75460,66,66,on_time,0,
75461,66,66,on_time,0,
75462,66,66,on_time,0,
75463,66,66,on_time,0,
75464,66,66,on_time,0,
75465,66,66,on_time,0,
75466,66,66,on_time,0,
75467,66,66,on_time,0,
75468,66,66,on_time,0,
75469,66,66,on_time,0,
75470,66,66,on_time,0,
75471,66,66,on_time,0,
75472,66,66,on_time,0,
75473,66,66,on_time,0,
75474,66,66,on_time,0,
75475,66,66,on_time,0,
75476,66,66,on_time,0,
75477,66,66,on_time,0,
75478,66,66,on_time,0,
75479,66,66,on_time,0,
75480,66,66,on_time,0,
75481,66,66,on_time,0,
75482,66,66,on_time,0,
75483,66,66,on_time,0,
75484,66,66,on_time,0,
75485,66,66,on_time,0,
75486,66,66,on_time,0,
75487,66,66,on_time,0,
75488,66,66,on_time,0,
75489,66,66,on_time,0,
75490,66,66,on_time,0,
75491,66,66,on_time,0,
75492,66,66,on_time,0,
75493,66,66,on_time,0,
75494,66,66,on_time,0,
75495,66,66,on_time,0,
75496,66,66,on_time,0,
75497,66,66,on_time,0,
75498,66,66,on_time,0,
75499,66,66,on_time,0,
75500,66,66,on_time,0,
75501,66,66,on_time,0,
75502,66,66,on_time,0,
75503,66,66,on_time,0,
75504,66,66,on_time,0,
75505,66,66,on_time,0,
75506,66,66,on_time,0,
75507,66,66,on_time,0,
75508,66,66,on_time,0,
75509,66,66,on_time,0,
75510,66,66,on_time,0,
75511,66,66,on_time,0,
75512,66,66,on_time,0,
75513,66,66,on_time,0,
75514,66,66,on_time,0,
75515,66,66,on_time,0,
75516,66,66,on_time,0,
75517,66,66,on_time,0,
75518,66,66,on_time,0,
75519,66,66,on_time,0,
75520,66,66,on_time,0,
75521,66,66,on_time,0,
75522,66,66,on_time,0,
75523,66,66,on_time,0,
75524,66,66,on_time,0,
75525,66,66,on_time,0,
75526,66,66,on_time,0,
75527,66,66,on_time,0,
75528,66,66,on_time,0,
75529,66,66,on_time,0,
75530,66,66,on_time,0,
75531,66,66,on_time,0,
75532,66,66,on_time,0,
75533,66,66,on_time,0,
75534,66,66,on_time,0,
75535,66,66,on_time,0,
75536,66,66,on_time,0,
75537,66,66,on_time,0,
75538,66,66,on_time,0,
75539,66,66,on_time,0,
75540,66,66,on_time,0,
75541,66,66,on_time,0,
75542,66,66,on_time,0,
75543,66,66,on_time,0,
75544,66,66,on_time,0,
75545,66,66,on_time,0,
75546,66,66,on_time,0,
75547,66,66,on_time,0,
75548,66,66,on_time,0,
75549,66,66,on_time,0,
75550,66,66,on_time,0,
75551,66,66,on_time,0,
75552,66,66,on_time,0,
75553,66,66,on_time,0,
75554,66,66,on_time,0,
75555,66,66,on_time,0,
75556,66,66,on_time,0,
75557,66,66,on_time,0,
75558,66,66,on_time,0,
75559,66,66,on_time,0,
75560,66,66,on_time,0,
75561,66,66,on_time,0,
75562,66,66,on_time,0,
75563,66,66,on_time,0,
75564,66,66,on_time,0,
75565,66,66,on_time,0,
75566,66,66,on_time,0,
75567,66,66,on_time,0,
75568,66,66,on_time,0,
75569,66,66,on_time,0,
75570,66,66,on_time,0,
75571,66,66,on_time,0,
75572,66,66,on_time,0,
75573,66,66,on_time,0,
75574,66,66,on_time,0,
75575,66,66,on_time,0,
75576,66,66,on_time,0,
75577,66,66,on_time,0,
75578,66,66,on_time,0,
75579,66,66,on_time,0,
75580,66,66,on_time,0,
75581,66,66,on_time,0,
75582,66,66,on_time,0,
75583,66,66,on_time,0,
75584,66,66,on_time,0,
75585,66,66,on_time,0,
75586,66,66,on_time,0,
75587,66,66,on_time,0,
75588,66,66,on_time,0,
75589,66,66,on_time,0,
75590,66,66,on_time,0,
75591,66,66,on_time,0,
75592,66,66,on_time,0,
75593,66,66,on_time,0,
75594,66,66,on_time,0,
75595,66,66,on_time,0,
75596,66,66,on_time,0,
75597,66,66,on_time,0,
75598,66,66,on_time,0,
75599,66,66,on_time,0,
75600,66,66,on_time,0,
75601,66,66,on_time,0,
75602,66,66,on_time,0,
75603,66,66,on_time,0,
75604,66,66,on_time,0,
75605,66,66,on_time,0,
75606,66,66,on_time,0,
75607,66,66,on_time,0,
75608,66,66,on_time,0,
75609,66,66,on_time,0,
75610,66,66,on_time,0,
75611,66,66,on_time,0,
75612,66,66,on_time,0,
75613,66,66,on_time,0,
75614,66,66,on_time,0,
75615,66,66,on_time,0,
75616,66,66,on_time,0,
75617,66,66,on_time,0,
75618,66,66,on_time,0,
75619,66,66,on_time,0,
75620,66,66,on_time,0,
75621,66,66,on_time,0,
75622,66,66,on_time,0,
75623,66,66,on_time,0,
75624,66,66,on_time,0,
75625,66,66,on_time,0,
75626,66,66,on_time,0,
75627,66,66,on_time,0,
75628,66,66,on_time,0,
75629,66,66,on_time,0,
75630,66,66,on_time,0,
75631,66,66,on_time,0,
75632,66,66,on_time,0,
75633,66,66,on_time,0,
75634,66,66,on_time,0,
75635,66,66,on_time,0,
75636,66,66,on_time,0,
75637,66,66,on_time,0,
75638,66,66,on_time,0,
75639,66,66,on_time,0,
75640,66,66,on_time,0,
75641,66,66,on_time,0,
75642,66,66,on_time,0,
75643,66,66,on_time,0,
75644,66,66,on_time,0,
75645,66,66,on_time,0,
75646,66,66,on_time,0,
75647,66,66,on_time,0,
75648,66,66,on_time,0,
75649,66,66,on_time,0,
75650,66,66,on_time,0,
75651,66,66,on_time,0,
75652,66,66,on_time,0,
75653,66,66,on_time,0,
75654,66,66,on_time,0,
75655,66,66,on_time,0,
75656,66,66,on_time,0,
75657,66,66,on_time,0,
75658,66,66,on_time,0,
75659,66,66,on_time,0,
75660,66,66,on_time,0,
75661,66,66,on_time,0,
75662,66,66,on_time,0,
75663,66,66,on_time,0,
75664,66,66,on_time,0,
75665,66,66,on_time,0,
75666,66,66,on_time,0,
75667,66,66,on_time,0,
75668,66,66,on_time,0,
75669,66,66,on_time,0,
75670,66,66,on_time,0,
75671,66,66,on_time,0,
75672,66,66,on_time,0,
75673,66,66,on_time,0,
75674,66,66,on_time,0,
75675,66,66,on_time,0,
75676,66,66,on_time,0,
75677,66,66,on_time,0,
75678,66,66,on_time,0,
75679,66,66,on_time,0,
75680,66,66,on_time,0,
75681,66,66,on_time,0,
75682,66,66,on_time,0,
75683,66,66,on_time,0,
75684,66,66,on_time,0,
75685,66,66,on_time,0,
75686,66,66,on_time,0,
75687,66,66,on_time,0,
75688,66,66,on_time,0,
75689,66,66,on_time,0,
75690,66,66,on_time,0,
75691,66,66,on_time,0,
75692,66,66,on_time,0,
75693,66,66,on_time,0,
75694,66,66,on_time,0,
75695,66,66,on_time,0,
75696,66,66,on_time,0,
75697,66,66,on_time,0,
75698,66,66,on_time,0,
75699,66,66,on_time,0,
75700,66,66,on_time,0,
75701,66,66,on_time,0,
75702,66,66,on_time,0,
75703,66,66,on_time,0,
75704,66,66,on_time,0,
75705,66,66,on_time,0,
75706,66,66,on_time,0,
75707,66,66,on_time,0,
75708,66,66,on_time,0,
75709,66,66,on_time,0,
75710,66,66,on_time,0,
75711,66,66,on_time,0,
75712,66,66,on_time,0,
75713,66,66,on_time,0,
75714,66,66,on_time,0,
75715,66,66,on_time,0,
75716,66,66,on_time,0,
75717,66,66,on_time,0,
75718,66,66,on_time,0,
75719,66,66,on_time,0,
75720,66,66,on_time,0,
75721,66,66,on_time,0,
75722,66,66,on_time,0,
75723,66,66,on_time,0,
75724,66,66,on_time,0,
75725,66,66,on_time,0,
75726,66,66,on_time,0,
75727,66,66,on_time,0,
75728,66,66,on_time,0,
75729,66,66,on_time,0,
75730,66,66,on_time,0,
75731,66,66,on_time,0,
75732,66,66,on_time,0,
75733,66,66,on_time,0,
75734,66,66,on_time,0,
75735,66,66,on_time,0,
75736,66,66,on_time,0,
75737,66,66,on_time,0,
75738,66,66,on_time,0,
75739,66,66,on_time,0,
75740,66,66,on_time,0,
75741,66,66,on_time,0,
75742,66,66,on_time,0,
75743,66,66,on_time,0,
75744,66,66,on_time,0,
75745,66,66,on_time,0,
75746,66,66,on_time,0,
75747,66,66,on_time,0,
75748,66,66,on_time,0,
75749,66,66,on_time,0,
75750,66,66,on_time,0,
75751,66,66,on_time,0,
75752,66,66,on_time,0,
75753,66,66,on_time,0,
75754,66,66,on_time,0,
75755,66,66,on_time,0,
75756,66,66,on_time,0,
75757,66,66,on_time,0,
75758,66,66,on_time,0,
75759,66,66,on_time,0,
75760,66,66,on_time,0,
75761,66,66,on_time,0,
75762,66,66,on_time,0,
75763,66,66,on_time,0,
75764,66,66,on_time,0,
75765,66,66,on_time,0,
75766,66,66,on_time,0,
75767,66,66,on_time,0,
75768,66,66,on_time,0,
75769,66,66,on_time,0,
75770,66,66,on_time,0,
75771,66,66,on_time,0,
75772,66,66,on_time,0,
75773,66,66,on_time,0,
75774,66,66,on_time,0,
75775,66,66,on_time,0,
75776,66,66,on_time,0,
75777,66,66,on_time,0,
75778,66,66,on_time,0,
75779,66,66,on_time,0,
75780,66,66,on_time,0,
75781,66,66,on_time,0,
75782,66,66,on_time,0,
75783,66,66,on_time,0,
75784,66,66,on_time,0,
75785,66,66,on_time,0,
75786,66,66,on_time,0,
75787,66,66,on_time,0,
75788,66,66,on_time,0,
75789,66,66,on_time,0,
75790,66,66,on_time,0,
75791,66,66,on_time,0,
75792,66,66,on_time,0,
75793,66,66,on_time,0,
75794,66,66,on_time,0,
75795,66,66,on_time,0,
75796,66,66,on_time,0,
75797,66,66,on_time,0,
75798,66,66,on_time,0,
75799,66,66,on_time,0,
75800,66,66,on_time,0,
75801,66,66,on_time,0,
75802,66,66,on_time,0,
75803,66,66,on_time,0,
75804,66,66,on_time,0,
75805,66,66,on_time,0,
75806,66,66,on_time,0,
75807,66,66,on_time,0,
75808,66,66,on_time,0,
75809,66,66,on_time,0,
75810,66,66,on_time,0,
75811,66,66,on_time,0,
75812,66,66,on_time,0,
75813,66,66,on_time,0,
75814,66,66,on_time,0,
75815,66,66,on_time,0,
75816,66,66,on_time,0,
75817,66,66,on_time,0,
75818,66,66,on_time,0,
75819,66,66,on_time,0,
75820,66,66,on_time,0,
75821,66,66,on_time,0,
75822,66,66,on_time,0,
75823,66,66,on_time,0,
75824,66,66,on_time,0,
75825,66,66,on_time,0,
75826,66,66,on_time,0,
75827,66,66,on_time,0,
75828,66,66,on_time,0,
75829,66,66,on_time,0,
75830,66,66,on_time,0,
75831,66,66,on_time,0,
75832,66,66,on_time,0,
75833,66,66,on_time,0,
75834,66,66,on_time,0,
75835,66,66,on_time,0,
75836,66,66,on_time,0,
75837,66,66,on_time,0,
75838,66,66,on_time,0,
75839,66,66,on_time,0,
75840,66,66,on_time,0,
75841,66,66,on_time,0,
75842,66,66,on_time,0,
75843,66,66,on_time,0,
75844,66,66,on_time,0,
75845,66,66,on_time,0,
75846,66,66,on_time,0,
75847,66,66,on_time,0,
75848,66,66,on_time,0,
75849,66,66,on_time,0,
75850,66,66,on_time,0,
75851,66,66,on_time,0,
75852,66,66,on_time,0,
75853,66,66,on_time,0,
75854,66,66,on_time,0,
75855,66,66,on_time,0,
75856,66,66,on_time,0,
75857,66,66,on_time,0,
75858,66,66,on_time,0,
75859,66,66,on_time,0,
75860,66,66,on_time,0,
75861,66,66,on_time,0,
75862,66,66,on_time,0,
75863,66,66,on_time,0,
75864,66,66,on_time,0,
75865,66,66,on_time,0,
75866,66,66,on_time,0,
75867,66,66,on_time,0,
75868,66,66,on_time,0,
75869,66,66,on_time,0,
75870,66,66,on_time,0,
75871,66,66,on_time,0,
75872,66,66,on_time,0,
75873,66,66,on_time,0,
75874,66,66,on_time,0,
75875,66,66,on_time,0,
75876,66,66,on_time,0,
75877,66,66,on_time,0,
75878,66,66,on_time,0,
75879,66,66,on_time,0,
75880,66,66,on_time,0,
75881,66,66,on_time,0,
75882,66,66,on_time,0,
75883,66,66,on_time,0,
75884,66,66,on_time,0,
75885,66,66,on_time,0,
75886,66,66,on_time,0,
75887,66,66,on_time,0,
75888,66,66,on_time,0,
75889,66,66,on_time,0,
75890,66,66,on_time,0,
75891,66,66,on_time,0,
75892,66,66,on_time,0,
75893,66,66,on_time,0,
75894,66,66,on_time,0,
75895,66,66,on_time,0,
75896,66,66,on_time,0,
75897,66,66,on_time,0,
75898,66,66,on_time,0,
75899,66,66,on_time,0,
75900,66,66,on_time,0,
75901,66,66,on_time,0,
75902,66,66,on_time,0,
75903,66,66,on_time,0,
75904,66,66,on_time,0,
75905,66,66,on_time,0,
75906,66,66,on_time,0,
75907,66,66,on_time,0,
75908,66,66,on_time,0,
75909,66,66,on_time,0,
75910,66,66,on_time,0,
75911,66,66,on_time,0,
75912,66,66,on_time,0,
75913,66,66,on_time,0,
75914,66,66,on_time,0,
75915,66,66,on_time,0,
75916,66,66,on_time,0,
75917,66,66,on_time,0,
75918,66,66,on_time,0,
75919,66,66,on_time,0,
75920,66,66,on_time,0,
75921,66,66,on_time,0,
75922,66,66,on_time,0,
75923,66,66,on_time,0,
75924,66,66,on_time,0,
75925,66,66,on_time,0,
75926,66,66,on_time,0,
75927,66,66,on_time,0,
75928,66,66,on_time,0,
75929,66,66,on_time,0,
75930,66,66,on_time,0,
75931,66,66,on_time,0,
75932,66,66,on_time,0,
75933,66,66,on_time,0,
75934,66,66,on_time,0,
75935,66,66,on_time,0,
75936,66,66,on_time,0,
75937,66,66,on_time,0,
75938,66,66,on_time,0,
75939,66,66,on_time,0,
75940,66,66,on_time,0,
75941,66,66,on_time,0,
75942,66,66,on_time,0,
75943,66,66,on_time,0,
75944,66,66,on_time,0,
75945,66,66,on_time,0,
75946,66,66,on_time,0,
75947,66,66,on_time,0,
75948,66,66,on_time,0,
75949,66,66,on_time,0,
75950,66,66,on_time,0,
75951,66,66,on_time,0,
75952,66,66,on_time,0,
75953,66,66,on_time,0,
75954,66,66,on_time,0,
75955,66,66,on_time,0,
75956,66,66,on_time,0,
75957,66,66,on_time,0,
75958,66,66,on_time,0,
75959,66,66,on_time,0,
75960,66,66,on_time,0,
75961,66,66,on_time,0,
75962,66,66,on_time,0,
75963,66,66,on_time,0,
75964,66,66,on_time,0,
75965,66,66,on_time,0,
75966,66,66,on_time,0,
75967,66,66,on_time,0,
75968,66,66,on_time,0,
75969,66,66,on_time,0,
75970,66,66,on_time,0,
75971,66,66,on_time,0,
75972,66,66,on_time,0,
75973,66,66,on_time,0,
75974,66,66,on_time,0,
75975,66,66,on_time,0,
75976,66,66,on_time,0,
75977,66,66,on_time,0,
75978,66,66,on_time,0,
75979,66,66,on_time,0,
75980,66,66,on_time,0,
75981,66,66,on_time,0,
75982,66,66,on_time,0,
75983,66,66,on_time,0,
75984,66,66,on_time,0,
75985,66,66,on_time,0,
75986,66,66,on_time,0,
75987,66,66,on_time,0,
75988,66,66,on_time,0,
75989,66,66,on_time,0,
75990,66,66,on_time,0,
75991,66,66,on_time,0,
75992,66,66,on_time,0,
75993,66,66,on_time,0,
75994,66,66,on_time,0,
75995,66,66,on_time,0,
75996,66,66,on_time,0,
75997,66,66,on_time,0,
75998,66,66,on_time,0,
75999,66,66,on_time,0,
76000,66,66,on_time,0,
76001,67,67,on_time,0,
76002,67,67,on_time,0,
76003,67,67,on_time,0,
76004,67,67,on_time,0,
76005,67,67,on_time,0,
76006,67,67,on_time,0,
76007,67,67,on_time,0,
76008,67,67,on_time,0,
76009,67,67,on_time,0,
76010,67,67,on_time,0,
76011,67,67,on_time,0,
76012,67,67,on_time,0,
76013,67,67,on_time,0,
76014,67,67,on_time,0,
76015,67,67,on_time,0,
76016,67,67,on_time,0,
76017,67,67,on_time,0,
76018,67,67,on_time,0,
76019,67,67,on_time,0,
76020,67,67,on_time,0,
76021,67,67,on_time,0,
76022,67,67,on_time,0,
76023,67,67,on_time,0,
76024,67,67,on_time,0,
76025,67,67,on_time,0,
76026,67,67,on_time,0,
76027,67,67,on_time,0,
76028,67,67,on_time,0,
76029,67,67,on_time,0,
76030,67,67,on_time,0,
76031,67,67,on_time,0,
76032,67,67,on_time,0,
76033,67,67,on_time,0,
76034,67,67,on_time,0,
76035,67,67,on_time,0,
76036,67,67,on_time,0,
76037,67,67,on_time,0,
76038,67,67,on_time,0,
76039,67,67,on_time,0,
76040,67,67,on_time,0,
76041,67,67,on_time,0,
76042,67,67,on_time,0,
76043,67,67,on_time,0,
76044,67,67,on_time,0,
76045,67,67,on_time,0,
76046,67,67,on_time,0,
76047,67,67,on_time,0,
76048,67,67,on_time,0,
76049,67,67,on_time,0,
76050,67,67,on_time,0,
76051,67,67,on_time,0,
76052,67,67,on_time,0,
76053,67,67,on_time,0,
76054,67,67,on_time,0,
76055,67,67,on_time,0,
76056,67,67,on_time,0,
76057,67,67,on_time,0,
76058,67,67,on_time,0,
76059,67,67,on_time,0,
76060,67,67,on_time,0,
76061,67,67,on_time,0,
76062,67,67,on_time,0,
76063,67,67,on_time,0,
76064,67,67,on_time,0,
76065,67,67,on_time,0,
76066,67,67,on_time,0,
76067,67,67,on_time,0,
76068,67,67,on_time,0,
76069,67,67,on_time,0,
76070,67,67,on_time,0,
76071,67,67,on_time,0,
76072,67,67,on_time,0,
76073,67,67,on_time,0,
76074,67,67,on_time,0,
76075,67,67,on_time,0,
76076,67,67,on_time,0,
76077,67,67,on_time,0,
76078,67,67,on_time,0,
76079,67,67,on_time,0,
76080,67,67,on_time,0,
76081,67,67,on_time,0,
76082,67,67,on_time,0,
76083,67,67,on_time,0,
76084,67,67,on_time,0,
76085,67,67,on_time,0,
76086,67,67,on_time,0,
76087,67,67,on_time,0,
76088,67,67,on_time,0,
76089,67,67,on_time,0,
76090,67,67,on_time,0,
76091,67,67,on_time,0,
76092,67,67,on_time,0,
76093,67,67,on_time,0,
76094,67,67,on_time,0,
76095,67,67,on_time,0,
76096,67,67,on_time,0,
76097,67,67,on_time,0,
76098,67,67,on_time,0,
76099,67,67,on_time,0,
76100,67,67,on_time,0,
76101,67,67,on_time,0,
76102,67,67,on_time,0,
76103,67,67,on_time,0,
76104,67,67,on_time,0,
76105,67,67,on_time,0,
76106,67,67,on_time,0,
76107,67,67,on_time,0,
76108,67,67,on_time,0,
76109,67,67,on_time,0,
76110,67,67,on_time,0,
76111,67,67,on_time,0,
76112,67,67,on_time,0,
76113,67,67,on_time,0,
76114,67,67,on_time,0,
76115,67,67,on_time,0,
76116,67,67,on_time,0,
76117,67,67,on_time,0,
76118,67,67,on_time,0,
76119,67,67,on_time,0,
76120,67,67,on_time,0,
76121,67,67,on_time,0,
76122,67,67,on_time,0,
76123,67,67,on_time,0,
76124,67,67,on_time,0,
76125,67,67,on_time,0,
76126,67,67,on_time,0,
76127,67,67,on_time,0,
76128,67,67,on_time,0,
76129,67,67,on_time,0,
76130,67,67,on_time,0,
76131,67,67,on_time,0,
76132,67,67,on_time,0,
76133,67,67,on_time,0,
76134,67,67,on_time,0,
76135,67,67,on_time,0,
76136,67,67,on_time,0,
76137,67,67,on_time,0,
76138,67,67,on_time,0,
76139,67,67,on_time,0,
76140,67,67,on_time,0,
76141,67,67,on_time,0,
76142,67,67,on_time,0,
76143,67,67,on_time,0,
76144,67,67,on_time,0,
76145,67,67,on_time,0,
76146,67,67,on_time,0,
76147,67,67,on_time,0,
76148,67,67,on_time,0,
76149,67,67,on_time,0,
76150,67,67,on_time,0,
76151,67,67,on_time,0,
76152,67,67,on_time,0,
76153,67,67,on_time,0,
76154,67,67,on_time,0,
76155,67,67,on_time,0,
76156,67,67,on_time,0,
76157,67,67,on_time,0,
76158,67,67,on_time,0,
76159,67,67,on_time,0,
76160,67,67,on_time,0,
76161,67,67,on_time,0,
76162,67,67,on_time,0,
76163,67,67,on_time,0,
76164,67,67,on_time,0,
76165,67,67,on_time,0,
76166,67,67,on_time,0,
76167,67,67,on_time,0,
76168,67,67,on_time,0,
76169,67,67,on_time,0,
76170,67,67,on_time,0,
76171,67,67,on_time,0,
76172,67,67,on_time,0,
76173,67,67,on_time,0,
76174,67,67,on_time,0,
76175,67,67,on_time,0,
76176,67,67,on_time,0,
76177,67,67,on_time,0,
76178,67,67,on_time,0,
76179,67,67,on_time,0,
76180,67,67,on_time,0,
76181,67,67,on_time,0,
76182,67,67,on_time,0,
76183,67,67,on_time,0,
76184,67,67,on_time,0,
76185,67,67,on_time,0,
76186,67,67,on_time,0,
76187,67,67,on_time,0,
76188,67,67,on_time,0,
76189,67,67,on_time,0,
76190,67,67,on_time,0,
76191,67,67,on_time,0,
76192,67,67,on_time,0,
76193,67,67,on_time,0,
76194,67,67,on_time,0,
76195,67,67,on_time,0,
76196,67,67,on_time,0,
76197,67,67,on_time,0,
76198,67,67,on_time,0,
76199,67,67,on_time,0,
76200,67,67,on_time,0,
76201,67,67,on_time,0,
76202,67,67,on_time,0,
76203,67,67,on_time,0,
76204,67,67,on_time,0,
76205,67,67,on_time,0,
76206,67,67,on_time,0,
76207,67,67,on_time,0,
76208,67,67,on_time,0,
76209,67,67,on_time,0,
76210,67,67,on_time,0,
76211,67,67,on_time,0,
76212,67,67,on_time,0,
76213,67,67,on_time,0,
76214,67,67,on_time,0,
76215,67,67,on_time,0,
76216,67,67,on_time,0,
76217,67,67,on_time,0,
76218,67,67,on_time,0,
76219,67,67,on_time,0,
76220,67,67,on_time,0,
76221,67,67,on_time,0,
76222,67,67,on_time,0,
76223,67,67,on_time,0,
76224,67,67,on_time,0,
76225,67,67,on_time,0,
76226,67,67,on_time,0,
76227,67,67,on_time,0,
76228,67,67,on_time,0,
76229,67,67,on_time,0,
76230,67,67,on_time,0,
76231,67,67,on_time,0,
76232,67,67,on_time,0,
76233,67,67,on_time,0,
76234,67,67,on_time,0,
76235,67,67,on_time,0,
76236,67,67,on_time,0,
76237,67,67,on_time,0,
76238,67,67,on_time,0,
76239,67,67,on_time,0,
76240,67,67,on_time,0,
76241,67,67,on_time,0,
76242,67,67,on_time,0,
76243,67,67,on_time,0,
76244,67,67,on_time,0,
76245,67,67,on_time,0,
76246,67,67,on_time,0,
76247,67,67,on_time,0,
76248,67,67,on_time,0,
76249,67,67,on_time,0,
76250,67,67,on_time,0,
76251,67,67,on_time,0,
76252,67,67,on_time,0,
76253,67,67,on_time,0,
76254,67,67,on_time,0,
76255,67,67,on_time,0,
76256,67,67,on_time,0,
76257,67,67,on_time,0,
76258,67,67,on_time,0,
76259,67,67,on_time,0,
76260,67,67,on_time,0,
76261,67,67,on_time,0,
76262,67,67,on_time,0,
76263,67,67,on_time,0,
76264,67,67,on_time,0,
76265,67,67,on_time,0,
76266,67,67,on_time,0,
76267,67,67,on_time,0,
76268,67,67,on_time,0,
76269,67,67,on_time,0,
76270,67,67,on_time,0,
76271,67,67,on_time,0,
76272,67,67,on_time,0,
76273,67,67,on_time,0,
76274,67,67,on_time,0,
76275,67,67,on_time,0,
76276,67,67,on_time,0,
76277,67,67,on_time,0,
76278,67,67,on_time,0,
76279,67,67,on_time,0,
76280,67,67,on_time,0,
76281,67,67,on_time,0,
76282,67,67,on_time,0,
76283,67,67,on_time,0,
76284,67,67,on_time,0,
76285,67,67,on_time,0,
76286,67,67,on_time,0,
76287,67,67,on_time,0,
76288,67,67,on_time,0,
76289,67,67,on_time,0,
76290,67,67,on_time,0,
76291,67,67,on_time,0,
76292,67,67,on_time,0,
76293,67,67,on_time,0,
76294,67,67,on_time,0,
76295,67,67,on_time,0,
76296,67,67,on_time,0,
76297,67,67,on_time,0,
76298,67,67,on_time,0,
76299,67,67,on_time,0,
76300,67,67,on_time,0,
76301,67,67,on_time,0,
76302,67,67,on_time,0,
76303,67,67,on_time,0,
76304,67,67,on_time,0,
76305,67,67,on_time,0,
76306,67,67,on_time,0,
76307,67,67,on_time,0,
76308,67,67,on_time,0,
76309,67,67,on_time,0,
76310,67,67,on_time,0,
76311,67,67,on_time,0,
76312,67,67,on_time,0,
76313,67,67,on_time,0,
76314,67,67,on_time,0,
76315,67,67,on_time,0,
76316,67,67,on_time,0,
76317,67,67,on_time,0,
76318,67,67,on_time,0,
76319,67,67,on_time,0,
76320,67,67,on_time,0,
76321,67,67,on_time,0,
76322,67,67,on_time,0,
76323,67,67,on_time,0,
76324,67,67,on_time,0,
76325,67,67,on_time,0,
76326,67,67,on_time,0,
76327,67,67,on_time,0,
76328,67,67,on_time,0,
76329,67,67,on_time,0,
76330,67,67,on_time,0,
76331,67,67,on_time,0,
76332,67,67,on_time,0,
76333,67,67,on_time,0,
76334,67,67,on_time,0,
76335,67,67,on_time,0,
76336,67,67,on_time,0,
76337,67,67,on_time,0,
76338,67,67,on_time,0,
76339,67,67,on_time,0,
76340,67,67,on_time,0,
76341,67,67,on_time,0,
76342,67,67,on_time,0,
76343,67,67,on_time,0,
76344,67,67,on_time,0,
76345,67,67,on_time,0,
76346,67,67,on_time,0,
76347,67,67,on_time,0,
76348,67,67,on_time,0,
76349,67,67,on_time,0,
76350,67,67,on_time,0,
76351,67,67,on_time,0,
76352,67,67,on_time,0,
76353,67,67,on_time,0,
76354,67,67,on_time,0,
76355,67,67,on_time,0,
76356,67,67,on_time,0,
76357,67,67,on_time,0,
76358,67,67,on_time,0,
76359,67,67,on_time,0,
76360,67,67,on_time,0,
76361,67,67,on_time,0,
76362,67,67,on_time,0,
76363,67,67,on_time,0,
76364,67,67,on_time,0,
76365,67,67,on_time,0,
76366,67,67,on_time,0,
76367,67,67,on_time,0,
76368,67,67,on_time,0,
76369,67,67,on_time,0,
76370,67,67,on_time,0,
76371,67,67,on_time,0,
76372,67,67,on_time,0,
76373,67,67,on_time,0,
76374,67,67,on_time,0,
76375,67,67,on_time,0,
76376,67,67,on_time,0,
76377,67,67,on_time,0,
76378,67,67,on_time,0,
76379,67,67,on_time,0,
76380,67,67,on_time,0,
76381,67,67,on_time,0,
76382,67,67,on_time,0,
76383,67,67,on_time,0,
76384,67,67,on_time,0,
76385,67,67,on_time,0,
76386,67,67,on_time,0,
76387,67,67,on_time,0,
76388,67,67,on_time,0,
76389,67,67,on_time,0,
76390,67,67,on_time,0,
76391,67,67,on_time,0,
76392,67,67,on_time,0,
76393,67,67,on_time,0,
76394,67,67,on_time,0,
76395,67,67,on_time,0,
76396,67,67,on_time,0,
76397,67,67,on_time,0,
76398,67,67,on_time,0,
76399,67,67,on_time,0,
76400,67,67,on_time,0,
76401,67,67,on_time,0,
76402,67,67,on_time,0,
76403,67,67,on_time,0,
76404,67,67,on_time,0,
76405,67,67,on_time,0,
76406,67,67,on_time,0,
76407,67,67,on_time,0,
76408,67,67,on_time,0,
76409,67,67,on_time,0,
76410,67,67,on_time,0,
76411,67,67,on_time,0,
76412,67,67,on_time,0,
76413,67,67,on_time,0,
76414,67,67,on_time,0,
76415,67,67,on_time,0,
76416,67,67,on_time,0,
76417,67,67,on_time,0,
76418,67,67,on_time,0,
76419,67,67,on_time,0,
76420,67,67,on_time,0,
76421,67,67,on_time,0,
76422,67,67,on_time,0,
76423,67,67,on_time,0,
76424,67,67,on_time,0,
76425,67,67,on_time,0,
76426,67,67,on_time,0,
76427,67,67,on_time,0,
76428,67,67,on_time,0,
76429,67,67,on_time,0,
76430,67,67,on_time,0,
76431,67,67,on_time,0,
76432,67,67,on_time,0,
76433,67,67,on_time,0,
76434,67,67,on_time,0,
76435,67,67,on_time,0,
76436,67,67,on_time,0,
76437,67,67,on_time,0,
76438,67,67,on_time,0,
76439,67,67,on_time,0,
76440,67,67,on_time,0,
76441,67,67,on_time,0,
76442,67,67,on_time,0,
76443,67,67,on_time,0,
76444,67,67,on_time,0,
76445,67,67,on_time,0,
76446,67,67,on_time,0,
76447,67,67,on_time,0,
76448,67,67,on_time,0,
76449,67,67,on_time,0,
76450,67,67,on_time,0,
76451,67,67,on_time,0,
76452,67,67,on_time,0,
76453,67,67,on_time,0,
76454,67,67,on_time,0,
76455,67,67,on_time,0,
76456,67,67,on_time,0,
76457,67,67,on_time,0,
76458,67,67,on_time,0,
76459,67,67,on_time,0,
76460,67,67,on_time,0,
76461,67,67,on_time,0,
76462,67,67,on_time,0,
76463,67,67,on_time,0,
76464,67,67,on_time,0,
76465,67,67,on_time,0,
76466,67,67,on_time,0,
76467,67,67,on_time,0,
76468,67,67,on_time,0,
76469,67,67,on_time,0,
76470,67,67,on_time,0,
76471,67,67,on_time,0,
76472,67,67,on_time,0,
76473,67,67,on_time,0,
76474,67,67,on_time,0,
76475,67,67,on_time,0,
76476,67,67,on_time,0,
76477,67,67,on_time,0,
76478,67,67,on_time,0,
76479,67,67,on_time,0,
76480,67,67,on_time,0,
76481,67,67,on_time,0,
76482,67,67,on_time,0,
76483,67,67,on_time,0,
76484,67,67,on_time,0,
76485,67,67,on_time,0,
76486,67,67,on_time,0,
76487,67,67,on_time,0,
76488,67,67,on_time,0,
76489,67,67,on_time,0,
76490,67,67,on_time,0,
76491,67,67,on_time,0,
76492,67,67,on_time,0,
76493,67,67,on_time,0,
76494,67,67,on_time,0,
76495,67,67,on_time,0,
76496,67,67,on_time,0,
76497,67,67,on_time,0,
76498,67,67,on_time,0,
76499,67,67,on_time,0,
76500,67,67,on_time,0,
76501,67,67,on_time,0,
76502,67,67,on_time,0,
76503,67,67,on_time,0,
76504,67,67,on_time,0,
76505,67,67,on_time,0,
76506,67,67,on_time,0,
76507,67,67,on_time,0,
76508,67,67,on_time,0,
76509,67,67,on_time,0,
76510,67,67,on_time,0,
76511,67,67,on_time,0,
76512,67,67,on_time,0,
76513,67,67,on_time,0,
76514,67,67,on_time,0,
76515,67,67,on_time,0,
76516,67,67,on_time,0,
76517,67,67,on_time,0,
76518,67,67,on_time,0,
76519,67,67,on_time,0,
76520,67,67,on_time,0,
76521,67,67,on_time,0,
76522,67,67,on_time,0,
76523,67,67,on_time,0,
76524,67,67,on_time,0,
76525,67,67,on_time,0,
76526,67,67,on_time,0,
76527,67,67,on_time,0,
76528,67,67,on_time,0,
76529,67,67,on_time,0,
76530,67,67,on_time,0,
76531,67,67,on_time,0,
76532,67,67,on_time,0,
76533,67,67,on_time,0,
76534,67,67,on_time,0,
76535,67,67,on_time,0,
76536,67,67,on_time,0,
76537,67,67,on_time,0,
76538,67,67,on_time,0,
76539,67,67,on_time,0,
76540,67,67,on_time,0,
76541,67,67,on_time,0,
76542,67,67,on_time,0,
76543,67,67,on_time,0,
76544,67,67,on_time,0,
76545,67,67,on_time,0,
76546,67,67,on_time,0,
76547,67,67,on_time,0,
76548,67,67,on_time,0,
76549,67,67,on_time,0,
76550,67,67,on_time,0,
76551,67,67,on_time,0,
76552,67,67,on_time,0,
76553,67,67,on_time,0,
76554,67,67,on_time,0,
76555,67,67,on_time,0,
76556,67,67,on_time,0,
76557,67,67,on_time,0,
76558,67,67,on_time,0,
76559,67,67,on_time,0,
76560,67,67,on_time,0,
76561,67,67,on_time,0,
76562,67,67,on_time,0,
76563,67,67,on_time,0,
76564,67,67,on_time,0,
76565,67,67,on_time,0,
76566,67,67,on_time,0,
76567,67,67,on_time,0,
76568,67,67,on_time,0,
76569,67,67,on_time,0,
76570,67,67,on_time,0,
76571,67,67,on_time,0,
76572,67,67,on_time,0,
76573,67,67,on_time,0,
76574,67,67,on_time,0,
76575,67,67,on_time,0,
76576,67,67,on_time,0,
76577,67,67,on_time,0,
76578,67,67,on_time,0,
76579,67,67,on_time,0,
76580,67,67,on_time,0,
76581,67,67,on_time,0,
76582,67,67,on_time,0,
76583,67,67,on_time,0,
76584,67,67,on_time,0,
76585,67,67,on_time,0,
76586,67,67,on_time,0,
76587,67,67,on_time,0,
76588,67,67,on_time,0,
76589,67,67,on_time,0,
76590,67,67,on_time,0,
76591,67,67,on_time,0,
76592,67,67,on_time,0,
76593,67,67,on_time,0,
76594,67,67,on_time,0,
76595,67,67,on_time,0,
76596,67,67,on_time,0,
76597,67,67,on_time,0,
76598,67,67,on_time,0,
76599,67,67,on_time,0,
76600,67,67,on_time,0,
76601,67,67,on_time,0,
76602,67,67,on_time,0,
76603,67,67,on_time,0,
76604,67,67,on_time,0,
76605,67,67,on_time,0,
76606,67,67,on_time,0,
76607,67,67,on_time,0,
76608,67,67,on_time,0,
76609,67,67,on_time,0,
76610,67,67,on_time,0,
76611,67,67,on_time,0,
76612,67,67,on_time,0,
76613,67,67,on_time,0,
76614,67,67,on_time,0,
76615,67,67,on_time,0,
76616,67,67,on_time,0,
76617,67,67,on_time,0,
76618,67,67,on_time,0,
76619,67,67,on_time,0,
76620,67,67,on_time,0,
76621,67,67,on_time,0,
76622,67,67,on_time,0,
76623,67,67,on_time,0,
76624,67,67,on_time,0,
76625,67,67,on_time,0,
76626,67,67,on_time,0,
76627,67,67,on_time,0,
76628,67,67,on_time,0,
76629,67,67,on_time,0,
76630,67,67,on_time,0,
76631,67,67,on_time,0,
76632,67,67,on_time,0,
76633,67,67,on_time,0,
76634,67,67,on_time,0,
76635,67,67,on_time,0,
76636,67,67,on_time,0,
76637,67,67,on_time,0,
76638,67,67,on_time,0,
76639,67,67,on_time,0,
76640,67,67,on_time,0,
76641,67,67,on_time,0,
76642,67,67,on_time,0,
76643,67,67,on_time,0,
76644,67,67,on_time,0,
76645,67,67,on_time,0,
76646,67,67,on_time,0,
76647,67,67,on_time,0,
76648,67,67,on_time,0,
76649,67,67,on_time,0,
76650,67,67,on_time,0,
76651,67,67,on_time,0,
76652,67,67,on_time,0,
76653,67,67,on_time,0,
76654,67,67,on_time,0,
76655,67,67,on_time,0,
76656,67,67,on_time,0,
76657,67,67,on_time,0,
76658,67,67,on_time,0,
76659,67,67,on_time,0,
76660,67,67,on_time,0,
76661,67,67,on_time,0,
76662,67,67,on_time,0,
76663,67,67,on_time,0,
76664,67,67,on_time,0,
76665,67,67,on_time,0,
76666,67,67,on_time,0,
76667,67,67,on_time,0,
76668,67,67,on_time,0,
76669,67,67,on_time,0,
76670,67,67,on_time,0,
76671,67,67,on_time,0,
76672,67,67,on_time,0,
76673,67,67,on_time,0,
76674,67,67,on_time,0,
76675,67,67,on_time,0,
76676,67,67,on_time,0,
76677,67,67,on_time,0,
76678,67,67,on_time,0,
76679,67,67,on_time,0,
76680,67,67,on_time,0,
76681,67,67,on_time,0,
76682,67,67,on_time,0,
76683,67,67,on_time,0,
76684,67,67,on_time,0,
76685,67,67,on_time,0,
76686,67,67,on_time,0,
76687,67,67,on_time,0,
76688,67,67,on_time,0,
76689,67,67,on_time,0,
76690,67,67,on_time,0,
76691,67,67,on_time,0,
76692,67,67,on_time,0,
76693,67,67,on_time,0,
76694,67,67,on_time,0,
76695,67,67,on_time,0,
76696,67,67,on_time,0,
76697,67,67,on_time,0,
76698,67,67,on_time,0,
76699,67,67,on_time,0,
76700,67,67,on_time,0,
76701,67,67,on_time,0,
76702,67,67,on_time,0,
76703,67,67,on_time,0,
76704,67,67,on_time,0,
76705,67,67,on_time,0,
76706,67,67,on_time,0,
76707,67,67,on_time,0,
76708,67,67,on_time,0,
76709,67,67,on_time,0,
76710,67,67,on_time,0,
76711,67,67,on_time,0,
76712,67,67,on_time,0,
76713,67,67,on_time,0,
76714,67,67,on_time,0,
76715,67,67,on_time,0,
76716,67,67,on_time,0,
76717,67,67,on_time,0,
76718,67,67,on_time,0,
76719,67,67,on_time,0,
76720,67,67,on_time,0,
76721,67,67,on_time,0,
76722,67,67,on_time,0,
76723,67,67,on_time,0,
76724,67,67,on_time,0,
76725,67,67,on_time,0,
76726,67,67,on_time,0,
76727,67,67,on_time,0,
76728,67,67,on_time,0,
76729,67,67,on_time,0,
76730,67,67,on_time,0,
76731,67,67,on_time,0,
76732,67,67,on_time,0,
76733,67,67,on_time,0,
76734,67,67,on_time,0,
76735,67,67,on_time,0,
76736,67,67,on_time,0,
76737,67,67,on_time,0,
76738,67,67,on_time,0,
76739,67,67,on_time,0,
76740,67,67,on_time,0,
76741,67,67,on_time,0,
76742,67,67,on_time,0,
76743,67,67,on_time,0,
76744,67,67,on_time,0,
76745,67,67,on_time,0,
76746,67,67,on_time,0,
76747,67,67,on_time,0,
76748,67,67,on_time,0,
76749,67,67,on_time,0,
76750,67,67,on_time,0,
76751,67,67,on_time,0,
76752,67,67,on_time,0,
76753,67,67,on_time,0,
76754,67,67,on_time,0,
76755,67,67,on_time,0,
76756,67,67,on_time,0,
76757,67,67,on_time,0,
76758,67,67,on_time,0,
76759,67,67,on_time,0,
76760,67,67,on_time,0,
76761,67,67,on_time,0,
76762,67,67,on_time,0,
76763,67,67,on_time,0,
76764,67,67,on_time,0,
76765,67,67,on_time,0,
76766,67,67,on_time,0,
76767,67,67,on_time,0,
76768,67,67,on_time,0,
76769,67,67,on_time,0,
76770,67,67,on_time,0,
76771,67,67,on_time,0,
76772,67,67,on_time,0,
76773,67,67,on_time,0,
76774,67,67,on_time,0,
76775,67,67,on_time,0,
76776,67,67,on_time,0,
76777,67,67,on_time,0,
76778,67,67,on_time,0,
76779,67,67,on_time,0,
76780,67,67,on_time,0,
76781,67,67,on_time,0,
76782,67,67,on_time,0,
76783,67,67,on_time,0,
76784,67,67,on_time,0,
76785,67,67,on_time,0,
76786,67,67,on_time,0,
76787,67,67,on_time,0,
76788,67,67,on_time,0,
76789,67,67,on_time,0,
76790,67,67,on_time,0,
76791,67,67,on_time,0,
76792,67,67,on_time,0,
76793,67,67,on_time,0,
76794,67,67,on_time,0,
76795,67,67,on_time,0,
76796,67,67,on_time,0,
76797,67,67,on_time,0,
76798,67,67,on_time,0,
76799,67,67,on_time,0,
76800,67,67,on_time,0,
76801,67,67,on_time,0,
76802,67,67,on_time,0,
76803,67,67,on_time,0,
76804,67,67,on_time,0,
76805,67,67,on_time,0,
76806,67,67,on_time,0,
76807,67,67,on_time,0,
76808,67,67,on_time,0,
76809,67,67,on_time,0,
76810,67,67,on_time,0,
76811,67,67,on_time,0,
76812,67,67,on_time,0,
76813,67,67,on_time,0,
76814,67,67,on_time,0,
76815,67,67,on_time,0,
76816,67,67,on_time,0,
76817,67,67,on_time,0,
76818,67,67,on_time,0,
76819,67,67,on_time,0,
76820,67,67,on_time,0,
76821,67,67,on_time,0,
76822,67,67,on_time,0,
76823,67,67,on_time,0,
76824,67,67,on_time,0,
76825,67,67,on_time,0,
76826,67,67,on_time,0,
76827,67,67,on_time,0,
76828,67,67,on_time,0,
76829,67,67,on_time,0,
76830,67,67,on_time,0,
76831,67,67,on_time,0,
76832,67,67,on_time,0,
76833,67,67,on_time,0,
76834,67,67,on_time,0,
76835,67,67,on_time,0,
76836,67,67,on_time,0,
76837,67,67,on_time,0,
76838,67,67,on_time,0,
76839,67,67,on_time,0,
76840,67,67,on_time,0,
76841,67,67,on_time,0,
76842,67,67,on_time,0,
76843,67,67,on_time,0,
76844,67,67,on_time,0,
76845,67,67,on_time,0,
76846,67,67,on_time,0,
76847,67,67,on_time,0,
76848,67,67,on_time,0,
76849,67,67,on_time,0,
76850,67,67,on_time,0,
76851,67,67,on_time,0,
76852,67,67,on_time,0,
76853,67,67,on_time,0,
76854,67,67,on_time,0,
76855,67,67,on_time,0,
76856,67,67,on_time,0,
76857,67,67,on_time,0,
76858,67,67,on_time,0,
76859,67,67,on_time,0,
76860,67,67,on_time,0,
76861,67,67,on_time,0,
76862,67,67,on_time,0,
76863,67,67,on_time,0,
76864,67,67,on_time,0,
76865,67,67,on_time,0,
76866,67,67,on_time,0,
76867,67,67,on_time,0,
76868,67,67,on_time,0,
76869,67,67,on_time,0,
76870,67,67,on_time,0,
76871,67,67,on_time,0,
76872,67,67,on_time,0,
76873,67,67,on_time,0,
76874,67,67,on_time,0,
76875,67,67,on_time,0,
76876,67,67,on_time,0,
76877,67,67,on_time,0,
76878,67,67,on_time,0,
76879,67,67,on_time,0,
76880,67,67,on_time,0,
76881,67,67,on_time,0,
76882,67,67,on_time,0,
76883,67,67,on_time,0,
76884,67,67,on_time,0,
76885,67,67,on_time,0,
76886,67,67,on_time,0,
76887,67,67,on_time,0,
76888,67,67,on_time,0,
76889,67,67,on_time,0,
76890,67,67,on_time,0,
76891,67,67,on_time,0,
76892,67,67,on_time,0,
76893,67,67,on_time,0,
76894,67,67,on_time,0,
76895,67,67,on_time,0,
76896,67,67,on_time,0,
76897,67,67,on_time,0,
76898,67,67,on_time,0,
76899,67,67,on_time,0,
76900,67,67,on_time,0,
76901,67,67,on_time,0,
76902,67,67,on_time,0,
76903,67,67,on_time,0,
76904,67,67,on_time,0,
76905,67,67,on_time,0,
76906,67,67,on_time,0,
76907,67,67,on_time,0,
76908,67,67,on_time,0,
76909,67,67,on_time,0,
76910,67,67,on_time,0,
76911,67,67,on_time,0,
76912,67,67,on_time,0,
76913,67,67,on_time,0,
76914,67,67,on_time,0,
76915,67,67,on_time,0,
76916,67,67,on_time,0,
76917,67,67,on_time,0,
76918,67,67,on_time,0,
76919,67,67,on_time,0,
76920,67,67,on_time,0,
76921,67,67,on_time,0,
76922,67,67,on_time,0,
76923,67,67,on_time,0,
76924,67,67,on_time,0,
76925,67,67,on_time,0,
76926,67,67,on_time,0,
76927,67,67,on_time,0,
76928,67,67,on_time,0,
76929,67,67,on_time,0,
76930,67,67,on_time,0,
76931,67,67,on_time,0,
76932,67,67,on_time,0,
76933,67,67,on_time,0,
76934,67,67,on_time,0,
76935,67,67,on_time,0,
76936,67,67,on_time,0,
76937,67,67,on_time,0,
76938,67,67,on_time,0,
76939,67,67,on_time,0,
76940,67,67,on_time,0,
76941,67,67,on_time,0,
76942,67,67,on_time,0,
76943,67,67,on_time,0,
76944,67,67,on_time,0,
76945,67,67,on_time,0,
76946,67,67,on_time,0,
76947,67,67,on_time,0,
76948,67,67,on_time,0,
76949,67,67,on_time,0,
76950,67,67,on_time,0,
76951,67,67,on_time,0,
76952,67,67,on_time,0,
76953,67,67,on_time,0,
76954,67,67,on_time,0,
76955,67,67,on_time,0,
76956,67,67,on_time,0,
76957,67,67,on_time,0,
76958,67,67,on_time,0,
76959,67,67,on_time,0,
76960,67,67,on_time,0,
76961,67,67,on_time,0,
76962,67,67,on_time,0,
76963,67,67,on_time,0,
76964,67,67,on_time,0,
76965,67,67,on_time,0,
76966,67,67,on_time,0,
76967,67,67,on_time,0,
76968,67,67,on_time,0,
76969,67,67,on_time,0,
76970,67,67,on_time,0,
76971,67,67,on_time,0,
76972,67,67,on_time,0,
76973,67,67,on_time,0,
76974,67,67,on_time,0,
76975,67,67,on_time,0,
76976,67,67,on_time,0,
76977,67,67,on_time,0,
76978,67,67,on_time,0,
76979,67,67,on_time,0,
76980,67,67,on_time,0,
76981,67,67,on_time,0,
76982,67,67,on_time,0,
76983,67,67,on_time,0,
76984,67,67,on_time,0,
76985,67,67,on_time,0,
76986,67,67,on_time,0,
76987,67,67,on_time,0,
76988,67,67,on_time,0,
76989,67,67,on_time,0,
76990,67,67,on_time,0,
76991,67,67,on_time,0,
76992,67,67,on_time,0,
76993,67,67,on_time,0,
76994,67,67,on_time,0,
76995,67,67,on_time,0,
76996,67,67,on_time,0,
76997,67,67,on_time,0,
76998,67,67,on_time,0,
76999,67,67,on_time,0,
77000,67,67,on_time,0,
77001,67,67,on_time,0,
77002,67,67,on_time,0,
77003,67,67,on_time,0,
77004,67,67,on_time,0,
77005,67,67,on_time,0,
77006,67,67,on_time,0,
77007,67,67,on_time,0,
77008,67,67,on_time,0,
77009,67,67,on_time,0,
77010,67,67,on_time,0,
77011,67,67,on_time,0,
77012,67,67,on_time,0,
77013,67,67,on_time,0,
77014,67,67,on_time,0,
77015,67,67,on_time,0,
77016,67,67,on_time,0,
77017,67,67,on_time,0,
77018,67,67,on_time,0,
77019,67,67,on_time,0,
77020,67,67,on_time,0,
77021,67,67,on_time,0,
77022,67,67,on_time,0,
77023,67,67,on_time,0,
77024,67,67,on_time,0,
77025,67,67,on_time,0,
77026,67,67,on_time,0,
77027,67,67,on_time,0,
77028,67,67,on_time,0,
77029,67,67,on_time,0,
77030,67,67,on_time,0,
77031,67,67,on_time,0,
77032,67,67,on_time,0,
77033,67,67,on_time,0,
77034,67,67,on_time,0,
77035,67,67,on_time,0,
77036,67,67,on_time,0,
77037,67,67,on_time,0,
77038,67,67,on_time,0,
77039,67,67,on_time,0,
77040,67,67,on_time,0,
77041,67,67,on_time,0,
77042,67,67,on_time,0,
77043,67,67,on_time,0,
77044,67,67,on_time,0,
77045,67,67,on_time,0,
77046,67,67,on_time,0,
77047,67,67,on_time,0,
77048,67,67,on_time,0,
77049,67,67,on_time,0,
77050,67,67,on_time,0,
77051,67,67,on_time,0,
77052,67,67,on_time,0,
77053,67,67,on_time,0,
77054,67,67,on_time,0,
77055,67,67,on_time,0,
77056,67,67,on_time,0,
77057,67,67,on_time,0,
77058,67,67,on_time,0,
77059,67,67,on_time,0,
77060,67,67,on_time,0,
77061,67,67,on_time,0,
77062,67,67,on_time,0,
77063,67,67,on_time,0,
77064,67,67,on_time,0,
77065,67,67,on_time,0,
77066,67,67,on_time,0,
77067,67,67,on_time,0,
77068,67,67,on_time,0,
77069,67,67,on_time,0,
77070,67,67,on_time,0,
77071,67,67,on_time,0,
77072,67,67,on_time,0,
77073,67,67,on_time,0,
77074,67,67,on_time,0,
77075,67,67,on_time,0,
77076,67,67,on_time,0,
77077,67,67,on_time,0,
77078,67,67,on_time,0,
77079,67,67,on_time,0,
77080,67,67,on_time,0,
77081,67,67,on_time,0,
77082,67,67,on_time,0,
77083,67,67,on_time,0,
77084,67,67,on_time,0,
77085,67,67,on_time,0,
77086,67,67,on_time,0,
77087,67,67,on_time,0,
77088,67,67,on_time,0,
77089,67,67,on_time,0,
77090,67,67,on_time,0,
77091,67,67,on_time,0,
77092,67,67,on_time,0,
77093,67,67,on_time,0,
77094,67,67,on_time,0,
77095,67,67,on_time,0,
77096,67,67,on_time,0,
77097,67,67,on_time,0,
77098,67,67,on_time,0,
77099,67,67,on_time,0,
77100,67,67,on_time,0,
77101,67,67,on_time,0,
77102,67,67,on_time,0,
77103,67,67,on_time,0,
77104,67,67,on_time,0,
77105,67,67,on_time,0,
77106,67,67,on_time,0,
77107,67,67,on_time,0,
77108,67,67,on_time,0,
77109,67,67,on_time,0,
77110,67,67,on_time,0,
77111,67,67,on_time,0,
77112,67,67,on_time,0,
77113,67,67,on_time,0,
77114,67,67,on_time,0,
77115,67,67,on_time,0,
77116,67,67,on_time,0,
77117,67,67,on_time,0,
77118,67,67,on_time,0,
77119,67,67,on_time,0,
77120,67,67,on_time,0,
77121,67,67,on_time,0,
77122,67,67,on_time,0,
77123,67,67,on_time,0,
77124,67,67,on_time,0,
77125,67,67,on_time,0,
77126,67,67,on_time,0,
77127,67,67,on_time,0,
77128,67,67,on_time,0,
77129,67,67,on_time,0,
77130,67,67,on_time,0,
77131,67,67,on_time,0,
77132,67,67,on_time,0,
77133,67,67,on_time,0,
77134,67,67,on_time,0,
77135,67,67,on_time,0,
77136,67,67,on_time,0,
77137,67,67,on_time,0,
77138,67,67,on_time,0,
77139,67,67,on_time,0,
77140,67,67,on_time,0,
77141,67,67,on_time,0,
77142,67,67,on_time,0,
77143,67,67,on_time,0,
77144,67,67,on_time,0,
77145,67,67,on_time,0,
77146,67,67,on_time,0,
77147,67,67,on_time,0,
77148,67,67,on_time,0,
77149,67,67,on_time,0,
77150,67,67,on_time,0,
77151,67,67,on_time,0,
77152,67,67,on_time,0,
77153,67,67,on_time,0,
77154,67,67,on_time,0,
77155,67,67,on_time,0,
77156,67,67,on_time,0,
77157,67,67,on_time,0,
77158,67,67,on_time,0,
77159,67,67,on_time,0,
77160,67,67,on_time,0,
77161,67,67,on_time,0,
77162,67,67,on_time,0,
77163,67,67,on_time,0,
77164,67,67,on_time,0,
77165,67,67,on_time,0,
77166,67,67,on_time,0,
77167,67,67,on_time,0,
77168,67,67,on_time,0,
77169,67,67,on_time,0,
77170,67,67,on_time,0,
77171,67,67,on_time,0,
77172,67,67,on_time,0,
77173,67,67,on_time,0,
77174,67,67,on_time,0,
77175,67,67,on_time,0,
77176,67,67,on_time,0,
77177,67,67,on_time,0,
77178,67,67,on_time,0,
77179,67,67,on_time,0,
77180,67,67,on_time,0,
77181,67,67,on_time,0,
77182,67,67,on_time,0,
77183,67,67,on_time,0,
77184,67,67,on_time,0,
77185,67,67,on_time,0,
77186,67,67,on_time,0,
77187,67,67,on_time,0,
77188,67,67,on_time,0,
77189,67,67,on_time,0,
77190,67,67,on_time,0,
77191,67,67,on_time,0,
77192,67,67,on_time,0,
77193,67,67,on_time,0,
77194,67,67,on_time,0,
77195,67,67,on_time,0,
77196,67,67,on_time,0,
77197,67,67,on_time,0,
77198,67,67,on_time,0,
77199,67,67,on_time,0,
77200,67,67,on_time,0,
77201,67,67,on_time,0,
77202,67,67,on_time,0,
77203,67,67,on_time,0,
77204,67,67,on_time,0,
77205,67,67,on_time,0,
77206,67,67,on_time,0,
77207,67,67,on_time,0,
77208,67,67,on_time,0,
77209,67,67,on_time,0,
77210,67,67,on_time,0,
77211,67,67,on_time,0,
77212,67,67,on_time,0,
77213,67,67,on_time,0,
77214,67,67,on_time,0,
77215,67,67,on_time,0,
77216,67,67,on_time,0,
77217,67,67,on_time,0,
77218,67,67,on_time,0,
77219,67,67,on_time,0,
77220,67,67,on_time,0,
77221,67,67,on_time,0,
77222,67,67,on_time,0,
77223,67,67,on_time,0,
77224,67,67,on_time,0,
77225,67,67,on_time,0,
77226,67,67,on_time,0,
77227,67,67,on_time,0,
77228,67,67,on_time,0,
77229,67,67,on_time,0,
77230,67,67,on_time,0,
77231,67,67,on_time,0,
77232,67,67,on_time,0,
77233,67,67,on_time,0,
77234,67,67,on_time,0,
77235,67,67,on_time,0,
77236,67,67,on_time,0,
77237,67,67,on_time,0,
77238,67,67,on_time,0,
77239,67,67,on_time,0,
77240,67,67,on_time,0,
77241,67,67,on_time,0,
77242,67,67,on_time,0,
77243,67,67,on_time,0,
77244,67,67,on_time,0,
77245,67,67,on_time,0,
77246,67,67,on_time,0,
77247,67,67,on_time,0,
77248,67,67,on_time,0,
77249,67,67,on_time,0,
77250,67,67,on_time,0,
77251,67,67,on_time,0,
77252,67,67,on_time,0,
77253,67,67,on_time,0,
77254,67,67,on_time,0,
77255,67,67,on_time,0,
77256,67,67,on_time,0,
77257,67,67,on_time,0,
77258,67,67,on_time,0,
77259,67,67,on_time,0,
77260,67,67,on_time,0,
77261,67,67,on_time,0,
77262,67,67,on_time,0,
77263,67,67,on_time,0,
77264,67,67,on_time,0,
77265,67,67,on_time,0,
77266,67,67,on_time,0,
77267,67,67,on_time,0,
77268,67,67,on_time,0,
77269,67,67,on_time,0,
77270,67,67,on_time,0,
77271,67,67,on_time,0,
77272,67,67,on_time,0,
77273,67,67,on_time,0,
77274,67,67,on_time,0,
77275,67,67,on_time,0,
77276,67,67,on_time,0,
77277,67,67,on_time,0,
77278,67,67,on_time,0,
77279,67,67,on_time,0,
77280,67,67,on_time,0,
77281,67,67,on_time,0,
77282,67,67,on_time,0,
77283,67,67,on_time,0,
77284,67,67,on_time,0,
77285,67,67,on_time,0,
77286,67,67,on_time,0,
77287,67,67,on_time,0,
77288,67,67,on_time,0,
77289,67,67,on_time,0,
77290,67,67,on_time,0,
77291,67,67,on_time,0,
77292,67,67,on_time,0,
77293,67,67,on_time,0,
77294,67,67,on_time,0,
77295,67,67,on_time,0,
77296,67,67,on_time,0,
77297,67,67,on_time,0,
77298,67,67,on_time,0,
77299,67,67,on_time,0,
77300,67,67,on_time,0,
77301,67,67,on_time,0,
77302,67,67,on_time,0,
77303,67,67,on_time,0,
77304,67,67,on_time,0,
77305,67,67,on_time,0,
77306,67,67,on_time,0,
77307,67,67,on_time,0,
77308,67,67,on_time,0,
77309,67,67,on_time,0,
77310,67,67,on_time,0,
77311,67,67,on_time,0,
77312,67,67,on_time,0,
77313,67,67,on_time,0,
77314,67,67,on_time,0,
77315,67,67,on_time,0,
77316,67,67,on_time,0,
77317,67,67,on_time,0,
77318,67,67,on_time,0,
77319,67,67,on_time,0,
77320,67,67,on_time,0,
77321,67,67,on_time,0,
77322,67,67,on_time,0,
77323,67,67,on_time,0,
77324,67,67,on_time,0,
77325,67,67,on_time,0,
77326,67,67,on_time,0,
77327,67,67,on_time,0,
77328,67,67,on_time,0,
77329,67,67,on_time,0,
77330,67,67,on_time,0,
77331,67,67,on_time,0,
77332,67,67,on_time,0,
77333,67,67,on_time,0,
77334,67,67,on_time,0,
77335,67,67,on_time,0,
77336,67,67,on_time,0,
77337,67,67,on_time,0,
77338,67,67,on_time,0,
77339,67,67,on_time,0,
77340,67,67,on_time,0,
77341,67,67,on_time,0,
77342,67,67,on_time,0,
77343,67,67,on_time,0,
77344,67,67,on_time,0,
77345,67,67,on_time,0,
77346,67,67,on_time,0,
77347,67,67,on_time,0,
77348,67,67,on_time,0,
77349,67,67,on_time,0,
77350,67,67,on_time,0,
77351,67,67,on_time,0,
77352,67,67,on_time,0,
77353,67,67,on_time,0,
77354,67,67,on_time,0,
77355,67,67,on_time,0,
77356,67,67,on_time,0,
77357,67,67,on_time,0,
77358,67,67,on_time,0,
77359,67,67,on_time,0,
77360,67,67,on_time,0,
77361,67,67,on_time,0,
77362,67,67,on_time,0,
77363,67,67,on_time,0,
77364,67,67,on_time,0,
77365,67,67,on_time,0,
77366,67,67,on_time,0,
77367,67,67,on_time,0,
77368,67,67,on_time,0,
77369,67,67,on_time,0,
77370,67,67,on_time,0,
77371,67,67,on_time,0,
77372,67,67,on_time,0,
77373,67,67,on_time,0,
77374,67,67,on_time,0,
77375,67,67,on_time,0,
77376,67,67,on_time,0,
77377,67,67,on_time,0,
77378,67,67,on_time,0,
77379,67,67,on_time,0,
77380,67,67,on_time,0,
77381,67,67,on_time,0,
77382,67,67,on_time,0,
77383,67,67,on_time,0,
77384,67,67,on_time,0,
77385,67,67,on_time,0,
77386,67,67,on_time,0,
77387,67,67,on_time,0,
77388,67,67,on_time,0,
77389,67,67,on_time,0,
77390,67,67,on_time,0,
77391,67,67,on_time,0,
77392,67,67,on_time,0,
77393,67,67,on_time,0,
77394,67,67,on_time,0,
77395,67,67,on_time,0,
77396,67,67,on_time,0,
77397,67,67,on_time,0,
77398,67,67,on_time,0,
77399,67,67,on_time,0,
77400,67,67,on_time,0,
77401,67,67,on_time,0,
77402,67,67,on_time,0,
77403,67,67,on_time,0,
77404,67,67,on_time,0,
77405,67,67,on_time,0,
77406,67,67,on_time,0,
77407,67,67,on_time,0,
77408,67,67,on_time,0,
77409,67,67,on_time,0,
77410,67,67,on_time,0,
77411,67,67,on_time,0,
77412,67,67,on_time,0,
77413,67,67,on_time,0,
77414,67,67,on_time,0,
77415,67,67,on_time,0,
77416,67,67,on_time,0,
77417,67,67,on_time,0,
77418,67,67,on_time,0,
77419,67,67,on_time,0,
77420,67,67,on_time,0,
77421,67,67,on_time,0,
77422,67,67,on_time,0,
77423,67,67,on_time,0,
77424,67,67,on_time,0,
77425,67,67,on_time,0,
77426,67,67,on_time,0,
77427,67,67,on_time,0,
77428,67,67,on_time,0,
77429,67,67,on_time,0,
77430,67,67,on_time,0,
77431,67,67,on_time,0,
77432,67,67,on_time,0,
77433,67,67,on_time,0,
77434,67,67,on_time,0,
77435,67,67,on_time,0,
77436,67,67,on_time,0,
77437,67,67,on_time,0,
77438,67,67,on_time,0,
77439,67,67,on_time,0,
77440,67,67,on_time,0,
77441,67,67,on_time,0,
77442,67,67,on_time,0,
77443,67,67,on_time,0,
77444,67,67,on_time,0,
77445,67,67,on_time,0,
77446,67,67,on_time,0,
77447,67,67,on_time,0,
77448,67,67,on_time,0,
77449,67,67,on_time,0,
77450,67,67,on_time,0,
77451,67,67,on_time,0,
77452,67,67,on_time,0,
77453,67,67,on_time,0,
77454,67,67,on_time,0,
77455,67,67,on_time,0,
77456,67,67,on_time,0,
77457,67,67,on_time,0,
77458,67,67,on_time,0,
77459,67,67,on_time,0,
77460,67,67,on_time,0,
77461,67,67,on_time,0,
77462,67,67,on_time,0,
77463,67,67,on_time,0,
77464,67,67,on_time,0,
77465,67,67,on_time,0,
77466,67,67,on_time,0,
77467,67,67,on_time,0,
77468,67,67,on_time,0,
77469,67,67,on_time,0,
77470,67,67,on_time,0,
77471,67,67,on_time,0,
77472,67,67,on_time,0,
77473,67,67,on_time,0,
77474,67,67,on_time,0,
77475,67,67,on_time,0,
77476,67,67,on_time,0,
77477,67,67,on_time,0,
77478,67,67,on_time,0,
77479,67,67,on_time,0,
77480,67,67,on_time,0,
77481,67,67,on_time,0,
77482,67,67,on_time,0,
77483,67,67,on_time,0,
77484,67,67,on_time,0,
77485,67,67,on_time,0,
77486,67,67,on_time,0,
77487,67,67,on_time,0,
77488,67,67,on_time,0,
77489,67,67,on_time,0,
77490,67,67,on_time,0,
77491,67,67,on_time,0,
77492,67,67,on_time,0,
77493,67,67,on_time,0,
77494,67,67,on_time,0,
77495,67,67,on_time,0,
77496,67,67,on_time,0,
77497,67,67,on_time,0,
77498,67,67,on_time,0,
77499,67,67,on_time,0,
77500,67,67,on_time,0,
77501,67,67,on_time,0,
77502,67,67,on_time,0,
77503,67,67,on_time,0,
77504,67,67,on_time,0,
77505,67,67,on_time,0,
77506,67,67,on_time,0,
77507,67,67,on_time,0,
77508,67,67,on_time,0,
77509,67,67,on_time,0,
77510,67,67,on_time,0,
77511,67,67,on_time,0,
77512,67,67,on_time,0,
77513,67,67,on_time,0,
77514,67,67,on_time,0,
77515,67,67,on_time,0,
77516,67,67,on_time,0,
77517,67,67,on_time,0,
77518,67,67,on_time,0,
77519,67,67,on_time,0,
77520,67,67,on_time,0,
77521,67,67,on_time,0,
77522,67,67,on_time,0,
77523,67,67,on_time,0,
77524,67,67,on_time,0,
77525,67,67,on_time,0,
77526,67,67,on_time,0,
77527,67,67,on_time,0,
77528,67,67,on_time,0,
77529,67,67,on_time,0,
77530,67,67,on_time,0,
77531,67,67,on_time,0,
77532,67,67,on_time,0,
77533,67,67,on_time,0,
77534,67,67,on_time,0,
77535,67,67,on_time,0,
77536,67,67,on_time,0,
77537,67,67,on_time,0,
77538,67,67,on_time,0,
77539,67,67,on_time,0,
77540,67,67,on_time,0,
77541,67,67,on_time,0,
77542,67,67,on_time,0,
77543,67,67,on_time,0,
77544,67,67,on_time,0,
77545,67,67,on_time,0,
77546,67,67,on_time,0,
77547,67,67,on_time,0,
77548,67,67,on_time,0,
77549,67,67,on_time,0,
77550,67,67,on_time,0,
77551,67,67,on_time,0,
77552,67,67,on_time,0,
77553,67,67,on_time,0,
77554,67,67,on_time,0,
77555,67,67,on_time,0,
77556,67,67,on_time,0,
77557,67,67,on_time,0,
77558,67,67,on_time,0,
77559,67,67,on_time,0,
77560,67,67,on_time,0,
77561,67,67,on_time,0,
77562,67,67,on_time,0,
77563,67,67,on_time,0,
77564,67,67,on_time,0,
77565,67,67,on_time,0,
77566,67,67,on_time,0,
77567,67,67,on_time,0,
77568,67,67,on_time,0,
77569,67,67,on_time,0,
77570,67,67,on_time,0,
77571,67,67,on_time,0,
77572,67,67,on_time,0,
77573,67,67,on_time,0,
77574,67,67,on_time,0,
77575,67,67,on_time,0,
77576,67,67,on_time,0,
77577,67,67,on_time,0,
77578,67,67,on_time,0,
77579,67,67,on_time,0,
77580,67,67,on_time,0,
77581,67,67,on_time,0,
77582,67,67,on_time,0,
77583,67,67,on_time,0,
77584,67,67,on_time,0,
77585,67,67,on_time,0,
77586,67,67,on_time,0,
77587,67,67,on_time,0,
77588,67,67,on_time,0,
77589,67,67,on_time,0,
77590,67,67,on_time,0,
77591,67,67,on_time,0,
77592,67,67,on_time,0,
77593,67,67,on_time,0,
77594,67,67,on_time,0,
77595,67,67,on_time,0,
77596,67,67,on_time,0,
77597,67,67,on_time,0,
77598,67,67,on_time,0,
77599,67,67,on_time,0,
77600,67,67,on_time,0,
77601,67,67,on_time,0,
77602,67,67,on_time,0,
77603,67,67,on_time,0,
77604,67,67,on_time,0,
77605,67,67,on_time,0,
77606,67,67,on_time,0,
77607,67,67,on_time,0,
77608,67,67,on_time,0,
77609,67,67,on_time,0,
77610,67,67,on_time,0,
77611,67,67,on_time,0,
77612,67,67,on_time,0,
77613,67,67,on_time,0,
77614,67,67,on_time,0,
77615,67,67,on_time,0,
77616,67,67,on_time,0,
77617,67,67,on_time,0,
77618,67,67,on_time,0,
77619,67,67,on_time,0,
77620,67,67,on_time,0,
77621,67,67,on_time,0,
77622,67,67,on_time,0,
77623,67,67,on_time,0,
77624,67,67,on_time,0,
77625,67,67,on_time,0,
77626,67,67,on_time,0,
77627,67,67,on_time,0,
77628,67,67,on_time,0,
77629,67,67,on_time,0,
77630,67,67,on_time,0,
77631,67,67,on_time,0,
77632,67,67,on_time,0,
77633,67,67,on_time,0,
77634,67,67,on_time,0,
77635,67,67,on_time,0,
77636,67,67,on_time,0,
77637,67,67,on_time,0,
77638,67,67,on_time,0,
77639,67,67,on_time,0,
77640,67,67,on_time,0,
77641,67,67,on_time,0,
77642,67,67,on_time,0,
77643,67,67,on_time,0,
77644,67,67,on_time,0,
77645,67,67,on_time,0,
77646,67,67,on_time,0,
77647,67,67,on_time,0,
77648,67,67,on_time,0,
77649,67,67,on_time,0,
77650,67,67,on_time,0,
77651,67,67,on_time,0,
77652,67,67,on_time,0,
77653,67,67,on_time,0,
77654,67,67,on_time,0,
77655,67,67,on_time,0,
77656,67,67,on_time,0,
77657,67,67,on_time,0,
77658,67,67,on_time,0,
77659,67,67,on_time,0,
77660,67,67,on_time,0,
77661,67,67,on_time,0,
77662,67,67,on_time,0,
77663,67,67,on_time,0,
77664,67,67,on_time,0,
77665,67,67,on_time,0,
77666,67,67,on_time,0,
77667,67,67,on_time,0,
77668,67,67,on_time,0,
77669,67,67,on_time,0,
77670,67,67,on_time,0,
77671,67,67,on_time,0,
77672,67,67,on_time,0,
77673,67,67,on_time,0,
77674,67,67,on_time,0,
77675,67,67,on_time,0,
77676,67,67,on_time,0,
77677,67,67,on_time,0,
77678,67,67,on_time,0,
77679,67,67,on_time,0,
77680,67,67,on_time,0,
77681,67,67,on_time,0,
77682,67,67,on_time,0,
77683,67,67,on_time,0,
77684,67,67,on_time,0,
77685,67,67,on_time,0,
77686,67,67,on_time,0,
77687,67,67,on_time,0,
77688,67,67,on_time,0,
77689,67,67,on_time,0,
77690,67,67,on_time,0,
77691,67,67,on_time,0,
77692,67,67,on_time,0,
77693,67,67,on_time,0,
77694,67,67,on_time,0,
77695,67,67,on_time,0,
77696,67,67,on_time,0,
77697,67,67,on_time,0,
77698,67,67,on_time,0,
77699,67,67,on_time,0,
77700,67,67,on_time,0,
77701,67,67,on_time,0,
77702,67,67,on_time,0,
77703,67,67,on_time,0,
77704,67,67,on_time,0,
77705,67,67,on_time,0,
77706,67,67,on_time,0,
77707,67,67,on_time,0,
77708,67,67,on_time,0,
77709,67,67,on_time,0,
77710,67,67,on_time,0,
77711,67,67,on_time,0,
77712,67,67,on_time,0,
77713,67,67,on_time,0,
77714,67,67,on_time,0,
77715,67,67,on_time,0,
77716,67,67,on_time,0,
77717,67,67,on_time,0,
77718,67,67,on_time,0,
77719,67,67,on_time,0,
77720,67,67,on_time,0,
77721,67,67,on_time,0,
77722,67,67,on_time,0,
77723,67,67,on_time,0,
77724,67,67,on_time,0,
77725,67,67,on_time,0,
77726,67,67,on_time,0,
77727,67,67,on_time,0,
77728,67,67,on_time,0,
77729,67,67,on_time,0,
77730,67,67,on_time,0,
77731,67,67,on_time,0,
77732,67,67,on_time,0,
77733,67,67,on_time,0,
77734,67,67,on_time,0,
77735,67,67,on_time,0,
77736,67,67,on_time,0,
77737,67,67,on_time,0,
77738,67,67,on_time,0,
77739,67,67,on_time,0,
77740,67,67,on_time,0,
77741,67,67,on_time,0,
77742,67,67,on_time,0,
77743,67,67,on_time,0,
77744,67,67,on_time,0,
77745,67,67,on_time,0,
77746,67,67,on_time,0,
77747,67,67,on_time,0,
77748,67,67,on_time,0,
77749,67,67,on_time,0,
77750,67,67,on_time,0,
77751,67,67,on_time,0,
77752,67,67,on_time,0,
77753,67,67,on_time,0,
77754,67,67,on_time,0,
77755,67,67,on_time,0,
77756,67,67,on_time,0,
77757,67,67,on_time,0,
77758,67,67,on_time,0,
77759,67,67,on_time,0,
77760,67,67,on_time,0,
77761,67,67,on_time,0,
77762,67,67,on_time,0,
77763,67,67,on_time,0,
77764,67,67,on_time,0,
77765,67,67,on_time,0,
77766,67,67,on_time,0,
77767,67,67,on_time,0,
77768,67,67,on_time,0,
77769,67,67,on_time,0,
77770,67,67,on_time,0,
77771,67,67,on_time,0,
77772,67,67,on_time,0,
77773,67,67,on_time,0,
77774,67,67,on_time,0,
77775,67,67,on_time,0,
77776,67,67,on_time,0,
77777,67,67,on_time,0,
77778,67,67,on_time,0,
77779,67,67,on_time,0,
77780,67,67,on_time,0,
77781,67,67,on_time,0,
77782,67,67,on_time,0,
77783,67,67,on_time,0,
77784,67,67,on_time,0,
77785,67,67,on_time,0,
77786,67,67,on_time,0,
77787,67,67,on_time,0,
77788,67,67,on_time,0,
77789,67,67,on_time,0,
77790,67,67,on_time,0,
77791,67,67,on_time,0,
77792,67,67,on_time,0,
77793,67,67,on_time,0,
77794,67,67,on_time,0,
77795,67,67,on_time,0,
77796,67,67,on_time,0,
77797,67,67,on_time,0,
77798,67,67,on_time,0,
77799,67,67,on_time,0,
77800,67,67,on_time,0,
77801,67,67,on_time,0,
77802,67,67,on_time,0,
77803,67,67,on_time,0,
77804,67,67,on_time,0,
77805,67,67,on_time,0,
77806,67,67,on_time,0,
77807,67,67,on_time,0,
77808,67,67,on_time,0,
77809,67,67,on_time,0,
77810,67,67,on_time,0,
77811,67,67,on_time,0,
77812,67,67,on_time,0,
77813,67,67,on_time,0,
77814,67,67,on_time,0,
77815,67,67,on_time,0,
77816,67,67,on_time,0,
77817,67,67,on_time,0,
77818,67,67,on_time,0,
77819,67,67,on_time,0,
77820,67,67,on_time,0,
77821,67,67,on_time,0,
77822,67,67,on_time,0,
77823,67,67,on_time,0,
77824,67,67,on_time,0,
77825,67,67,on_time,0,
77826,67,67,on_time,0,
77827,67,67,on_time,0,
77828,67,67,on_time,0,
77829,67,67,on_time,0,
77830,67,67,on_time,0,
77831,67,67,on_time,0,
77832,67,67,on_time,0,
77833,67,67,on_time,0,
77834,67,67,on_time,0,
77835,67,67,on_time,0,
77836,67,67,on_time,0,
77837,67,67,on_time,0,
77838,67,67,on_time,0,
77839,67,67,on_time,0,
77840,67,67,on_time,0,
77841,67,67,on_time,0,
77842,67,67,on_time,0,
77843,67,67,on_time,0,
77844,67,67,on_time,0,
77845,67,67,on_time,0,
77846,67,67,on_time,0,
77847,67,67,on_time,0,
77848,67,67,on_time,0,
77849,67,67,on_time,0,
77850,67,67,on_time,0,
77851,67,67,on_time,0,
77852,67,67,on_time,0,
77853,67,67,on_time,0,
77854,67,67,on_time,0,
77855,67,67,on_time,0,
77856,67,67,on_time,0,
77857,67,67,on_time,0,
77858,67,67,on_time,0,
77859,67,67,on_time,0,
77860,67,67,on_time,0,
77861,67,67,on_time,0,
77862,67,67,on_time,0,
77863,67,67,on_time,0,
77864,67,67,on_time,0,
77865,67,67,on_time,0,
77866,67,67,on_time,0,
77867,67,67,on_time,0,
77868,67,67,on_time,0,
77869,67,67,on_time,0,
77870,67,67,on_time,0,
77871,67,67,on_time,0,
77872,67,67,on_time,0,
77873,67,67,on_time,0,
77874,67,67,on_time,0,
77875,67,67,on_time,0,
77876,67,67,on_time,0,
77877,67,67,on_time,0,
77878,67,67,on_time,0,
77879,67,67,on_time,0,
77880,67,67,on_time,0,
77881,67,67,on_time,0,
77882,67,67,on_time,0,
77883,67,67,on_time,0,
77884,67,67,on_time,0,
77885,67,67,on_time,0,
77886,67,67,on_time,0,
77887,67,67,on_time,0,
77888,67,67,on_time,0,
77889,67,67,on_time,0,
77890,67,67,on_time,0,
77891,67,67,on_time,0,
77892,67,67,on_time,0,
77893,67,67,on_time,0,
77894,67,67,on_time,0,
77895,67,67,on_time,0,
77896,67,67,on_time,0,
77897,67,67,on_time,0,
77898,67,67,on_time,0,
77899,67,67,on_time,0,
77900,67,67,on_time,0,
77901,67,67,on_time,0,
77902,67,67,on_time,0,
77903,67,67,on_time,0,
77904,67,67,on_time,0,
77905,67,67,on_time,0,
77906,67,67,on_time,0,
77907,67,67,on_time,0,
77908,67,67,on_time,0,
77909,67,67,on_time,0,
77910,67,67,on_time,0,
77911,67,67,on_time,0,
77912,67,67,on_time,0,
77913,67,67,on_time,0,
77914,67,67,on_time,0,
77915,67,67,on_time,0,
77916,67,67,on_time,0,
77917,67,67,on_time,0,
77918,67,67,on_time,0,
77919,67,67,on_time,0,
77920,67,67,on_time,0,
77921,67,67,on_time,0,
77922,67,67,on_time,0,
77923,67,67,on_time,0,
77924,67,67,on_time,0,
77925,67,67,on_time,0,
77926,67,67,on_time,0,
77927,67,67,on_time,0,
77928,67,67,on_time,0,
77929,67,67,on_time,0,
77930,67,67,on_time,0,
77931,67,67,on_time,0,
77932,67,67,on_time,0,
77933,67,67,on_time,0,
77934,67,67,on_time,0,
77935,67,67,on_time,0,
77936,67,67,on_time,0,
77937,67,67,on_time,0,
77938,67,67,on_time,0,
77939,67,67,on_time,0,
77940,67,67,on_time,0,
77941,67,67,on_time,0,
77942,67,67,on_time,0,
77943,67,67,on_time,0,
77944,67,67,on_time,0,
77945,67,67,on_time,0,
77946,67,67,on_time,0,
77947,67,67,on_time,0,
77948,67,67,on_time,0,
77949,67,67,on_time,0,
77950,67,67,on_time,0,
77951,67,67,on_time,0,
77952,67,67,on_time,0,
77953,67,67,on_time,0,
77954,67,67,on_time,0,
77955,67,67,on_time,0,
77956,67,67,on_time,0,
77957,67,67,on_time,0,
77958,67,67,on_time,0,
77959,67,67,on_time,0,
77960,67,67,on_time,0,
77961,67,67,on_time,0,
77962,67,67,on_time,0,
77963,67,67,on_time,0,
77964,67,67,on_time,0,
77965,67,67,on_time,0,
77966,67,67,on_time,0,
77967,67,67,on_time,0,
77968,67,67,on_time,0,
77969,67,67,on_time,0,
77970,67,67,on_time,0,
77971,67,67,on_time,0,
77972,67,67,on_time,0,
77973,67,67,on_time,0,
77974,67,67,on_time,0,
77975,67,67,on_time,0,
77976,67,67,on_time,0,
77977,67,67,on_time,0,
77978,67,67,on_time,0,
77979,67,67,on_time,0,
77980,67,67,on_time,0,
77981,67,67,on_time,0,
77982,67,67,on_time,0,
77983,67,67,on_time,0,
77984,67,67,on_time,0,
77985,67,67,on_time,0,
77986,67,67,on_time,0,
77987,67,67,on_time,0,
77988,67,67,on_time,0,
77989,67,67,on_time,0,
77990,67,67,on_time,0,
77991,67,67,on_time,0,
77992,67,67,on_time,0,
77993,67,67,on_time,0,
77994,67,67,on_time,0,
77995,67,67,on_time,0,
77996,67,67,on_time,0,
77997,67,67,on_time,0,
77998,67,67,on_time,0,
77999,67,67,on_time,0,
78000,67,67,on_time,0,
78001,68,68,on_time,0,
78002,68,68,on_time,0,
78003,68,68,on_time,0,
78004,68,68,on_time,0,
78005,68,68,on_time,0,
78006,68,68,on_time,0,
78007,68,68,on_time,0,
78008,68,68,on_time,0,
78009,68,68,on_time,0,
78010,68,68,on_time,0,
78011,68,68,on_time,0,
78012,68,68,on_time,0,
78013,68,68,on_time,0,
78014,68,68,on_time,0,
78015,68,68,on_time,0,
78016,68,68,on_time,0,
78017,68,68,on_time,0,
78018,68,68,on_time,0,
78019,68,68,on_time,0,
78020,68,68,on_time,0,
78021,68,68,on_time,0,
78022,68,68,on_time,0,
78023,68,68,on_time,0,
78024,68,68,on_time,0,
78025,68,68,on_time,0,
78026,68,68,on_time,0,
78027,68,68,on_time,0,
78028,68,68,on_time,0,
78029,68,68,on_time,0,
78030,68,68,on_time,0,
78031,68,68,on_time,0,
78032,68,68,on_time,0,
78033,68,68,on_time,0,
78034,68,68,on_time,0,
78035,68,68,on_time,0,
78036,68,68,on_time,0,
78037,68,68,on_time,0,
78038,68,68,on_time,0,
78039,68,68,on_time,0,
78040,68,68,on_time,0,
78041,68,68,on_time,0,
78042,68,68,on_time,0,
78043,68,68,on_time,0,
78044,68,68,on_time,0,
78045,68,68,on_time,0,
78046,68,68,on_time,0,
78047,68,68,on_time,0,
78048,68,68,on_time,0,
78049,68,68,on_time,0,
78050,68,68,on_time,0,
78051,68,68,on_time,0,
78052,68,68,on_time,0,
78053,68,68,on_time,0,
78054,68,68,on_time,0,
78055,68,68,on_time,0,
78056,68,68,on_time,0,
78057,68,68,on_time,0,
78058,68,68,on_time,0,
78059,68,68,on_time,0,
78060,68,68,on_time,0,
78061,68,68,on_time,0,
78062,68,68,on_time,0,
78063,68,68,on_time,0,
78064,68,68,on_time,0,
78065,68,68,on_time,0,
78066,68,68,on_time,0,
78067,68,68,on_time,0,
78068,68,68,on_time,0,
78069,68,68,on_time,0,
78070,68,68,on_time,0,
78071,68,68,on_time,0,
78072,68,68,on_time,0,
78073,68,68,on_time,0,
78074,68,68,on_time,0,
78075,68,68,on_time,0,
78076,68,68,on_time,0,
78077,68,68,on_time,0,
78078,68,68,on_time,0,
78079,68,68,on_time,0,
78080,68,68,on_time,0,
78081,68,68,on_time,0,
78082,68,68,on_time,0,
78083,68,68,on_time,0,
78084,68,68,on_time,0,
78085,68,68,on_time,0,
78086,68,68,on_time,0,
78087,68,68,on_time,0,
78088,68,68,on_time,0,
78089,68,68,on_time,0,
78090,68,68,on_time,0,
78091,68,68,on_time,0,
78092,68,68,on_time,0,
78093,68,68,on_time,0,
78094,68,68,on_time,0,
78095,68,68,on_time,0,
78096,68,68,on_time,0,
78097,68,68,on_time,0,
78098,68,68,on_time,0,
78099,68,68,on_time,0,
78100,68,68,on_time,0,
78101,68,68,on_time,0,
78102,68,68,on_time,0,
78103,68,68,on_time,0,
78104,68,68,on_time,0,
78105,68,68,on_time,0,
78106,68,68,on_time,0,
78107,68,68,on_time,0,
78108,68,68,on_time,0,
78109,68,68,on_time,0,
78110,68,68,on_time,0,
78111,68,68,on_time,0,
78112,68,68,on_time,0,
78113,68,68,on_time,0,
78114,68,68,on_time,0,
78115,68,68,on_time,0,
78116,68,68,on_time,0,
78117,68,68,on_time,0,
78118,68,68,on_time,0,
78119,68,68,on_time,0,
78120,68,68,on_time,0,
78121,68,68,on_time,0,
78122,68,68,on_time,0,
78123,68,68,on_time,0,
78124,68,68,on_time,0,
78125,68,68,on_time,0,
78126,68,68,on_time,0,
78127,68,68,on_time,0,
78128,68,68,on_time,0,
78129,68,68,on_time,0,
78130,68,68,on_time,0,
78131,68,68,on_time,0,
78132,68,68,on_time,0,
78133,68,68,on_time,0,
78134,68,68,on_time,0,
78135,68,68,on_time,0,
78136,68,68,on_time,0,
78137,68,68,on_time,0,
78138,68,68,on_time,0,
78139,68,68,on_time,0,
78140,68,68,on_time,0,
78141,68,68,on_time,0,
78142,68,68,on_time,0,
78143,68,68,on_time,0,
78144,68,68,on_time,0,
78145,68,68,on_time,0,
78146,68,68,on_time,0,
78147,68,68,on_time,0,
78148,68,68,on_time,0,
78149,68,68,on_time,0,
78150,68,68,on_time,0,
78151,68,68,on_time,0,
78152,68,68,on_time,0,
78153,68,68,on_time,0,
78154,68,68,on_time,0,
78155,68,68,on_time,0,
78156,68,68,on_time,0,
78157,68,68,on_time,0,
78158,68,68,on_time,0,
78159,68,68,on_time,0,
78160,68,68,on_time,0,
78161,68,68,on_time,0,
78162,68,68,on_time,0,
78163,68,68,on_time,0,
78164,68,68,on_time,0,
78165,68,68,on_time,0,
78166,68,68,on_time,0,
78167,68,68,on_time,0,
78168,68,68,on_time,0,
78169,68,68,on_time,0,
78170,68,68,on_time,0,
78171,68,68,on_time,0,
78172,68,68,on_time,0,
78173,68,68,on_time,0,
78174,68,68,on_time,0,
78175,68,68,on_time,0,
78176,68,68,on_time,0,
78177,68,68,on_time,0,
78178,68,68,on_time,0,
78179,68,68,on_time,0,
78180,68,68,on_time,0,
78181,68,68,on_time,0,
78182,68,68,on_time,0,
78183,68,68,on_time,0,
78184,68,68,on_time,0,
78185,68,68,on_time,0,
78186,68,68,on_time,0,
78187,68,68,on_time,0,
78188,68,68,on_time,0,
78189,68,68,on_time,0,
78190,68,68,on_time,0,
78191,68,68,on_time,0,
78192,68,68,on_time,0,
78193,68,68,on_time,0,
78194,68,68,on_time,0,
78195,68,68,on_time,0,
78196,68,68,on_time,0,
78197,68,68,on_time,0,
78198,68,68,on_time,0,
78199,68,68,on_time,0,
78200,68,68,on_time,0,
78201,68,68,on_time,0,
78202,68,68,on_time,0,
78203,68,68,on_time,0,
78204,68,68,on_time,0,
78205,68,68,on_time,0,
78206,68,68,on_time,0,
78207,68,68,on_time,0,
78208,68,68,on_time,0,
78209,68,68,on_time,0,
78210,68,68,on_time,0,
78211,68,68,on_time,0,
78212,68,68,on_time,0,
78213,68,68,on_time,0,
78214,68,68,on_time,0,
78215,68,68,on_time,0,
78216,68,68,on_time,0,
78217,68,68,on_time,0,
78218,68,68,on_time,0,
78219,68,68,on_time,0,
78220,68,68,on_time,0,
78221,68,68,on_time,0,
78222,68,68,on_time,0,
78223,68,68,on_time,0,
78224,68,68,on_time,0,
78225,68,68,on_time,0,
78226,68,68,on_time,0,
78227,68,68,on_time,0,
78228,68,68,on_time,0,
78229,68,68,on_time,0,
78230,68,68,on_time,0,
78231,68,68,on_time,0,
78232,68,68,on_time,0,
78233,68,68,on_time,0,
78234,68,68,on_time,0,
78235,68,68,on_time,0,
78236,68,68,on_time,0,
78237,68,68,on_time,0,
78238,68,68,on_time,0,
78239,68,68,on_time,0,
78240,68,68,on_time,0,
78241,68,68,on_time,0,
78242,68,68,on_time,0,
78243,68,68,on_time,0,
78244,68,68,on_time,0,
78245,68,68,on_time,0,
78246,68,68,on_time,0,
78247,68,68,on_time,0,
78248,68,68,on_time,0,
78249,68,68,on_time,0,
78250,68,68,on_time,0,
78251,68,68,on_time,0,
78252,68,68,on_time,0,
78253,68,68,on_time,0,
78254,68,68,on_time,0,
78255,68,68,on_time,0,
78256,68,68,on_time,0,
78257,68,68,on_time,0,
78258,68,68,on_time,0,
78259,68,68,on_time,0,
78260,68,68,on_time,0,
78261,68,68,on_time,0,
78262,68,68,on_time,0,
78263,68,68,on_time,0,
78264,68,68,on_time,0,
78265,68,68,on_time,0,
78266,68,68,on_time,0,
78267,68,68,on_time,0,
78268,68,68,on_time,0,
78269,68,68,on_time,0,
78270,68,68,on_time,0,
78271,68,68,on_time,0,
78272,68,68,on_time,0,
78273,68,68,on_time,0,
78274,68,68,on_time,0,
78275,68,68,on_time,0,
78276,68,68,on_time,0,
78277,68,68,on_time,0,
78278,68,68,on_time,0,
78279,68,68,on_time,0,
78280,68,68,on_time,0,
78281,68,68,on_time,0,
78282,68,68,on_time,0,
78283,68,68,on_time,0,
78284,68,68,on_time,0,
78285,68,68,on_time,0,
78286,68,68,on_time,0,
78287,68,68,on_time,0,
78288,68,68,on_time,0,
78289,68,68,on_time,0,
78290,68,68,on_time,0,
78291,68,68,on_time,0,
78292,68,68,on_time,0,
78293,68,68,on_time,0,
78294,68,68,on_time,0,
78295,68,68,on_time,0,
78296,68,68,on_time,0,
78297,68,68,on_time,0,
78298,68,68,on_time,0,
78299,68,68,on_time,0,
78300,68,68,on_time,0,
78301,68,68,on_time,0,
78302,68,68,on_time,0,
78303,68,68,on_time,0,
78304,68,68,on_time,0,
78305,68,68,on_time,0,
78306,68,68,on_time,0,
78307,68,68,on_time,0,
78308,68,68,on_time,0,
78309,68,68,on_time,0,
78310,68,68,on_time,0,
78311,68,68,on_time,0,
78312,68,68,on_time,0,
78313,68,68,on_time,0,
78314,68,68,on_time,0,
78315,68,68,on_time,0,
78316,68,68,on_time,0,
78317,68,68,on_time,0,
78318,68,68,on_time,0,
78319,68,68,on_time,0,
78320,68,68,on_time,0,
78321,68,68,on_time,0,
78322,68,68,on_time,0,
78323,68,68,on_time,0,
78324,68,68,on_time,0,
78325,68,68,on_time,0,
78326,68,68,on_time,0,
78327,68,68,on_time,0,
78328,68,68,on_time,0,
78329,68,68,on_time,0,
78330,68,68,on_time,0,
78331,68,68,on_time,0,
78332,68,68,on_time,0,
78333,68,68,on_time,0,
78334,68,68,on_time,0,
78335,68,68,on_time,0,
78336,68,68,on_time,0,
78337,68,68,on_time,0,
78338,68,68,on_time,0,
78339,68,68,on_time,0,
78340,68,68,on_time,0,
78341,68,68,on_time,0,
78342,68,68,on_time,0,
78343,68,68,on_time,0,
78344,68,68,on_time,0,
78345,68,68,on_time,0,
78346,68,68,on_time,0,
78347,68,68,on_time,0,
78348,68,68,on_time,0,
78349,68,68,on_time,0,
78350,68,68,on_time,0,
78351,68,68,on_time,0,
78352,68,68,on_time,0,
78353,68,68,on_time,0,
78354,68,68,on_time,0,
78355,68,68,on_time,0,
78356,68,68,on_time,0,
78357,68,68,on_time,0,
78358,68,68,on_time,0,
78359,68,68,on_time,0,
78360,68,68,on_time,0,
78361,68,68,on_time,0,
78362,68,68,on_time,0,
78363,68,68,on_time,0,
78364,68,68,on_time,0,
78365,68,68,on_time,0,
78366,68,68,on_time,0,
78367,68,68,on_time,0,
78368,68,68,on_time,0,
78369,68,68,on_time,0,
78370,68,68,on_time,0,
78371,68,68,on_time,0,
78372,68,68,on_time,0,
78373,68,68,on_time,0,
78374,68,68,on_time,0,
78375,68,68,on_time,0,
78376,68,68,on_time,0,
78377,68,68,on_time,0,
78378,68,68,on_time,0,
78379,68,68,on_time,0,
78380,68,68,on_time,0,
78381,68,68,on_time,0,
78382,68,68,on_time,0,
78383,68,68,on_time,0,
78384,68,68,on_time,0,
78385,68,68,on_time,0,
78386,68,68,on_time,0,
78387,68,68,on_time,0,
78388,68,68,on_time,0,
78389,68,68,on_time,0,
78390,68,68,on_time,0,
78391,68,68,on_time,0,
78392,68,68,on_time,0,
78393,68,68,on_time,0,
78394,68,68,on_time,0,
78395,68,68,on_time,0,
78396,68,68,on_time,0,
78397,68,68,on_time,0,
78398,68,68,on_time,0,
78399,68,68,on_time,0,
78400,68,68,on_time,0,
78401,68,68,on_time,0,
78402,68,68,on_time,0,
78403,68,68,on_time,0,
78404,68,68,on_time,0,
78405,68,68,on_time,0,
78406,68,68,on_time,0,
78407,68,68,on_time,0,
78408,68,68,on_time,0,
78409,68,68,on_time,0,
78410,68,68,on_time,0,
78411,68,68,on_time,0,
78412,68,68,on_time,0,
78413,68,68,on_time,0,
78414,68,68,on_time,0,
78415,68,68,on_time,0,
78416,68,68,on_time,0,
78417,68,68,on_time,0,
78418,68,68,on_time,0,
78419,68,68,on_time,0,
78420,68,68,on_time,0,
78421,68,68,on_time,0,
78422,68,68,on_time,0,
78423,68,68,on_time,0,
78424,68,68,on_time,0,
78425,68,68,on_time,0,
78426,68,68,on_time,0,
78427,68,68,on_time,0,
78428,68,68,on_time,0,
78429,68,68,on_time,0,
78430,68,68,on_time,0,
78431,68,68,on_time,0,
78432,68,68,on_time,0,
78433,68,68,on_time,0,
78434,68,68,on_time,0,
78435,68,68,on_time,0,
78436,68,68,on_time,0,
78437,68,68,on_time,0,
78438,68,68,on_time,0,
78439,68,68,on_time,0,
78440,68,68,on_time,0,
78441,68,68,on_time,0,
78442,68,68,on_time,0,
78443,68,68,on_time,0,
78444,68,68,on_time,0,
78445,68,68,on_time,0,
78446,68,68,on_time,0,
78447,68,68,on_time,0,
78448,68,68,on_time,0,
78449,68,68,on_time,0,
78450,68,68,on_time,0,
78451,68,68,on_time,0,
78452,68,68,on_time,0,
78453,68,68,on_time,0,
78454,68,68,on_time,0,
78455,68,68,on_time,0,
78456,68,68,on_time,0,
78457,68,68,on_time,0,
78458,68,68,on_time,0,
78459,68,68,on_time,0,
78460,68,68,on_time,0,
78461,68,68,on_time,0,
78462,68,68,on_time,0,
78463,68,68,on_time,0,
78464,68,68,on_time,0,
78465,68,68,on_time,0,
78466,68,68,on_time,0,
78467,68,68,on_time,0,
78468,68,68,on_time,0,
78469,68,68,on_time,0,
78470,68,68,on_time,0,
78471,68,68,on_time,0,
78472,68,68,on_time,0,
78473,68,68,on_time,0,
78474,68,68,on_time,0,
78475,68,68,on_time,0,
78476,68,68,on_time,0,
78477,68,68,on_time,0,
78478,68,68,on_time,0,
78479,68,68,on_time,0,
78480,68,68,on_time,0,
78481,68,68,on_time,0,
78482,68,68,on_time,0,
78483,68,68,on_time,0,
78484,68,68,on_time,0,
78485,68,68,on_time,0,
78486,68,68,on_time,0,
78487,68,68,on_time,0,
78488,68,68,on_time,0,
78489,68,68,on_time,0,
78490,68,68,on_time,0,
78491,68,68,on_time,0,
78492,68,68,on_time,0,
78493,68,68,on_time,0,
78494,68,68,on_time,0,
78495,68,68,on_time,0,
78496,68,68,on_time,0,
78497,68,68,on_time,0,
78498,68,68,on_time,0,
78499,68,68,on_time,0,
78500,68,68,on_time,0,
78501,68,68,on_time,0,
78502,68,68,on_time,0,
78503,68,68,on_time,0,
78504,68,68,on_time,0,
78505,68,68,on_time,0,
78506,68,68,on_time,0,
78507,68,68,on_time,0,
78508,68,68,on_time,0,
78509,68,68,on_time,0,
78510,68,68,on_time,0,
78511,68,68,on_time,0,
78512,68,68,on_time,0,
78513,68,68,on_time,0,
78514,68,68,on_time,0,
78515,68,68,on_time,0,
78516,68,68,on_time,0,
78517,68,68,on_time,0,
78518,68,68,on_time,0,
78519,68,68,on_time,0,
78520,68,68,on_time,0,
78521,68,68,on_time,0,
78522,68,68,on_time,0,
78523,68,68,on_time,0,
78524,68,68,on_time,0,
78525,68,68,on_time,0,
78526,68,68,on_time,0,
78527,68,68,on_time,0,
78528,68,68,on_time,0,
78529,68,68,on_time,0,
78530,68,68,on_time,0,
78531,68,68,on_time,0,
78532,68,68,on_time,0,
78533,68,68,on_time,0,
78534,68,68,on_time,0,
78535,68,68,on_time,0,
78536,68,68,on_time,0,
78537,68,68,on_time,0,
78538,68,68,on_time,0,
78539,68,68,on_time,0,
78540,68,68,on_time,0,
78541,68,68,on_time,0,
78542,68,68,on_time,0,
78543,68,68,on_time,0,
78544,68,68,on_time,0,
78545,68,68,on_time,0,
78546,68,68,on_time,0,
78547,68,68,on_time,0,
78548,68,68,on_time,0,
78549,68,68,on_time,0,
78550,68,68,on_time,0,
78551,68,68,on_time,0,
78552,68,68,on_time,0,
78553,68,68,on_time,0,
78554,68,68,on_time,0,
78555,68,68,on_time,0,
78556,68,68,on_time,0,
78557,68,68,on_time,0,
78558,68,68,on_time,0,
78559,68,68,on_time,0,
78560,68,68,on_time,0,
78561,68,68,on_time,0,
78562,68,68,on_time,0,
78563,68,68,on_time,0,
78564,68,68,on_time,0,
78565,68,68,on_time,0,
78566,68,68,on_time,0,
78567,68,68,on_time,0,
78568,68,68,on_time,0,
78569,68,68,on_time,0,
78570,68,68,on_time,0,
78571,68,68,on_time,0,
78572,68,68,on_time,0,
78573,68,68,on_time,0,
78574,68,68,on_time,0,
78575,68,68,on_time,0,
78576,68,68,on_time,0,
78577,68,68,on_time,0,
78578,68,68,on_time,0,
78579,68,68,on_time,0,
78580,68,68,on_time,0,
78581,68,68,on_time,0,
78582,68,68,on_time,0,
78583,68,68,on_time,0,
78584,68,68,on_time,0,
78585,68,68,on_time,0,
78586,68,68,on_time,0,
78587,68,68,on_time,0,
78588,68,68,on_time,0,
78589,68,68,on_time,0,
78590,68,68,on_time,0,
78591,68,68,on_time,0,
78592,68,68,on_time,0,
78593,68,68,on_time,0,
78594,68,68,on_time,0,
78595,68,68,on_time,0,
78596,68,68,on_time,0,
78597,68,68,on_time,0,
78598,68,68,on_time,0,
78599,68,68,on_time,0,
78600,68,68,on_time,0,
78601,68,68,on_time,0,
78602,68,68,on_time,0,
78603,68,68,on_time,0,
78604,68,68,on_time,0,
78605,68,68,on_time,0,
78606,68,68,on_time,0,
78607,68,68,on_time,0,
78608,68,68,on_time,0,
78609,68,68,on_time,0,
78610,68,68,on_time,0,
78611,68,68,on_time,0,
78612,68,68,on_time,0,
78613,68,68,on_time,0,
78614,68,68,on_time,0,
78615,68,68,on_time,0,
78616,68,68,on_time,0,
78617,68,68,on_time,0,
78618,68,68,on_time,0,
78619,68,68,on_time,0,
78620,68,68,on_time,0,
78621,68,68,on_time,0,
78622,68,68,on_time,0,
78623,68,68,on_time,0,
78624,68,68,on_time,0,
78625,68,68,on_time,0,
78626,68,68,on_time,0,
78627,68,68,on_time,0,
78628,68,68,on_time,0,
78629,68,68,on_time,0,
78630,68,68,on_time,0,
78631,68,68,on_time,0,
78632,68,68,on_time,0,
78633,68,68,on_time,0,
78634,68,68,on_time,0,
78635,68,68,on_time,0,
78636,68,68,on_time,0,
78637,68,68,on_time,0,
78638,68,68,on_time,0,
78639,68,68,on_time,0,
78640,68,68,on_time,0,
78641,68,68,on_time,0,
78642,68,68,on_time,0,
78643,68,68,on_time,0,
78644,68,68,on_time,0,
78645,68,68,on_time,0,
78646,68,68,on_time,0,
78647,68,68,on_time,0,
78648,68,68,on_time,0,
78649,68,68,on_time,0,
78650,68,68,on_time,0,
78651,68,68,on_time,0,
78652,68,68,on_time,0,
78653,68,68,on_time,0,
78654,68,68,on_time,0,
78655,68,68,on_time,0,
78656,68,68,on_time,0,
78657,68,68,on_time,0,
78658,68,68,on_time,0,
78659,68,68,on_time,0,
78660,68,68,on_time,0,
78661,68,68,on_time,0,
78662,68,68,on_time,0,
78663,68,68,on_time,0,
78664,68,68,on_time,0,
78665,68,68,on_time,0,
78666,68,68,on_time,0,
78667,68,68,on_time,0,
78668,68,68,on_time,0,
78669,68,68,on_time,0,
78670,68,68,on_time,0,
78671,68,68,on_time,0,
78672,68,68,on_time,0,
78673,68,68,on_time,0,
78674,68,68,on_time,0,
78675,68,68,on_time,0,
78676,68,68,on_time,0,
78677,68,68,on_time,0,
78678,68,68,on_time,0,
78679,68,68,on_time,0,
78680,68,68,on_time,0,
78681,68,68,on_time,0,
78682,68,68,on_time,0,
78683,68,68,on_time,0,
78684,68,68,on_time,0,
78685,68,68,on_time,0,
78686,68,68,on_time,0,
78687,68,68,on_time,0,
78688,68,68,on_time,0,
78689,68,68,on_time,0,
78690,68,68,on_time,0,
78691,68,68,on_time,0,
78692,68,68,on_time,0,
78693,68,68,on_time,0,
78694,68,68,on_time,0,
78695,68,68,on_time,0,
78696,68,68,on_time,0,
78697,68,68,on_time,0,
78698,68,68,on_time,0,
78699,68,68,on_time,0,
78700,68,68,on_time,0,
78701,68,68,on_time,0,
78702,68,68,on_time,0,
78703,68,68,on_time,0,
78704,68,68,on_time,0,
78705,68,68,on_time,0,
78706,68,68,on_time,0,
78707,68,68,on_time,0,
78708,68,68,on_time,0,
78709,68,68,on_time,0,
78710,68,68,on_time,0,
78711,68,68,on_time,0,
78712,68,68,on_time,0,
78713,68,68,on_time,0,
78714,68,68,on_time,0,
78715,68,68,on_time,0,
78716,68,68,on_time,0,
78717,68,68,on_time,0,
78718,68,68,on_time,0,
78719,68,68,on_time,0,
78720,68,68,on_time,0,
78721,68,68,on_time,0,
78722,68,68,on_time,0,
78723,68,68,on_time,0,
78724,68,68,on_time,0,
78725,68,68,on_time,0,
78726,68,68,on_time,0,
78727,68,68,on_time,0,
78728,68,68,on_time,0,
78729,68,68,on_time,0,
78730,68,68,on_time,0,
78731,68,68,on_time,0,
78732,68,68,on_time,0,
78733,68,68,on_time,0,
78734,68,68,on_time,0,
78735,68,68,on_time,0,
78736,68,68,on_time,0,
78737,68,68,on_time,0,
78738,68,68,on_time,0,
78739,68,68,on_time,0,
78740,68,68,on_time,0,
78741,68,68,on_time,0,
78742,68,68,on_time,0,
78743,68,68,on_time,0,
78744,68,68,on_time,0,
78745,68,68,on_time,0,
78746,68,68,on_time,0,
78747,68,68,on_time,0,
78748,68,68,on_time,0,
78749,68,68,on_time,0,
78750,68,68,on_time,0,
78751,68,68,on_time,0,
78752,68,68,on_time,0,
78753,68,68,on_time,0,
78754,68,68,on_time,0,
78755,68,68,on_time,0,
78756,68,68,on_time,0,
78757,68,68,on_time,0,
78758,68,68,on_time,0,
78759,68,68,on_time,0,
78760,68,68,on_time,0,
78761,68,68,on_time,0,
78762,68,68,on_time,0,
78763,68,68,on_time,0,
78764,68,68,on_time,0,
78765,68,68,on_time,0,
78766,68,68,on_time,0,
78767,68,68,on_time,0,
78768,68,68,on_time,0,
78769,68,68,on_time,0,
78770,68,68,on_time,0,
78771,68,68,on_time,0,
78772,68,68,on_time,0,
78773,68,68,on_time,0,
78774,68,68,on_time,0,
78775,68,68,on_time,0,
78776,68,68,on_time,0,
78777,68,68,on_time,0,
78778,68,68,on_time,0,
78779,68,68,on_time,0,
78780,68,68,on_time,0,
78781,68,68,on_time,0,
78782,68,68,on_time,0,
78783,68,68,on_time,0,
78784,68,68,on_time,0,
78785,68,68,on_time,0,
78786,68,68,on_time,0,
78787,68,68,on_time,0,
78788,68,68,on_time,0,
78789,68,68,on_time,0,
78790,68,68,on_time,0,
78791,68,68,on_time,0,
78792,68,68,on_time,0,
78793,68,68,on_time,0,
78794,68,68,on_time,0,
78795,68,68,on_time,0,
78796,68,68,on_time,0,
78797,68,68,on_time,0,
78798,68,68,on_time,0,
78799,68,68,on_time,0,
78800,68,68,on_time,0,
78801,68,68,on_time,0,
78802,68,68,on_time,0,
78803,68,68,on_time,0,
78804,68,68,on_time,0,
78805,68,68,on_time,0,
78806,68,68,on_time,0,
78807,68,68,on_time,0,
78808,68,68,on_time,0,
78809,68,68,on_time,0,
78810,68,68,on_time,0,
78811,68,68,on_time,0,
78812,68,68,on_time,0,
78813,68,68,on_time,0,
78814,68,68,on_time,0,
78815,68,68,on_time,0,
78816,68,68,on_time,0,
78817,68,68,on_time,0,
78818,68,68,on_time,0,
78819,68,68,on_time,0,
78820,68,68,on_time,0,
78821,68,68,on_time,0,
78822,68,68,on_time,0,
78823,68,68,on_time,0,
78824,68,68,on_time,0,
78825,68,68,on_time,0,
78826,68,68,on_time,0,
78827,68,68,on_time,0,
78828,68,68,on_time,0,
78829,68,68,on_time,0,
78830,68,68,on_time,0,
78831,68,68,on_time,0,
78832,68,68,on_time,0,
78833,68,68,on_time,0,
78834,68,68,on_time,0,
78835,68,68,on_time,0,
78836,68,68,on_time,0,
78837,68,68,on_time,0,
78838,68,68,on_time,0,
78839,68,68,on_time,0,
78840,68,68,on_time,0,
78841,68,68,on_time,0,
78842,68,68,on_time,0,
78843,68,68,on_time,0,
78844,68,68,on_time,0,
78845,68,68,on_time,0,
78846,68,68,on_time,0,
78847,68,68,on_time,0,
78848,68,68,on_time,0,
78849,68,68,on_time,0,
78850,68,68,on_time,0,
78851,68,68,on_time,0,
78852,68,68,on_time,0,
78853,68,68,on_time,0,
78854,68,68,on_time,0,
78855,68,68,on_time,0,
78856,68,68,on_time,0,
78857,68,68,on_time,0,
78858,68,68,on_time,0,
78859,68,68,on_time,0,
78860,68,68,on_time,0,
78861,68,68,on_time,0,
78862,68,68,on_time,0,
78863,68,68,on_time,0,
78864,68,68,on_time,0,
78865,68,68,on_time,0,
78866,68,68,on_time,0,
78867,68,68,on_time,0,
78868,68,68,on_time,0,
78869,68,68,on_time,0,
78870,68,68,on_time,0,
78871,68,68,on_time,0,
78872,68,68,on_time,0,
78873,68,68,on_time,0,
78874,68,68,on_time,0,
78875,68,68,on_time,0,
78876,68,68,on_time,0,
78877,68,68,on_time,0,
78878,68,68,on_time,0,
78879,68,68,on_time,0,
78880,68,68,on_time,0,
78881,68,68,on_time,0,
78882,68,68,on_time,0,
78883,68,68,on_time,0,
78884,68,68,on_time,0,
78885,68,68,on_time,0,
78886,68,68,on_time,0,
78887,68,68,on_time,0,
78888,68,68,on_time,0,
78889,68,68,on_time,0,
78890,68,68,on_time,0,
78891,68,68,on_time,0,
78892,68,68,on_time,0,
78893,68,68,on_time,0,
78894,68,68,on_time,0,
78895,68,68,on_time,0,
78896,68,68,on_time,0,
78897,68,68,on_time,0,
78898,68,68,on_time,0,
78899,68,68,on_time,0,
78900,68,68,on_time,0,
78901,68,68,on_time,0,
78902,68,68,on_time,0,
78903,68,68,on_time,0,
78904,68,68,on_time,0,
78905,68,68,on_time,0,
78906,68,68,on_time,0,
78907,68,68,on_time,0,
78908,68,68,on_time,0,
78909,68,68,on_time,0,
78910,68,68,on_time,0,
78911,68,68,on_time,0,
78912,68,68,on_time,0,
78913,68,68,on_time,0,
78914,68,68,on_time,0,
78915,68,68,on_time,0,
78916,68,68,on_time,0,
78917,68,68,on_time,0,
78918,68,68,on_time,0,
78919,68,68,on_time,0,
78920,68,68,on_time,0,
78921,68,68,on_time,0,
78922,68,68,on_time,0,
78923,68,68,on_time,0,
78924,68,68,on_time,0,
78925,68,68,on_time,0,
78926,68,68,on_time,0,
78927,68,68,on_time,0,
78928,68,68,on_time,0,
78929,68,68,on_time,0,
78930,68,68,on_time,0,
78931,68,68,on_time,0,
78932,68,68,on_time,0,
78933,68,68,on_time,0,
78934,68,68,on_time,0,
78935,68,68,on_time,0,
78936,68,68,on_time,0,
78937,68,68,on_time,0,
78938,68,68,on_time,0,
78939,68,68,on_time,0,
78940,68,68,on_time,0,
78941,68,68,on_time,0,
78942,68,68,on_time,0,
78943,68,68,on_time,0,
78944,68,68,on_time,0,
78945,68,68,on_time,0,
78946,68,68,on_time,0,
78947,68,68,on_time,0,
78948,68,68,on_time,0,
78949,68,68,on_time,0,
78950,68,68,on_time,0,
78951,68,68,on_time,0,
78952,68,68,on_time,0,
78953,68,68,on_time,0,
78954,68,68,on_time,0,
78955,68,68,on_time,0,
78956,68,68,on_time,0,
78957,68,68,on_time,0,
78958,68,68,on_time,0,
78959,68,68,on_time,0,
78960,68,68,on_time,0,
78961,68,68,on_time,0,
78962,68,68,on_time,0,
78963,68,68,on_time,0,
78964,68,68,on_time,0,
78965,68,68,on_time,0,
78966,68,68,on_time,0,
78967,68,68,on_time,0,
78968,68,68,on_time,0,
78969,68,68,on_time,0,
78970,68,68,on_time,0,
78971,68,68,on_time,0,
78972,68,68,on_time,0,
78973,68,68,on_time,0,
78974,68,68,on_time,0,
78975,68,68,on_time,0,
78976,68,68,on_time,0,
78977,68,68,on_time,0,
78978,68,68,on_time,0,
78979,68,68,on_time,0,
78980,68,68,on_time,0,
78981,68,68,on_time,0,
78982,68,68,on_time,0,
78983,68,68,on_time,0,
78984,68,68,on_time,0,
78985,68,68,on_time,0,
78986,68,68,on_time,0,
78987,68,68,on_time,0,
78988,68,68,on_time,0,
78989,68,68,on_time,0,
78990,68,68,on_time,0,
78991,68,68,on_time,0,
78992,68,68,on_time,0,
78993,68,68,on_time,0,
78994,68,68,on_time,0,
78995,68,68,on_time,0,
78996,68,68,on_time,0,
78997,68,68,on_time,0,
78998,68,68,on_time,0,
78999,68,68,on_time,0,
79000,68,68,on_time,0,
79001,68,68,on_time,0,
79002,68,68,on_time,0,
79003,68,68,on_time,0,
79004,68,68,on_time,0,
79005,68,68,on_time,0,
79006,68,68,on_time,0,
79007,68,68,on_time,0,
79008,68,68,on_time,0,
79009,68,68,on_time,0,
79010,68,68,on_time,0,
79011,68,68,on_time,0,
79012,68,68,on_time,0,
79013,68,68,on_time,0,
79014,68,68,on_time,0,
79015,68,68,on_time,0,
79016,68,68,on_time,0,
79017,68,68,on_time,0,
79018,68,68,on_time,0,
79019,68,68,on_time,0,
79020,68,68,on_time,0,
79021,68,68,on_time,0,
79022,68,68,on_time,0,
79023,68,68,on_time,0,
79024,68,68,on_time,0,
79025,68,68,on_time,0,
79026,68,68,on_time,0,
79027,68,68,on_time,0,
79028,68,68,on_time,0,
79029,68,68,on_time,0,
79030,68,68,on_time,0,
79031,68,68,on_time,0,
79032,68,68,on_time,0,
79033,68,68,on_time,0,
79034,68,68,on_time,0,
79035,68,68,on_time,0,
79036,68,68,on_time,0,
79037,68,68,on_time,0,
79038,68,68,on_time,0,
79039,68,68,on_time,0,
79040,68,68,on_time,0,
79041,68,68,on_time,0,
79042,68,68,on_time,0,
79043,68,68,on_time,0,
79044,68,68,on_time,0,
79045,68,68,on_time,0,
79046,68,68,on_time,0,
79047,68,68,on_time,0,
79048,68,68,on_time,0,
79049,68,68,on_time,0,
79050,68,68,on_time,0,
79051,68,68,on_time,0,
79052,68,68,on_time,0,
79053,68,68,on_time,0,
79054,68,68,on_time,0,
79055,68,68,on_time,0,
79056,68,68,on_time,0,
79057,68,68,on_time,0,
79058,68,68,on_time,0,
79059,68,68,on_time,0,
79060,68,68,on_time,0,
79061,68,68,on_time,0,
79062,68,68,on_time,0,
79063,68,68,on_time,0,
79064,68,68,on_time,0,
79065,68,68,on_time,0,
79066,68,68,on_time,0,
79067,68,68,on_time,0,
79068,68,68,on_time,0,
79069,68,68,on_time,0,
79070,68,68,on_time,0,
79071,68,68,on_time,0,
79072,68,68,on_time,0,
79073,68,68,on_time,0,
79074,68,68,on_time,0,
79075,68,68,on_time,0,
79076,68,68,on_time,0,
79077,68,68,on_time,0,
79078,68,68,on_time,0,
79079,68,68,on_time,0,
79080,68,68,on_time,0,
79081,68,68,on_time,0,
79082,68,68,on_time,0,
79083,68,68,on_time,0,
79084,68,68,on_time,0,
79085,68,68,on_time,0,
79086,68,68,on_time,0,
79087,68,68,on_time,0,
79088,68,68,on_time,0,
79089,68,68,on_time,0,
79090,68,68,on_time,0,
79091,68,68,on_time,0,
79092,68,68,on_time,0,
79093,68,68,on_time,0,
79094,68,68,on_time,0,
79095,68,68,on_time,0,
79096,68,68,on_time,0,
79097,68,68,on_time,0,
79098,68,68,on_time,0,
79099,68,68,on_time,0,
79100,68,68,on_time,0,
79101,68,68,on_time,0,
79102,68,68,on_time,0,
79103,68,68,on_time,0,
79104,68,68,on_time,0,
79105,68,68,on_time,0,
79106,68,68,on_time,0,
79107,68,68,on_time,0,
79108,68,68,on_time,0,
79109,68,68,on_time,0,
79110,68,68,on_time,0,
79111,68,68,on_time,0,
79112,68,68,on_time,0,
79113,68,68,on_time,0,
79114,68,68,on_time,0,
79115,68,68,on_time,0,
79116,68,68,on_time,0,
79117,68,68,on_time,0,
79118,68,68,on_time,0,
79119,68,68,on_time,0,
79120,68,68,on_time,0,
79121,68,68,on_time,0,
79122,68,68,on_time,0,
79123,68,68,on_time,0,
79124,68,68,on_time,0,
79125,68,68,on_time,0,
79126,68,68,on_time,0,
79127,68,68,on_time,0,
79128,68,68,on_time,0,
79129,68,68,on_time,0,
79130,68,68,on_time,0,
79131,68,68,on_time,0,
79132,68,68,on_time,0,
79133,68,68,on_time,0,
79134,68,68,on_time,0,
79135,68,68,on_time,0,
79136,68,68,on_time,0,
79137,68,68,on_time,0,
79138,68,68,on_time,0,
79139,68,68,on_time,0,
79140,68,68,on_time,0,
79141,68,68,on_time,0,
79142,68,68,on_time,0,
79143,68,68,on_time,0,
79144,68,68,on_time,0,
79145,68,68,on_time,0,
79146,68,68,on_time,0,
79147,68,68,on_time,0,
79148,68,68,on_time,0,
79149,68,68,on_time,0,
79150,68,68,on_time,0,
79151,68,68,on_time,0,
79152,68,68,on_time,0,
79153,68,68,on_time,0,
79154,68,68,on_time,0,
79155,68,68,on_time,0,
79156,68,68,on_time,0,
79157,68,68,on_time,0,
79158,68,68,on_time,0,
79159,68,68,on_time,0,
79160,68,68,on_time,0,
79161,68,68,on_time,0,
79162,68,68,on_time,0,
79163,68,68,on_time,0,
79164,68,68,on_time,0,
79165,68,68,on_time,0,
79166,68,68,on_time,0,
79167,68,68,on_time,0,
79168,68,68,on_time,0,
79169,68,68,on_time,0,
79170,68,68,on_time,0,
79171,68,68,on_time,0,
79172,68,68,on_time,0,
79173,68,68,on_time,0,
79174,68,68,on_time,0,
79175,68,68,on_time,0,
79176,68,68,on_time,0,
79177,68,68,on_time,0,
79178,68,68,on_time,0,
79179,68,68,on_time,0,
79180,68,68,on_time,0,
79181,68,68,on_time,0,
79182,68,68,on_time,0,
79183,68,68,on_time,0,
79184,68,68,on_time,0,
79185,68,68,on_time,0,
79186,68,68,on_time,0,
79187,68,68,on_time,0,
79188,68,68,on_time,0,
79189,68,68,on_time,0,
79190,68,68,on_time,0,
79191,68,68,on_time,0,
79192,68,68,on_time,0,
79193,68,68,on_time,0,
79194,68,68,on_time,0,
79195,68,68,on_time,0,
79196,68,68,on_time,0,
79197,68,68,on_time,0,
79198,68,68,on_time,0,
79199,68,68,on_time,0,
79200,68,68,on_time,0,
79201,68,68,on_time,0,
79202,68,68,on_time,0,
79203,68,68,on_time,0,
79204,68,68,on_time,0,
79205,68,68,on_time,0,
79206,68,68,on_time,0,
79207,68,68,on_time,0,
79208,68,68,on_time,0,
79209,68,68,on_time,0,
79210,68,68,on_time,0,
79211,68,68,on_time,0,
79212,68,68,on_time,0,
79213,68,68,on_time,0,
79214,68,68,on_time,0,
79215,68,68,on_time,0,
79216,68,68,on_time,0,
79217,68,68,on_time,0,
79218,68,68,on_time,0,
79219,68,68,on_time,0,
79220,68,68,on_time,0,
79221,68,68,on_time,0,
79222,68,68,on_time,0,
79223,68,68,on_time,0,
79224,68,68,on_time,0,
79225,68,68,on_time,0,
79226,68,68,on_time,0,
79227,68,68,on_time,0,
79228,68,68,on_time,0,
79229,68,68,on_time,0,
79230,68,68,on_time,0,
79231,68,68,on_time,0,
79232,68,68,on_time,0,
79233,68,68,on_time,0,
79234,68,68,on_time,0,
79235,68,68,on_time,0,
79236,68,68,on_time,0,
79237,68,68,on_time,0,
79238,68,68,on_time,0,
79239,68,68,on_time,0,
79240,68,68,on_time,0,
79241,68,68,on_time,0,
79242,68,68,on_time,0,
79243,68,68,on_time,0,
79244,68,68,on_time,0,
79245,68,68,on_time,0,
79246,68,68,on_time,0,
79247,68,68,on_time,0,
79248,68,68,on_time,0,
79249,68,68,on_time,0,
79250,68,68,on_time,0,
79251,68,68,on_time,0,
79252,68,68,on_time,0,
79253,68,68,on_time,0,
79254,68,68,on_time,0,
79255,68,68,on_time,0,
79256,68,68,on_time,0,
79257,68,68,on_time,0,
79258,68,68,on_time,0,
79259,68,68,on_time,0,
79260,68,68,on_time,0,
79261,68,68,on_time,0,
79262,68,68,on_time,0,
79263,68,68,on_time,0,
79264,68,68,on_time,0,
79265,68,68,on_time,0,
79266,68,68,on_time,0,
79267,68,68,on_time,0,
79268,68,68,on_time,0,
79269,68,68,on_time,0,
79270,68,68,on_time,0,
79271,68,68,on_time,0,
79272,68,68,on_time,0,
79273,68,68,on_time,0,
79274,68,68,on_time,0,
79275,68,68,on_time,0,
79276,68,68,on_time,0,
79277,68,68,on_time,0,
79278,68,68,on_time,0,
79279,68,68,on_time,0,
79280,68,68,on_time,0,
79281,68,68,on_time,0,
79282,68,68,on_time,0,
79283,68,68,on_time,0,
79284,68,68,on_time,0,
79285,68,68,on_time,0,
79286,68,68,on_time,0,
79287,68,68,on_time,0,
79288,68,68,on_time,0,
79289,68,68,on_time,0,
79290,68,68,on_time,0,
79291,68,68,on_time,0,
79292,68,68,on_time,0,
79293,68,68,on_time,0,
79294,68,68,on_time,0,
79295,68,68,on_time,0,
79296,68,68,on_time,0,
79297,68,68,on_time,0,
79298,68,68,on_time,0,
79299,68,68,on_time,0,
79300,68,68,on_time,0,
79301,68,68,on_time,0,
79302,68,68,on_time,0,
79303,68,68,on_time,0,
79304,68,68,on_time,0,
79305,68,68,on_time,0,
79306,68,68,on_time,0,
79307,68,68,on_time,0,
79308,68,68,on_time,0,
79309,68,68,on_time,0,
79310,68,68,on_time,0,
79311,68,68,on_time,0,
79312,68,68,on_time,0,
79313,68,68,on_time,0,
79314,68,68,on_time,0,
79315,68,68,on_time,0,
79316,68,68,on_time,0,
79317,68,68,on_time,0,
79318,68,68,on_time,0,
79319,68,68,on_time,0,
79320,68,68,on_time,0,
79321,68,68,on_time,0,
79322,68,68,on_time,0,
79323,68,68,on_time,0,
79324,68,68,on_time,0,
79325,68,68,on_time,0,
79326,68,68,on_time,0,
79327,68,68,on_time,0,
79328,68,68,on_time,0,
79329,68,68,on_time,0,
79330,68,68,on_time,0,
79331,68,68,on_time,0,
79332,68,68,on_time,0,
79333,68,68,on_time,0,
79334,68,68,on_time,0,
79335,68,68,on_time,0,
79336,68,68,on_time,0,
79337,68,68,on_time,0,
79338,68,68,on_time,0,
79339,68,68,on_time,0,
79340,68,68,on_time,0,
79341,68,68,on_time,0,
79342,68,68,on_time,0,
79343,68,68,on_time,0,
79344,68,68,on_time,0,
79345,68,68,on_time,0,
79346,68,68,on_time,0,
79347,68,68,on_time,0,
79348,68,68,on_time,0,
79349,68,68,on_time,0,
79350,68,68,on_time,0,
79351,68,68,on_time,0,
79352,68,68,on_time,0,
79353,68,68,on_time,0,
79354,68,68,on_time,0,
79355,68,68,on_time,0,
79356,68,68,on_time,0,
79357,68,68,on_time,0,
79358,68,68,on_time,0,
79359,68,68,on_time,0,
79360,68,68,on_time,0,
79361,68,68,on_time,0,
79362,68,68,on_time,0,
79363,68,68,on_time,0,
79364,68,68,on_time,0,
79365,68,68,on_time,0,
79366,68,68,on_time,0,
79367,68,68,on_time,0,
79368,68,68,on_time,0,
79369,68,68,on_time,0,
79370,68,68,on_time,0,
79371,68,68,on_time,0,
79372,68,68,on_time,0,
79373,68,68,on_time,0,
79374,68,68,on_time,0,
79375,68,68,on_time,0,
79376,68,68,on_time,0,
79377,68,68,on_time,0,
79378,68,68,on_time,0,
79379,68,68,on_time,0,
79380,68,68,on_time,0,
79381,68,68,on_time,0,
79382,68,68,on_time,0,
79383,68,68,on_time,0,
79384,68,68,on_time,0,
79385,68,68,on_time,0,
79386,68,68,on_time,0,
79387,68,68,on_time,0,
79388,68,68,on_time,0,
79389,68,68,on_time,0,
79390,68,68,on_time,0,
79391,68,68,on_time,0,
79392,68,68,on_time,0,
79393,68,68,on_time,0,
79394,68,68,on_time,0,
79395,68,68,on_time,0,
79396,68,68,on_time,0,
79397,68,68,on_time,0,
79398,68,68,on_time,0,
79399,68,68,on_time,0,
79400,68,68,on_time,0,
79401,68,68,on_time,0,
79402,68,68,on_time,0,
79403,68,68,on_time,0,
79404,68,68,on_time,0,
79405,68,68,on_time,0,
79406,68,68,on_time,0,
79407,68,68,on_time,0,
79408,68,68,on_time,0,
79409,68,68,on_time,0,
79410,68,68,on_time,0,
79411,68,68,on_time,0,
79412,68,68,on_time,0,
79413,68,68,on_time,0,
79414,68,68,on_time,0,
79415,68,68,on_time,0,
79416,68,68,on_time,0,
79417,68,68,on_time,0,
79418,68,68,on_time,0,
79419,68,68,on_time,0,
79420,68,68,on_time,0,
79421,68,68,on_time,0,
79422,68,68,on_time,0,
79423,68,68,on_time,0,
79424,68,68,on_time,0,
79425,68,68,on_time,0,
79426,68,68,on_time,0,
79427,68,68,on_time,0,
79428,68,68,on_time,0,
79429,68,68,on_time,0,
79430,68,68,on_time,0,
79431,68,68,on_time,0,
79432,68,68,on_time,0,
79433,68,68,on_time,0,
79434,68,68,on_time,0,
79435,68,68,on_time,0,
79436,68,68,on_time,0,
79437,68,68,on_time,0,
79438,68,68,on_time,0,
79439,68,68,on_time,0,
79440,68,68,on_time,0,
79441,68,68,on_time,0,
79442,68,68,on_time,0,
79443,68,68,on_time,0,
79444,68,68,on_time,0,
79445,68,68,on_time,0,
79446,68,68,on_time,0,
79447,68,68,on_time,0,
79448,68,68,on_time,0,
79449,68,68,on_time,0,
79450,68,68,on_time,0,
79451,68,68,on_time,0,
79452,68,68,on_time,0,
79453,68,68,on_time,0,
79454,68,68,on_time,0,
79455,68,68,on_time,0,
79456,68,68,on_time,0,
79457,68,68,on_time,0,
79458,68,68,on_time,0,
79459,68,68,on_time,0,
79460,68,68,on_time,0,
79461,68,68,on_time,0,
79462,68,68,on_time,0,
79463,68,68,on_time,0,
79464,68,68,on_time,0,
79465,68,68,on_time,0,
79466,68,68,on_time,0,
79467,68,68,on_time,0,
79468,68,68,on_time,0,
79469,68,68,on_time,0,
79470,68,68,on_time,0,
79471,68,68,on_time,0,
79472,68,68,on_time,0,
79473,68,68,on_time,0,
79474,68,68,on_time,0,
79475,68,68,on_time,0,
79476,68,68,on_time,0,
79477,68,68,on_time,0,
79478,68,68,on_time,0,
79479,68,68,on_time,0,
79480,68,68,on_time,0,
79481,68,68,on_time,0,
79482,68,68,on_time,0,
79483,68,68,on_time,0,
79484,68,68,on_time,0,
79485,68,68,on_time,0,
79486,68,68,on_time,0,
79487,68,68,on_time,0,
79488,68,68,on_time,0,
79489,68,68,on_time,0,
79490,68,68,on_time,0,
79491,68,68,on_time,0,
79492,68,68,on_time,0,
79493,68,68,on_time,0,
79494,68,68,on_time,0,
79495,68,68,on_time,0,
79496,68,68,on_time,0,
79497,68,68,on_time,0,
79498,68,68,on_time,0,
79499,68,68,on_time,0,
79500,68,68,on_time,0,
79501,68,68,on_time,0,
79502,68,68,on_time,0,
79503,68,68,on_time,0,
79504,68,68,on_time,0,
79505,68,68,on_time,0,
79506,68,68,on_time,0,
79507,68,68,on_time,0,
79508,68,68,on_time,0,
79509,68,68,on_time,0,
79510,68,68,on_time,0,
79511,68,68,on_time,0,
79512,68,68,on_time,0,
79513,68,68,on_time,0,
79514,68,68,on_time,0,
79515,68,68,on_time,0,
79516,68,68,on_time,0,
79517,68,68,on_time,0,
79518,68,68,on_time,0,
79519,68,68,on_time,0,
79520,68,68,on_time,0,
79521,68,68,on_time,0,
79522,68,68,on_time,0,
79523,68,68,on_time,0,
79524,68,68,on_time,0,
79525,68,68,on_time,0,
79526,68,68,on_time,0,
79527,68,68,on_time,0,
79528,68,68,on_time,0,
79529,68,68,on_time,0,
79530,68,68,on_time,0,
79531,68,68,on_time,0,
79532,68,68,on_time,0,
79533,68,68,on_time,0,
79534,68,68,on_time,0,
79535,68,68,on_time,0,
79536,68,68,on_time,0,
79537,68,68,on_time,0,
79538,68,68,on_time,0,
79539,68,68,on_time,0,
79540,68,68,on_time,0,
79541,68,68,on_time,0,
79542,68,68,on_time,0,
79543,68,68,on_time,0,
79544,68,68,on_time,0,
79545,68,68,on_time,0,
79546,68,68,on_time,0,
79547,68,68,on_time,0,
79548,68,68,on_time,0,
79549,68,68,on_time,0,
79550,68,68,on_time,0,
79551,68,68,on_time,0,
79552,68,68,on_time,0,
79553,68,68,on_time,0,
79554,68,68,on_time,0,
79555,68,68,on_time,0,
79556,68,68,on_time,0,
79557,68,68,on_time,0,
79558,68,68,on_time,0,
79559,68,68,on_time,0,
79560,68,68,on_time,0,
79561,68,68,on_time,0,
79562,68,68,on_time,0,
79563,68,68,on_time,0,
79564,68,68,on_time,0,
79565,68,68,on_time,0,
79566,68,68,on_time,0,
79567,68,68,on_time,0,
79568,68,68,on_time,0,
79569,68,68,on_time,0,
79570,68,68,on_time,0,
79571,68,68,on_time,0,
79572,68,68,on_time,0,
79573,68,68,on_time,0,
79574,68,68,on_time,0,
79575,68,68,on_time,0,
79576,68,68,on_time,0,
79577,68,68,on_time,0,
79578,68,68,on_time,0,
79579,68,68,on_time,0,
79580,68,68,on_time,0,
79581,68,68,on_time,0,
79582,68,68,on_time,0,
79583,68,68,on_time,0,
79584,68,68,on_time,0,
79585,68,68,on_time,0,
79586,68,68,on_time,0,
79587,68,68,on_time,0,
79588,68,68,on_time,0,
79589,68,68,on_time,0,
79590,68,68,on_time,0,
79591,68,68,on_time,0,
79592,68,68,on_time,0,
79593,68,68,on_time,0,
79594,68,68,on_time,0,
79595,68,68,on_time,0,
79596,68,68,on_time,0,
79597,68,68,on_time,0,
79598,68,68,on_time,0,
79599,68,68,on_time,0,
79600,68,68,on_time,0,
79601,68,68,on_time,0,
79602,68,68,on_time,0,
79603,68,68,on_time,0,
79604,68,68,on_time,0,
79605,68,68,on_time,0,
79606,68,68,on_time,0,
79607,68,68,on_time,0,
79608,68,68,on_time,0,
79609,68,68,on_time,0,
79610,68,68,on_time,0,
79611,68,68,on_time,0,
79612,68,68,on_time,0,
79613,68,68,on_time,0,
79614,68,68,on_time,0,
79615,68,68,on_time,0,
79616,68,68,on_time,0,
79617,68,68,on_time,0,
79618,68,68,on_time,0,
79619,68,68,on_time,0,
79620,68,68,on_time,0,
79621,68,68,on_time,0,
79622,68,68,on_time,0,
79623,68,68,on_time,0,
79624,68,68,on_time,0,
79625,68,68,on_time,0,
79626,68,68,on_time,0,
79627,68,68,on_time,0,
79628,68,68,on_time,0,
79629,68,68,on_time,0,
79630,68,68,on_time,0,
79631,68,68,on_time,0,
79632,68,68,on_time,0,
79633,68,68,on_time,0,
79634,68,68,on_time,0,
79635,68,68,on_time,0,
79636,68,68,on_time,0,
79637,68,68,on_time,0,
79638,68,68,on_time,0,
79639,68,68,on_time,0,
79640,68,68,on_time,0,
79641,68,68,on_time,0,
79642,68,68,on_time,0,
79643,68,68,on_time,0,
79644,68,68,on_time,0,
79645,68,68,on_time,0,
79646,68,68,on_time,0,
79647,68,68,on_time,0,
79648,68,68,on_time,0,
79649,68,68,on_time,0,
79650,68,68,on_time,0,
79651,68,68,on_time,0,
79652,68,68,on_time,0,
79653,68,68,on_time,0,
79654,68,68,on_time,0,
79655,68,68,on_time,0,
79656,68,68,on_time,0,
79657,68,68,on_time,0,
79658,68,68,on_time,0,
79659,68,68,on_time,0,
79660,68,68,on_time,0,
79661,68,68,on_time,0,
79662,68,68,on_time,0,
79663,68,68,on_time,0,
79664,68,68,on_time,0,
79665,68,68,on_time,0,
79666,68,68,on_time,0,
79667,68,68,on_time,0,
79668,68,68,on_time,0,
79669,68,68,on_time,0,
79670,68,68,on_time,0,
79671,68,68,on_time,0,
79672,68,68,on_time,0,
79673,68,68,on_time,0,
79674,68,68,on_time,0,
79675,68,68,on_time,0,
79676,68,68,on_time,0,
79677,68,68,on_time,0,
79678,68,68,on_time,0,
79679,68,68,on_time,0,
79680,68,68,on_time,0,
79681,68,68,on_time,0,
79682,68,68,on_time,0,
79683,68,68,on_time,0,
79684,68,68,on_time,0,
79685,68,68,on_time,0,
79686,68,68,on_time,0,
79687,68,68,on_time,0,
79688,68,68,on_time,0,
79689,68,68,on_time,0,
79690,68,68,on_time,0,
79691,68,68,on_time,0,
79692,68,68,on_time,0,
79693,68,68,on_time,0,
79694,68,68,on_time,0,
79695,68,68,on_time,0,
79696,68,68,on_time,0,
79697,68,68,on_time,0,
79698,68,68,on_time,0,
79699,68,68,on_time,0,
79700,68,68,on_time,0,
79701,68,68,on_time,0,
79702,68,68,on_time,0,
79703,68,68,on_time,0,
79704,68,68,on_time,0,
79705,68,68,on_time,0,
79706,68,68,on_time,0,
79707,68,68,on_time,0,
79708,68,68,on_time,0,
79709,68,68,on_time,0,
79710,68,68,on_time,0,
79711,68,68,on_time,0,
79712,68,68,on_time,0,
79713,68,68,on_time,0,
79714,68,68,on_time,0,
79715,68,68,on_time,0,
79716,68,68,on_time,0,
79717,68,68,on_time,0,
79718,68,68,on_time,0,
79719,68,68,on_time,0,
79720,68,68,on_time,0,
79721,68,68,on_time,0,
79722,68,68,on_time,0,
79723,68,68,on_time,0,
79724,68,68,on_time,0,
79725,68,68,on_time,0,
79726,68,68,on_time,0,
79727,68,68,on_time,0,
79728,68,68,on_time,0,
79729,68,68,on_time,0,
79730,68,68,on_time,0,
79731,68,68,on_time,0,
79732,68,68,on_time,0,
79733,68,68,on_time,0,
79734,68,68,on_time,0,
79735,68,68,on_time,0,
79736,68,68,on_time,0,
79737,68,68,on_time,0,
79738,68,68,on_time,0,
79739,68,68,on_time,0,
79740,68,68,on_time,0,
79741,68,68,on_time,0,
79742,68,68,on_time,0,
79743,68,68,on_time,0,
79744,68,68,on_time,0,
79745,68,68,on_time,0,
79746,68,68,on_time,0,
79747,68,68,on_time,0,
79748,68,68,on_time,0,
79749,68,68,on_time,0,
79750,68,68,on_time,0,
79751,68,68,on_time,0,
79752,68,68,on_time,0,
79753,68,68,on_time,0,
79754,68,68,on_time,0,
79755,68,68,on_time,0,
79756,68,68,on_time,0,
79757,68,68,on_time,0,
79758,68,68,on_time,0,
79759,68,68,on_time,0,
79760,68,68,on_time,0,
79761,68,68,on_time,0,
79762,68,68,on_time,0,
79763,68,68,on_time,0,
79764,68,68,on_time,0,
79765,68,68,on_time,0,
79766,68,68,on_time,0,
79767,68,68,on_time,0,
79768,68,68,on_time,0,
79769,68,68,on_time,0,
79770,68,68,on_time,0,
79771,68,68,on_time,0,
79772,68,68,on_time,0,
79773,68,68,on_time,0,
79774,68,68,on_time,0,
79775,68,68,on_time,0,
79776,68,68,on_time,0,
79777,68,68,on_time,0,
79778,68,68,on_time,0,
79779,68,68,on_time,0,
79780,68,68,on_time,0,
79781,68,68,on_time,0,
79782,68,68,on_time,0,
79783,68,68,on_time,0,
79784,68,68,on_time,0,
79785,68,68,on_time,0,
79786,68,68,on_time,0,
79787,68,68,on_time,0,
79788,68,68,on_time,0,
79789,68,68,on_time,0,
79790,68,68,on_time,0,
79791,68,68,on_time,0,
79792,68,68,on_time,0,
79793,68,68,on_time,0,
79794,68,68,on_time,0,
79795,68,68,on_time,0,
79796,68,68,on_time,0,
79797,68,68,on_time,0,
79798,68,68,on_time,0,
79799,68,68,on_time,0,
79800,68,68,on_time,0,
79801,68,68,on_time,0,
79802,68,68,on_time,0,
79803,68,68,on_time,0,
79804,68,68,on_time,0,
79805,68,68,on_time,0,
79806,68,68,on_time,0,
79807,68,68,on_time,0,
79808,68,68,on_time,0,
79809,68,68,on_time,0,
79810,68,68,on_time,0,
79811,68,68,on_time,0,
79812,68,68,on_time,0,
79813,68,68,on_time,0,
79814,68,68,on_time,0,
79815,68,68,on_time,0,
79816,68,68,on_time,0,
79817,68,68,on_time,0,
79818,68,68,on_time,0,
79819,68,68,on_time,0,
79820,68,68,on_time,0,
79821,68,68,on_time,0,
79822,68,68,on_time,0,
79823,68,68,on_time,0,
79824,68,68,on_time,0,
79825,68,68,on_time,0,
79826,68,68,on_time,0,
79827,68,68,on_time,0,
79828,68,68,on_time,0,
79829,68,68,on_time,0,
79830,68,68,on_time,0,
79831,68,68,on_time,0,
79832,68,68,on_time,0,
79833,68,68,on_time,0,
79834,68,68,on_time,0,
79835,68,68,on_time,0,
79836,68,68,on_time,0,
79837,68,68,on_time,0,
79838,68,68,on_time,0,
79839,68,68,on_time,0,
79840,68,68,on_time,0,
79841,68,68,on_time,0,
79842,68,68,on_time,0,
79843,68,68,on_time,0,
79844,68,68,on_time,0,
79845,68,68,on_time,0,
79846,68,68,on_time,0,
79847,68,68,on_time,0,
79848,68,68,on_time,0,
79849,68,68,on_time,0,
79850,68,68,on_time,0,
79851,68,68,on_time,0,
79852,68,68,on_time,0,
79853,68,68,on_time,0,
79854,68,68,on_time,0,
79855,68,68,on_time,0,
79856,68,68,on_time,0,
79857,68,68,on_time,0,
79858,68,68,on_time,0,
79859,68,68,on_time,0,
79860,68,68,on_time,0,
79861,68,68,on_time,0,
79862,68,68,on_time,0,
79863,68,68,on_time,0,
79864,68,68,on_time,0,
79865,68,68,on_time,0,
79866,68,68,on_time,0,
79867,68,68,on_time,0,
79868,68,68,on_time,0,
79869,68,68,on_time,0,
79870,68,68,on_time,0,
79871,68,68,on_time,0,
79872,68,68,on_time,0,
79873,68,68,on_time,0,
79874,68,68,on_time,0,
79875,68,68,on_time,0,
79876,68,68,on_time,0,
79877,68,68,on_time,0,
79878,68,68,on_time,0,
79879,68,68,on_time,0,
79880,68,68,on_time,0,
79881,68,68,on_time,0,
79882,68,68,on_time,0,
79883,68,68,on_time,0,
79884,68,68,on_time,0,
79885,68,68,on_time,0,
79886,68,68,on_time,0,
79887,68,68,on_time,0,
79888,68,68,on_time,0,
79889,68,68,on_time,0,
79890,68,68,on_time,0,
79891,68,68,on_time,0,
79892,68,68,on_time,0,
79893,68,68,on_time,0,
79894,68,68,on_time,0,
79895,68,68,on_time,0,
79896,68,68,on_time,0,
79897,68,68,on_time,0,
79898,68,68,on_time,0,
79899,68,68,on_time,0,
79900,68,68,on_time,0,
79901,68,68,on_time,0,
79902,68,68,on_time,0,
79903,68,68,on_time,0,
79904,68,68,on_time,0,
79905,68,68,on_time,0,
79906,68,68,on_time,0,
79907,68,68,on_time,0,
79908,68,68,on_time,0,
79909,68,68,on_time,0,
79910,68,68,on_time,0,
79911,68,68,on_time,0,
79912,68,68,on_time,0,
79913,68,68,on_time,0,
79914,68,68,on_time,0,
79915,68,68,on_time,0,
79916,68,68,on_time,0,
79917,68,68,on_time,0,
79918,68,68,on_time,0,
79919,68,68,on_time,0,
79920,68,68,on_time,0,
79921,68,68,on_time,0,
79922,68,68,on_time,0,
79923,68,68,on_time,0,
79924,68,68,on_time,0,
79925,68,68,on_time,0,
79926,68,68,on_time,0,
79927,68,68,on_time,0,
79928,68,68,on_time,0,
79929,68,68,on_time,0,
79930,68,68,on_time,0,
79931,68,68,on_time,0,
79932,68,68,on_time,0,
79933,68,68,on_time,0,
79934,68,68,on_time,0,
79935,68,68,on_time,0,
79936,68,68,on_time,0,
79937,68,68,on_time,0,
79938,68,68,on_time,0,
79939,68,68,on_time,0,
79940,68,68,on_time,0,
79941,68,68,on_time,0,
79942,68,68,on_time,0,
79943,68,68,on_time,0,
79944,68,68,on_time,0,
79945,68,68,on_time,0,
79946,68,68,on_time,0,
79947,68,68,on_time,0,
79948,68,68,on_time,0,
79949,68,68,on_time,0,
79950,68,68,on_time,0,
79951,68,68,on_time,0,
79952,68,68,on_time,0,
79953,68,68,on_time,0,
79954,68,68,on_time,0,
79955,68,68,on_time,0,
79956,68,68,on_time,0,
79957,68,68,on_time,0,
79958,68,68,on_time,0,
79959,68,68,on_time,0,
79960,68,68,on_time,0,
79961,68,68,on_time,0,
79962,68,68,on_time,0,
79963,68,68,on_time,0,
79964,68,68,on_time,0,
79965,68,68,on_time,0,
79966,68,68,on_time,0,
79967,68,68,on_time,0,
79968,68,68,on_time,0,
79969,68,68,on_time,0,
79970,68,68,on_time,0,
79971,68,68,on_time,0,
79972,68,68,on_time,0,
79973,68,68,on_time,0,
79974,68,68,on_time,0,
79975,68,68,on_time,0,
79976,68,68,on_time,0,
79977,68,68,on_time,0,
79978,68,68,on_time,0,
79979,68,68,on_time,0,
79980,68,68,on_time,0,
79981,68,68,on_time,0,
79982,68,68,on_time,0,
79983,68,68,on_time,0,
79984,68,68,on_time,0,
79985,68,68,on_time,0,
79986,68,68,on_time,0,
79987,68,68,on_time,0,
79988,68,68,on_time,0,
79989,68,68,on_time,0,
79990,68,68,on_time,0,
79991,68,68,on_time,0,
79992,68,68,on_time,0,
79993,68,68,on_time,0,
79994,68,68,on_time,0,
79995,68,68,on_time,0,
79996,68,68,on_time,0,
79997,68,68,on_time,0,
79998,68,68,on_time,0,
79999,68,68,on_time,0,
80000,68,68,on_time,0,
80001,69,69,on_time,0,
80002,69,69,on_time,0,
80003,69,69,on_time,0,
80004,69,69,on_time,0,
80005,69,69,on_time,0,
80006,69,69,on_time,0,
80007,69,69,on_time,0,
80008,69,69,on_time,0,
80009,69,69,on_time,0,
80010,69,69,on_time,0,
80011,69,69,on_time,0,
80012,69,69,on_time,0,
80013,69,69,on_time,0,
80014,69,69,on_time,0,
80015,69,69,on_time,0,
80016,69,69,on_time,0,
80017,69,69,on_time,0,
80018,69,69,on_time,0,
80019,69,69,on_time,0,
80020,69,69,on_time,0,
80021,69,69,on_time,0,
80022,69,69,on_time,0,
80023,69,69,on_time,0,
80024,69,69,on_time,0,
80025,69,69,on_time,0,
80026,69,69,on_time,0,
80027,69,69,on_time,0,
80028,69,69,on_time,0,
80029,69,69,on_time,0,
80030,69,69,on_time,0,
80031,69,69,on_time,0,
80032,69,69,on_time,0,
80033,69,69,on_time,0,
80034,69,69,on_time,0,
80035,69,69,on_time,0,
80036,69,69,on_time,0,
80037,69,69,on_time,0,
80038,69,69,on_time,0,
80039,69,69,on_time,0,
80040,69,69,on_time,0,
80041,69,69,on_time,0,
80042,69,69,on_time,0,
80043,69,69,on_time,0,
80044,69,69,on_time,0,
80045,69,69,on_time,0,
80046,69,69,on_time,0,
80047,69,69,on_time,0,
80048,69,69,on_time,0,
80049,69,69,on_time,0,
80050,69,69,on_time,0,
80051,69,69,on_time,0,
80052,69,69,on_time,0,
80053,69,69,on_time,0,
80054,69,69,on_time,0,
80055,69,69,on_time,0,
80056,69,69,on_time,0,
80057,69,69,on_time,0,
80058,69,69,on_time,0,
80059,69,69,on_time,0,
80060,69,69,on_time,0,
80061,69,69,on_time,0,
80062,69,69,on_time,0,
80063,69,69,on_time,0,
80064,69,69,on_time,0,
80065,69,69,on_time,0,
80066,69,69,on_time,0,
80067,69,69,on_time,0,
80068,69,69,on_time,0,
80069,69,69,on_time,0,
80070,69,69,on_time,0,
80071,69,69,on_time,0,
80072,69,69,on_time,0,
80073,69,69,on_time,0,
80074,69,69,on_time,0,
80075,69,69,on_time,0,
80076,69,69,on_time,0,
80077,69,69,on_time,0,
80078,69,69,on_time,0,
80079,69,69,on_time,0,
80080,69,69,on_time,0,
80081,69,69,on_time,0,
80082,69,69,on_time,0,
80083,69,69,on_time,0,
80084,69,69,on_time,0,
80085,69,69,on_time,0,
80086,69,69,on_time,0,
80087,69,69,on_time,0,
80088,69,69,on_time,0,
80089,69,69,on_time,0,
80090,69,69,on_time,0,
80091,69,69,on_time,0,
80092,69,69,on_time,0,
80093,69,69,on_time,0,
80094,69,69,on_time,0,
80095,69,69,on_time,0,
80096,69,69,on_time,0,
80097,69,69,on_time,0,
80098,69,69,on_time,0,
80099,69,69,on_time,0,
80100,69,69,on_time,0,
80101,69,69,on_time,0,
80102,69,69,on_time,0,
80103,69,69,on_time,0,
80104,69,69,on_time,0,
80105,69,69,on_time,0,
80106,69,69,on_time,0,
80107,69,69,on_time,0,
80108,69,69,on_time,0,
80109,69,69,on_time,0,
80110,69,69,on_time,0,
80111,69,69,on_time,0,
80112,69,69,on_time,0,
80113,69,69,on_time,0,
80114,69,69,on_time,0,
80115,69,69,on_time,0,
80116,69,69,on_time,0,
80117,69,69,on_time,0,
80118,69,69,on_time,0,
80119,69,69,on_time,0,
80120,69,69,on_time,0,
80121,69,69,on_time,0,
80122,69,69,on_time,0,
80123,69,69,on_time,0,
80124,69,69,on_time,0,
80125,69,69,on_time,0,
80126,69,69,on_time,0,
80127,69,69,on_time,0,
80128,69,69,on_time,0,
80129,69,69,on_time,0,
80130,69,69,on_time,0,
80131,69,69,on_time,0,
80132,69,69,on_time,0,
80133,69,69,on_time,0,
80134,69,69,on_time,0,
80135,69,69,on_time,0,
80136,69,69,on_time,0,
80137,69,69,on_time,0,
80138,69,69,on_time,0,
80139,69,69,on_time,0,
80140,69,69,on_time,0,
80141,69,69,on_time,0,
80142,69,69,on_time,0,
80143,69,69,on_time,0,
80144,69,69,on_time,0,
80145,69,69,on_time,0,
80146,69,69,on_time,0,
80147,69,69,on_time,0,
80148,69,69,on_time,0,
80149,69,69,on_time,0,
80150,69,69,on_time,0,
80151,69,69,on_time,0,
80152,69,69,on_time,0,
80153,69,69,on_time,0,
80154,69,69,on_time,0,
80155,69,69,on_time,0,
80156,69,69,on_time,0,
80157,69,69,on_time,0,
80158,69,69,on_time,0,
80159,69,69,on_time,0,
80160,69,69,on_time,0,
80161,69,69,on_time,0,
80162,69,69,on_time,0,
80163,69,69,on_time,0,
80164,69,69,on_time,0,
80165,69,69,on_time,0,
80166,69,69,on_time,0,
80167,69,69,on_time,0,
80168,69,69,on_time,0,
80169,69,69,on_time,0,
80170,69,69,on_time,0,
80171,69,69,on_time,0,
80172,69,69,on_time,0,
80173,69,69,on_time,0,
80174,69,69,on_time,0,
80175,69,69,on_time,0,
80176,69,69,on_time,0,
80177,69,69,on_time,0,
80178,69,69,on_time,0,
80179,69,69,on_time,0,
80180,69,69,on_time,0,
80181,69,69,on_time,0,
80182,69,69,on_time,0,
80183,69,69,on_time,0,
80184,69,69,on_time,0,
80185,69,69,on_time,0,
80186,69,69,on_time,0,
80187,69,69,on_time,0,
80188,69,69,on_time,0,
80189,69,69,on_time,0,
80190,69,69,on_time,0,
80191,69,69,on_time,0,
80192,69,69,on_time,0,
80193,69,69,on_time,0,
80194,69,69,on_time,0,
80195,69,69,on_time,0,
80196,69,69,on_time,0,
80197,69,69,on_time,0,
80198,69,69,on_time,0,
80199,69,69,on_time,0,
80200,69,69,on_time,0,
80201,69,69,on_time,0,
80202,69,69,on_time,0,
80203,69,69,on_time,0,
80204,69,69,on_time,0,
80205,69,69,on_time,0,
80206,69,69,on_time,0,
80207,69,69,on_time,0,
80208,69,69,on_time,0,
80209,69,69,on_time,0,
80210,69,69,on_time,0,
80211,69,69,on_time,0,
80212,69,69,on_time,0,
80213,69,69,on_time,0,
80214,69,69,on_time,0,
80215,69,69,on_time,0,
80216,69,69,on_time,0,
80217,69,69,on_time,0,
80218,69,69,on_time,0,
80219,69,69,on_time,0,
80220,69,69,on_time,0,
80221,69,69,on_time,0,
80222,69,69,on_time,0,
80223,69,69,on_time,0,
80224,69,69,on_time,0,
80225,69,69,on_time,0,
80226,69,69,on_time,0,
80227,69,69,on_time,0,
80228,69,69,on_time,0,
80229,69,69,on_time,0,
80230,69,69,on_time,0,
80231,69,69,on_time,0,
80232,69,69,on_time,0,
80233,69,69,on_time,0,
80234,69,69,on_time,0,
80235,69,69,on_time,0,
80236,69,69,on_time,0,
80237,69,69,on_time,0,
80238,69,69,on_time,0,
80239,69,69,on_time,0,
80240,69,69,on_time,0,
80241,69,69,on_time,0,
80242,69,69,on_time,0,
80243,69,69,on_time,0,
80244,69,69,on_time,0,
80245,69,69,on_time,0,
80246,69,69,on_time,0,
80247,69,69,on_time,0,
80248,69,69,on_time,0,
80249,69,69,on_time,0,
80250,69,69,on_time,0,
80251,69,69,on_time,0,
80252,69,69,on_time,0,
80253,69,69,on_time,0,
80254,69,69,on_time,0,
80255,69,69,on_time,0,
80256,69,69,on_time,0,
80257,69,69,on_time,0,
80258,69,69,on_time,0,
80259,69,69,on_time,0,
80260,69,69,on_time,0,
80261,69,69,on_time,0,
80262,69,69,on_time,0,
80263,69,69,on_time,0,
80264,69,69,on_time,0,
80265,69,69,on_time,0,
80266,69,69,on_time,0,
80267,69,69,on_time,0,
80268,69,69,on_time,0,
80269,69,69,on_time,0,
80270,69,69,on_time,0,
80271,69,69,on_time,0,
80272,69,69,on_time,0,
80273,69,69,on_time,0,
80274,69,69,on_time,0,
80275,69,69,on_time,0,
80276,69,69,on_time,0,
80277,69,69,on_time,0,
80278,69,69,on_time,0,
80279,69,69,on_time,0,
80280,69,69,on_time,0,
80281,69,69,on_time,0,
80282,69,69,on_time,0,
80283,69,69,on_time,0,
80284,69,69,on_time,0,
80285,69,69,on_time,0,
80286,69,69,on_time,0,
80287,69,69,on_time,0,
80288,69,69,on_time,0,
80289,69,69,on_time,0,
80290,69,69,on_time,0,
80291,69,69,on_time,0,
80292,69,69,on_time,0,
80293,69,69,on_time,0,
80294,69,69,on_time,0,
80295,69,69,on_time,0,
80296,69,69,on_time,0,
80297,69,69,on_time,0,
80298,69,69,on_time,0,
80299,69,69,on_time,0,
80300,69,69,on_time,0,
80301,69,69,on_time,0,
80302,69,69,on_time,0,
80303,69,69,on_time,0,
80304,69,69,on_time,0,
80305,69,69,on_time,0,
80306,69,69,on_time,0,
80307,69,69,on_time,0,
80308,69,69,on_time,0,
80309,69,69,on_time,0,
80310,69,69,on_time,0,
80311,69,69,on_time,0,
80312,69,69,on_time,0,
80313,69,69,on_time,0,
80314,69,69,on_time,0,
80315,69,69,on_time,0,
80316,69,69,on_time,0,
80317,69,69,on_time,0,
80318,69,69,on_time,0,
80319,69,69,on_time,0,
80320,69,69,on_time,0,
80321,69,69,on_time,0,
80322,69,69,on_time,0,
80323,69,69,on_time,0,
80324,69,69,on_time,0,
80325,69,69,on_time,0,
80326,69,69,on_time,0,
80327,69,69,on_time,0,
80328,69,69,on_time,0,
80329,69,69,on_time,0,
80330,69,69,on_time,0,
80331,69,69,on_time,0,
80332,69,69,on_time,0,
80333,69,69,on_time,0,
80334,69,69,on_time,0,
80335,69,69,on_time,0,
80336,69,69,on_time,0,
80337,69,69,on_time,0,
80338,69,69,on_time,0,
80339,69,69,on_time,0,
80340,69,69,on_time,0,
80341,69,69,on_time,0,
80342,69,69,on_time,0,
80343,69,69,on_time,0,
80344,69,69,on_time,0,
80345,69,69,on_time,0,
80346,69,69,on_time,0,
80347,69,69,on_time,0,
80348,69,69,on_time,0,
80349,69,69,on_time,0,
80350,69,69,on_time,0,
80351,69,69,on_time,0,
80352,69,69,on_time,0,
80353,69,69,on_time,0,
80354,69,69,on_time,0,
80355,69,69,on_time,0,
80356,69,69,on_time,0,
80357,69,69,on_time,0,
80358,69,69,on_time,0,
80359,69,69,on_time,0,
80360,69,69,on_time,0,
80361,69,69,on_time,0,
80362,69,69,on_time,0,
80363,69,69,on_time,0,
80364,69,69,on_time,0,
80365,69,69,on_time,0,
80366,69,69,on_time,0,
80367,69,69,on_time,0,
80368,69,69,on_time,0,
80369,69,69,on_time,0,
80370,69,69,on_time,0,
80371,69,69,on_time,0,
80372,69,69,on_time,0,
80373,69,69,on_time,0,
80374,69,69,on_time,0,
80375,69,69,on_time,0,
80376,69,69,on_time,0,
80377,69,69,on_time,0,
80378,69,69,on_time,0,
80379,69,69,on_time,0,
80380,69,69,on_time,0,
80381,69,69,on_time,0,
80382,69,69,on_time,0,
80383,69,69,on_time,0,
80384,69,69,on_time,0,
80385,69,69,on_time,0,
80386,69,69,on_time,0,
80387,69,69,on_time,0,
80388,69,69,on_time,0,
80389,69,69,on_time,0,
80390,69,69,on_time,0,
80391,69,69,on_time,0,
80392,69,69,on_time,0,
80393,69,69,on_time,0,
80394,69,69,on_time,0,
80395,69,69,on_time,0,
80396,69,69,on_time,0,
80397,69,69,on_time,0,
80398,69,69,on_time,0,
80399,69,69,on_time,0,
80400,69,69,on_time,0,
80401,69,69,on_time,0,
80402,69,69,on_time,0,
80403,69,69,on_time,0,
80404,69,69,on_time,0,
80405,69,69,on_time,0,
80406,69,69,on_time,0,
80407,69,69,on_time,0,
80408,69,69,on_time,0,
80409,69,69,on_time,0,
80410,69,69,on_time,0,
80411,69,69,on_time,0,
80412,69,69,on_time,0,
80413,69,69,on_time,0,
80414,69,69,on_time,0,
80415,69,69,on_time,0,
80416,69,69,on_time,0,
80417,69,69,on_time,0,
80418,69,69,on_time,0,
80419,69,69,on_time,0,
80420,69,69,on_time,0,
80421,69,69,on_time,0,
80422,69,69,on_time,0,
80423,69,69,on_time,0,
80424,69,69,on_time,0,
80425,69,69,on_time,0,
80426,69,69,on_time,0,
80427,69,69,on_time,0,
80428,69,69,on_time,0,
80429,69,69,on_time,0,
80430,69,69,on_time,0,
80431,69,69,on_time,0,
80432,69,69,on_time,0,
80433,69,69,on_time,0,
80434,69,69,on_time,0,
80435,69,69,on_time,0,
80436,69,69,on_time,0,
80437,69,69,on_time,0,
80438,69,69,on_time,0,
80439,69,69,on_time,0,
80440,69,69,on_time,0,
80441,69,69,on_time,0,
80442,69,69,on_time,0,
80443,69,69,on_time,0,
80444,69,69,on_time,0,
80445,69,69,on_time,0,
80446,69,69,on_time,0,
80447,69,69,on_time,0,
80448,69,69,on_time,0,
80449,69,69,on_time,0,
80450,69,69,on_time,0,
80451,69,69,on_time,0,
80452,69,69,on_time,0,
80453,69,69,on_time,0,
80454,69,69,on_time,0,
80455,69,69,on_time,0,
80456,69,69,on_time,0,
80457,69,69,on_time,0,
80458,69,69,on_time,0,
80459,69,69,on_time,0,
80460,69,69,on_time,0,
80461,69,69,on_time,0,
80462,69,69,on_time,0,
80463,69,69,on_time,0,
80464,69,69,on_time,0,
80465,69,69,on_time,0,
80466,69,69,on_time,0,
80467,69,69,on_time,0,
80468,69,69,on_time,0,
80469,69,69,on_time,0,
80470,69,69,on_time,0,
80471,69,69,on_time,0,
80472,69,69,on_time,0,
80473,69,69,on_time,0,
80474,69,69,on_time,0,
80475,69,69,on_time,0,
80476,69,69,on_time,0,
80477,69,69,on_time,0,
80478,69,69,on_time,0,
80479,69,69,on_time,0,
80480,69,69,on_time,0,
80481,69,69,on_time,0,
80482,69,69,on_time,0,
80483,69,69,on_time,0,
80484,69,69,on_time,0,
80485,69,69,on_time,0,
80486,69,69,on_time,0,
80487,69,69,on_time,0,
80488,69,69,on_time,0,
80489,69,69,on_time,0,
80490,69,69,on_time,0,
80491,69,69,on_time,0,
80492,69,69,on_time,0,
80493,69,69,on_time,0,
80494,69,69,on_time,0,
80495,69,69,on_time,0,
80496,69,69,on_time,0,
80497,69,69,on_time,0,
80498,69,69,on_time,0,
80499,69,69,on_time,0,
80500,69,69,on_time,0,
80501,69,69,on_time,0,
80502,69,69,on_time,0,
80503,69,69,on_time,0,
80504,69,69,on_time,0,
80505,69,69,on_time,0,
80506,69,69,on_time,0,
80507,69,69,on_time,0,
80508,69,69,on_time,0,
80509,69,69,on_time,0,
80510,69,69,on_time,0,
80511,69,69,on_time,0,
80512,69,69,on_time,0,
80513,69,69,on_time,0,
80514,69,69,on_time,0,
80515,69,69,on_time,0,
80516,69,69,on_time,0,
80517,69,69,on_time,0,
80518,69,69,on_time,0,
80519,69,69,on_time,0,
80520,69,69,on_time,0,
80521,69,69,on_time,0,
80522,69,69,on_time,0,
80523,69,69,on_time,0,
80524,69,69,on_time,0,
80525,69,69,on_time,0,
80526,69,69,on_time,0,
80527,69,69,on_time,0,
80528,69,69,on_time,0,
80529,69,69,on_time,0,
80530,69,69,on_time,0,
80531,69,69,on_time,0,
80532,69,69,on_time,0,
80533,69,69,on_time,0,
80534,69,69,on_time,0,
80535,69,69,on_time,0,
80536,69,69,on_time,0,
80537,69,69,on_time,0,
80538,69,69,on_time,0,
80539,69,69,on_time,0,
80540,69,69,on_time,0,
80541,69,69,on_time,0,
80542,69,69,on_time,0,
80543,69,69,on_time,0,
80544,69,69,on_time,0,
80545,69,69,on_time,0,
80546,69,69,on_time,0,
80547,69,69,on_time,0,
80548,69,69,on_time,0,
80549,69,69,on_time,0,
80550,69,69,on_time,0,
80551,69,69,on_time,0,
80552,69,69,on_time,0,
80553,69,69,on_time,0,
80554,69,69,on_time,0,
80555,69,69,on_time,0,
80556,69,69,on_time,0,
80557,69,69,on_time,0,
80558,69,69,on_time,0,
80559,69,69,on_time,0,
80560,69,69,on_time,0,
80561,69,69,on_time,0,
80562,69,69,on_time,0,
80563,69,69,on_time,0,
80564,69,69,on_time,0,
80565,69,69,on_time,0,
80566,69,69,on_time,0,
80567,69,69,on_time,0,
80568,69,69,on_time,0,
80569,69,69,on_time,0,
80570,69,69,on_time,0,
80571,69,69,on_time,0,
80572,69,69,on_time,0,
80573,69,69,on_time,0,
80574,69,69,on_time,0,
80575,69,69,on_time,0,
80576,69,69,on_time,0,
80577,69,69,on_time,0,
80578,69,69,on_time,0,
80579,69,69,on_time,0,
80580,69,69,on_time,0,
80581,69,69,on_time,0,
80582,69,69,on_time,0,
80583,69,69,on_time,0,
80584,69,69,on_time,0,
80585,69,69,on_time,0,
80586,69,69,on_time,0,
80587,69,69,on_time,0,
80588,69,69,on_time,0,
80589,69,69,on_time,0,
80590,69,69,on_time,0,
80591,69,69,on_time,0,
80592,69,69,on_time,0,
80593,69,69,on_time,0,
80594,69,69,on_time,0,
80595,69,69,on_time,0,
80596,69,69,on_time,0,
80597,69,69,on_time,0,
80598,69,69,on_time,0,
80599,69,69,on_time,0,
80600,69,69,on_time,0,
80601,69,69,on_time,0,
80602,69,69,on_time,0,
80603,69,69,on_time,0,
80604,69,69,on_time,0,
80605,69,69,on_time,0,
80606,69,69,on_time,0,
80607,69,69,on_time,0,
80608,69,69,on_time,0,
80609,69,69,on_time,0,
80610,69,69,on_time,0,
80611,69,69,on_time,0,
80612,69,69,on_time,0,
80613,69,69,on_time,0,
80614,69,69,on_time,0,
80615,69,69,on_time,0,
80616,69,69,on_time,0,
80617,69,69,on_time,0,
80618,69,69,on_time,0,
80619,69,69,on_time,0,
80620,69,69,on_time,0,
80621,69,69,on_time,0,
80622,69,69,on_time,0,
80623,69,69,on_time,0,
80624,69,69,on_time,0,
80625,69,69,on_time,0,
80626,69,69,on_time,0,
80627,69,69,on_time,0,
80628,69,69,on_time,0,
80629,69,69,on_time,0,
80630,69,69,on_time,0,
80631,69,69,on_time,0,
80632,69,69,on_time,0,
80633,69,69,on_time,0,
80634,69,69,on_time,0,
80635,69,69,on_time,0,
80636,69,69,on_time,0,
80637,69,69,on_time,0,
80638,69,69,on_time,0,
80639,69,69,on_time,0,
80640,69,69,on_time,0,
80641,69,69,on_time,0,
80642,69,69,on_time,0,
80643,69,69,on_time,0,
80644,69,69,on_time,0,
80645,69,69,on_time,0,
80646,69,69,on_time,0,
80647,69,69,on_time,0,
80648,69,69,on_time,0,
80649,69,69,on_time,0,
80650,69,69,on_time,0,
80651,69,69,on_time,0,
80652,69,69,on_time,0,
80653,69,69,on_time,0,
80654,69,69,on_time,0,
80655,69,69,on_time,0,
80656,69,69,on_time,0,
80657,69,69,on_time,0,
80658,69,69,on_time,0,
80659,69,69,on_time,0,
80660,69,69,on_time,0,
80661,69,69,on_time,0,
80662,69,69,on_time,0,
80663,69,69,on_time,0,
80664,69,69,on_time,0,
80665,69,69,on_time,0,
80666,69,69,on_time,0,
80667,69,69,on_time,0,
80668,69,69,on_time,0,
80669,69,69,on_time,0,
80670,69,69,on_time,0,
80671,69,69,on_time,0,
80672,69,69,on_time,0,
80673,69,69,on_time,0,
80674,69,69,on_time,0,
80675,69,69,on_time,0,
80676,69,69,on_time,0,
80677,69,69,on_time,0,
80678,69,69,on_time,0,
80679,69,69,on_time,0,
80680,69,69,on_time,0,
80681,69,69,on_time,0,
80682,69,69,on_time,0,
80683,69,69,on_time,0,
80684,69,69,on_time,0,
80685,69,69,on_time,0,
80686,69,69,on_time,0,
80687,69,69,on_time,0,
80688,69,69,on_time,0,
80689,69,69,on_time,0,
80690,69,69,on_time,0,
80691,69,69,on_time,0,
80692,69,69,on_time,0,
80693,69,69,on_time,0,
80694,69,69,on_time,0,
80695,69,69,on_time,0,
80696,69,69,on_time,0,
80697,69,69,on_time,0,
80698,69,69,on_time,0,
80699,69,69,on_time,0,
80700,69,69,on_time,0,
80701,69,69,on_time,0,
80702,69,69,on_time,0,
80703,69,69,on_time,0,
80704,69,69,on_time,0,
80705,69,69,on_time,0,
80706,69,69,on_time,0,
80707,69,69,on_time,0,
80708,69,69,on_time,0,
80709,69,69,on_time,0,
80710,69,69,on_time,0,
80711,69,69,on_time,0,
80712,69,69,on_time,0,
80713,69,69,on_time,0,
80714,69,69,on_time,0,
80715,69,69,on_time,0,
80716,69,69,on_time,0,
80717,69,69,on_time,0,
80718,69,69,on_time,0,
80719,69,69,on_time,0,
80720,69,69,on_time,0,
80721,69,69,on_time,0,
80722,69,69,on_time,0,
80723,69,69,on_time,0,
80724,69,69,on_time,0,
80725,69,69,on_time,0,
80726,69,69,on_time,0,
80727,69,69,on_time,0,
80728,69,69,on_time,0,
80729,69,69,on_time,0,
80730,69,69,on_time,0,
80731,69,69,on_time,0,
80732,69,69,on_time,0,
80733,69,69,on_time,0,
80734,69,69,on_time,0,
80735,69,69,on_time,0,
80736,69,69,on_time,0,
80737,69,69,on_time,0,
80738,69,69,on_time,0,
80739,69,69,on_time,0,
80740,69,69,on_time,0,
80741,69,69,on_time,0,
80742,69,69,on_time,0,
80743,69,69,on_time,0,
80744,69,69,on_time,0,
80745,69,69,on_time,0,
80746,69,69,on_time,0,
80747,69,69,on_time,0,
80748,69,69,on_time,0,
80749,69,69,on_time,0,
80750,69,69,on_time,0,
80751,69,69,on_time,0,
80752,69,69,on_time,0,
80753,69,69,on_time,0,
80754,69,69,on_time,0,
80755,69,69,on_time,0,
80756,69,69,on_time,0,
80757,69,69,on_time,0,
80758,69,69,on_time,0,
80759,69,69,on_time,0,
80760,69,69,on_time,0,
80761,69,69,on_time,0,
80762,69,69,on_time,0,
80763,69,69,on_time,0,
80764,69,69,on_time,0,
80765,69,69,on_time,0,
80766,69,69,on_time,0,
80767,69,69,on_time,0,
80768,69,69,on_time,0,
80769,69,69,on_time,0,
80770,69,69,on_time,0,
80771,69,69,on_time,0,
80772,69,69,on_time,0,
80773,69,69,on_time,0,
80774,69,69,on_time,0,
80775,69,69,on_time,0,
80776,69,69,on_time,0,
80777,69,69,on_time,0,
80778,69,69,on_time,0,
80779,69,69,on_time,0,
80780,69,69,on_time,0,
80781,69,69,on_time,0,
80782,69,69,on_time,0,
80783,69,69,on_time,0,
80784,69,69,on_time,0,
80785,69,69,on_time,0,
80786,69,69,on_time,0,
80787,69,69,on_time,0,
80788,69,69,on_time,0,
80789,69,69,on_time,0,
80790,69,69,on_time,0,
80791,69,69,on_time,0,
80792,69,69,on_time,0,
80793,69,69,on_time,0,
80794,69,69,on_time,0,
80795,69,69,on_time,0,
80796,69,69,on_time,0,
80797,69,69,on_time,0,
80798,69,69,on_time,0,
80799,69,69,on_time,0,
80800,69,69,on_time,0,
80801,69,69,on_time,0,
80802,69,69,on_time,0,
80803,69,69,on_time,0,
80804,69,69,on_time,0,
80805,69,69,on_time,0,
80806,69,69,on_time,0,
80807,69,69,on_time,0,
80808,69,69,on_time,0,
80809,69,69,on_time,0,
80810,69,69,on_time,0,
80811,69,69,on_time,0,
80812,69,69,on_time,0,
80813,69,69,on_time,0,
80814,69,69,on_time,0,
80815,69,69,on_time,0,
80816,69,69,on_time,0,
80817,69,69,on_time,0,
80818,69,69,on_time,0,
80819,69,69,on_time,0,
80820,69,69,on_time,0,
80821,69,69,on_time,0,
80822,69,69,on_time,0,
80823,69,69,on_time,0,
80824,69,69,on_time,0,
80825,69,69,on_time,0,
80826,69,69,on_time,0,
80827,69,69,on_time,0,
80828,69,69,on_time,0,
80829,69,69,on_time,0,
80830,69,69,on_time,0,
80831,69,69,on_time,0,
80832,69,69,on_time,0,
80833,69,69,on_time,0,
80834,69,69,on_time,0,
80835,69,69,on_time,0,
80836,69,69,on_time,0,
80837,69,69,on_time,0,
80838,69,69,on_time,0,
80839,69,69,on_time,0,
80840,69,69,on_time,0,
80841,69,69,on_time,0,
80842,69,69,on_time,0,
80843,69,69,on_time,0,
80844,69,69,on_time,0,
80845,69,69,on_time,0,
80846,69,69,on_time,0,
80847,69,69,on_time,0,
80848,69,69,on_time,0,
80849,69,69,on_time,0,
80850,69,69,on_time,0,
80851,69,69,on_time,0,
80852,69,69,on_time,0,
80853,69,69,on_time,0,
80854,69,69,on_time,0,
80855,69,69,on_time,0,
80856,69,69,on_time,0,
80857,69,69,on_time,0,
80858,69,69,on_time,0,
80859,69,69,on_time,0,
80860,69,69,on_time,0,
80861,69,69,on_time,0,
80862,69,69,on_time,0,
80863,69,69,on_time,0,
80864,69,69,on_time,0,
80865,69,69,on_time,0,
80866,69,69,on_time,0,
80867,69,69,on_time,0,
80868,69,69,on_time,0,
80869,69,69,on_time,0,
80870,69,69,on_time,0,
80871,69,69,on_time,0,
80872,69,69,on_time,0,
80873,69,69,on_time,0,
80874,69,69,on_time,0,
80875,69,69,on_time,0,
80876,69,69,on_time,0,
80877,69,69,on_time,0,
80878,69,69,on_time,0,
80879,69,69,on_time,0,
80880,69,69,on_time,0,
80881,69,69,on_time,0,
80882,69,69,on_time,0,
80883,69,69,on_time,0,
80884,69,69,on_time,0,
80885,69,69,on_time,0,
80886,69,69,on_time,0,
80887,69,69,on_time,0,
80888,69,69,on_time,0,
80889,69,69,on_time,0,
80890,69,69,on_time,0,
80891,69,69,on_time,0,
80892,69,69,on_time,0,
80893,69,69,on_time,0,
80894,69,69,on_time,0,
80895,69,69,on_time,0,
80896,69,69,on_time,0,
80897,69,69,on_time,0,
80898,69,69,on_time,0,
80899,69,69,on_time,0,
80900,69,69,on_time,0,
80901,69,69,on_time,0,
80902,69,69,on_time,0,
80903,69,69,on_time,0,
80904,69,69,on_time,0,
80905,69,69,on_time,0,
80906,69,69,on_time,0,
80907,69,69,on_time,0,
80908,69,69,on_time,0,
80909,69,69,on_time,0,
80910,69,69,on_time,0,
80911,69,69,on_time,0,
80912,69,69,on_time,0,
80913,69,69,on_time,0,
80914,69,69,on_time,0,
80915,69,69,on_time,0,
80916,69,69,on_time,0,
80917,69,69,on_time,0,
80918,69,69,on_time,0,
80919,69,69,on_time,0,
80920,69,69,on_time,0,
80921,69,69,on_time,0,
80922,69,69,on_time,0,
80923,69,69,on_time,0,
80924,69,69,on_time,0,
80925,69,69,on_time,0,
80926,69,69,on_time,0,
80927,69,69,on_time,0,
80928,69,69,on_time,0,
80929,69,69,on_time,0,
80930,69,69,on_time,0,
80931,69,69,on_time,0,
80932,69,69,on_time,0,
80933,69,69,on_time,0,
80934,69,69,on_time,0,
80935,69,69,on_time,0,
80936,69,69,on_time,0,
80937,69,69,on_time,0,
80938,69,69,on_time,0,
80939,69,69,on_time,0,
80940,69,69,on_time,0,
80941,69,69,on_time,0,
80942,69,69,on_time,0,
80943,69,69,on_time,0,
80944,69,69,on_time,0,
80945,69,69,on_time,0,
80946,69,69,on_time,0,
80947,69,69,on_time,0,
80948,69,69,on_time,0,
80949,69,69,on_time,0,
80950,69,69,on_time,0,
80951,69,69,on_time,0,
80952,69,69,on_time,0,
80953,69,69,on_time,0,
80954,69,69,on_time,0,
80955,69,69,on_time,0,
80956,69,69,on_time,0,
80957,69,69,on_time,0,
80958,69,69,on_time,0,
80959,69,69,on_time,0,
80960,69,69,on_time,0,
80961,69,69,on_time,0,
80962,69,69,on_time,0,
80963,69,69,on_time,0,
80964,69,69,on_time,0,
80965,69,69,on_time,0,
80966,69,69,on_time,0,
80967,69,69,on_time,0,
80968,69,69,on_time,0,
80969,69,69,on_time,0,
80970,69,69,on_time,0,
80971,69,69,on_time,0,
80972,69,69,on_time,0,
80973,69,69,on_time,0,
80974,69,69,on_time,0,
80975,69,69,on_time,0,
80976,69,69,on_time,0,
80977,69,69,on_time,0,
80978,69,69,on_time,0,
80979,69,69,on_time,0,
80980,69,69,on_time,0,
80981,69,69,on_time,0,
80982,69,69,on_time,0,
80983,69,69,on_time,0,
80984,69,69,on_time,0,
80985,69,69,on_time,0,
80986,69,69,on_time,0,
80987,69,69,on_time,0,
80988,69,69,on_time,0,
80989,69,69,on_time,0,
80990,69,69,on_time,0,
80991,69,69,on_time,0,
80992,69,69,on_time,0,
80993,69,69,on_time,0,
80994,69,69,on_time,0,
80995,69,69,on_time,0,
80996,69,69,on_time,0,
80997,69,69,on_time,0,
80998,69,69,on_time,0,
80999,69,69,on_time,0,
81000,69,69,on_time,0,
81001,69,69,on_time,0,
81002,69,69,on_time,0,
81003,69,69,on_time,0,
81004,69,69,on_time,0,
81005,69,69,on_time,0,
81006,69,69,on_time,0,
81007,69,69,on_time,0,
81008,69,69,on_time,0,
81009,69,69,on_time,0,
81010,69,69,on_time,0,
81011,69,69,on_time,0,
81012,69,69,on_time,0,
81013,69,69,on_time,0,
81014,69,69,on_time,0,
81015,69,69,on_time,0,
81016,69,69,on_time,0,
81017,69,69,on_time,0,
81018,69,69,on_time,0,
81019,69,69,on_time,0,
81020,69,69,on_time,0,
81021,69,69,on_time,0,
81022,69,69,on_time,0,
81023,69,69,on_time,0,
81024,69,69,on_time,0,
81025,69,69,on_time,0,
81026,69,69,on_time,0,
81027,69,69,on_time,0,
81028,69,69,on_time,0,
81029,69,69,on_time,0,
81030,69,69,on_time,0,
81031,69,69,on_time,0,
81032,69,69,on_time,0,
81033,69,69,on_time,0,
81034,69,69,on_time,0,
81035,69,69,on_time,0,
81036,69,69,on_time,0,
81037,69,69,on_time,0,
81038,69,69,on_time,0,
81039,69,69,on_time,0,
81040,69,69,on_time,0,
81041,69,69,on_time,0,
81042,69,69,on_time,0,
81043,69,69,on_time,0,
81044,69,69,on_time,0,
81045,69,69,on_time,0,
81046,69,69,on_time,0,
81047,69,69,on_time,0,
81048,69,69,on_time,0,
81049,69,69,on_time,0,
81050,69,69,on_time,0,
81051,69,69,on_time,0,
81052,69,69,on_time,0,
81053,69,69,on_time,0,
81054,69,69,on_time,0,
81055,69,69,on_time,0,
81056,69,69,on_time,0,
81057,69,69,on_time,0,
81058,69,69,on_time,0,
81059,69,69,on_time,0,
81060,69,69,on_time,0,
81061,69,69,on_time,0,
81062,69,69,on_time,0,
81063,69,69,on_time,0,
81064,69,69,on_time,0,
81065,69,69,on_time,0,
81066,69,69,on_time,0,
81067,69,69,on_time,0,
81068,69,69,on_time,0,
81069,69,69,on_time,0,
81070,69,69,on_time,0,
81071,69,69,on_time,0,
81072,69,69,on_time,0,
81073,69,69,on_time,0,
81074,69,69,on_time,0,
81075,69,69,on_time,0,
81076,69,69,on_time,0,
81077,69,69,on_time,0,
81078,69,69,on_time,0,
81079,69,69,on_time,0,
81080,69,69,on_time,0,
81081,69,69,on_time,0,
81082,69,69,on_time,0,
81083,69,69,on_time,0,
81084,69,69,on_time,0,
81085,69,69,on_time,0,
81086,69,69,on_time,0,
81087,69,69,on_time,0,
81088,69,69,on_time,0,
81089,69,69,on_time,0,
81090,69,69,on_time,0,
81091,69,69,on_time,0,
81092,69,69,on_time,0,
81093,69,69,on_time,0,
81094,69,69,on_time,0,
81095,69,69,on_time,0,
81096,69,69,on_time,0,
81097,69,69,on_time,0,
81098,69,69,on_time,0,
81099,69,69,on_time,0,
81100,69,69,on_time,0,
81101,69,69,on_time,0,
81102,69,69,on_time,0,
81103,69,69,on_time,0,
81104,69,69,on_time,0,
81105,69,69,on_time,0,
81106,69,69,on_time,0,
81107,69,69,on_time,0,
81108,69,69,on_time,0,
81109,69,69,on_time,0,
81110,69,69,on_time,0,
81111,69,69,on_time,0,
81112,69,69,on_time,0,
81113,69,69,on_time,0,
81114,69,69,on_time,0,
81115,69,69,on_time,0,
81116,69,69,on_time,0,
81117,69,69,on_time,0,
81118,69,69,on_time,0,
81119,69,69,on_time,0,
81120,69,69,on_time,0,
81121,69,69,on_time,0,
81122,69,69,on_time,0,
81123,69,69,on_time,0,
81124,69,69,on_time,0,
81125,69,69,on_time,0,
81126,69,69,on_time,0,
81127,69,69,on_time,0,
81128,69,69,on_time,0,
81129,69,69,on_time,0,
81130,69,69,on_time,0,
81131,69,69,on_time,0,
81132,69,69,on_time,0,
81133,69,69,on_time,0,
81134,69,69,on_time,0,
81135,69,69,on_time,0,
81136,69,69,on_time,0,
81137,69,69,on_time,0,
81138,69,69,on_time,0,
81139,69,69,on_time,0,
81140,69,69,on_time,0,
81141,69,69,on_time,0,
81142,69,69,on_time,0,
81143,69,69,on_time,0,
81144,69,69,on_time,0,
81145,69,69,on_time,0,
81146,69,69,on_time,0,
81147,69,69,on_time,0,
81148,69,69,on_time,0,
81149,69,69,on_time,0,
81150,69,69,on_time,0,
81151,69,69,on_time,0,
81152,69,69,on_time,0,
81153,69,69,on_time,0,
81154,69,69,on_time,0,
81155,69,69,on_time,0,
81156,69,69,on_time,0,
81157,69,69,on_time,0,
81158,69,69,on_time,0,
81159,69,69,on_time,0,
81160,69,69,on_time,0,
81161,69,69,on_time,0,
81162,69,69,on_time,0,
81163,69,69,on_time,0,
81164,69,69,on_time,0,
81165,69,69,on_time,0,
81166,69,69,on_time,0,
81167,69,69,on_time,0,
81168,69,69,on_time,0,
81169,69,69,on_time,0,
81170,69,69,on_time,0,
81171,69,69,on_time,0,
81172,69,69,on_time,0,
81173,69,69,on_time,0,
81174,69,69,on_time,0,
81175,69,69,on_time,0,
81176,69,69,on_time,0,
81177,69,69,on_time,0,
81178,69,69,on_time,0,
81179,69,69,on_time,0,
81180,69,69,on_time,0,
81181,69,69,on_time,0,
81182,69,69,on_time,0,
81183,69,69,on_time,0,
81184,69,69,on_time,0,
81185,69,69,on_time,0,
81186,69,69,on_time,0,
81187,69,69,on_time,0,
81188,69,69,on_time,0,
81189,69,69,on_time,0,
81190,69,69,on_time,0,
81191,69,69,on_time,0,
81192,69,69,on_time,0,
81193,69,69,on_time,0,
81194,69,69,on_time,0,
81195,69,69,on_time,0,
81196,69,69,on_time,0,
81197,69,69,on_time,0,
81198,69,69,on_time,0,
81199,69,69,on_time,0,
81200,69,69,on_time,0,
81201,69,69,on_time,0,
81202,69,69,on_time,0,
81203,69,69,on_time,0,
81204,69,69,on_time,0,
81205,69,69,on_time,0,
81206,69,69,on_time,0,
81207,69,69,on_time,0,
81208,69,69,on_time,0,
81209,69,69,on_time,0,
81210,69,69,on_time,0,
81211,69,69,on_time,0,
81212,69,69,on_time,0,
81213,69,69,on_time,0,
81214,69,69,on_time,0,
81215,69,69,on_time,0,
81216,69,69,on_time,0,
81217,69,69,on_time,0,
81218,69,69,on_time,0,
81219,69,69,on_time,0,
81220,69,69,on_time,0,
81221,69,69,on_time,0,
81222,69,69,on_time,0,
81223,69,69,on_time,0,
81224,69,69,on_time,0,
81225,69,69,on_time,0,
81226,69,69,on_time,0,
81227,69,69,on_time,0,
81228,69,69,on_time,0,
81229,69,69,on_time,0,
81230,69,69,on_time,0,
81231,69,69,on_time,0,
81232,69,69,on_time,0,
81233,69,69,on_time,0,
81234,69,69,on_time,0,
81235,69,69,on_time,0,
81236,69,69,on_time,0,
81237,69,69,on_time,0,
81238,69,69,on_time,0,
81239,69,69,on_time,0,
81240,69,69,on_time,0,
81241,69,69,on_time,0,
81242,69,69,on_time,0,
81243,69,69,on_time,0,
81244,69,69,on_time,0,
81245,69,69,on_time,0,
81246,69,69,on_time,0,
81247,69,69,on_time,0,
81248,69,69,on_time,0,
81249,69,69,on_time,0,
81250,69,69,on_time,0,
81251,69,69,on_time,0,
81252,69,69,on_time,0,
81253,69,69,on_time,0,
81254,69,69,on_time,0,
81255,69,69,on_time,0,
81256,69,69,on_time,0,
81257,69,69,on_time,0,
81258,69,69,on_time,0,
81259,69,69,on_time,0,
81260,69,69,on_time,0,
81261,69,69,on_time,0,
81262,69,69,on_time,0,
81263,69,69,on_time,0,
81264,69,69,on_time,0,
81265,69,69,on_time,0,
81266,69,69,on_time,0,
81267,69,69,on_time,0,
81268,69,69,on_time,0,
81269,69,69,on_time,0,
81270,69,69,on_time,0,
81271,69,69,on_time,0,
81272,69,69,on_time,0,
81273,69,69,on_time,0,
81274,69,69,on_time,0,
81275,69,69,on_time,0,
81276,69,69,on_time,0,
81277,69,69,on_time,0,
81278,69,69,on_time,0,
81279,69,69,on_time,0,
81280,69,69,on_time,0,
81281,69,69,on_time,0,
81282,69,69,on_time,0,
81283,69,69,on_time,0,
81284,69,69,on_time,0,
81285,69,69,on_time,0,
81286,69,69,on_time,0,
81287,69,69,on_time,0,
81288,69,69,on_time,0,
81289,69,69,on_time,0,
81290,69,69,on_time,0,
81291,69,69,on_time,0,
81292,69,69,on_time,0,
81293,69,69,on_time,0,
81294,69,69,on_time,0,
81295,69,69,on_time,0,
81296,69,69,on_time,0,
81297,69,69,on_time,0,
81298,69,69,on_time,0,
81299,69,69,on_time,0,
81300,69,69,on_time,0,
81301,69,69,on_time,0,
81302,69,69,on_time,0,
81303,69,69,on_time,0,
81304,69,69,on_time,0,
81305,69,69,on_time,0,
81306,69,69,on_time,0,
81307,69,69,on_time,0,
81308,69,69,on_time,0,
81309,69,69,on_time,0,
81310,69,69,on_time,0,
81311,69,69,on_time,0,
81312,69,69,on_time,0,
81313,69,69,on_time,0,
81314,69,69,on_time,0,
81315,69,69,on_time,0,
81316,69,69,on_time,0,
81317,69,69,on_time,0,
81318,69,69,on_time,0,
81319,69,69,on_time,0,
81320,69,69,on_time,0,
81321,69,69,on_time,0,
81322,69,69,on_time,0,
81323,69,69,on_time,0,
81324,69,69,on_time,0,
81325,69,69,on_time,0,
81326,69,69,on_time,0,
81327,69,69,on_time,0,
81328,69,69,on_time,0,
81329,69,69,on_time,0,
81330,69,69,on_time,0,
81331,69,69,on_time,0,
81332,69,69,on_time,0,
81333,69,69,on_time,0,
81334,69,69,on_time,0,
81335,69,69,on_time,0,
81336,69,69,on_time,0,
81337,69,69,on_time,0,
81338,69,69,on_time,0,
81339,69,69,on_time,0,
81340,69,69,on_time,0,
81341,69,69,on_time,0,
81342,69,69,on_time,0,
81343,69,69,on_time,0,
81344,69,69,on_time,0,
81345,69,69,on_time,0,
81346,69,69,on_time,0,
81347,69,69,on_time,0,
81348,69,69,on_time,0,
81349,69,69,on_time,0,
81350,69,69,on_time,0,
81351,69,69,on_time,0,
81352,69,69,on_time,0,
81353,69,69,on_time,0,
81354,69,69,on_time,0,
81355,69,69,on_time,0,
81356,69,69,on_time,0,
81357,69,69,on_time,0,
81358,69,69,on_time,0,
81359,69,69,on_time,0,
81360,69,69,on_time,0,
81361,69,69,on_time,0,
81362,69,69,on_time,0,
81363,69,69,on_time,0,
81364,69,69,on_time,0,
81365,69,69,on_time,0,
81366,69,69,on_time,0,
81367,69,69,on_time,0,
81368,69,69,on_time,0,
81369,69,69,on_time,0,
81370,69,71,late,2,
81371,69,69,on_time,0,
81372,69,69,on_time,0,
81373,69,69,on_time,0,
81374,69,69,on_time,0,
81375,69,69,on_time,0,
81376,69,69,on_time,0,
81377,69,69,on_time,0,
81378,69,71,late,2,
81379,69,71,late,2,
81380,69,71,late,2,
81381,69,71,late,2,
81382,69,71,late,2,
81383,69,69,on_time,0,
81384,69,71,late,2,
81385,69,69,on_time,0,
81386,69,71,late,2,
81387,69,69,on_time,0,
81388,69,71,late,2,
81389,69,71,late,2,
81390,69,69,on_time,0,
81391,69,69,on_time,0,
81392,69,71,late,2,
81393,69,69,on_time,0,
81394,69,69,on_time,0,
81395,69,69,on_time,0,
81396,69,71,late,2,
81397,69,69,on_time,0,
81398,69,71,late,2,
81399,69,69,on_time,0,
81400,69,69,on_time,0,
81401,69,69,on_time,0,
81402,69,69,on_time,0,
81403,69,71,late,2,
81404,69,71,late,2,
81405,69,71,late,2,
81406,69,71,late,2,
81407,69,71,late,2,
81408,69,69,on_time,0,
81409,69,71,late,2,
81410,69,69,on_time,0,
81411,69,71,late,2,
81412,69,69,on_time,0,
81413,69,71,late,2,
81414,69,71,late,2,
81415,69,69,on_time,0,
81416,69,69,on_time,0,
81417,69,71,late,2,
81418,69,69,on_time,0,
81419,69,69,on_time,0,
81420,69,69,on_time,0,
81421,69,71,late,2,
81422,69,69,on_time,0,
81423,69,71,late,2,
81424,69,69,on_time,0,
81425,69,69,on_time,0,
81426,69,69,on_time,0,
81427,69,69,on_time,0,
81428,69,69,on_time,0,
81429,69,69,on_time,0,
81430,69,69,on_time,0,
81431,69,69,on_time,0,
81432,69,69,on_time,0,
81433,69,69,on_time,0,
81434,69,69,on_time,0,
81435,69,69,on_time,0,
81436,69,69,on_time,0,
81437,69,69,on_time,0,
81438,69,69,on_time,0,
81439,69,69,on_time,0,
81440,69,69,on_time,0,
81441,69,69,on_time,0,
81442,69,69,on_time,0,
81443,69,69,on_time,0,
81444,69,71,late,2,
81445,69,69,on_time,0,
81446,69,69,on_time,0,
81447,69,71,late,2,
81448,69,71,late,2,
81449,69,71,late,2,
81450,69,71,late,2,
81451,69,71,late,2,
81452,69,69,on_time,0,
81453,69,71,late,2,
81454,69,69,on_time,0,
81455,69,71,late,2,
81456,69,69,on_time,0,
81457,69,71,late,2,
81458,69,71,late,2,
81459,69,69,on_time,0,
81460,69,69,on_time,0,
81461,69,71,late,2,
81462,69,69,on_time,0,
81463,69,69,on_time,0,
81464,69,69,on_time,0,
81465,69,71,late,2,
81466,69,69,on_time,0,
81467,69,71,late,2,
81468,69,69,on_time,0,
81469,69,69,on_time,0,
81470,69,69,on_time,0,
81471,69,69,on_time,0,
81472,69,71,late,2,
81473,69,71,late,2,
81474,69,71,late,2,
81475,69,71,late,2,
81476,69,71,late,2,
81477,69,69,on_time,0,
81478,69,71,late,2,
81479,69,69,on_time,0,
81480,69,71,late,2,
81481,69,69,on_time,0,
81482,69,71,late,2,
81483,69,71,late,2,
81484,69,69,on_time,0,
81485,69,69,on_time,0,
81486,69,71,late,2,
81487,69,69,on_time,0,
81488,69,69,on_time,0,
81489,69,69,on_time,0,
81490,69,71,late,2,
81491,69,69,on_time,0,
81492,69,71,late,2,
81493,69,69,on_time,0,
81494,69,69,on_time,0,
81495,69,69,on_time,0,
81496,69,69,on_time,0,
81497,69,69,on_time,0,
81498,69,69,on_time,0,
81499,69,69,on_time,0,
81500,69,69,on_time,0,
81501,69,69,on_time,0,
81502,69,69,on_time,0,
81503,69,69,on_time,0,
81504,69,69,on_time,0,
81505,69,71,late,2,
81506,69,71,late,2,
81507,69,71,late,2,
81508,69,71,late,2,
81509,69,71,late,2,
81510,69,69,on_time,0,
81511,69,71,late,2,
81512,69,69,on_time,0,
81513,69,71,late,2,
81514,69,69,on_time,0,
81515,69,71,late,2,
81516,69,71,late,2,
81517,69,69,on_time,0,
81518,69,69,on_time,0,
81519,69,71,late,2,
81520,69,69,on_time,0,
81521,69,69,on_time,0,
81522,69,69,on_time,0,
81523,69,71,late,2,
81524,69,69,on_time,0,
81525,69,71,late,2,
81526,69,69,on_time,0,
81527,69,69,on_time,0,
81528,69,69,on_time,0,
81529,69,69,on_time,0,
81530,69,71,late,2,
81531,69,71,late,2,
81532,69,71,late,2,
81533,69,71,late,2,
81534,69,71,late,2,
81535,69,69,on_time,0,
81536,69,71,late,2,
81537,69,69,on_time,0,
81538,69,71,late,2,
81539,69,69,on_time,0,
81540,69,71,late,2,
81541,69,71,late,2,
81542,69,69,on_time,0,
81543,69,69,on_time,0,
81544,69,71,late,2,
81545,69,69,on_time,0,
81546,69,69,on_time,0,
81547,69,69,on_time,0,
81548,69,71,late,2,
81549,69,69,on_time,0,
81550,69,71,late,2,
81551,69,69,on_time,0,
81552,69,69,on_time,0,
81553,69,69,on_time,0,
81554,69,69,on_time,0,
81555,69,69,on_time,0,
81556,69,69,on_time,0,
81557,69,69,on_time,0,
81558,69,71,late,2,
81559,69,71,late,2,
81560,69,71,late,2,
81561,69,71,late,2,
81562,69,71,late,2,
81563,69,69,on_time,0,
81564,69,71,late,2,
81565,69,69,on_time,0,
81566,69,71,late,2,
81567,69,69,on_time,0,
81568,69,71,late,2,
81569,69,71,late,2,
81570,69,69,on_time,0,
81571,69,69,on_time,0,
81572,69,71,late,2,
81573,69,69,on_time,0,
81574,69,69,on_time,0,
81575,69,69,on_time,0,
81576,69,71,late,2,
81577,69,69,on_time,0,
81578,69,71,late,2,
81579,69,69,on_time,0,
81580,69,69,on_time,0,
81581,69,69,on_time,0,
81582,69,69,on_time,0,
81583,69,71,late,2,
81584,69,71,late,2,
81585,69,71,late,2,
81586,69,71,late,2,
81587,69,71,late,2,
81588,69,69,on_time,0,
81589,69,71,late,2,
81590,69,69,on_time,0,
81591,69,71,late,2,
81592,69,69,on_time,0,
81593,69,71,late,2,
81594,69,71,late,2,
81595,69,69,on_time,0,
81596,69,69,on_time,0,
81597,69,71,late,2,
81598,69,69,on_time,0,
81599,69,69,on_time,0,
81600,69,69,on_time,0,
81601,69,71,late,2,
81602,69,69,on_time,0,
81603,69,71,late,2,
81604,69,69,on_time,0,
81605,69,69,on_time,0,
81606,69,69,on_time,0,
81607,69,69,on_time,0,
81608,69,69,on_time,0,
81609,69,69,on_time,0,
81610,69,69,on_time,0,
81611,69,69,on_time,0,
81612,69,69,on_time,0,
81613,69,69,on_time,0,
81614,69,69,on_time,0,
81615,69,69,on_time,0,
81616,69,69,on_time,0,
81617,69,69,on_time,0,
81618,69,69,on_time,0,
81619,69,69,on_time,0,
81620,69,69,on_time,0,
81621,69,69,on_time,0,
81622,69,69,on_time,0,
81623,69,69,on_time,0,
81624,69,69,on_time,0,
81625,69,69,on_time,0,
81626,69,69,on_time,0,
81627,69,69,on_time,0,
81628,69,69,on_time,0,
81629,69,69,on_time,0,
81630,69,69,on_time,0,
81631,69,69,on_time,0,
81632,69,69,on_time,0,
81633,69,69,on_time,0,
81634,69,69,on_time,0,
81635,69,69,on_time,0,
81636,69,69,on_time,0,
81637,69,69,on_time,0,
81638,69,69,on_time,0,
81639,69,69,on_time,0,
81640,69,69,on_time,0,
81641,69,69,on_time,0,
81642,69,69,on_time,0,
81643,69,69,on_time,0,
81644,69,69,on_time,0,
81645,69,69,on_time,0,
81646,69,71,late,2,
81647,69,69,on_time,0,
81648,69,69,on_time,0,
81649,69,69,on_time,0,
81650,69,69,on_time,0,
81651,69,69,on_time,0,
81652,69,69,on_time,0,
81653,69,69,on_time,0,
81654,69,69,on_time,0,
81655,69,69,on_time,0,
81656,69,69,on_time,0,
81657,69,69,on_time,0,
81658,69,69,on_time,0,
81659,69,69,on_time,0,
81660,69,69,on_time,0,
81661,69,69,on_time,0,
81662,69,69,on_time,0,
81663,69,69,on_time,0,
81664,69,69,on_time,0,
81665,69,69,on_time,0,
81666,69,69,on_time,0,
81667,69,69,on_time,0,
81668,69,69,on_time,0,
81669,69,69,on_time,0,
81670,69,69,on_time,0,
81671,69,69,on_time,0,
81672,69,69,on_time,0,
81673,69,69,on_time,0,
81674,69,69,on_time,0,
81675,69,69,on_time,0,
81676,69,69,on_time,0,
81677,69,69,on_time,0,
81678,69,69,on_time,0,
81679,69,69,on_time,0,
81680,69,71,late,2,
81681,69,71,late,2,
81682,69,71,late,2,
81683,69,71,late,2,
81684,69,71,late,2,
81685,69,69,on_time,0,
81686,69,71,late,2,
81687,69,69,on_time,0,
81688,69,71,late,2,
81689,69,69,on_time,0,
81690,69,71,late,2,
81691,69,71,late,2,
81692,69,69,on_time,0,
81693,69,69,on_time,0,
81694,69,71,late,2,
81695,69,69,on_time,0,
81696,69,69,on_time,0,
81697,69,69,on_time,0,
81698,69,71,late,2,
81699,69,69,on_time,0,
81700,69,71,late,2,
81701,69,69,on_time,0,
81702,69,69,on_time,0,
81703,69,69,on_time,0,
81704,69,69,on_time,0,
81705,69,71,late,2,
81706,69,71,late,2,
81707,69,71,late,2,
81708,69,71,late,2,
81709,69,71,late,2,
81710,69,69,on_time,0,
81711,69,71,late,2,
81712,69,69,on_time,0,
81713,69,71,late,2,
81714,69,69,on_time,0,
81715,69,71,late,2,
81716,69,71,late,2,
81717,69,69,on_time,0,
81718,69,69,on_time,0,
81719,69,71,late,2,
81720,69,69,on_time,0,
81721,69,69,on_time,0,
81722,69,69,on_time,0,
81723,69,71,late,2,
81724,69,69,on_time,0,
81725,69,71,late,2,
81726,69,69,on_time,0,
81727,69,69,on_time,0,
81728,69,69,on_time,0,
81729,69,69,on_time,0,
81730,69,69,on_time,0,
81731,69,69,on_time,0,
81732,69,69,on_time,0,
81733,69,69,on_time,0,
81734,69,69,on_time,0,
81735,69,69,on_time,0,
81736,69,69,on_time,0,
81737,69,69,on_time,0,
81738,69,71,late,2,
81739,69,71,late,2,
81740,69,71,late,2,
81741,69,71,late,2,
81742,69,71,late,2,
81743,69,69,on_time,0,
81744,69,71,late,2,
81745,69,69,on_time,0,
81746,69,71,late,2,
81747,69,69,on_time,0,
81748,69,71,late,2,
81749,69,71,late,2,
81750,69,69,on_time,0,
81751,69,69,on_time,0,
81752,69,71,late,2,
81753,69,69,on_time,0,
81754,69,69,on_time,0,
81755,69,69,on_time,0,
81756,69,71,late,2,
81757,69,69,on_time,0,
81758,69,71,late,2,
81759,69,69,on_time,0,
81760,69,69,on_time,0,
81761,69,69,on_time,0,
81762,69,69,on_time,0,
81763,69,71,late,2,
81764,69,71,late,2,
81765,69,71,late,2,
81766,69,71,late,2,
81767,69,71,late,2,
81768,69,69,on_time,0,
81769,69,71,late,2,
81770,69,69,on_time,0,
81771,69,71,late,2,
81772,69,69,on_time,0,
81773,69,71,late,2,
81774,69,71,late,2,
81775,69,69,on_time,0,
81776,69,69,on_time,0,
81777,69,71,late,2,
81778,69,69,on_time,0,
81779,69,69,on_time,0,
81780,69,69,on_time,0,
81781,69,71,late,2,
81782,69,69,on_time,0,
81783,69,71,late,2,
81784,69,69,on_time,0,
81785,69,69,on_time,0,
81786,69,69,on_time,0,
81787,69,69,on_time,0,
81788,69,69,on_time,0,
81789,69,69,on_time,0,
81790,69,69,on_time,0,
81791,69,71,late,2,
81792,69,71,late,2,
81793,69,71,late,2,
81794,69,71,late,2,
81795,69,71,late,2,
81796,69,69,on_time,0,
81797,69,71,late,2,
81798,69,69,on_time,0,
81799,69,71,late,2,
81800,69,69,on_time,0,
81801,69,71,late,2,
81802,69,71,late,2,
81803,69,69,on_time,0,
81804,69,69,on_time,0,
81805,69,71,late,2,
81806,69,69,on_time,0,
81807,69,69,on_time,0,
81808,69,69,on_time,0,
81809,69,71,late,2,
81810,69,69,on_time,0,
81811,69,71,late,2,
81812,69,69,on_time,0,
81813,69,69,on_time,0,
81814,69,69,on_time,0,
81815,69,69,on_time,0,
81816,69,71,late,2,
81817,69,71,late,2,
81818,69,71,late,2,
81819,69,71,late,2,
81820,69,71,late,2,
81821,69,69,on_time,0,
81822,69,71,late,2,
81823,69,69,on_time,0,
81824,69,71,late,2,
81825,69,69,on_time,0,
81826,69,71,late,2,
81827,69,71,late,2,
81828,69,69,on_time,0,
81829,69,69,on_time,0,
81830,69,71,late,2,
81831,69,69,on_time,0,
81832,69,69,on_time,0,
81833,69,69,on_time,0,
81834,69,71,late,2,
81835,69,69,on_time,0,
81836,69,71,late,2,
81837,69,69,on_time,0,
81838,69,69,on_time,0,
81839,69,69,on_time,0,
81840,69,69,on_time,0,
81841,69,69,on_time,0,
81842,69,69,on_time,0,
81843,69,69,on_time,0,
81844,69,69,on_time,0,
81845,69,69,on_time,0,
81846,69,69,on_time,0,
81847,69,69,on_time,0,
81848,69,71,late,2,
81849,69,69,on_time,0,
81850,69,69,on_time,0,
81851,69,69,on_time,0,
81852,69,69,on_time,0,
81853,69,69,on_time,0,
81854,69,69,on_time,0,
81855,69,69,on_time,0,
81856,69,69,on_time,0,
81857,69,69,on_time,0,
81858,69,69,on_time,0,
81859,69,69,on_time,0,
81860,69,69,on_time,0,
81861,69,69,on_time,0,
81862,69,69,on_time,0,
81863,69,69,on_time,0,
81864,69,69,on_time,0,
81865,69,71,late,2,
81866,69,69,on_time,0,
81867,69,69,on_time,0,
81868,69,69,on_time,0,
81869,69,69,on_time,0,
81870,69,69,on_time,0,
81871,69,69,on_time,0,
81872,69,69,on_time,0,
81873,69,69,on_time,0,
81874,69,69,on_time,0,
81875,69,69,on_time,0,
81876,69,69,on_time,0,
81877,69,69,on_time,0,
81878,69,69,on_time,0,
81879,69,69,on_time,0,
81880,69,69,on_time,0,
81881,69,69,on_time,0,
81882,69,69,on_time,0,
81883,69,69,on_time,0,
81884,69,69,on_time,0,
81885,69,69,on_time,0,
81886,69,69,on_time,0,
81887,69,69,on_time,0,
81888,69,69,on_time,0,
81889,69,69,on_time,0,
81890,69,69,on_time,0,
81891,69,69,on_time,0,
81892,69,69,on_time,0,
81893,69,69,on_time,0,
81894,69,69,on_time,0,
81895,69,69,on_time,0,
81896,69,69,on_time,0,
81897,69,69,on_time,0,
81898,69,69,on_time,0,
81899,69,69,on_time,0,
81900,69,69,on_time,0,
81901,69,69,on_time,0,
81902,69,69,on_time,0,
81903,69,69,on_time,0,
81904,69,69,on_time,0,
81905,69,69,on_time,0,
81906,69,69,on_time,0,
81907,69,69,on_time,0,
81908,69,69,on_time,0,
81909,69,69,on_time,0,
81910,69,69,on_time,0,
81911,69,69,on_time,0,
81912,69,69,on_time,0,
81913,69,69,on_time,0,
81914,69,69,on_time,0,
81915,69,69,on_time,0,
81916,69,69,on_time,0,
81917,69,69,on_time,0,
81918,69,69,on_time,0,
81919,69,69,on_time,0,
81920,69,69,on_time,0,
81921,69,69,on_time,0,
81922,69,69,on_time,0,
81923,69,69,on_time,0,
81924,69,69,on_time,0,
81925,69,69,on_time,0,
81926,69,69,on_time,0,
81927,69,69,on_time,0,
81928,69,69,on_time,0,
81929,69,69,on_time,0,
81930,69,69,on_time,0,
81931,69,69,on_time,0,
81932,69,69,on_time,0,
81933,69,69,on_time,0,
81934,69,69,on_time,0,
81935,69,69,on_time,0,
81936,69,69,on_time,0,
81937,69,69,on_time,0,
81938,69,69,on_time,0,
81939,69,69,on_time,0,
81940,69,69,on_time,0,
81941,69,69,on_time,0,
81942,69,69,on_time,0,
81943,69,69,on_time,0,
81944,69,69,on_time,0,
81945,69,69,on_time,0,
81946,69,69,on_time,0,
81947,69,71,late,2,
81948,69,69,on_time,0,
81949,69,69,on_time,0,
81950,69,69,on_time,0,
81951,69,69,on_time,0,
81952,69,69,on_time,0,
81953,69,69,on_time,0,
81954,69,69,on_time,0,
81955,69,69,on_time,0,
81956,69,69,on_time,0,
81957,69,69,on_time,0,
81958,69,69,on_time,0,
81959,69,69,on_time,0,
81960,69,69,on_time,0,
81961,69,71,late,2,
81962,69,71,late,2,
81963,69,71,late,2,
81964,69,71,late,2,
81965,69,71,late,2,
81966,69,69,on_time,0,
81967,69,71,late,2,
81968,69,69,on_time,0,
81969,69,71,late,2,
81970,69,69,on_time,0,
81971,69,71,late,2,
81972,69,71,late,2,
81973,69,69,on_time,0,
81974,69,69,on_time,0,
81975,69,71,late,2,
81976,69,69,on_time,0,
81977,69,69,on_time,0,
81978,69,69,on_time,0,
81979,69,71,late,2,
81980,69,69,on_time,0,
81981,69,71,late,2,
81982,69,69,on_time,0,
81983,69,69,on_time,0,
81984,69,69,on_time,0,
81985,69,69,on_time,0,
81986,69,71,late,2,
81987,69,71,late,2,
81988,69,71,late,2,
81989,69,71,late,2,
81990,69,71,late,2,
81991,69,69,on_time,0,
81992,69,71,late,2,
81993,69,69,on_time,0,
81994,69,71,late,2,
81995,69,69,on_time,0,
81996,69,71,late,2,
81997,69,71,late,2,
81998,69,69,on_time,0,
81999,69,69,on_time,0,
82000,69,71,late,2,
82001,70,70,on_time,0,
82002,70,70,on_time,0,
82003,70,70,on_time,0,
82004,70,71,late,1,
82005,70,70,on_time,0,
82006,70,71,late,1,
82007,70,70,on_time,0,
82008,70,70,on_time,0,
82009,70,70,on_time,0,
82010,70,70,on_time,0,
82011,70,70,on_time,0,
82012,70,70,on_time,0,
82013,70,70,on_time,0,
82014,70,70,on_time,0,
82015,70,70,on_time,0,
82016,70,70,on_time,0,
82017,70,70,on_time,0,
82018,70,70,on_time,0,
82019,70,71,late,1,
82020,70,71,late,1,
82021,70,71,late,1,
82022,70,71,late,1,
82023,70,71,late,1,
82024,70,70,on_time,0,
82025,70,71,late,1,
82026,70,70,on_time,0,
82027,70,71,late,1,
82028,70,70,on_time,0,
82029,70,71,late,1,
82030,70,71,late,1,
82031,70,70,on_time,0,
82032,70,70,on_time,0,
82033,70,71,late,1,
82034,70,70,on_time,0,
82035,70,70,on_time,0,
82036,70,70,on_time,0,
82037,70,71,late,1,
82038,70,70,on_time,0,
82039,70,71,late,1,
82040,70,70,on_time,0,
82041,70,70,on_time,0,
82042,70,70,on_time,0,
82043,70,70,on_time,0,
82044,70,71,late,1,
82045,70,71,late,1,
82046,70,71,late,1,
82047,70,71,late,1,
82048,70,71,late,1,
82049,70,70,on_time,0,
82050,70,71,late,1,
82051,70,70,on_time,0,
82052,70,71,late,1,
82053,70,70,on_time,0,
82054,70,71,late,1,
82055,70,71,late,1,
82056,70,70,on_time,0,
82057,70,70,on_time,0,
82058,70,71,late,1,
82059,70,70,on_time,0,
82060,70,70,on_time,0,
82061,70,70,on_time,0,
82062,70,71,late,1,
82063,70,70,on_time,0,
82064,70,71,late,1,
82065,70,70,on_time,0,
82066,70,70,on_time,0,
82067,70,70,on_time,0,
82068,70,70,on_time,0,
82069,70,70,on_time,0,
82070,70,70,on_time,0,
82071,70,70,on_time,0,
82072,70,71,late,1,
82073,70,71,late,1,
82074,70,71,late,1,
82075,70,71,late,1,
82076,70,71,late,1,
82077,70,70,on_time,0,
82078,70,71,late,1,
82079,70,70,on_time,0,
82080,70,71,late,1,
82081,70,70,on_time,0,
82082,70,71,late,1,
82083,70,71,late,1,
82084,70,70,on_time,0,
82085,70,70,on_time,0,
82086,70,71,late,1,
82087,70,70,on_time,0,
82088,70,70,on_time,0,
82089,70,70,on_time,0,
82090,70,71,late,1,
82091,70,70,on_time,0,
82092,70,71,late,1,
82093,70,70,on_time,0,
82094,70,70,on_time,0,
82095,70,70,on_time,0,
82096,70,70,on_time,0,
82097,70,71,late,1,
82098,70,71,late,1,
82099,70,71,late,1,
82100,70,71,late,1,
82101,70,71,late,1,
82102,70,70,on_time,0,
82103,70,71,late,1,
82104,70,70,on_time,0,
82105,70,71,late,1,
82106,70,70,on_time,0,
82107,70,71,late,1,
82108,70,71,late,1,
82109,70,70,on_time,0,
82110,70,70,on_time,0,
82111,70,71,late,1,
82112,70,70,on_time,0,
82113,70,70,on_time,0,
82114,70,70,on_time,0,
82115,70,71,late,1,
82116,70,70,on_time,0,
82117,70,71,late,1,
82118,70,70,on_time,0,
82119,70,70,on_time,0,
82120,70,71,late,1,
82121,70,71,late,1,
82122,70,71,late,1,
82123,70,71,late,1,
82124,70,71,late,1,
82125,70,70,on_time,0,
82126,70,71,late,1,
82127,70,70,on_time,0,
82128,70,71,late,1,
82129,70,70,on_time,0,
82130,70,71,late,1,
82131,70,71,late,1,
82132,70,70,on_time,0,
82133,70,70,on_time,0,
82134,70,71,late,1,
82135,70,70,on_time,0,
82136,70,70,on_time,0,
82137,70,70,on_time,0,
82138,70,71,late,1,
82139,70,70,on_time,0,
82140,70,71,late,1,
82141,70,70,on_time,0,
82142,70,70,on_time,0,
82143,70,70,on_time,0,
82144,70,70,on_time,0,
82145,70,71,late,1,
82146,70,71,late,1,
82147,70,71,late,1,
82148,70,71,late,1,
82149,70,71,late,1,
82150,70,70,on_time,0,
82151,70,71,late,1,
82152,70,70,on_time,0,
82153,70,71,late,1,
82154,70,70,on_time,0,
82155,70,71,late,1,
82156,70,71,late,1,
82157,70,70,on_time,0,
82158,70,70,on_time,0,
82159,70,71,late,1,
82160,70,70,on_time,0,
82161,70,70,on_time,0,
82162,70,70,on_time,0,
82163,70,71,late,1,
82164,70,70,on_time,0,
82165,70,71,late,1,
82166,70,70,on_time,0,
82167,70,70,on_time,0,
82168,70,70,on_time,0,
82169,70,70,on_time,0,
82170,70,70,on_time,0,
82171,70,70,on_time,0,
82172,70,70,on_time,0,
82173,70,70,on_time,0,
82174,70,70,on_time,0,
82175,70,70,on_time,0,
82176,70,70,on_time,0,
82177,70,70,on_time,0,
82178,70,71,late,1,
82179,70,71,late,1,
82180,70,71,late,1,
82181,70,71,late,1,
82182,70,71,late,1,
82183,70,70,on_time,0,
82184,70,71,late,1,
82185,70,70,on_time,0,
82186,70,71,late,1,
82187,70,70,on_time,0,
82188,70,71,late,1,
82189,70,71,late,1,
82190,70,70,on_time,0,
82191,70,70,on_time,0,
82192,70,71,late,1,
82193,70,70,on_time,0,
82194,70,70,on_time,0,
82195,70,70,on_time,0,
82196,70,71,late,1,
82197,70,70,on_time,0,
82198,70,71,late,1,
82199,70,70,on_time,0,
82200,70,70,on_time,0,
82201,70,70,on_time,0,
82202,70,70,on_time,0,
82203,70,71,late,1,
82204,70,71,late,1,
82205,70,71,late,1,
82206,70,71,late,1,
82207,70,71,late,1,
82208,70,70,on_time,0,
82209,70,71,late,1,
82210,70,70,on_time,0,
82211,70,71,late,1,
82212,70,70,on_time,0,
82213,70,71,late,1,
82214,70,71,late,1,
82215,70,70,on_time,0,
82216,70,70,on_time,0,
82217,70,71,late,1,
82218,70,70,on_time,0,
82219,70,70,on_time,0,
82220,70,70,on_time,0,
82221,70,71,late,1,
82222,70,70,on_time,0,
82223,70,71,late,1,
82224,70,70,on_time,0,
82225,70,70,on_time,0,
82226,70,70,on_time,0,
82227,70,70,on_time,0,
82228,70,70,on_time,0,
82229,70,70,on_time,0,
82230,70,70,on_time,0,
82231,70,72,late,2,
82232,70,72,late,2,
82233,70,72,late,2,
82234,70,72,late,2,
82235,70,72,late,2,
82236,70,70,on_time,0,
82237,70,72,late,2,
82238,70,70,on_time,0,
82239,70,72,late,2,
82240,70,70,on_time,0,
82241,70,72,late,2,
82242,70,72,late,2,
82243,70,70,on_time,0,
82244,70,70,on_time,0,
82245,70,72,late,2,
82246,70,70,on_time,0,
82247,70,70,on_time,0,
82248,70,70,on_time,0,
82249,70,72,late,2,
82250,70,70,on_time,0,
82251,70,72,late,2,
82252,70,70,on_time,0,
82253,70,70,on_time,0,
82254,70,70,on_time,0,
82255,70,70,on_time,0,
82256,70,72,late,2,
82257,70,72,late,2,
82258,70,72,late,2,
82259,70,72,late,2,
82260,70,72,late,2,
82261,70,70,on_time,0,
82262,70,72,late,2,
82263,70,70,on_time,0,
82264,70,72,late,2,
82265,70,70,on_time,0,
82266,70,72,late,2,
82267,70,72,late,2,
82268,70,70,on_time,0,
82269,70,70,on_time,0,
82270,70,72,late,2,
82271,70,70,on_time,0,
82272,70,70,on_time,0,
82273,70,70,on_time,0,
82274,70,72,late,2,
82275,70,70,on_time,0,
82276,70,72,late,2,
82277,70,70,on_time,0,
82278,70,70,on_time,0,
82279,70,70,on_time,0,
82280,70,70,on_time,0,
82281,70,70,on_time,0,
82282,70,70,on_time,0,
82283,70,70,on_time,0,
82284,70,70,on_time,0,
82285,70,70,on_time,0,
82286,70,70,on_time,0,
82287,70,70,on_time,0,
82288,70,70,on_time,0,
82289,70,70,on_time,0,
82290,70,70,on_time,0,
82291,70,70,on_time,0,
82292,70,70,on_time,0,
82293,70,70,on_time,0,
82294,70,70,on_time,0,
82295,70,70,on_time,0,
82296,70,70,on_time,0,
82297,70,70,on_time,0,
82298,70,70,on_time,0,
82299,70,70,on_time,0,
82300,70,70,on_time,0,
82301,70,72,late,2,
82302,70,70,on_time,0,
82303,70,70,on_time,0,
82304,70,70,on_time,0,
82305,70,70,on_time,0,
82306,70,70,on_time,0,
82307,70,70,on_time,0,
82308,70,70,on_time,0,
82309,70,70,on_time,0,
82310,70,70,on_time,0,
82311,70,70,on_time,0,
82312,70,70,on_time,0,
82313,70,70,on_time,0,
82314,70,70,on_time,0,
82315,70,70,on_time,0,
82316,70,70,on_time,0,
82317,70,70,on_time,0,
82318,70,70,on_time,0,
82319,70,70,on_time,0,
82320,70,70,on_time,0,
82321,70,70,on_time,0,
82322,70,70,on_time,0,
82323,70,70,on_time,0,
82324,70,70,on_time,0,
82325,70,70,on_time,0,
82326,70,70,on_time,0,
82327,70,70,on_time,0,
82328,70,70,on_time,0,
82329,70,70,on_time,0,
82330,70,70,on_time,0,
82331,70,70,on_time,0,
82332,70,70,on_time,0,
82333,70,70,on_time,0,
82334,70,70,on_time,0,
82335,70,72,late,2,
82336,70,70,on_time,0,
82337,70,70,on_time,0,
82338,70,70,on_time,0,
82339,70,70,on_time,0,
82340,70,70,on_time,0,
82341,70,70,on_time,0,
82342,70,70,on_time,0,
82343,70,70,on_time,0,
82344,70,70,on_time,0,
82345,70,70,on_time,0,
82346,70,72,late,2,
82347,70,70,on_time,0,
82348,70,70,on_time,0,
82349,70,70,on_time,0,
82350,70,70,on_time,0,
82351,70,70,on_time,0,
82352,70,70,on_time,0,
82353,70,70,on_time,0,
82354,70,70,on_time,0,
82355,70,70,on_time,0,
82356,70,70,on_time,0,
82357,70,70,on_time,0,
82358,70,70,on_time,0,
82359,70,70,on_time,0,
82360,70,70,on_time,0,
82361,70,70,on_time,0,
82362,70,70,on_time,0,
82363,70,70,on_time,0,
82364,70,70,on_time,0,
82365,70,70,on_time,0,
82366,70,70,on_time,0,
82367,70,70,on_time,0,
82368,70,70,on_time,0,
82369,70,70,on_time,0,
82370,70,70,on_time,0,
82371,70,70,on_time,0,
82372,70,70,on_time,0,
82373,70,70,on_time,0,
82374,70,70,on_time,0,
82375,70,70,on_time,0,
82376,70,70,on_time,0,
82377,70,70,on_time,0,
82378,70,70,on_time,0,
82379,70,70,on_time,0,
82380,70,70,on_time,0,
82381,70,70,on_time,0,
82382,70,72,late,2,
82383,70,70,on_time,0,
82384,70,70,on_time,0,
82385,70,70,on_time,0,
82386,70,70,on_time,0,
82387,70,70,on_time,0,
82388,70,70,on_time,0,
82389,70,70,on_time,0,
82390,70,70,on_time,0,
82391,70,70,on_time,0,
82392,70,70,on_time,0,
82393,70,70,on_time,0,
82394,70,70,on_time,0,
82395,70,70,on_time,0,
82396,70,70,on_time,0,
82397,70,70,on_time,0,
82398,70,70,on_time,0,
82399,70,70,on_time,0,
82400,70,70,on_time,0,
82401,70,70,on_time,0,
82402,70,70,on_time,0,
82403,70,70,on_time,0,
82404,70,70,on_time,0,
82405,70,70,on_time,0,
82406,70,70,on_time,0,
82407,70,70,on_time,0,
82408,70,70,on_time,0,
82409,70,70,on_time,0,
82410,70,70,on_time,0,
82411,70,70,on_time,0,
82412,70,70,on_time,0,
82413,70,70,on_time,0,
82414,70,70,on_time,0,
82415,70,70,on_time,0,
82416,70,72,late,2,
82417,70,70,on_time,0,
82418,70,70,on_time,0,
82419,70,70,on_time,0,
82420,70,70,on_time,0,
82421,70,70,on_time,0,
82422,70,70,on_time,0,
82423,70,70,on_time,0,
82424,70,70,on_time,0,
82425,70,70,on_time,0,
82426,70,70,on_time,0,
82427,70,70,on_time,0,
82428,70,70,on_time,0,
82429,70,70,on_time,0,
82430,70,70,on_time,0,
82431,70,70,on_time,0,
82432,70,70,on_time,0,
82433,70,70,on_time,0,
82434,70,70,on_time,0,
82435,70,70,on_time,0,
82436,70,70,on_time,0,
82437,70,70,on_time,0,
82438,70,70,on_time,0,
82439,70,70,on_time,0,
82440,70,72,late,2,
82441,70,70,on_time,0,
82442,70,70,on_time,0,
82443,70,70,on_time,0,
82444,70,70,on_time,0,
82445,70,70,on_time,0,
82446,70,70,on_time,0,
82447,70,70,on_time,0,
82448,70,70,on_time,0,
82449,70,70,on_time,0,
82450,70,70,on_time,0,
82451,70,70,on_time,0,
82452,70,70,on_time,0,
82453,70,70,on_time,0,
82454,70,70,on_time,0,
82455,70,70,on_time,0,
82456,70,70,on_time,0,
82457,70,70,on_time,0,
82458,70,70,on_time,0,
82459,70,70,on_time,0,
82460,70,70,on_time,0,
82461,70,70,on_time,0,
82462,70,70,on_time,0,
82463,70,70,on_time,0,
82464,70,70,on_time,0,
82465,70,70,on_time,0,
82466,70,70,on_time,0,
82467,70,70,on_time,0,
82468,70,70,on_time,0,
82469,70,70,on_time,0,
82470,70,70,on_time,0,
82471,70,72,late,2,
82472,70,70,on_time,0,
82473,70,70,on_time,0,
82474,70,70,on_time,0,
82475,70,70,on_time,0,
82476,70,70,on_time,0,
82477,70,70,on_time,0,
82478,70,70,on_time,0,
82479,70,70,on_time,0,
82480,70,70,on_time,0,
82481,70,70,on_time,0,
82482,70,70,on_time,0,
82483,70,72,late,2,
82484,70,70,on_time,0,
82485,70,70,on_time,0,
82486,70,70,on_time,0,
82487,70,70,on_time,0,
82488,70,70,on_time,0,
82489,70,70,on_time,0,
82490,70,70,on_time,0,
82491,70,70,on_time,0,
82492,70,70,on_time,0,
82493,70,70,on_time,0,
82494,70,70,on_time,0,
82495,70,70,on_time,0,
82496,70,70,on_time,0,
82497,70,70,on_time,0,
82498,70,70,on_time,0,
82499,70,70,on_time,0,
82500,70,70,on_time,0,
82501,70,70,on_time,0,
82502,70,70,on_time,0,
82503,70,70,on_time,0,
82504,70,70,on_time,0,
82505,70,70,on_time,0,
82506,70,70,on_time,0,
82507,70,70,on_time,0,
82508,70,70,on_time,0,
82509,70,70,on_time,0,
82510,70,70,on_time,0,
82511,70,70,on_time,0,
82512,70,70,on_time,0,
82513,70,70,on_time,0,
82514,70,70,on_time,0,
82515,70,70,on_time,0,
82516,70,70,on_time,0,
82517,70,70,on_time,0,
82518,70,70,on_time,0,
82519,70,70,on_time,0,
82520,70,70,on_time,0,
82521,70,70,on_time,0,
82522,70,70,on_time,0,
82523,70,70,on_time,0,
82524,70,70,on_time,0,
82525,70,70,on_time,0,
82526,70,70,on_time,0,
82527,70,70,on_time,0,
82528,70,70,on_time,0,
82529,70,70,on_time,0,
82530,70,72,late,2,
82531,70,70,on_time,0,
82532,70,70,on_time,0,
82533,70,70,on_time,0,
82534,70,70,on_time,0,
82535,70,70,on_time,0,
82536,70,70,on_time,0,
82537,70,70,on_time,0,
82538,70,70,on_time,0,
82539,70,70,on_time,0,
82540,70,70,on_time,0,
82541,70,70,on_time,0,
82542,70,70,on_time,0,
82543,70,70,on_time,0,
82544,70,70,on_time,0,
82545,70,70,on_time,0,
82546,70,70,on_time,0,
82547,70,70,on_time,0,
82548,70,70,on_time,0,
82549,70,70,on_time,0,
82550,70,70,on_time,0,
82551,70,70,on_time,0,
82552,70,70,on_time,0,
82553,70,70,on_time,0,
82554,70,70,on_time,0,
82555,70,70,on_time,0,
82556,70,70,on_time,0,
82557,70,70,on_time,0,
82558,70,70,on_time,0,
82559,70,70,on_time,0,
82560,70,70,on_time,0,
82561,70,70,on_time,0,
82562,70,70,on_time,0,
82563,70,70,on_time,0,
82564,70,70,on_time,0,
82565,70,70,on_time,0,
82566,70,70,on_time,0,
82567,70,70,on_time,0,
82568,70,70,on_time,0,
82569,70,70,on_time,0,
82570,70,70,on_time,0,
82571,70,70,on_time,0,
82572,70,70,on_time,0,
82573,70,70,on_time,0,
82574,70,70,on_time,0,
82575,70,70,on_time,0,
82576,70,70,on_time,0,
82577,70,70,on_time,0,
82578,70,70,on_time,0,
82579,70,70,on_time,0,
82580,70,70,on_time,0,
82581,70,70,on_time,0,
82582,70,70,on_time,0,
82583,70,70,on_time,0,
82584,70,72,late,2,
82585,70,70,on_time,0,
82586,70,70,on_time,0,
82587,70,70,on_time,0,
82588,70,70,on_time,0,
82589,70,70,on_time,0,
82590,70,70,on_time,0,
82591,70,70,on_time,0,
82592,70,70,on_time,0,
82593,70,70,on_time,0,
82594,70,70,on_time,0,
82595,70,70,on_time,0,
82596,70,70,on_time,0,
82597,70,70,on_time,0,
82598,70,70,on_time,0,
82599,70,70,on_time,0,
82600,70,70,on_time,0,
82601,70,70,on_time,0,
82602,70,70,on_time,0,
82603,70,70,on_time,0,
82604,70,70,on_time,0,
82605,70,70,on_time,0,
82606,70,70,on_time,0,
82607,70,70,on_time,0,
82608,70,70,on_time,0,
82609,70,70,on_time,0,
82610,70,70,on_time,0,
82611,70,70,on_time,0,
82612,70,70,on_time,0,
82613,70,70,on_time,0,
82614,70,70,on_time,0,
82615,70,70,on_time,0,
82616,70,70,on_time,0,
82617,70,70,on_time,0,
82618,70,70,on_time,0,
82619,70,70,on_time,0,
82620,70,70,on_time,0,
82621,70,70,on_time,0,
82622,70,72,late,2,
82623,70,70,on_time,0,
82624,70,70,on_time,0,
82625,70,70,on_time,0,
82626,70,70,on_time,0,
82627,70,70,on_time,0,
82628,70,70,on_time,0,
82629,70,70,on_time,0,
82630,70,70,on_time,0,
82631,70,70,on_time,0,
82632,70,70,on_time,0,
82633,70,70,on_time,0,
82634,70,70,on_time,0,
82635,70,70,on_time,0,
82636,70,70,on_time,0,
82637,70,70,on_time,0,
82638,70,70,on_time,0,
82639,70,70,on_time,0,
82640,70,70,on_time,0,
82641,70,70,on_time,0,
82642,70,70,on_time,0,
82643,70,70,on_time,0,
82644,70,70,on_time,0,
82645,70,70,on_time,0,
82646,70,70,on_time,0,
82647,70,70,on_time,0,
82648,70,70,on_time,0,
82649,70,70,on_time,0,
82650,70,70,on_time,0,
82651,70,70,on_time,0,
82652,70,70,on_time,0,
82653,70,70,on_time,0,
82654,70,70,on_time,0,
82655,70,70,on_time,0,
82656,70,70,on_time,0,
82657,70,70,on_time,0,
82658,70,70,on_time,0,
82659,70,70,on_time,0,
82660,70,70,on_time,0,
82661,70,72,late,2,
82662,70,70,on_time,0,
82663,70,70,on_time,0,
82664,70,70,on_time,0,
82665,70,70,on_time,0,
82666,70,70,on_time,0,
82667,70,70,on_time,0,
82668,70,70,on_time,0,
82669,70,70,on_time,0,
82670,70,70,on_time,0,
82671,70,70,on_time,0,
82672,70,70,on_time,0,
82673,70,70,on_time,0,
82674,70,70,on_time,0,
82675,70,70,on_time,0,
82676,70,70,on_time,0,
82677,70,70,on_time,0,
82678,70,70,on_time,0,
82679,70,70,on_time,0,
82680,70,70,on_time,0,
82681,70,70,on_time,0,
82682,70,70,on_time,0,
82683,70,70,on_time,0,
82684,70,70,on_time,0,
82685,70,70,on_time,0,
82686,70,70,on_time,0,
82687,70,70,on_time,0,
82688,70,70,on_time,0,
82689,70,70,on_time,0,
82690,70,70,on_time,0,
82691,70,70,on_time,0,
82692,70,70,on_time,0,
82693,70,70,on_time,0,
82694,70,70,on_time,0,
82695,70,70,on_time,0,
82696,70,70,on_time,0,
82697,70,70,on_time,0,
82698,70,70,on_time,0,
82699,70,70,on_time,0,
82700,70,70,on_time,0,
82701,70,70,on_time,0,
82702,70,70,on_time,0,
82703,70,70,on_time,0,
82704,70,70,on_time,0,
82705,70,70,on_time,0,
82706,70,70,on_time,0,
82707,70,70,on_time,0,
82708,70,70,on_time,0,
82709,70,72,late,2,
82710,70,70,on_time,0,
82711,70,70,on_time,0,
82712,70,70,on_time,0,
82713,70,70,on_time,0,
82714,70,70,on_time,0,
82715,70,70,on_time,0,
82716,70,70,on_time,0,
82717,70,70,on_time,0,
82718,70,70,on_time,0,
82719,70,70,on_time,0,
82720,70,70,on_time,0,
82721,70,70,on_time,0,
82722,70,70,on_time,0,
82723,70,70,on_time,0,
82724,70,70,on_time,0,
82725,70,70,on_time,0,
82726,70,70,on_time,0,
82727,70,70,on_time,0,
82728,70,70,on_time,0,
82729,70,70,on_time,0,
82730,70,70,on_time,0,
82731,70,70,on_time,0,
82732,70,70,on_time,0,
82733,70,70,on_time,0,
82734,70,70,on_time,0,
82735,70,70,on_time,0,
82736,70,70,on_time,0,
82737,70,70,on_time,0,
82738,70,70,on_time,0,
82739,70,70,on_time,0,
82740,70,70,on_time,0,
82741,70,70,on_time,0,
82742,70,72,late,2,
82743,70,70,on_time,0,
82744,70,70,on_time,0,
82745,70,70,on_time,0,
82746,70,70,on_time,0,
82747,70,70,on_time,0,
82748,70,70,on_time,0,
82749,70,70,on_time,0,
82750,70,70,on_time,0,
82751,70,70,on_time,0,
82752,70,72,late,2,
82753,70,70,on_time,0,
82754,70,70,on_time,0,
82755,70,72,late,2,
82756,70,70,on_time,0,
82757,70,70,on_time,0,
82758,70,70,on_time,0,
82759,70,70,on_time,0,
82760,70,70,on_time,0,
82761,70,70,on_time,0,
82762,70,70,on_time,0,
82763,70,70,on_time,0,
82764,70,70,on_time,0,
82765,70,72,late,2,
82766,70,70,on_time,0,
82767,70,70,on_time,0,
82768,70,70,on_time,0,
82769,70,70,on_time,0,
82770,70,70,on_time,0,
82771,70,70,on_time,0,
82772,70,70,on_time,0,
82773,70,70,on_time,0,
82774,70,70,on_time,0,
82775,70,70,on_time,0,
82776,70,70,on_time,0,
82777,70,70,on_time,0,
82778,70,70,on_time,0,
82779,70,70,on_time,0,
82780,70,70,on_time,0,
82781,70,70,on_time,0,
82782,70,70,on_time,0,
82783,70,70,on_time,0,
82784,70,70,on_time,0,
82785,70,70,on_time,0,
82786,70,72,late,2,
82787,70,70,on_time,0,
82788,70,70,on_time,0,
82789,70,70,on_time,0,
82790,70,70,on_time,0,
82791,70,70,on_time,0,
82792,70,70,on_time,0,
82793,70,70,on_time,0,
82794,70,70,on_time,0,
82795,70,70,on_time,0,
82796,70,70,on_time,0,
82797,70,70,on_time,0,
82798,70,70,on_time,0,
82799,70,70,on_time,0,
82800,70,70,on_time,0,
82801,70,70,on_time,0,
82802,70,70,on_time,0,
82803,70,72,late,2,
82804,70,70,on_time,0,
82805,70,70,on_time,0,
82806,70,70,on_time,0,
82807,70,70,on_time,0,
82808,70,70,on_time,0,
82809,70,70,on_time,0,
82810,70,70,on_time,0,
82811,70,70,on_time,0,
82812,70,70,on_time,0,
82813,70,70,on_time,0,
82814,70,70,on_time,0,
82815,70,70,on_time,0,
82816,70,70,on_time,0,
82817,70,70,on_time,0,
82818,70,70,on_time,0,
82819,70,70,on_time,0,
82820,70,70,on_time,0,
82821,70,70,on_time,0,
82822,70,70,on_time,0,
82823,70,70,on_time,0,
82824,70,70,on_time,0,
82825,70,70,on_time,0,
82826,70,70,on_time,0,
82827,70,70,on_time,0,
82828,70,70,on_time,0,
82829,70,70,on_time,0,
82830,70,70,on_time,0,
82831,70,70,on_time,0,
82832,70,70,on_time,0,
82833,70,70,on_time,0,
82834,70,70,on_time,0,
82835,70,70,on_time,0,
82836,70,70,on_time,0,
82837,70,70,on_time,0,
82838,70,70,on_time,0,
82839,70,70,on_time,0,
82840,70,70,on_time,0,
82841,70,70,on_time,0,
82842,70,70,on_time,0,
82843,70,70,on_time,0,
82844,70,70,on_time,0,
82845,70,70,on_time,0,
82846,70,70,on_time,0,
82847,70,70,on_time,0,
82848,70,70,on_time,0,
82849,70,70,on_time,0,
82850,70,70,on_time,0,
82851,70,70,on_time,0,
82852,70,70,on_time,0,
82853,70,70,on_time,0,
82854,70,70,on_time,0,
82855,70,70,on_time,0,
82856,70,70,on_time,0,
82857,70,70,on_time,0,
82858,70,70,on_time,0,
82859,70,70,on_time,0,
82860,70,70,on_time,0,
82861,70,70,on_time,0,
82862,70,70,on_time,0,
82863,70,70,on_time,0,
82864,70,70,on_time,0,
82865,70,70,on_time,0,
82866,70,70,on_time,0,
82867,70,70,on_time,0,
82868,70,70,on_time,0,
82869,70,70,on_time,0,
82870,70,70,on_time,0,
82871,70,70,on_time,0,
82872,70,70,on_time,0,
82873,70,70,on_time,0,
82874,70,70,on_time,0,
82875,70,70,on_time,0,
82876,70,70,on_time,0,
82877,70,70,on_time,0,
82878,70,70,on_time,0,
82879,70,70,on_time,0,
82880,70,70,on_time,0,
82881,70,70,on_time,0,
82882,70,70,on_time,0,
82883,70,70,on_time,0,
82884,70,70,on_time,0,
82885,70,72,late,2,
82886,70,70,on_time,0,
82887,70,70,on_time,0,
82888,70,70,on_time,0,
82889,70,70,on_time,0,
82890,70,70,on_time,0,
82891,70,70,on_time,0,
82892,70,70,on_time,0,
82893,70,70,on_time,0,
82894,70,70,on_time,0,
82895,70,70,on_time,0,
82896,70,70,on_time,0,
82897,70,70,on_time,0,
82898,70,70,on_time,0,
82899,70,70,on_time,0,
82900,70,70,on_time,0,
82901,70,70,on_time,0,
82902,70,70,on_time,0,
82903,70,70,on_time,0,
82904,70,70,on_time,0,
82905,70,70,on_time,0,
82906,70,70,on_time,0,
82907,70,70,on_time,0,
82908,70,70,on_time,0,
82909,70,70,on_time,0,
82910,70,70,on_time,0,
82911,70,70,on_time,0,
82912,70,70,on_time,0,
82913,70,70,on_time,0,
82914,70,70,on_time,0,
82915,70,70,on_time,0,
82916,70,70,on_time,0,
82917,70,70,on_time,0,
82918,70,70,on_time,0,
82919,70,70,on_time,0,
82920,70,70,on_time,0,
82921,70,70,on_time,0,
82922,70,70,on_time,0,
82923,70,70,on_time,0,
82924,70,70,on_time,0,
82925,70,70,on_time,0,
82926,70,70,on_time,0,
82927,70,70,on_time,0,
82928,70,70,on_time,0,
82929,70,70,on_time,0,
82930,70,70,on_time,0,
82931,70,70,on_time,0,
82932,70,70,on_time,0,
82933,70,70,on_time,0,
82934,70,70,on_time,0,
82935,70,72,late,2,
82936,70,70,on_time,0,
82937,70,70,on_time,0,
82938,70,70,on_time,0,
82939,70,70,on_time,0,
82940,70,70,on_time,0,
82941,70,70,on_time,0,
82942,70,70,on_time,0,
82943,70,70,on_time,0,
82944,70,70,on_time,0,
82945,70,70,on_time,0,
82946,70,70,on_time,0,
82947,70,70,on_time,0,
82948,70,70,on_time,0,
82949,70,70,on_time,0,
82950,70,72,late,2,
82951,70,70,on_time,0,
82952,70,70,on_time,0,
82953,70,70,on_time,0,
82954,70,70,on_time,0,
82955,70,70,on_time,0,
82956,70,70,on_time,0,
82957,70,70,on_time,0,
82958,70,70,on_time,0,
82959,70,70,on_time,0,
82960,70,70,on_time,0,
82961,70,70,on_time,0,
82962,70,70,on_time,0,
82963,70,70,on_time,0,
82964,70,70,on_time,0,
82965,70,70,on_time,0,
82966,70,70,on_time,0,
82967,70,70,on_time,0,
82968,70,72,late,2,
82969,70,70,on_time,0,
82970,70,70,on_time,0,
82971,70,70,on_time,0,
82972,70,70,on_time,0,
82973,70,70,on_time,0,
82974,70,70,on_time,0,
82975,70,70,on_time,0,
82976,70,70,on_time,0,
82977,70,70,on_time,0,
82978,70,70,on_time,0,
82979,70,70,on_time,0,
82980,70,70,on_time,0,
82981,70,70,on_time,0,
82982,70,70,on_time,0,
82983,70,70,on_time,0,
82984,70,70,on_time,0,
82985,70,70,on_time,0,
82986,70,70,on_time,0,
82987,70,70,on_time,0,
82988,70,70,on_time,0,
82989,70,70,on_time,0,
82990,70,70,on_time,0,
82991,70,70,on_time,0,
82992,70,70,on_time,0,
82993,70,70,on_time,0,
82994,70,70,on_time,0,
82995,70,70,on_time,0,
82996,70,70,on_time,0,
82997,70,70,on_time,0,
82998,70,70,on_time,0,
82999,70,72,late,2,
83000,70,70,on_time,0,
83001,70,70,on_time,0,
83002,70,70,on_time,0,
83003,70,70,on_time,0,
83004,70,70,on_time,0,
83005,70,70,on_time,0,
83006,70,70,on_time,0,
83007,70,70,on_time,0,
83008,70,70,on_time,0,
83009,70,70,on_time,0,
83010,70,70,on_time,0,
83011,70,70,on_time,0,
83012,70,70,on_time,0,
83013,70,70,on_time,0,
83014,70,70,on_time,0,
83015,70,70,on_time,0,
83016,70,70,on_time,0,
83017,70,70,on_time,0,
83018,70,70,on_time,0,
83019,70,70,on_time,0,
83020,70,70,on_time,0,
83021,70,70,on_time,0,
83022,70,70,on_time,0,
83023,70,70,on_time,0,
83024,70,70,on_time,0,
83025,70,70,on_time,0,
83026,70,70,on_time,0,
83027,70,70,on_time,0,
83028,70,70,on_time,0,
83029,70,70,on_time,0,
83030,70,70,on_time,0,
83031,70,70,on_time,0,
83032,70,70,on_time,0,
83033,70,72,late,2,
83034,70,70,on_time,0,
83035,70,70,on_time,0,
83036,70,70,on_time,0,
83037,70,70,on_time,0,
83038,70,70,on_time,0,
83039,70,70,on_time,0,
83040,70,70,on_time,0,
83041,70,70,on_time,0,
83042,70,72,late,2,
83043,70,70,on_time,0,
83044,70,70,on_time,0,
83045,70,70,on_time,0,
83046,70,70,on_time,0,
83047,70,70,on_time,0,
83048,70,70,on_time,0,
83049,70,70,on_time,0,
83050,70,70,on_time,0,
83051,70,70,on_time,0,
83052,70,70,on_time,0,
83053,70,70,on_time,0,
83054,70,70,on_time,0,
83055,70,70,on_time,0,
83056,70,70,on_time,0,
83057,70,70,on_time,0,
83058,70,70,on_time,0,
83059,70,70,on_time,0,
83060,70,70,on_time,0,
83061,70,70,on_time,0,
83062,70,70,on_time,0,
83063,70,70,on_time,0,
83064,70,70,on_time,0,
83065,70,70,on_time,0,
83066,70,72,late,2,
83067,70,70,on_time,0,
83068,70,70,on_time,0,
83069,70,70,on_time,0,
83070,70,70,on_time,0,
83071,70,70,on_time,0,
83072,70,70,on_time,0,
83073,70,70,on_time,0,
83074,70,72,late,2,
83075,70,70,on_time,0,
83076,70,70,on_time,0,
83077,70,70,on_time,0,
83078,70,70,on_time,0,
83079,70,70,on_time,0,
83080,70,70,on_time,0,
83081,70,70,on_time,0,
83082,70,70,on_time,0,
83083,70,70,on_time,0,
83084,70,70,on_time,0,
83085,70,70,on_time,0,
83086,70,70,on_time,0,
83087,70,70,on_time,0,
83088,70,70,on_time,0,
83089,70,70,on_time,0,
83090,70,70,on_time,0,
83091,70,70,on_time,0,
83092,70,70,on_time,0,
83093,70,70,on_time,0,
83094,70,70,on_time,0,
83095,70,70,on_time,0,
83096,70,70,on_time,0,
83097,70,70,on_time,0,
83098,70,70,on_time,0,
83099,70,70,on_time,0,
83100,70,70,on_time,0,
83101,70,70,on_time,0,
83102,70,70,on_time,0,
83103,70,70,on_time,0,
83104,70,70,on_time,0,
83105,70,70,on_time,0,
83106,70,70,on_time,0,
83107,70,70,on_time,0,
83108,70,72,late,2,
83109,70,70,on_time,0,
83110,70,70,on_time,0,
83111,70,70,on_time,0,
83112,70,70,on_time,0,
83113,70,70,on_time,0,
83114,70,70,on_time,0,
83115,70,70,on_time,0,
83116,70,70,on_time,0,
83117,70,70,on_time,0,
83118,70,70,on_time,0,
83119,70,70,on_time,0,
83120,70,70,on_time,0,
83121,70,70,on_time,0,
83122,70,70,on_time,0,
83123,70,70,on_time,0,
83124,70,70,on_time,0,
83125,70,70,on_time,0,
83126,70,70,on_time,0,
83127,70,70,on_time,0,
83128,70,70,on_time,0,
83129,70,70,on_time,0,
83130,70,70,on_time,0,
83131,70,70,on_time,0,
83132,70,70,on_time,0,
83133,70,70,on_time,0,
83134,70,70,on_time,0,
83135,70,70,on_time,0,
83136,70,70,on_time,0,
83137,70,70,on_time,0,
83138,70,70,on_time,0,
83139,70,70,on_time,0,
83140,70,70,on_time,0,
83141,70,70,on_time,0,
83142,70,70,on_time,0,
83143,70,70,on_time,0,
83144,70,70,on_time,0,
83145,70,70,on_time,0,
83146,70,72,late,2,
83147,70,72,late,2,
83148,70,70,on_time,0,
83149,70,70,on_time,0,
83150,70,70,on_time,0,
83151,70,72,late,2,
83152,70,70,on_time,0,
83153,70,70,on_time,0,
83154,70,70,on_time,0,
83155,70,72,late,2,
83156,70,72,late,2,
83157,70,70,on_time,0,
83158,70,70,on_time,0,
83159,70,70,on_time,0,
83160,70,70,on_time,0,
83161,70,70,on_time,0,
83162,70,70,on_time,0,
83163,70,70,on_time,0,
83164,70,70,on_time,0,
83165,70,70,on_time,0,
83166,70,70,on_time,0,
83167,70,70,on_time,0,
83168,70,70,on_time,0,
83169,70,70,on_time,0,
83170,70,70,on_time,0,
83171,70,70,on_time,0,
83172,70,70,on_time,0,
83173,70,70,on_time,0,
83174,70,70,on_time,0,
83175,70,70,on_time,0,
83176,70,70,on_time,0,
83177,70,70,on_time,0,
83178,70,70,on_time,0,
83179,70,70,on_time,0,
83180,70,70,on_time,0,
83181,70,70,on_time,0,
83182,70,70,on_time,0,
83183,70,70,on_time,0,
83184,70,70,on_time,0,
83185,70,70,on_time,0,
83186,70,70,on_time,0,
83187,70,70,on_time,0,
83188,70,70,on_time,0,
83189,70,70,on_time,0,
83190,70,70,on_time,0,
83191,70,70,on_time,0,
83192,70,70,on_time,0,
83193,70,70,on_time,0,
83194,70,72,late,2,
83195,70,70,on_time,0,
83196,70,70,on_time,0,
83197,70,70,on_time,0,
83198,70,70,on_time,0,
83199,70,70,on_time,0,
83200,70,70,on_time,0,
83201,70,70,on_time,0,
83202,70,70,on_time,0,
83203,70,70,on_time,0,
83204,70,70,on_time,0,
83205,70,70,on_time,0,
83206,70,70,on_time,0,
83207,70,70,on_time,0,
83208,70,70,on_time,0,
83209,70,70,on_time,0,
83210,70,70,on_time,0,
83211,70,70,on_time,0,
83212,70,70,on_time,0,
83213,70,70,on_time,0,
83214,70,70,on_time,0,
83215,70,70,on_time,0,
83216,70,70,on_time,0,
83217,70,70,on_time,0,
83218,70,70,on_time,0,
83219,70,70,on_time,0,
83220,70,70,on_time,0,
83221,70,70,on_time,0,
83222,70,70,on_time,0,
83223,70,70,on_time,0,
83224,70,72,late,2,
83225,70,70,on_time,0,
83226,70,70,on_time,0,
83227,70,70,on_time,0,
83228,70,70,on_time,0,
83229,70,70,on_time,0,
83230,70,70,on_time,0,
83231,70,70,on_time,0,
83232,70,70,on_time,0,
83233,70,70,on_time,0,
83234,70,70,on_time,0,
83235,70,70,on_time,0,
83236,70,70,on_time,0,
83237,70,70,on_time,0,
83238,70,70,on_time,0,
83239,70,70,on_time,0,
83240,70,70,on_time,0,
83241,70,70,on_time,0,
83242,70,70,on_time,0,
83243,70,70,on_time,0,
83244,70,70,on_time,0,
83245,70,70,on_time,0,
83246,70,70,on_time,0,
83247,70,70,on_time,0,
83248,70,70,on_time,0,
83249,70,70,on_time,0,
83250,70,72,late,2,
83251,70,70,on_time,0,
83252,70,70,on_time,0,
83253,70,70,on_time,0,
83254,70,70,on_time,0,
83255,70,70,on_time,0,
83256,70,70,on_time,0,
83257,70,70,on_time,0,
83258,70,70,on_time,0,
83259,70,70,on_time,0,
83260,70,70,on_time,0,
83261,70,70,on_time,0,
83262,70,70,on_time,0,
83263,70,70,on_time,0,
83264,70,70,on_time,0,
83265,70,70,on_time,0,
83266,70,70,on_time,0,
83267,70,70,on_time,0,
83268,70,70,on_time,0,
83269,70,70,on_time,0,
83270,70,70,on_time,0,
83271,70,70,on_time,0,
83272,70,70,on_time,0,
83273,70,70,on_time,0,
83274,70,70,on_time,0,
83275,70,70,on_time,0,
83276,70,70,on_time,0,
83277,70,70,on_time,0,
83278,70,70,on_time,0,
83279,70,70,on_time,0,
83280,70,70,on_time,0,
83281,70,70,on_time,0,
83282,70,70,on_time,0,
83283,70,70,on_time,0,
83284,70,70,on_time,0,
83285,70,70,on_time,0,
83286,70,70,on_time,0,
83287,70,70,on_time,0,
83288,70,70,on_time,0,
83289,70,72,late,2,
83290,70,70,on_time,0,
83291,70,70,on_time,0,
83292,70,70,on_time,0,
83293,70,70,on_time,0,
83294,70,70,on_time,0,
83295,70,70,on_time,0,
83296,70,70,on_time,0,
83297,70,70,on_time,0,
83298,70,70,on_time,0,
83299,70,70,on_time,0,
83300,70,70,on_time,0,
83301,70,70,on_time,0,
83302,70,70,on_time,0,
83303,70,70,on_time,0,
83304,70,70,on_time,0,
83305,70,70,on_time,0,
83306,70,70,on_time,0,
83307,70,70,on_time,0,
83308,70,70,on_time,0,
83309,70,70,on_time,0,
83310,70,70,on_time,0,
83311,70,70,on_time,0,
83312,70,70,on_time,0,
83313,70,70,on_time,0,
83314,70,70,on_time,0,
83315,70,70,on_time,0,
83316,70,70,on_time,0,
83317,70,70,on_time,0,
83318,70,70,on_time,0,
83319,70,70,on_time,0,
83320,70,70,on_time,0,
83321,70,70,on_time,0,
83322,70,70,on_time,0,
83323,70,70,on_time,0,
83324,70,70,on_time,0,
83325,70,70,on_time,0,
83326,70,70,on_time,0,
83327,70,70,on_time,0,
83328,70,70,on_time,0,
83329,70,70,on_time,0,
83330,70,70,on_time,0,
83331,70,70,on_time,0,
83332,70,70,on_time,0,
83333,70,70,on_time,0,
83334,70,70,on_time,0,
83335,70,70,on_time,0,
83336,70,72,late,2,
83337,70,70,on_time,0,
83338,70,70,on_time,0,
83339,70,70,on_time,0,
83340,70,70,on_time,0,
83341,70,70,on_time,0,
83342,70,72,late,2,
83343,70,70,on_time,0,
83344,70,70,on_time,0,
83345,70,70,on_time,0,
83346,70,70,on_time,0,
83347,70,70,on_time,0,
83348,70,70,on_time,0,
83349,70,70,on_time,0,
83350,70,70,on_time,0,
83351,70,70,on_time,0,
83352,70,70,on_time,0,
83353,70,70,on_time,0,
83354,70,70,on_time,0,
83355,70,70,on_time,0,
83356,70,70,on_time,0,
83357,70,70,on_time,0,
83358,70,70,on_time,0,
83359,70,70,on_time,0,
83360,70,70,on_time,0,
83361,70,70,on_time,0,
83362,70,70,on_time,0,
83363,70,70,on_time,0,
83364,70,70,on_time,0,
83365,70,72,late,2,
83366,70,70,on_time,0,
83367,70,70,on_time,0,
83368,70,70,on_time,0,
83369,70,70,on_time,0,
83370,70,70,on_time,0,
83371,70,70,on_time,0,
83372,70,70,on_time,0,
83373,70,70,on_time,0,
83374,70,70,on_time,0,
83375,70,70,on_time,0,
83376,70,70,on_time,0,
83377,70,70,on_time,0,
83378,70,70,on_time,0,
83379,70,70,on_time,0,
83380,70,70,on_time,0,
83381,70,70,on_time,0,
83382,70,70,on_time,0,
83383,70,72,late,2,
83384,70,70,on_time,0,
83385,70,70,on_time,0,
83386,70,70,on_time,0,
83387,70,70,on_time,0,
83388,70,70,on_time,0,
83389,70,70,on_time,0,
83390,70,70,on_time,0,
83391,70,70,on_time,0,
83392,70,70,on_time,0,
83393,70,70,on_time,0,
83394,70,70,on_time,0,
83395,70,70,on_time,0,
83396,70,70,on_time,0,
83397,70,70,on_time,0,
83398,70,70,on_time,0,
83399,70,70,on_time,0,
83400,70,70,on_time,0,
83401,70,70,on_time,0,
83402,70,70,on_time,0,
83403,70,70,on_time,0,
83404,70,70,on_time,0,
83405,70,70,on_time,0,
83406,70,70,on_time,0,
83407,70,70,on_time,0,
83408,70,70,on_time,0,
83409,70,70,on_time,0,
83410,70,70,on_time,0,
83411,70,70,on_time,0,
83412,70,70,on_time,0,
83413,70,70,on_time,0,
83414,70,70,on_time,0,
83415,70,70,on_time,0,
83416,70,70,on_time,0,
83417,70,70,on_time,0,
83418,70,70,on_time,0,
83419,70,70,on_time,0,
83420,70,72,late,2,
83421,70,70,on_time,0,
83422,70,70,on_time,0,
83423,70,70,on_time,0,
83424,70,70,on_time,0,
83425,70,70,on_time,0,
83426,70,70,on_time,0,
83427,70,70,on_time,0,
83428,70,70,on_time,0,
83429,70,70,on_time,0,
83430,70,70,on_time,0,
83431,70,70,on_time,0,
83432,70,70,on_time,0,
83433,70,70,on_time,0,
83434,70,70,on_time,0,
83435,70,70,on_time,0,
83436,70,70,on_time,0,
83437,70,70,on_time,0,
83438,70,70,on_time,0,
83439,70,70,on_time,0,
83440,70,70,on_time,0,
83441,70,70,on_time,0,
83442,70,70,on_time,0,
83443,70,70,on_time,0,
83444,70,70,on_time,0,
83445,70,70,on_time,0,
83446,70,70,on_time,0,
83447,70,70,on_time,0,
83448,70,70,on_time,0,
83449,70,70,on_time,0,
83450,70,72,late,2,
83451,70,70,on_time,0,
83452,70,70,on_time,0,
83453,70,70,on_time,0,
83454,70,70,on_time,0,
83455,70,70,on_time,0,
83456,70,70,on_time,0,
83457,70,70,on_time,0,
83458,70,70,on_time,0,
83459,70,70,on_time,0,
83460,70,72,late,2,
83461,70,70,on_time,0,
83462,70,70,on_time,0,
83463,70,70,on_time,0,
83464,70,70,on_time,0,
83465,70,70,on_time,0,
83466,70,70,on_time,0,
83467,70,70,on_time,0,
83468,70,70,on_time,0,
83469,70,70,on_time,0,
83470,70,70,on_time,0,
83471,70,70,on_time,0,
83472,70,70,on_time,0,
83473,70,70,on_time,0,
83474,70,70,on_time,0,
83475,70,72,late,2,
83476,70,70,on_time,0,
83477,70,70,on_time,0,
83478,70,70,on_time,0,
83479,70,70,on_time,0,
83480,70,70,on_time,0,
83481,70,70,on_time,0,
83482,70,70,on_time,0,
83483,70,70,on_time,0,
83484,70,70,on_time,0,
83485,70,70,on_time,0,
83486,70,70,on_time,0,
83487,70,70,on_time,0,
83488,70,70,on_time,0,
83489,70,70,on_time,0,
83490,70,70,on_time,0,
83491,70,70,on_time,0,
83492,70,70,on_time,0,
83493,70,70,on_time,0,
83494,70,70,on_time,0,
83495,70,70,on_time,0,
83496,70,70,on_time,0,
83497,70,70,on_time,0,
83498,70,70,on_time,0,
83499,70,70,on_time,0,
83500,70,70,on_time,0,
83501,70,70,on_time,0,
83502,70,70,on_time,0,
83503,70,70,on_time,0,
83504,70,70,on_time,0,
83505,70,70,on_time,0,
83506,70,70,on_time,0,
83507,70,70,on_time,0,
83508,70,70,on_time,0,
83509,70,70,on_time,0,
83510,70,70,on_time,0,
83511,70,70,on_time,0,
83512,70,70,on_time,0,
83513,70,70,on_time,0,
83514,70,70,on_time,0,
83515,70,72,late,2,
83516,70,70,on_time,0,
83517,70,70,on_time,0,
83518,70,70,on_time,0,
83519,70,70,on_time,0,
83520,70,70,on_time,0,
83521,70,70,on_time,0,
83522,70,70,on_time,0,
83523,70,70,on_time,0,
83524,70,70,on_time,0,
83525,70,70,on_time,0,
83526,70,70,on_time,0,
83527,70,70,on_time,0,
83528,70,70,on_time,0,
83529,70,70,on_time,0,
83530,70,70,on_time,0,
83531,70,70,on_time,0,
83532,70,70,on_time,0,
83533,70,70,on_time,0,
83534,70,70,on_time,0,
83535,70,70,on_time,0,
83536,70,70,on_time,0,
83537,70,70,on_time,0,
83538,70,70,on_time,0,
83539,70,70,on_time,0,
83540,70,70,on_time,0,
83541,70,70,on_time,0,
83542,70,70,on_time,0,
83543,70,70,on_time,0,
83544,70,70,on_time,0,
83545,70,70,on_time,0,
83546,70,70,on_time,0,
83547,70,70,on_time,0,
83548,70,70,on_time,0,
83549,70,70,on_time,0,
83550,70,70,on_time,0,
83551,70,70,on_time,0,
83552,70,70,on_time,0,
83553,70,70,on_time,0,
83554,70,70,on_time,0,
83555,70,70,on_time,0,
83556,70,70,on_time,0,
83557,70,70,on_time,0,
83558,70,70,on_time,0,
83559,70,70,on_time,0,
83560,70,70,on_time,0,
83561,70,70,on_time,0,
83562,70,70,on_time,0,
83563,70,70,on_time,0,
83564,70,70,on_time,0,
83565,70,70,on_time,0,
83566,70,70,on_time,0,
83567,70,70,on_time,0,
83568,70,70,on_time,0,
83569,70,70,on_time,0,
83570,70,70,on_time,0,
83571,70,70,on_time,0,
83572,70,70,on_time,0,
83573,70,70,on_time,0,
83574,70,70,on_time,0,
83575,70,70,on_time,0,
83576,70,70,on_time,0,
83577,70,70,on_time,0,
83578,70,70,on_time,0,
83579,70,70,on_time,0,
83580,70,70,on_time,0,
83581,70,72,late,2,
83582,70,70,on_time,0,
83583,70,70,on_time,0,
83584,70,70,on_time,0,
83585,70,70,on_time,0,
83586,70,70,on_time,0,
83587,70,70,on_time,0,
83588,70,70,on_time,0,
83589,70,70,on_time,0,
83590,70,70,on_time,0,
83591,70,70,on_time,0,
83592,70,70,on_time,0,
83593,70,70,on_time,0,
83594,70,70,on_time,0,
83595,70,70,on_time,0,
83596,70,70,on_time,0,
83597,70,70,on_time,0,
83598,70,70,on_time,0,
83599,70,70,on_time,0,
83600,70,70,on_time,0,
83601,70,70,on_time,0,
83602,70,70,on_time,0,
83603,70,70,on_time,0,
83604,70,70,on_time,0,
83605,70,70,on_time,0,
83606,70,70,on_time,0,
83607,70,70,on_time,0,
83608,70,70,on_time,0,
83609,70,70,on_time,0,
83610,70,70,on_time,0,
83611,70,70,on_time,0,
83612,70,70,on_time,0,
83613,70,70,on_time,0,
83614,70,70,on_time,0,
83615,70,70,on_time,0,
83616,70,70,on_time,0,
83617,70,70,on_time,0,
83618,70,70,on_time,0,
83619,70,70,on_time,0,
83620,70,70,on_time,0,
83621,70,70,on_time,0,
83622,70,70,on_time,0,
83623,70,70,on_time,0,
83624,70,70,on_time,0,
83625,70,70,on_time,0,
83626,70,70,on_time,0,
83627,70,70,on_time,0,
83628,70,70,on_time,0,
83629,70,70,on_time,0,
83630,70,70,on_time,0,
83631,70,70,on_time,0,
83632,70,70,on_time,0,
83633,70,70,on_time,0,
83634,70,72,late,2,
83635,70,70,on_time,0,
83636,70,70,on_time,0,
83637,70,70,on_time,0,
83638,70,70,on_time,0,
83639,70,70,on_time,0,
83640,70,70,on_time,0,
83641,70,70,on_time,0,
83642,70,70,on_time,0,
83643,70,70,on_time,0,
83644,70,70,on_time,0,
83645,70,70,on_time,0,
83646,70,70,on_time,0,
83647,70,70,on_time,0,
83648,70,70,on_time,0,
83649,70,72,late,2,
83650,70,70,on_time,0,
83651,70,70,on_time,0,
83652,70,70,on_time,0,
83653,70,70,on_time,0,
83654,70,70,on_time,0,
83655,70,70,on_time,0,
83656,70,70,on_time,0,
83657,70,70,on_time,0,
83658,70,70,on_time,0,
83659,70,70,on_time,0,
83660,70,70,on_time,0,
83661,70,70,on_time,0,
83662,70,70,on_time,0,
83663,70,70,on_time,0,
83664,70,70,on_time,0,
83665,70,70,on_time,0,
83666,70,70,on_time,0,
83667,70,70,on_time,0,
83668,70,70,on_time,0,
83669,70,70,on_time,0,
83670,70,70,on_time,0,
83671,70,70,on_time,0,
83672,70,70,on_time,0,
83673,70,70,on_time,0,
83674,70,70,on_time,0,
83675,70,70,on_time,0,
83676,70,70,on_time,0,
83677,70,70,on_time,0,
83678,70,70,on_time,0,
83679,70,70,on_time,0,
83680,70,70,on_time,0,
83681,70,70,on_time,0,
83682,70,70,on_time,0,
83683,70,70,on_time,0,
83684,70,70,on_time,0,
83685,70,70,on_time,0,
83686,70,70,on_time,0,
83687,70,70,on_time,0,
83688,70,70,on_time,0,
83689,70,70,on_time,0,
83690,70,70,on_time,0,
83691,70,70,on_time,0,
83692,70,70,on_time,0,
83693,70,70,on_time,0,
83694,70,70,on_time,0,
83695,70,70,on_time,0,
83696,70,70,on_time,0,
83697,70,70,on_time,0,
83698,70,70,on_time,0,
83699,70,70,on_time,0,
83700,70,70,on_time,0,
83701,70,70,on_time,0,
83702,70,70,on_time,0,
83703,70,70,on_time,0,
83704,70,70,on_time,0,
83705,70,70,on_time,0,
83706,70,70,on_time,0,
83707,70,70,on_time,0,
83708,70,70,on_time,0,
83709,70,70,on_time,0,
83710,70,70,on_time,0,
83711,70,70,on_time,0,
83712,70,70,on_time,0,
83713,70,70,on_time,0,
83714,70,70,on_time,0,
83715,70,70,on_time,0,
83716,70,70,on_time,0,
83717,70,70,on_time,0,
83718,70,70,on_time,0,
83719,70,70,on_time,0,
83720,70,70,on_time,0,
83721,70,70,on_time,0,
83722,70,70,on_time,0,
83723,70,70,on_time,0,
83724,70,70,on_time,0,
83725,70,70,on_time,0,
83726,70,72,late,2,
83727,70,70,on_time,0,
83728,70,70,on_time,0,
83729,70,70,on_time,0,
83730,70,70,on_time,0,
83731,70,70,on_time,0,
83732,70,70,on_time,0,
83733,70,70,on_time,0,
83734,70,70,on_time,0,
83735,70,70,on_time,0,
83736,70,70,on_time,0,
83737,70,70,on_time,0,
83738,70,70,on_time,0,
83739,70,70,on_time,0,
83740,70,70,on_time,0,
83741,70,70,on_time,0,
83742,70,70,on_time,0,
83743,70,70,on_time,0,
83744,70,70,on_time,0,
83745,70,70,on_time,0,
83746,70,70,on_time,0,
83747,70,70,on_time,0,
83748,70,70,on_time,0,
83749,70,70,on_time,0,
83750,70,70,on_time,0,
83751,70,70,on_time,0,
83752,70,70,on_time,0,
83753,70,70,on_time,0,
83754,70,70,on_time,0,
83755,70,70,on_time,0,
83756,70,70,on_time,0,
83757,70,70,on_time,0,
83758,70,70,on_time,0,
83759,70,70,on_time,0,
83760,70,70,on_time,0,
83761,70,70,on_time,0,
83762,70,70,on_time,0,
83763,70,70,on_time,0,
83764,70,70,on_time,0,
83765,70,70,on_time,0,
83766,70,70,on_time,0,
83767,70,70,on_time,0,
83768,70,70,on_time,0,
83769,70,70,on_time,0,
83770,70,70,on_time,0,
83771,70,70,on_time,0,
83772,70,70,on_time,0,
83773,70,70,on_time,0,
83774,70,70,on_time,0,
83775,70,70,on_time,0,
83776,70,70,on_time,0,
83777,70,70,on_time,0,
83778,70,70,on_time,0,
83779,70,70,on_time,0,
83780,70,70,on_time,0,
83781,70,70,on_time,0,
83782,70,70,on_time,0,
83783,70,70,on_time,0,
83784,70,70,on_time,0,
83785,70,70,on_time,0,
83786,70,70,on_time,0,
83787,70,70,on_time,0,
83788,70,70,on_time,0,
83789,70,70,on_time,0,
83790,70,70,on_time,0,
83791,70,70,on_time,0,
83792,70,70,on_time,0,
83793,70,70,on_time,0,
83794,70,70,on_time,0,
83795,70,70,on_time,0,
83796,70,70,on_time,0,
83797,70,70,on_time,0,
83798,70,70,on_time,0,
83799,70,72,late,2,
83800,70,70,on_time,0,
83801,70,70,on_time,0,
83802,70,70,on_time,0,
83803,70,70,on_time,0,
83804,70,70,on_time,0,
83805,70,70,on_time,0,
83806,70,70,on_time,0,
83807,70,70,on_time,0,
83808,70,70,on_time,0,
83809,70,70,on_time,0,
83810,70,70,on_time,0,
83811,70,70,on_time,0,
83812,70,70,on_time,0,
83813,70,70,on_time,0,
83814,70,70,on_time,0,
83815,70,70,on_time,0,
83816,70,70,on_time,0,
83817,70,70,on_time,0,
83818,70,70,on_time,0,
83819,70,70,on_time,0,
83820,70,70,on_time,0,
83821,70,70,on_time,0,
83822,70,70,on_time,0,
83823,70,70,on_time,0,
83824,70,70,on_time,0,
83825,70,70,on_time,0,
83826,70,70,on_time,0,
83827,70,70,on_time,0,
83828,70,70,on_time,0,
83829,70,70,on_time,0,
83830,70,70,on_time,0,
83831,70,70,on_time,0,
83832,70,70,on_time,0,
83833,70,70,on_time,0,
83834,70,70,on_time,0,
83835,70,70,on_time,0,
83836,70,70,on_time,0,
83837,70,70,on_time,0,
83838,70,70,on_time,0,
83839,70,70,on_time,0,
83840,70,70,on_time,0,
83841,70,70,on_time,0,
83842,70,70,on_time,0,
83843,70,70,on_time,0,
83844,70,70,on_time,0,
83845,70,70,on_time,0,
83846,70,70,on_time,0,
83847,70,70,on_time,0,
83848,70,70,on_time,0,
83849,70,70,on_time,0,
83850,70,70,on_time,0,
83851,70,70,on_time,0,
83852,70,70,on_time,0,
83853,70,70,on_time,0,
83854,70,70,on_time,0,
83855,70,70,on_time,0,
83856,70,70,on_time,0,
83857,70,70,on_time,0,
83858,70,70,on_time,0,
83859,70,70,on_time,0,
83860,70,72,late,2,
83861,70,70,on_time,0,
83862,70,70,on_time,0,
83863,70,72,late,2,
83864,70,70,on_time,0,
83865,70,70,on_time,0,
83866,70,70,on_time,0,
83867,70,70,on_time,0,
83868,70,70,on_time,0,
83869,70,70,on_time,0,
83870,70,70,on_time,0,
83871,70,70,on_time,0,
83872,70,70,on_time,0,
83873,70,70,on_time,0,
83874,70,72,late,2,
83875,70,70,on_time,0,
83876,70,72,late,2,
83877,70,70,on_time,0,
83878,70,70,on_time,0,
83879,70,70,on_time,0,
83880,70,70,on_time,0,
83881,70,70,on_time,0,
83882,70,70,on_time,0,
83883,70,70,on_time,0,
83884,70,70,on_time,0,
83885,70,70,on_time,0,
83886,70,70,on_time,0,
83887,70,70,on_time,0,
83888,70,70,on_time,0,
83889,70,70,on_time,0,
83890,70,70,on_time,0,
83891,70,70,on_time,0,
83892,70,70,on_time,0,
83893,70,70,on_time,0,
83894,70,70,on_time,0,
83895,70,70,on_time,0,
83896,70,70,on_time,0,
83897,70,70,on_time,0,
83898,70,70,on_time,0,
83899,70,70,on_time,0,
83900,70,70,on_time,0,
83901,70,70,on_time,0,
83902,70,70,on_time,0,
83903,70,70,on_time,0,
83904,70,72,late,2,
83905,70,70,on_time,0,
83906,70,70,on_time,0,
83907,70,70,on_time,0,
83908,70,70,on_time,0,
83909,70,70,on_time,0,
83910,70,70,on_time,0,
83911,70,70,on_time,0,
83912,70,70,on_time,0,
83913,70,70,on_time,0,
83914,70,70,on_time,0,
83915,70,70,on_time,0,
83916,70,70,on_time,0,
83917,70,70,on_time,0,
83918,70,70,on_time,0,
83919,70,70,on_time,0,
83920,70,70,on_time,0,
83921,70,70,on_time,0,
83922,70,70,on_time,0,
83923,70,70,on_time,0,
83924,70,70,on_time,0,
83925,70,70,on_time,0,
83926,70,70,on_time,0,
83927,70,70,on_time,0,
83928,70,70,on_time,0,
83929,70,70,on_time,0,
83930,70,70,on_time,0,
83931,70,70,on_time,0,
83932,70,72,late,2,
83933,70,70,on_time,0,
83934,70,70,on_time,0,
83935,70,70,on_time,0,
83936,70,70,on_time,0,
83937,70,70,on_time,0,
83938,70,72,late,2,
83939,70,70,on_time,0,
83940,70,70,on_time,0,
83941,70,70,on_time,0,
83942,70,70,on_time,0,
83943,70,70,on_time,0,
83944,70,70,on_time,0,
83945,70,70,on_time,0,
83946,70,70,on_time,0,
83947,70,70,on_time,0,
83948,70,70,on_time,0,
83949,70,70,on_time,0,
83950,70,70,on_time,0,
83951,70,70,on_time,0,
83952,70,70,on_time,0,
83953,70,70,on_time,0,
83954,70,70,on_time,0,
83955,70,70,on_time,0,
83956,70,70,on_time,0,
83957,70,70,on_time,0,
83958,70,70,on_time,0,
83959,70,70,on_time,0,
83960,70,70,on_time,0,
83961,70,70,on_time,0,
83962,70,70,on_time,0,
83963,70,70,on_time,0,
83964,70,70,on_time,0,
83965,70,70,on_time,0,
83966,70,70,on_time,0,
83967,70,70,on_time,0,
83968,70,70,on_time,0,
83969,70,70,on_time,0,
83970,70,70,on_time,0,
83971,70,70,on_time,0,
83972,70,70,on_time,0,
83973,70,70,on_time,0,
83974,70,72,late,2,
83975,70,70,on_time,0,
83976,70,70,on_time,0,
83977,70,70,on_time,0,
83978,70,70,on_time,0,
83979,70,70,on_time,0,
83980,70,70,on_time,0,
83981,70,70,on_time,0,
83982,70,70,on_time,0,
83983,70,70,on_time,0,
83984,70,70,on_time,0,
83985,70,70,on_time,0,
83986,70,70,on_time,0,
83987,70,70,on_time,0,
83988,70,70,on_time,0,
83989,70,70,on_time,0,
83990,70,70,on_time,0,
83991,70,70,on_time,0,
83992,70,70,on_time,0,
83993,70,70,on_time,0,
83994,70,70,on_time,0,
83995,70,70,on_time,0,
83996,70,70,on_time,0,
83997,70,70,on_time,0,
83998,70,70,on_time,0,
83999,70,70,on_time,0,
84000,70,70,on_time,0,
84001,71,71,on_time,0,
84002,71,71,on_time,0,
84003,71,71,on_time,0,
84004,71,71,on_time,0,
84005,71,71,on_time,0,
84006,71,71,on_time,0,
84007,71,71,on_time,0,
84008,71,71,on_time,0,
84009,71,71,on_time,0,
84010,71,71,on_time,0,
84011,71,71,on_time,0,
84012,71,71,on_time,0,
84013,71,71,on_time,0,
84014,71,71,on_time,0,
84015,71,71,on_time,0,
84016,71,71,on_time,0,
84017,71,71,on_time,0,
84018,71,71,on_time,0,
84019,71,71,on_time,0,
84020,71,71,on_time,0,
84021,71,71,on_time,0,
84022,71,71,on_time,0,
84023,71,72,late,1,
84024,71,71,on_time,0,
84025,71,71,on_time,0,
84026,71,71,on_time,0,
84027,71,71,on_time,0,
84028,71,71,on_time,0,
84029,71,71,on_time,0,
84030,71,71,on_time,0,
84031,71,71,on_time,0,
84032,71,71,on_time,0,
84033,71,71,on_time,0,
84034,71,71,on_time,0,
84035,71,71,on_time,0,
84036,71,71,on_time,0,
84037,71,71,on_time,0,
84038,71,71,on_time,0,
84039,71,71,on_time,0,
84040,71,71,on_time,0,
84041,71,71,on_time,0,
84042,71,71,on_time,0,
84043,71,71,on_time,0,
84044,71,72,late,1,
84045,71,71,on_time,0,
84046,71,71,on_time,0,
84047,71,71,on_time,0,
84048,71,71,on_time,0,
84049,71,71,on_time,0,
84050,71,71,on_time,0,
84051,71,71,on_time,0,
84052,71,71,on_time,0,
84053,71,71,on_time,0,
84054,71,71,on_time,0,
84055,71,71,on_time,0,
84056,71,71,on_time,0,
84057,71,71,on_time,0,
84058,71,71,on_time,0,
84059,71,71,on_time,0,
84060,71,71,on_time,0,
84061,71,71,on_time,0,
84062,71,71,on_time,0,
84063,71,71,on_time,0,
84064,71,71,on_time,0,
84065,71,71,on_time,0,
84066,71,71,on_time,0,
84067,71,71,on_time,0,
84068,71,71,on_time,0,
84069,71,71,on_time,0,
84070,71,71,on_time,0,
84071,71,71,on_time,0,
84072,71,71,on_time,0,
84073,71,71,on_time,0,
84074,71,71,on_time,0,
84075,71,71,on_time,0,
84076,71,71,on_time,0,
84077,71,71,on_time,0,
84078,71,71,on_time,0,
84079,71,71,on_time,0,
84080,71,71,on_time,0,
84081,71,71,on_time,0,
84082,71,71,on_time,0,
84083,71,71,on_time,0,
84084,71,71,on_time,0,
84085,71,71,on_time,0,
84086,71,71,on_time,0,
84087,71,71,on_time,0,
84088,71,71,on_time,0,
84089,71,71,on_time,0,
84090,71,71,on_time,0,
84091,71,71,on_time,0,
84092,71,71,on_time,0,
84093,71,71,on_time,0,
84094,71,71,on_time,0,
84095,71,71,on_time,0,
84096,71,71,on_time,0,
84097,71,71,on_time,0,
84098,71,71,on_time,0,
84099,71,71,on_time,0,
84100,71,71,on_time,0,
84101,71,71,on_time,0,
84102,71,71,on_time,0,
84103,71,71,on_time,0,
84104,71,71,on_time,0,
84105,71,71,on_time,0,
84106,71,71,on_time,0,
84107,71,71,on_time,0,
84108,71,71,on_time,0,
84109,71,71,on_time,0,
84110,71,71,on_time,0,
84111,71,71,on_time,0,
84112,71,71,on_time,0,
84113,71,71,on_time,0,
84114,71,71,on_time,0,
84115,71,71,on_time,0,
84116,71,71,on_time,0,
84117,71,71,on_time,0,
84118,71,71,on_time,0,
84119,71,71,on_time,0,
84120,71,71,on_time,0,
84121,71,71,on_time,0,
84122,71,71,on_time,0,
84123,71,71,on_time,0,
84124,71,71,on_time,0,
84125,71,72,late,1,
84126,71,71,on_time,0,
84127,71,71,on_time,0,
84128,71,71,on_time,0,
84129,71,71,on_time,0,
84130,71,71,on_time,0,
84131,71,71,on_time,0,
84132,71,71,on_time,0,
84133,71,71,on_time,0,
84134,71,71,on_time,0,
84135,71,71,on_time,0,
84136,71,71,on_time,0,
84137,71,71,on_time,0,
84138,71,71,on_time,0,
84139,71,71,on_time,0,
84140,71,71,on_time,0,
84141,71,71,on_time,0,
84142,71,71,on_time,0,
84143,71,71,on_time,0,
84144,71,71,on_time,0,
84145,71,71,on_time,0,
84146,71,71,on_time,0,
84147,71,71,on_time,0,
84148,71,71,on_time,0,
84149,71,71,on_time,0,
84150,71,71,on_time,0,
84151,71,71,on_time,0,
84152,71,71,on_time,0,
84153,71,71,on_time,0,
84154,71,71,on_time,0,
84155,71,71,on_time,0,
84156,71,71,on_time,0,
84157,71,71,on_time,0,
84158,71,71,on_time,0,
84159,71,71,on_time,0,
84160,71,71,on_time,0,
84161,71,72,late,1,
84162,71,71,on_time,0,
84163,71,71,on_time,0,
84164,71,71,on_time,0,
84165,71,71,on_time,0,
84166,71,71,on_time,0,
84167,71,71,on_time,0,
84168,71,71,on_time,0,
84169,71,71,on_time,0,
84170,71,71,on_time,0,
84171,71,71,on_time,0,
84172,71,72,late,1,
84173,71,71,on_time,0,
84174,71,71,on_time,0,
84175,71,71,on_time,0,
84176,71,71,on_time,0,
84177,71,71,on_time,0,
84178,71,71,on_time,0,
84179,71,71,on_time,0,
84180,71,71,on_time,0,
84181,71,71,on_time,0,
84182,71,71,on_time,0,
84183,71,71,on_time,0,
84184,71,71,on_time,0,
84185,71,71,on_time,0,
84186,71,71,on_time,0,
84187,71,71,on_time,0,
84188,71,71,on_time,0,
84189,71,71,on_time,0,
84190,71,71,on_time,0,
84191,71,71,on_time,0,
84192,71,71,on_time,0,
84193,71,71,on_time,0,
84194,71,71,on_time,0,
84195,71,71,on_time,0,
84196,71,71,on_time,0,
84197,71,71,on_time,0,
84198,71,71,on_time,0,
84199,71,71,on_time,0,
84200,71,71,on_time,0,
84201,71,71,on_time,0,
84202,71,71,on_time,0,
84203,71,71,on_time,0,
84204,71,71,on_time,0,
84205,71,71,on_time,0,
84206,71,71,on_time,0,
84207,71,71,on_time,0,
84208,71,71,on_time,0,
84209,71,71,on_time,0,
84210,71,71,on_time,0,
84211,71,71,on_time,0,
84212,71,71,on_time,0,
84213,71,71,on_time,0,
84214,71,71,on_time,0,
84215,71,71,on_time,0,
84216,71,71,on_time,0,
84217,71,71,on_time,0,
84218,71,71,on_time,0,
84219,71,72,late,1,
84220,71,71,on_time,0,
84221,71,71,on_time,0,
84222,71,72,late,1,
84223,71,72,late,1,
84224,71,71,on_time,0,
84225,71,71,on_time,0,
84226,71,71,on_time,0,
84227,71,71,on_time,0,
84228,71,71,on_time,0,
84229,71,71,on_time,0,
84230,71,71,on_time,0,
84231,71,71,on_time,0,
84232,71,71,on_time,0,
84233,71,71,on_time,0,
84234,71,71,on_time,0,
84235,71,71,on_time,0,
84236,71,71,on_time,0,
84237,71,71,on_time,0,
84238,71,71,on_time,0,
84239,71,71,on_time,0,
84240,71,72,late,1,
84241,71,71,on_time,0,
84242,71,71,on_time,0,
84243,71,71,on_time,0,
84244,71,71,on_time,0,
84245,71,71,on_time,0,
84246,71,71,on_time,0,
84247,71,71,on_time,0,
84248,71,71,on_time,0,
84249,71,71,on_time,0,
84250,71,71,on_time,0,
84251,71,71,on_time,0,
84252,71,71,on_time,0,
84253,71,71,on_time,0,
84254,71,71,on_time,0,
84255,71,71,on_time,0,
84256,71,71,on_time,0,
84257,71,71,on_time,0,
84258,71,71,on_time,0,
84259,71,71,on_time,0,
84260,71,71,on_time,0,
84261,71,71,on_time,0,
84262,71,71,on_time,0,
84263,71,71,on_time,0,
84264,71,71,on_time,0,
84265,71,71,on_time,0,
84266,71,71,on_time,0,
84267,71,71,on_time,0,
84268,71,71,on_time,0,
84269,71,71,on_time,0,
84270,71,71,on_time,0,
84271,71,71,on_time,0,
84272,71,71,on_time,0,
84273,71,71,on_time,0,
84274,71,71,on_time,0,
84275,71,71,on_time,0,
84276,71,71,on_time,0,
84277,71,71,on_time,0,
84278,71,71,on_time,0,
84279,71,71,on_time,0,
84280,71,71,on_time,0,
84281,71,71,on_time,0,
84282,71,71,on_time,0,
84283,71,71,on_time,0,
84284,71,71,on_time,0,
84285,71,71,on_time,0,
84286,71,71,on_time,0,
84287,71,71,on_time,0,
84288,71,71,on_time,0,
84289,71,71,on_time,0,
84290,71,71,on_time,0,
84291,71,71,on_time,0,
84292,71,71,on_time,0,
84293,71,72,late,1,
84294,71,71,on_time,0,
84295,71,71,on_time,0,
84296,71,71,on_time,0,
84297,71,71,on_time,0,
84298,71,71,on_time,0,
84299,71,71,on_time,0,
84300,71,71,on_time,0,
84301,71,71,on_time,0,
84302,71,71,on_time,0,
84303,71,71,on_time,0,
84304,71,71,on_time,0,
84305,71,71,on_time,0,
84306,71,71,on_time,0,
84307,71,71,on_time,0,
84308,71,71,on_time,0,
84309,71,71,on_time,0,
84310,71,71,on_time,0,
84311,71,71,on_time,0,
84312,71,71,on_time,0,
84313,71,71,on_time,0,
84314,71,71,on_time,0,
84315,71,71,on_time,0,
84316,71,71,on_time,0,
84317,71,71,on_time,0,
84318,71,71,on_time,0,
84319,71,71,on_time,0,
84320,71,71,on_time,0,
84321,71,71,on_time,0,
84322,71,71,on_time,0,
84323,71,71,on_time,0,
84324,71,71,on_time,0,
84325,71,71,on_time,0,
84326,71,71,on_time,0,
84327,71,71,on_time,0,
84328,71,71,on_time,0,
84329,71,71,on_time,0,
84330,71,71,on_time,0,
84331,71,71,on_time,0,
84332,71,71,on_time,0,
84333,71,71,on_time,0,
84334,71,71,on_time,0,
84335,71,71,on_time,0,
84336,71,71,on_time,0,
84337,71,71,on_time,0,
84338,71,71,on_time,0,
84339,71,71,on_time,0,
84340,71,71,on_time,0,
84341,71,71,on_time,0,
84342,71,71,on_time,0,
84343,71,71,on_time,0,
84344,71,71,on_time,0,
84345,71,71,on_time,0,
84346,71,71,on_time,0,
84347,71,71,on_time,0,
84348,71,71,on_time,0,
84349,71,71,on_time,0,
84350,71,71,on_time,0,
84351,71,71,on_time,0,
84352,71,71,on_time,0,
84353,71,71,on_time,0,
84354,71,71,on_time,0,
84355,71,71,on_time,0,
84356,71,71,on_time,0,
84357,71,71,on_time,0,
84358,71,71,on_time,0,
84359,71,71,on_time,0,
84360,71,71,on_time,0,
84361,71,71,on_time,0,
84362,71,71,on_time,0,
84363,71,71,on_time,0,
84364,71,71,on_time,0,
84365,71,71,on_time,0,
84366,71,71,on_time,0,
84367,71,71,on_time,0,
84368,71,71,on_time,0,
84369,71,71,on_time,0,
84370,71,71,on_time,0,
84371,71,71,on_time,0,
84372,71,71,on_time,0,
84373,71,71,on_time,0,
84374,71,71,on_time,0,
84375,71,71,on_time,0,
84376,71,71,on_time,0,
84377,71,71,on_time,0,
84378,71,71,on_time,0,
84379,71,71,on_time,0,
84380,71,71,on_time,0,
84381,71,71,on_time,0,
84382,71,71,on_time,0,
84383,71,72,late,1,
84384,71,72,late,1,
84385,71,71,on_time,0,
84386,71,71,on_time,0,
84387,71,71,on_time,0,
84388,71,71,on_time,0,
84389,71,72,late,1,
84390,71,71,on_time,0,
84391,71,71,on_time,0,
84392,71,71,on_time,0,
84393,71,71,on_time,0,
84394,71,71,on_time,0,
84395,71,71,on_time,0,
84396,71,71,on_time,0,
84397,71,71,on_time,0,
84398,71,71,on_time,0,
84399,71,71,on_time,0,
84400,71,71,on_time,0,
84401,71,71,on_time,0,
84402,71,71,on_time,0,
84403,71,71,on_time,0,
84404,71,71,on_time,0,
84405,71,71,on_time,0,
84406,71,71,on_time,0,
84407,71,71,on_time,0,
84408,71,71,on_time,0,
84409,71,71,on_time,0,
84410,71,72,late,1,
84411,71,71,on_time,0,
84412,71,71,on_time,0,
84413,71,71,on_time,0,
84414,71,71,on_time,0,
84415,71,71,on_time,0,
84416,71,71,on_time,0,
84417,71,71,on_time,0,
84418,71,71,on_time,0,
84419,71,71,on_time,0,
84420,71,71,on_time,0,
84421,71,71,on_time,0,
84422,71,72,late,1,
84423,71,71,on_time,0,
84424,71,71,on_time,0,
84425,71,71,on_time,0,
84426,71,71,on_time,0,
84427,71,71,on_time,0,
84428,71,71,on_time,0,
84429,71,71,on_time,0,
84430,71,71,on_time,0,
84431,71,71,on_time,0,
84432,71,71,on_time,0,
84433,71,71,on_time,0,
84434,71,71,on_time,0,
84435,71,71,on_time,0,
84436,71,71,on_time,0,
84437,71,71,on_time,0,
84438,71,72,late,1,
84439,71,71,on_time,0,
84440,71,71,on_time,0,
84441,71,71,on_time,0,
84442,71,71,on_time,0,
84443,71,71,on_time,0,
84444,71,71,on_time,0,
84445,71,71,on_time,0,
84446,71,71,on_time,0,
84447,71,71,on_time,0,
84448,71,71,on_time,0,
84449,71,71,on_time,0,
84450,71,71,on_time,0,
84451,71,71,on_time,0,
84452,71,71,on_time,0,
84453,71,71,on_time,0,
84454,71,71,on_time,0,
84455,71,71,on_time,0,
84456,71,71,on_time,0,
84457,71,71,on_time,0,
84458,71,71,on_time,0,
84459,71,72,late,1,
84460,71,71,on_time,0,
84461,71,71,on_time,0,
84462,71,71,on_time,0,
84463,71,71,on_time,0,
84464,71,71,on_time,0,
84465,71,71,on_time,0,
84466,71,71,on_time,0,
84467,71,71,on_time,0,
84468,71,71,on_time,0,
84469,71,71,on_time,0,
84470,71,71,on_time,0,
84471,71,71,on_time,0,
84472,71,71,on_time,0,
84473,71,72,late,1,
84474,71,71,on_time,0,
84475,71,71,on_time,0,
84476,71,71,on_time,0,
84477,71,71,on_time,0,
84478,71,71,on_time,0,
84479,71,71,on_time,0,
84480,71,71,on_time,0,
84481,71,71,on_time,0,
84482,71,71,on_time,0,
84483,71,71,on_time,0,
84484,71,71,on_time,0,
84485,71,71,on_time,0,
84486,71,71,on_time,0,
84487,71,71,on_time,0,
84488,71,71,on_time,0,
84489,71,71,on_time,0,
84490,71,71,on_time,0,
84491,71,71,on_time,0,
84492,71,71,on_time,0,
84493,71,71,on_time,0,
84494,71,71,on_time,0,
84495,71,71,on_time,0,
84496,71,71,on_time,0,
84497,71,71,on_time,0,
84498,71,71,on_time,0,
84499,71,71,on_time,0,
84500,71,71,on_time,0,
84501,71,71,on_time,0,
84502,71,71,on_time,0,
84503,71,71,on_time,0,
84504,71,71,on_time,0,
84505,71,71,on_time,0,
84506,71,71,on_time,0,
84507,71,71,on_time,0,
84508,71,71,on_time,0,
84509,71,71,on_time,0,
84510,71,71,on_time,0,
84511,71,71,on_time,0,
84512,71,71,on_time,0,
84513,71,71,on_time,0,
84514,71,71,on_time,0,
84515,71,71,on_time,0,
84516,71,71,on_time,0,
84517,71,71,on_time,0,
84518,71,71,on_time,0,
84519,71,71,on_time,0,
84520,71,71,on_time,0,
84521,71,71,on_time,0,
84522,71,72,late,1,
84523,71,71,on_time,0,
84524,71,71,on_time,0,
84525,71,71,on_time,0,
84526,71,71,on_time,0,
84527,71,71,on_time,0,
84528,71,71,on_time,0,
84529,71,71,on_time,0,
84530,71,71,on_time,0,
84531,71,71,on_time,0,
84532,71,71,on_time,0,
84533,71,71,on_time,0,
84534,71,71,on_time,0,
84535,71,71,on_time,0,
84536,71,72,late,1,
84537,71,71,on_time,0,
84538,71,71,on_time,0,
84539,71,71,on_time,0,
84540,71,71,on_time,0,
84541,71,71,on_time,0,
84542,71,71,on_time,0,
84543,71,71,on_time,0,
84544,71,71,on_time,0,
84545,71,71,on_time,0,
84546,71,71,on_time,0,
84547,71,71,on_time,0,
84548,71,71,on_time,0,
84549,71,71,on_time,0,
84550,71,71,on_time,0,
84551,71,71,on_time,0,
84552,71,71,on_time,0,
84553,71,71,on_time,0,
84554,71,71,on_time,0,
84555,71,71,on_time,0,
84556,71,71,on_time,0,
84557,71,71,on_time,0,
84558,71,71,on_time,0,
84559,71,71,on_time,0,
84560,71,71,on_time,0,
84561,71,71,on_time,0,
84562,71,71,on_time,0,
84563,71,71,on_time,0,
84564,71,71,on_time,0,
84565,71,71,on_time,0,
84566,71,71,on_time,0,
84567,71,71,on_time,0,
84568,71,71,on_time,0,
84569,71,71,on_time,0,
84570,71,71,on_time,0,
84571,71,71,on_time,0,
84572,71,71,on_time,0,
84573,71,71,on_time,0,
84574,71,71,on_time,0,
84575,71,71,on_time,0,
84576,71,71,on_time,0,
84577,71,71,on_time,0,
84578,71,72,late,1,
84579,71,71,on_time,0,
84580,71,71,on_time,0,
84581,71,71,on_time,0,
84582,71,71,on_time,0,
84583,71,71,on_time,0,
84584,71,71,on_time,0,
84585,71,71,on_time,0,
84586,71,71,on_time,0,
84587,71,71,on_time,0,
84588,71,71,on_time,0,
84589,71,72,late,1,
84590,71,71,on_time,0,
84591,71,71,on_time,0,
84592,71,71,on_time,0,
84593,71,71,on_time,0,
84594,71,71,on_time,0,
84595,71,72,late,1,
84596,71,71,on_time,0,
84597,71,71,on_time,0,
84598,71,71,on_time,0,
84599,71,71,on_time,0,
84600,71,71,on_time,0,
84601,71,71,on_time,0,
84602,71,71,on_time,0,
84603,71,71,on_time,0,
84604,71,71,on_time,0,
84605,71,71,on_time,0,
84606,71,71,on_time,0,
84607,71,71,on_time,0,
84608,71,71,on_time,0,
84609,71,71,on_time,0,
84610,71,71,on_time,0,
84611,71,71,on_time,0,
84612,71,71,on_time,0,
84613,71,72,late,1,
84614,71,71,on_time,0,
84615,71,71,on_time,0,
84616,71,71,on_time,0,
84617,71,71,on_time,0,
84618,71,71,on_time,0,
84619,71,71,on_time,0,
84620,71,71,on_time,0,
84621,71,71,on_time,0,
84622,71,71,on_time,0,
84623,71,71,on_time,0,
84624,71,71,on_time,0,
84625,71,71,on_time,0,
84626,71,71,on_time,0,
84627,71,71,on_time,0,
84628,71,72,late,1,
84629,71,71,on_time,0,
84630,71,71,on_time,0,
84631,71,71,on_time,0,
84632,71,71,on_time,0,
84633,71,71,on_time,0,
84634,71,71,on_time,0,
84635,71,71,on_time,0,
84636,71,71,on_time,0,
84637,71,71,on_time,0,
84638,71,71,on_time,0,
84639,71,71,on_time,0,
84640,71,71,on_time,0,
84641,71,71,on_time,0,
84642,71,71,on_time,0,
84643,71,71,on_time,0,
84644,71,71,on_time,0,
84645,71,71,on_time,0,
84646,71,71,on_time,0,
84647,71,71,on_time,0,
84648,71,71,on_time,0,
84649,71,71,on_time,0,
84650,71,71,on_time,0,
84651,71,71,on_time,0,
84652,71,71,on_time,0,
84653,71,71,on_time,0,
84654,71,71,on_time,0,
84655,71,71,on_time,0,
84656,71,71,on_time,0,
84657,71,71,on_time,0,
84658,71,71,on_time,0,
84659,71,71,on_time,0,
84660,71,71,on_time,0,
84661,71,71,on_time,0,
84662,71,72,late,1,
84663,71,71,on_time,0,
84664,71,71,on_time,0,
84665,71,71,on_time,0,
84666,71,71,on_time,0,
84667,71,71,on_time,0,
84668,71,71,on_time,0,
84669,71,71,on_time,0,
84670,71,71,on_time,0,
84671,71,71,on_time,0,
84672,71,71,on_time,0,
84673,71,71,on_time,0,
84674,71,71,on_time,0,
84675,71,72,late,1,
84676,71,71,on_time,0,
84677,71,71,on_time,0,
84678,71,71,on_time,0,
84679,71,71,on_time,0,
84680,71,71,on_time,0,
84681,71,71,on_time,0,
84682,71,71,on_time,0,
84683,71,71,on_time,0,
84684,71,71,on_time,0,
84685,71,71,on_time,0,
84686,71,71,on_time,0,
84687,71,71,on_time,0,
84688,71,71,on_time,0,
84689,71,71,on_time,0,
84690,71,71,on_time,0,
84691,71,71,on_time,0,
84692,71,71,on_time,0,
84693,71,71,on_time,0,
84694,71,71,on_time,0,
84695,71,71,on_time,0,
84696,71,71,on_time,0,
84697,71,71,on_time,0,
84698,71,71,on_time,0,
84699,71,71,on_time,0,
84700,71,71,on_time,0,
84701,71,71,on_time,0,
84702,71,71,on_time,0,
84703,71,71,on_time,0,
84704,71,71,on_time,0,
84705,71,71,on_time,0,
84706,71,71,on_time,0,
84707,71,71,on_time,0,
84708,71,71,on_time,0,
84709,71,71,on_time,0,
84710,71,71,on_time,0,
84711,71,71,on_time,0,
84712,71,71,on_time,0,
84713,71,71,on_time,0,
84714,71,71,on_time,0,
84715,71,71,on_time,0,
84716,71,71,on_time,0,
84717,71,71,on_time,0,
84718,71,71,on_time,0,
84719,71,71,on_time,0,
84720,71,71,on_time,0,
84721,71,71,on_time,0,
84722,71,71,on_time,0,
84723,71,71,on_time,0,
84724,71,71,on_time,0,
84725,71,71,on_time,0,
84726,71,71,on_time,0,
84727,71,71,on_time,0,
84728,71,71,on_time,0,
84729,71,71,on_time,0,
84730,71,71,on_time,0,
84731,71,71,on_time,0,
84732,71,71,on_time,0,
84733,71,71,on_time,0,
84734,71,71,on_time,0,
84735,71,71,on_time,0,
84736,71,71,on_time,0,
84737,71,71,on_time,0,
84738,71,71,on_time,0,
84739,71,71,on_time,0,
84740,71,71,on_time,0,
84741,71,71,on_time,0,
84742,71,71,on_time,0,
84743,71,71,on_time,0,
84744,71,71,on_time,0,
84745,71,71,on_time,0,
84746,71,71,on_time,0,
84747,71,71,on_time,0,
84748,71,71,on_time,0,
84749,71,71,on_time,0,
84750,71,71,on_time,0,
84751,71,71,on_time,0,
84752,71,71,on_time,0,
84753,71,71,on_time,0,
84754,71,71,on_time,0,
84755,71,71,on_time,0,
84756,71,71,on_time,0,
84757,71,71,on_time,0,
84758,71,71,on_time,0,
84759,71,71,on_time,0,
84760,71,71,on_time,0,
84761,71,71,on_time,0,
84762,71,71,on_time,0,
84763,71,72,late,1,
84764,71,71,on_time,0,
84765,71,71,on_time,0,
84766,71,71,on_time,0,
84767,71,71,on_time,0,
84768,71,71,on_time,0,
84769,71,71,on_time,0,
84770,71,71,on_time,0,
84771,71,71,on_time,0,
84772,71,71,on_time,0,
84773,71,72,late,1,
84774,71,71,on_time,0,
84775,71,71,on_time,0,
84776,71,71,on_time,0,
84777,71,71,on_time,0,
84778,71,71,on_time,0,
84779,71,71,on_time,0,
84780,71,71,on_time,0,
84781,71,71,on_time,0,
84782,71,71,on_time,0,
84783,71,71,on_time,0,
84784,71,71,on_time,0,
84785,71,71,on_time,0,
84786,71,71,on_time,0,
84787,71,71,on_time,0,
84788,71,71,on_time,0,
84789,71,71,on_time,0,
84790,71,71,on_time,0,
84791,71,71,on_time,0,
84792,71,71,on_time,0,
84793,71,71,on_time,0,
84794,71,71,on_time,0,
84795,71,71,on_time,0,
84796,71,71,on_time,0,
84797,71,71,on_time,0,
84798,71,71,on_time,0,
84799,71,71,on_time,0,
84800,71,71,on_time,0,
84801,71,71,on_time,0,
84802,71,71,on_time,0,
84803,71,71,on_time,0,
84804,71,71,on_time,0,
84805,71,71,on_time,0,
84806,71,71,on_time,0,
84807,71,71,on_time,0,
84808,71,71,on_time,0,
84809,71,71,on_time,0,
84810,71,71,on_time,0,
84811,71,71,on_time,0,
84812,71,71,on_time,0,
84813,71,71,on_time,0,
84814,71,71,on_time,0,
84815,71,71,on_time,0,
84816,71,71,on_time,0,
84817,71,71,on_time,0,
84818,71,71,on_time,0,
84819,71,71,on_time,0,
84820,71,71,on_time,0,
84821,71,71,on_time,0,
84822,71,71,on_time,0,
84823,71,71,on_time,0,
84824,71,71,on_time,0,
84825,71,71,on_time,0,
84826,71,71,on_time,0,
84827,71,71,on_time,0,
84828,71,71,on_time,0,
84829,71,71,on_time,0,
84830,71,72,late,1,
84831,71,71,on_time,0,
84832,71,71,on_time,0,
84833,71,71,on_time,0,
84834,71,71,on_time,0,
84835,71,71,on_time,0,
84836,71,71,on_time,0,
84837,71,71,on_time,0,
84838,71,71,on_time,0,
84839,71,71,on_time,0,
84840,71,71,on_time,0,
84841,71,71,on_time,0,
84842,71,71,on_time,0,
84843,71,71,on_time,0,
84844,71,71,on_time,0,
84845,71,71,on_time,0,
84846,71,71,on_time,0,
84847,71,71,on_time,0,
84848,71,71,on_time,0,
84849,71,71,on_time,0,
84850,71,71,on_time,0,
84851,71,71,on_time,0,
84852,71,71,on_time,0,
84853,71,72,late,1,
84854,71,71,on_time,0,
84855,71,71,on_time,0,
84856,71,71,on_time,0,
84857,71,71,on_time,0,
84858,71,71,on_time,0,
84859,71,71,on_time,0,
84860,71,71,on_time,0,
84861,71,71,on_time,0,
84862,71,71,on_time,0,
84863,71,71,on_time,0,
84864,71,71,on_time,0,
84865,71,71,on_time,0,
84866,71,71,on_time,0,
84867,71,71,on_time,0,
84868,71,71,on_time,0,
84869,71,71,on_time,0,
84870,71,71,on_time,0,
84871,71,71,on_time,0,
84872,71,71,on_time,0,
84873,71,71,on_time,0,
84874,71,71,on_time,0,
84875,71,71,on_time,0,
84876,71,71,on_time,0,
84877,71,71,on_time,0,
84878,71,71,on_time,0,
84879,71,71,on_time,0,
84880,71,71,on_time,0,
84881,71,71,on_time,0,
84882,71,71,on_time,0,
84883,71,71,on_time,0,
84884,71,71,on_time,0,
84885,71,71,on_time,0,
84886,71,71,on_time,0,
84887,71,71,on_time,0,
84888,71,71,on_time,0,
84889,71,71,on_time,0,
84890,71,71,on_time,0,
84891,71,71,on_time,0,
84892,71,71,on_time,0,
84893,71,71,on_time,0,
84894,71,71,on_time,0,
84895,71,71,on_time,0,
84896,71,71,on_time,0,
84897,71,71,on_time,0,
84898,71,71,on_time,0,
84899,71,71,on_time,0,
84900,71,71,on_time,0,
84901,71,71,on_time,0,
84902,71,71,on_time,0,
84903,71,71,on_time,0,
84904,71,71,on_time,0,
84905,71,71,on_time,0,
84906,71,71,on_time,0,
84907,71,71,on_time,0,
84908,71,71,on_time,0,
84909,71,71,on_time,0,
84910,71,71,on_time,0,
84911,71,71,on_time,0,
84912,71,71,on_time,0,
84913,71,71,on_time,0,
84914,71,71,on_time,0,
84915,71,71,on_time,0,
84916,71,71,on_time,0,
84917,71,71,on_time,0,
84918,71,72,late,1,
84919,71,71,on_time,0,
84920,71,71,on_time,0,
84921,71,71,on_time,0,
84922,71,71,on_time,0,
84923,71,71,on_time,0,
84924,71,71,on_time,0,
84925,71,71,on_time,0,
84926,71,71,on_time,0,
84927,71,71,on_time,0,
84928,71,71,on_time,0,
84929,71,71,on_time,0,
84930,71,71,on_time,0,
84931,71,71,on_time,0,
84932,71,71,on_time,0,
84933,71,71,on_time,0,
84934,71,72,late,1,
84935,71,71,on_time,0,
84936,71,71,on_time,0,
84937,71,71,on_time,0,
84938,71,71,on_time,0,
84939,71,71,on_time,0,
84940,71,71,on_time,0,
84941,71,71,on_time,0,
84942,71,72,late,1,
84943,71,71,on_time,0,
84944,71,71,on_time,0,
84945,71,71,on_time,0,
84946,71,71,on_time,0,
84947,71,71,on_time,0,
84948,71,71,on_time,0,
84949,71,71,on_time,0,
84950,71,71,on_time,0,
84951,71,71,on_time,0,
84952,71,71,on_time,0,
84953,71,71,on_time,0,
84954,71,71,on_time,0,
84955,71,71,on_time,0,
84956,71,71,on_time,0,
84957,71,71,on_time,0,
84958,71,71,on_time,0,
84959,71,71,on_time,0,
84960,71,71,on_time,0,
84961,71,71,on_time,0,
84962,71,71,on_time,0,
84963,71,72,late,1,
84964,71,71,on_time,0,
84965,71,71,on_time,0,
84966,71,71,on_time,0,
84967,71,71,on_time,0,
84968,71,72,late,1,
84969,71,71,on_time,0,
84970,71,71,on_time,0,
84971,71,71,on_time,0,
84972,71,71,on_time,0,
84973,71,71,on_time,0,
84974,71,71,on_time,0,
84975,71,71,on_time,0,
84976,71,71,on_time,0,
84977,71,71,on_time,0,
84978,71,71,on_time,0,
84979,71,71,on_time,0,
84980,71,71,on_time,0,
84981,71,71,on_time,0,
84982,71,71,on_time,0,
84983,71,71,on_time,0,
84984,71,71,on_time,0,
84985,71,71,on_time,0,
84986,71,71,on_time,0,
84987,71,71,on_time,0,
84988,71,71,on_time,0,
84989,71,71,on_time,0,
84990,71,71,on_time,0,
84991,71,71,on_time,0,
84992,71,71,on_time,0,
84993,71,71,on_time,0,
84994,71,71,on_time,0,
84995,71,71,on_time,0,
84996,71,71,on_time,0,
84997,71,71,on_time,0,
84998,71,71,on_time,0,
84999,71,71,on_time,0,
85000,71,71,on_time,0,
85001,71,71,on_time,0,
85002,71,72,late,1,
85003,71,71,on_time,0,
85004,71,71,on_time,0,
85005,71,71,on_time,0,
85006,71,71,on_time,0,
85007,71,71,on_time,0,
85008,71,71,on_time,0,
85009,71,71,on_time,0,
85010,71,71,on_time,0,
85011,71,71,on_time,0,
85012,71,71,on_time,0,
85013,71,71,on_time,0,
85014,71,71,on_time,0,
85015,71,71,on_time,0,
85016,71,71,on_time,0,
85017,71,71,on_time,0,
85018,71,71,on_time,0,
85019,71,71,on_time,0,
85020,71,71,on_time,0,
85021,71,71,on_time,0,
85022,71,71,on_time,0,
85023,71,71,on_time,0,
85024,71,72,late,1,
85025,71,71,on_time,0,
85026,71,71,on_time,0,
85027,71,71,on_time,0,
85028,71,71,on_time,0,
85029,71,71,on_time,0,
85030,71,71,on_time,0,
85031,71,71,on_time,0,
85032,71,71,on_time,0,
85033,71,71,on_time,0,
85034,71,71,on_time,0,
85035,71,71,on_time,0,
85036,71,71,on_time,0,
85037,71,71,on_time,0,
85038,71,71,on_time,0,
85039,71,71,on_time,0,
85040,71,71,on_time,0,
85041,71,71,on_time,0,
85042,71,71,on_time,0,
85043,71,71,on_time,0,
85044,71,71,on_time,0,
85045,71,71,on_time,0,
85046,71,71,on_time,0,
85047,71,71,on_time,0,
85048,71,71,on_time,0,
85049,71,71,on_time,0,
85050,71,71,on_time,0,
85051,71,71,on_time,0,
85052,71,71,on_time,0,
85053,71,71,on_time,0,
85054,71,71,on_time,0,
85055,71,71,on_time,0,
85056,71,71,on_time,0,
85057,71,71,on_time,0,
85058,71,71,on_time,0,
85059,71,71,on_time,0,
85060,71,71,on_time,0,
85061,71,71,on_time,0,
85062,71,71,on_time,0,
85063,71,71,on_time,0,
85064,71,71,on_time,0,
85065,71,71,on_time,0,
85066,71,71,on_time,0,
85067,71,71,on_time,0,
85068,71,71,on_time,0,
85069,71,71,on_time,0,
85070,71,71,on_time,0,
85071,71,71,on_time,0,
85072,71,71,on_time,0,
85073,71,71,on_time,0,
85074,71,71,on_time,0,
85075,71,71,on_time,0,
85076,71,71,on_time,0,
85077,71,71,on_time,0,
85078,71,71,on_time,0,
85079,71,71,on_time,0,
85080,71,71,on_time,0,
85081,71,71,on_time,0,
85082,71,71,on_time,0,
85083,71,71,on_time,0,
85084,71,71,on_time,0,
85085,71,71,on_time,0,
85086,71,71,on_time,0,
85087,71,71,on_time,0,
85088,71,71,on_time,0,
85089,71,71,on_time,0,
85090,71,71,on_time,0,
85091,71,71,on_time,0,
85092,71,71,on_time,0,
85093,71,71,on_time,0,
85094,71,71,on_time,0,
85095,71,71,on_time,0,
85096,71,71,on_time,0,
85097,71,71,on_time,0,
85098,71,72,late,1,
85099,71,71,on_time,0,
85100,71,71,on_time,0,
85101,71,71,on_time,0,
85102,71,71,on_time,0,
85103,71,71,on_time,0,
85104,71,71,on_time,0,
85105,71,71,on_time,0,
85106,71,71,on_time,0,
85107,71,71,on_time,0,
85108,71,71,on_time,0,
85109,71,71,on_time,0,
85110,71,71,on_time,0,
85111,71,71,on_time,0,
85112,71,71,on_time,0,
85113,71,71,on_time,0,
85114,71,71,on_time,0,
85115,71,71,on_time,0,
85116,71,71,on_time,0,
85117,71,71,on_time,0,
85118,71,71,on_time,0,
85119,71,71,on_time,0,
85120,71,71,on_time,0,
85121,71,71,on_time,0,
85122,71,71,on_time,0,
85123,71,71,on_time,0,
85124,71,71,on_time,0,
85125,71,71,on_time,0,
85126,71,71,on_time,0,
85127,71,71,on_time,0,
85128,71,71,on_time,0,
85129,71,71,on_time,0,
85130,71,71,on_time,0,
85131,71,71,on_time,0,
85132,71,71,on_time,0,
85133,71,71,on_time,0,
85134,71,71,on_time,0,
85135,71,71,on_time,0,
85136,71,71,on_time,0,
85137,71,71,on_time,0,
85138,71,71,on_time,0,
85139,71,71,on_time,0,
85140,71,71,on_time,0,
85141,71,71,on_time,0,
85142,71,71,on_time,0,
85143,71,71,on_time,0,
85144,71,71,on_time,0,
85145,71,71,on_time,0,
85146,71,71,on_time,0,
85147,71,71,on_time,0,
85148,71,72,late,1,
85149,71,72,late,1,
85150,71,71,on_time,0,
85151,71,71,on_time,0,
85152,71,71,on_time,0,
85153,71,71,on_time,0,
85154,71,71,on_time,0,
85155,71,71,on_time,0,
85156,71,71,on_time,0,
85157,71,71,on_time,0,
85158,71,71,on_time,0,
85159,71,71,on_time,0,
85160,71,71,on_time,0,
85161,71,71,on_time,0,
85162,71,71,on_time,0,
85163,71,71,on_time,0,
85164,71,71,on_time,0,
85165,71,71,on_time,0,
85166,71,71,on_time,0,
85167,71,71,on_time,0,
85168,71,71,on_time,0,
85169,71,71,on_time,0,
85170,71,71,on_time,0,
85171,71,71,on_time,0,
85172,71,71,on_time,0,
85173,71,71,on_time,0,
85174,71,71,on_time,0,
85175,71,71,on_time,0,
85176,71,71,on_time,0,
85177,71,71,on_time,0,
85178,71,71,on_time,0,
85179,71,71,on_time,0,
85180,71,71,on_time,0,
85181,71,71,on_time,0,
85182,71,71,on_time,0,
85183,71,71,on_time,0,
85184,71,71,on_time,0,
85185,71,71,on_time,0,
85186,71,71,on_time,0,
85187,71,71,on_time,0,
85188,71,71,on_time,0,
85189,71,71,on_time,0,
85190,71,71,on_time,0,
85191,71,71,on_time,0,
85192,71,71,on_time,0,
85193,71,71,on_time,0,
85194,71,71,on_time,0,
85195,71,71,on_time,0,
85196,71,71,on_time,0,
85197,71,71,on_time,0,
85198,71,71,on_time,0,
85199,71,71,on_time,0,
85200,71,71,on_time,0,
85201,71,71,on_time,0,
85202,71,71,on_time,0,
85203,71,71,on_time,0,
85204,71,71,on_time,0,
85205,71,71,on_time,0,
85206,71,71,on_time,0,
85207,71,71,on_time,0,
85208,71,71,on_time,0,
85209,71,71,on_time,0,
85210,71,71,on_time,0,
85211,71,71,on_time,0,
85212,71,71,on_time,0,
85213,71,71,on_time,0,
85214,71,71,on_time,0,
85215,71,71,on_time,0,
85216,71,71,on_time,0,
85217,71,71,on_time,0,
85218,71,71,on_time,0,
85219,71,71,on_time,0,
85220,71,71,on_time,0,
85221,71,71,on_time,0,
85222,71,71,on_time,0,
85223,71,71,on_time,0,
85224,71,71,on_time,0,
85225,71,71,on_time,0,
85226,71,71,on_time,0,
85227,71,71,on_time,0,
85228,71,71,on_time,0,
85229,71,71,on_time,0,
85230,71,71,on_time,0,
85231,71,71,on_time,0,
85232,71,71,on_time,0,
85233,71,72,late,1,
85234,71,71,on_time,0,
85235,71,71,on_time,0,
85236,71,71,on_time,0,
85237,71,71,on_time,0,
85238,71,71,on_time,0,
85239,71,71,on_time,0,
85240,71,71,on_time,0,
85241,71,71,on_time,0,
85242,71,72,late,1,
85243,71,71,on_time,0,
85244,71,71,on_time,0,
85245,71,71,on_time,0,
85246,71,71,on_time,0,
85247,71,71,on_time,0,
85248,71,71,on_time,0,
85249,71,71,on_time,0,
85250,71,71,on_time,0,
85251,71,71,on_time,0,
85252,71,71,on_time,0,
85253,71,71,on_time,0,
85254,71,71,on_time,0,
85255,71,71,on_time,0,
85256,71,71,on_time,0,
85257,71,71,on_time,0,
85258,71,71,on_time,0,
85259,71,71,on_time,0,
85260,71,71,on_time,0,
85261,71,71,on_time,0,
85262,71,71,on_time,0,
85263,71,71,on_time,0,
85264,71,71,on_time,0,
85265,71,71,on_time,0,
85266,71,71,on_time,0,
85267,71,71,on_time,0,
85268,71,71,on_time,0,
85269,71,71,on_time,0,
85270,71,71,on_time,0,
85271,71,71,on_time,0,
85272,71,71,on_time,0,
85273,71,71,on_time,0,
85274,71,71,on_time,0,
85275,71,71,on_time,0,
85276,71,71,on_time,0,
85277,71,71,on_time,0,
85278,71,71,on_time,0,
85279,71,71,on_time,0,
85280,71,71,on_time,0,
85281,71,71,on_time,0,
85282,71,71,on_time,0,
85283,71,71,on_time,0,
85284,71,72,late,1,
85285,71,71,on_time,0,
85286,71,71,on_time,0,
85287,71,71,on_time,0,
85288,71,71,on_time,0,
85289,71,71,on_time,0,
85290,71,71,on_time,0,
85291,71,71,on_time,0,
85292,71,71,on_time,0,
85293,71,71,on_time,0,
85294,71,71,on_time,0,
85295,71,71,on_time,0,
85296,71,71,on_time,0,
85297,71,71,on_time,0,
85298,71,71,on_time,0,
85299,71,71,on_time,0,
85300,71,71,on_time,0,
85301,71,71,on_time,0,
85302,71,71,on_time,0,
85303,71,71,on_time,0,
85304,71,71,on_time,0,
85305,71,71,on_time,0,
85306,71,71,on_time,0,
85307,71,71,on_time,0,
85308,71,71,on_time,0,
85309,71,71,on_time,0,
85310,71,71,on_time,0,
85311,71,71,on_time,0,
85312,71,71,on_time,0,
85313,71,71,on_time,0,
85314,71,71,on_time,0,
85315,71,71,on_time,0,
85316,71,71,on_time,0,
85317,71,71,on_time,0,
85318,71,71,on_time,0,
85319,71,71,on_time,0,
85320,71,71,on_time,0,
85321,71,71,on_time,0,
85322,71,71,on_time,0,
85323,71,71,on_time,0,
85324,71,71,on_time,0,
85325,71,71,on_time,0,
85326,71,71,on_time,0,
85327,71,71,on_time,0,
85328,71,71,on_time,0,
85329,71,71,on_time,0,
85330,71,71,on_time,0,
85331,71,71,on_time,0,
85332,71,71,on_time,0,
85333,71,71,on_time,0,
85334,71,71,on_time,0,
85335,71,71,on_time,0,
85336,71,71,on_time,0,
85337,71,71,on_time,0,
85338,71,71,on_time,0,
85339,71,71,on_time,0,
85340,71,71,on_time,0,
85341,71,71,on_time,0,
85342,71,71,on_time,0,
85343,71,71,on_time,0,
85344,71,71,on_time,0,
85345,71,,unfulfilled,,material:zp7:BEV
85346,71,,unfulfilled,,material:zp7:BEV
85347,71,71,on_time,0,
85348,71,71,on_time,0,
85349,71,71,on_time,0,
85350,71,71,on_time,0,
85351,71,71,on_time,0,
85352,71,71,on_time,0,
85353,71,71,on_time,0,
85354,71,71,on_time,0,
85355,71,71,on_time,0,
85356,71,71,on_time,0,
85357,71,71,on_time,0,
85358,71,71,on_time,0,
85359,71,71,on_time,0,
85360,71,71,on_time,0,
85361,71,71,on_time,0,
85362,71,71,on_time,0,
85363,71,71,on_time,0,
85364,71,71,on_time,0,
85365,71,71,on_time,0,
85366,71,71,on_time,0,
85367,71,71,on_time,0,
85368,71,71,on_time,0,
85369,71,71,on_time,0,
85370,71,71,on_time,0,
85371,71,71,on_time,0,
85372,71,71,on_time,0,
85373,71,71,on_time,0,
85374,71,71,on_time,0,
85375,71,71,on_time,0,
85376,71,71,on_time,0,
85377,71,71,on_time,0,
85378,71,71,on_time,0,
85379,71,71,on_time,0,
85380,71,71,on_time,0,
85381,71,71,on_time,0,
85382,71,71,on_time,0,
85383,71,71,on_time,0,
85384,71,71,on_time,0,
85385,71,71,on_time,0,
85386,71,71,on_time,0,
85387,71,71,on_time,0,
85388,71,71,on_time,0,
85389,71,71,on_time,0,
85390,71,71,on_time,0,
85391,71,71,on_time,0,
85392,71,71,on_time,0,
85393,71,71,on_time,0,
85394,71,71,on_time,0,
85395,71,71,on_time,0,
85396,71,71,on_time,0,
85397,71,71,on_time,0,
85398,71,71,on_time,0,
85399,71,71,on_time,0,
85400,71,71,on_time,0,
85401,71,71,on_time,0,
85402,71,71,on_time,0,
85403,71,71,on_time,0,
85404,71,71,on_time,0,
85405,71,71,on_time,0,
85406,71,71,on_time,0,
85407,71,71,on_time,0,
85408,71,71,on_time,0,
85409,71,71,on_time,0,
85410,71,71,on_time,0,
85411,71,71,on_time,0,
85412,71,71,on_time,0,
85413,71,71,on_time,0,
85414,71,71,on_time,0,
85415,71,71,on_time,0,
85416,71,71,on_time,0,
85417,71,71,on_time,0,
85418,71,71,on_time,0,
85419,71,71,on_time,0,
85420,71,71,on_time,0,
85421,71,71,on_time,0,
85422,71,71,on_time,0,
85423,71,71,on_time,0,
85424,71,71,on_time,0,
85425,71,71,on_time,0,
85426,71,71,on_time,0,
85427,71,71,on_time,0,
85428,71,71,on_time,0,
85429,71,71,on_time,0,
85430,71,71,on_time,0,
85431,71,71,on_time,0,
85432,71,71,on_time,0,
85433,71,71,on_time,0,
85434,71,71,on_time,0,
85435,71,71,on_time,0,
85436,71,71,on_time,0,
85437,71,71,on_time,0,
85438,71,71,on_time,0,
85439,71,71,on_time,0,
85440,71,71,on_time,0,
85441,71,71,on_time,0,
85442,71,71,on_time,0,
85443,71,71,on_time,0,
85444,71,71,on_time,0,
85445,71,71,on_time,0,
85446,71,71,on_time,0,
85447,71,71,on_time,0,
85448,71,71,on_time,0,
85449,71,71,on_time,0,
85450,71,71,on_time,0,
85451,71,71,on_time,0,
85452,71,71,on_time,0,
85453,71,71,on_time,0,
85454,71,71,on_time,0,
85455,71,71,on_time,0,
85456,71,71,on_time,0,
85457,71,71,on_time,0,
85458,71,71,on_time,0,
85459,71,71,on_time,0,
85460,71,71,on_time,0,
85461,71,71,on_time,0,
85462,71,71,on_time,0,
85463,71,71,on_time,0,
85464,71,71,on_time,0,
85465,71,71,on_time,0,
85466,71,71,on_time,0,
85467,71,71,on_time,0,
85468,71,71,on_time,0,
85469,71,71,on_time,0,
85470,71,71,on_time,0,
85471,71,71,on_time,0,
85472,71,71,on_time,0,
85473,71,71,on_time,0,
85474,71,71,on_time,0,
85475,71,71,on_time,0,
85476,71,71,on_time,0,
85477,71,71,on_time,0,
85478,71,71,on_time,0,
85479,71,71,on_time,0,
85480,71,71,on_time,0,
85481,71,71,on_time,0,
85482,71,,unfulfilled,,material:zp7:BEV
85483,71,71,on_time,0,
85484,71,71,on_time,0,
85485,71,71,on_time,0,
85486,71,71,on_time,0,
85487,71,71,on_time,0,
85488,71,71,on_time,0,
85489,71,71,on_time,0,
85490,71,71,on_time,0,
85491,71,71,on_time,0,
85492,71,,unfulfilled,,material:zp7:BEV
85493,71,71,on_time,0,
85494,71,71,on_time,0,
85495,71,71,on_time,0,
85496,71,71,on_time,0,
85497,71,71,on_time,0,
85498,71,71,on_time,0,
85499,71,71,on_time,0,
85500,71,71,on_time,0,
85501,71,71,on_time,0,
85502,71,71,on_time,0,
85503,71,,unfulfilled,,material:zp7:BEV
85504,71,71,on_time,0,
85505,71,71,on_time,0,
85506,71,71,on_time,0,
85507,71,71,on_time,0,
85508,71,71,on_time,0,
85509,71,71,on_time,0,
85510,71,71,on_time,0,
85511,71,71,on_time,0,
85512,71,71,on_time,0,
85513,71,71,on_time,0,
85514,71,71,on_time,0,
85515,71,71,on_time,0,
85516,71,71,on_time,0,
85517,71,71,on_time,0,
85518,71,71,on_time,0,
85519,71,,unfulfilled,,material:zp7:BEV
85520,71,71,on_time,0,
85521,71,71,on_time,0,
85522,71,71,on_time,0,
85523,71,71,on_time,0,
85524,71,71,on_time,0,
85525,71,71,on_time,0,
85526,71,71,on_time,0,
85527,71,71,on_time,0,
85528,71,71,on_time,0,
85529,71,71,on_time,0,
85530,71,,unfulfilled,,material:zp7:BEV
85531,71,71,on_time,0,
85532,71,71,on_time,0,
85533,71,71,on_time,0,
85534,71,71,on_time,0,
85535,71,71,on_time,0,
85536,71,71,on_time,0,
85537,71,71,on_time,0,
85538,71,71,on_time,0,
85539,71,71,on_time,0,
85540,71,71,on_time,0,
85541,71,71,on_time,0,
85542,71,71,on_time,0,
85543,71,71,on_time,0,
85544,71,71,on_time,0,
85545,71,71,on_time,0,
85546,71,71,on_time,0,
85547,71,71,on_time,0,
85548,71,71,on_time,0,
85549,71,71,on_time,0,
85550,71,71,on_time,0,
85551,71,71,on_time,0,
85552,71,71,on_time,0,
85553,71,71,on_time,0,
85554,71,71,on_time,0,
85555,71,71,on_time,0,
85556,71,71,on_time,0,
85557,71,71,on_time,0,
85558,71,71,on_time,0,
85559,71,71,on_time,0,
85560,71,71,on_time,0,
85561,71,71,on_time,0,
85562,71,71,on_time,0,
85563,71,71,on_time,0,
85564,71,71,on_time,0,
85565,71,71,on_time,0,
85566,71,71,on_time,0,
85567,71,71,on_time,0,
85568,71,71,on_time,0,
85569,71,71,on_time,0,
85570,71,71,on_time,0,
85571,71,71,on_time,0,
85572,71,71,on_time,0,
85573,71,71,on_time,0,
85574,71,71,on_time,0,
85575,71,71,on_time,0,
85576,71,71,on_time,0,
85577,71,71,on_time,0,
85578,71,71,on_time,0,
85579,71,71,on_time,0,
85580,71,71,on_time,0,
85581,71,71,on_time,0,
85582,71,71,on_time,0,
85583,71,71,on_time,0,
85584,71,71,on_time,0,
85585,71,71,on_time,0,
85586,71,71,on_time,0,
85587,71,71,on_time,0,
85588,71,71,on_time,0,
85589,71,71,on_time,0,
85590,71,71,on_time,0,
85591,71,71,on_time,0,
85592,71,71,on_time,0,
85593,71,71,on_time,0,
85594,71,71,on_time,0,
85595,71,71,on_time,0,
85596,71,71,on_time,0,
85597,71,71,on_time,0,
85598,71,71,on_time,0,
85599,71,71,on_time,0,
85600,71,71,on_time,0,
85601,71,71,on_time,0,
85602,71,71,on_time,0,
85603,71,71,on_time,0,
85604,71,71,on_time,0,
85605,71,71,on_time,0,
85606,71,71,on_time,0,
85607,71,71,on_time,0,
85608,71,71,on_time,0,
85609,71,71,on_time,0,
85610,71,71,on_time,0,
85611,71,71,on_time,0,
85612,71,71,on_time,0,
85613,71,71,on_time,0,
85614,71,71,on_time,0,
85615,71,71,on_time,0,
85616,71,71,on_time,0,
85617,71,71,on_time,0,
85618,71,71,on_time,0,
85619,71,71,on_time,0,
85620,71,71,on_time,0,
85621,71,71,on_time,0,
85622,71,71,on_time,0,
85623,71,71,on_time,0,
85624,71,71,on_time,0,
85625,71,71,on_time,0,
85626,71,71,on_time,0,
85627,71,71,on_time,0,
85628,71,71,on_time,0,
85629,71,71,on_time,0,
85630,71,71,on_time,0,
85631,71,71,on_time,0,
85632,71,,unfulfilled,,material:zp7:BEV
85633,71,71,on_time,0,
85634,71,71,on_time,0,
85635,71,71,on_time,0,
85636,71,71,on_time,0,
85637,71,71,on_time,0,
85638,71,71,on_time,0,
85639,71,71,on_time,0,
85640,71,71,on_time,0,
85641,71,71,on_time,0,
85642,71,71,on_time,0,
85643,71,71,on_time,0,
85644,71,71,on_time,0,
85645,71,71,on_time,0,
85646,71,71,on_time,0,
85647,71,71,on_time,0,
85648,71,71,on_time,0,
85649,71,71,on_time,0,
85650,71,71,on_time,0,
85651,71,71,on_time,0,
85652,71,71,on_time,0,
85653,71,71,on_time,0,
85654,71,71,on_time,0,
85655,71,71,on_time,0,
85656,71,71,on_time,0,
85657,71,71,on_time,0,
85658,71,71,on_time,0,
85659,71,71,on_time,0,
85660,71,71,on_time,0,
85661,71,71,on_time,0,
85662,71,71,on_time,0,
85663,71,71,on_time,0,
85664,71,71,on_time,0,
85665,71,71,on_time,0,
85666,71,71,on_time,0,
85667,71,71,on_time,0,
85668,71,71,on_time,0,
85669,71,71,on_time,0,
85670,71,71,on_time,0,
85671,71,71,on_time,0,
85672,71,71,on_time,0,
85673,71,71,on_time,0,
85674,71,71,on_time,0,
85675,71,71,on_time,0,
85676,71,71,on_time,0,
85677,71,71,on_time,0,
85678,71,71,on_time,0,
85679,71,71,on_time,0,
85680,71,71,on_time,0,
85681,71,71,on_time,0,
85682,71,71,on_time,0,
85683,71,71,on_time,0,
85684,71,71,on_time,0,
85685,71,71,on_time,0,
85686,71,71,on_time,0,
85687,71,71,on_time,0,
85688,71,71,on_time,0,
85689,71,71,on_time,0,
85690,71,71,on_time,0,
85691,71,71,on_time,0,
85692,71,71,on_time,0,
85693,71,71,on_time,0,
85694,71,71,on_time,0,
85695,71,71,on_time,0,
85696,71,71,on_time,0,
85697,71,71,on_time,0,
85698,71,71,on_time,0,
85699,71,71,on_time,0,
85700,71,71,on_time,0,
85701,71,71,on_time,0,
85702,71,71,on_time,0,
85703,71,71,on_time,0,
85704,71,71,on_time,0,
85705,71,71,on_time,0,
85706,71,71,on_time,0,
85707,71,71,on_time,0,
85708,71,71,on_time,0,
85709,71,71,on_time,0,
85710,71,71,on_time,0,
85711,71,71,on_time,0,
85712,71,71,on_time,0,
85713,71,71,on_time,0,
85714,71,71,on_time,0,
85715,71,71,on_time,0,
85716,71,71,on_time,0,
85717,71,71,on_time,0,
85718,71,71,on_time,0,
85719,71,71,on_time,0,
85720,71,71,on_time,0,
85721,71,71,on_time,0,
85722,71,71,on_time,0,
85723,71,71,on_time,0,
85724,71,71,on_time,0,
85725,71,71,on_time,0,
85726,71,71,on_time,0,
85727,71,71,on_time,0,
85728,71,71,on_time,0,
85729,71,71,on_time,0,
85730,71,71,on_time,0,
85731,71,71,on_time,0,
85732,71,71,on_time,0,
85733,71,71,on_time,0,
85734,71,71,on_time,0,
85735,71,71,on_time,0,
85736,71,71,on_time,0,
85737,71,71,on_time,0,
85738,71,71,on_time,0,
85739,71,71,on_time,0,
85740,71,71,on_time,0,
85741,71,71,on_time,0,
85742,71,71,on_time,0,
85743,71,71,on_time,0,
85744,71,71,on_time,0,
85745,71,71,on_time,0,
85746,71,71,on_time,0,
85747,71,71,on_time,0,
85748,71,71,on_time,0,
85749,71,71,on_time,0,
85750,71,71,on_time,0,
85751,71,71,on_time,0,
85752,71,71,on_time,0,
85753,71,71,on_time,0,
85754,71,71,on_time,0,
85755,71,71,on_time,0,
85756,71,71,on_time,0,
85757,71,71,on_time,0,
85758,71,71,on_time,0,
85759,71,72,late,1,
85760,71,,unfulfilled,,material:zp7:BEV
85761,71,72,late,1,
85762,71,72,late,1,
85763,71,72,late,1,
85764,71,72,late,1,
85765,71,72,late,1,
85766,71,72,late,1,
85767,71,72,late,1,
85768,71,72,late,1,
85769,71,72,late,1,
85770,71,72,late,1,
85771,71,72,late,1,
85772,71,,unfulfilled,,material:zp7:BEV
85773,71,72,late,1,
85774,71,72,late,1,
85775,71,72,late,1,
85776,71,72,late,1,
85777,71,72,late,1,
85778,71,72,late,1,
85779,71,72,late,1,
85780,71,72,late,1,
85781,71,72,late,1,
85782,71,72,late,1,
85783,71,72,late,1,
85784,71,72,late,1,
85785,71,72,late,1,
85786,71,72,late,1,
85787,71,72,late,1,
85788,71,72,late,1,
85789,71,72,late,1,
85790,71,72,late,1,
85791,71,72,late,1,
85792,71,72,late,1,
85793,71,72,late,1,
85794,71,72,late,1,
85795,71,72,late,1,
85796,71,72,late,1,
85797,71,72,late,1,
85798,71,72,late,1,
85799,71,72,late,1,
85800,71,,unfulfilled,,material:zp7:BEV
85801,71,72,late,1,
85802,71,72,late,1,
85803,71,72,late,1,
85804,71,72,late,1,
85805,71,72,late,1,
85806,71,72,late,1,
85807,71,72,late,1,
85808,71,72,late,1,
85809,71,72,late,1,
85810,71,72,late,1,
85811,71,72,late,1,
85812,71,72,late,1,
85813,71,72,late,1,
85814,71,72,late,1,
85815,71,72,late,1,
85816,71,72,late,1,
85817,71,72,late,1,
85818,71,72,late,1,
85819,71,72,late,1,
85820,71,72,late,1,
85821,71,72,late,1,
85822,71,72,late,1,
85823,71,72,late,1,
85824,71,72,late,1,
85825,71,72,late,1,
85826,71,72,late,1,
85827,71,72,late,1,
85828,71,72,late,1,
85829,71,72,late,1,
85830,71,72,late,1,
85831,71,72,late,1,
85832,71,72,late,1,
85833,71,72,late,1,
85834,71,72,late,1,
85835,71,72,late,1,
85836,71,72,late,1,
85837,71,72,late,1,
85838,71,72,late,1,
85839,71,72,late,1,
85840,71,72,late,1,
85841,71,72,late,1,
85842,71,72,late,1,
85843,71,72,late,1,
85844,71,72,late,1,
85845,71,72,late,1,
85846,71,72,late,1,
85847,71,72,late,1,
85848,71,72,late,1,
85849,71,72,late,1,
85850,71,72,late,1,
85851,71,72,late,1,
85852,71,72,late,1,
85853,71,72,late,1,
85854,71,72,late,1,
85855,71,72,late,1,
85856,71,72,late,1,
85857,71,72,late,1,
85858,71,72,late,1,
85859,71,72,late,1,
85860,71,,unfulfilled,,material:zp7:BEV
85861,71,72,late,1,
85862,71,72,late,1,
85863,71,72,late,1,
85864,71,72,late,1,
85865,71,72,late,1,
85866,71,72,late,1,
85867,71,72,late,1,
85868,71,72,late,1,
85869,71,,unfulfilled,,material:zp7:BEV
85870,71,72,late,1,
85871,71,72,late,1,
85872,71,72,late,1,
85873,71,72,late,1,
85874,71,72,late,1,
85875,71,72,late,1,
85876,71,72,late,1,
85877,71,72,late,1,
85878,71,72,late,1,
85879,71,72,late,1,
85880,71,72,late,1,
85881,71,72,late,1,
85882,71,,unfulfilled,,material:zp7:BEV
85883,71,72,late,1,
85884,71,72,late,1,
85885,71,72,late,1,
85886,71,72,late,1,
85887,71,72,late,1,
85888,71,72,late,1,
85889,71,,unfulfilled,,material:zp7:BEV
85890,71,72,late,1,
85891,71,72,late,1,
85892,71,72,late,1,
85893,71,72,late,1,
85894,71,72,late,1,
85895,71,72,late,1,
85896,71,72,late,1,
85897,71,,unfulfilled,,material:zp7:BEV
85898,71,,unfulfilled,,material:zp7:BEV
85899,71,72,late,1,
85900,71,72,late,1,
85901,71,72,late,1,
85902,71,,unfulfilled,,material:zp7:BEV
85903,71,72,late,1,
85904,71,72,late,1,
85905,71,72,late,1,
85906,71,72,late,1,
85907,71,72,late,1,
85908,71,72,late,1,
85909,71,72,late,1,
85910,71,72,late,1,
85911,71,72,late,1,
85912,71,72,late,1,
85913,71,72,late,1,
85914,71,,unfulfilled,,material:zp7:BEV
85915,71,72,late,1,
85916,71,72,late,1,
85917,71,72,late,1,
85918,71,72,late,1,
85919,71,,unfulfilled,,material:zp7:BEV
85920,71,72,late,1,
85921,71,72,late,1,
85922,71,72,late,1,
85923,71,72,late,1,
85924,71,72,late,1,
85925,71,72,late,1,
85926,71,72,late,1,
85927,71,72,late,1,
85928,71,72,late,1,
85929,71,72,late,1,
85930,71,72,late,1,
85931,71,72,late,1,
85932,71,72,late,1,
85933,71,72,late,1,
85934,71,72,late,1,
85935,71,72,late,1,
85936,71,72,late,1,
85937,71,72,late,1,
85938,71,72,late,1,
85939,71,72,late,1,
85940,71,72,late,1,
85941,71,72,late,1,
85942,71,72,late,1,
85943,71,72,late,1,
85944,71,72,late,1,
85945,71,72,late,1,
85946,71,72,late,1,
85947,71,72,late,1,
85948,71,72,late,1,
85949,71,72,late,1,
85950,71,72,late,1,
85951,71,72,late,1,
85952,71,72,late,1,
85953,71,72,late,1,
85954,71,72,late,1,
85955,71,72,late,1,
85956,71,,unfulfilled,,material:zp7:BEV
85957,71,72,late,1,
85958,71,72,late,1,
85959,71,72,late,1,
85960,71,72,late,1,
85961,71,72,late,1,
85962,71,72,late,1,
85963,71,72,late,1,
85964,71,72,late,1,
85965,71,72,late,1,
85966,71,72,late,1,
85967,71,,unfulfilled,,material:zp7:BEV
85968,71,72,late,1,
85969,71,72,late,1,
85970,71,72,late,1,
85971,71,72,late,1,
85972,71,72,late,1,
85973,71,72,late,1,
85974,71,72,late,1,
85975,71,,unfulfilled,,material:zp7:BEV
85976,71,72,late,1,
85977,71,72,late,1,
85978,71,72,late,1,
85979,71,72,late,1,
85980,71,72,late,1,
85981,71,72,late,1,
85982,71,72,late,1,
85983,71,72,late,1,
85984,71,,unfulfilled,,material:zp7:BEV
85985,71,72,late,1,
85986,71,72,late,1,
85987,71,72,late,1,
85988,71,72,late,1,
85989,71,72,late,1,
85990,71,72,late,1,
85991,71,72,late,1,
85992,71,72,late,1,
85993,71,72,late,1,
85994,71,72,late,1,
85995,71,72,late,1,
85996,71,72,late,1,
85997,71,72,late,1,
85998,71,72,late,1,
85999,71,72,late,1,
86000,71,72,late,1,
86001,72,72,on_time,0,
86002,72,72,on_time,0,
86003,72,72,on_time,0,
86004,72,72,on_time,0,
86005,72,72,on_time,0,
86006,72,72,on_time,0,
86007,72,72,on_time,0,
86008,72,72,on_time,0,
86009,72,72,on_time,0,
86010,72,72,on_time,0,
86011,72,72,on_time,0,
86012,72,72,on_time,0,
86013,72,72,on_time,0,
86014,72,72,on_time,0,
86015,72,72,on_time,0,
86016,72,72,on_time,0,
86017,72,72,on_time,0,
86018,72,72,on_time,0,
86019,72,72,on_time,0,
86020,72,72,on_time,0,
86021,72,72,on_time,0,
86022,72,72,on_time,0,
86023,72,72,on_time,0,
86024,72,72,on_time,0,
86025,72,72,on_time,0,
86026,72,72,on_time,0,
86027,72,72,on_time,0,
86028,72,72,on_time,0,
86029,72,72,on_time,0,
86030,72,72,on_time,0,
86031,72,72,on_time,0,
86032,72,72,on_time,0,
86033,72,72,on_time,0,
86034,72,72,on_time,0,
86035,72,72,on_time,0,
86036,72,72,on_time,0,
86037,72,72,on_time,0,
86038,72,72,on_time,0,
86039,72,72,on_time,0,
86040,72,72,on_time,0,
86041,72,72,on_time,0,
86042,72,72,on_time,0,
86043,72,72,on_time,0,
86044,72,72,on_time,0,
86045,72,72,on_time,0,
86046,72,72,on_time,0,
86047,72,72,on_time,0,
86048,72,72,on_time,0,
86049,72,72,on_time,0,
86050,72,72,on_time,0,
86051,72,72,on_time,0,
86052,72,72,on_time,0,
86053,72,72,on_time,0,
86054,72,72,on_time,0,
86055,72,72,on_time,0,
86056,72,72,on_time,0,
86057,72,72,on_time,0,
86058,72,72,on_time,0,
86059,72,72,on_time,0,
86060,72,72,on_time,0,
86061,72,72,on_time,0,
86062,72,72,on_time,0,
86063,72,72,on_time,0,
86064,72,72,on_time,0,
86065,72,72,on_time,0,
86066,72,72,on_time,0,
86067,72,72,on_time,0,
86068,72,72,on_time,0,
86069,72,72,on_time,0,
86070,72,72,on_time,0,
86071,72,72,on_time,0,
86072,72,72,on_time,0,
86073,72,72,on_time,0,
86074,72,72,on_time,0,
86075,72,72,on_time,0,
86076,72,72,on_time,0,
86077,72,72,on_time,0,
86078,72,72,on_time,0,
86079,72,72,on_time,0,
86080,72,72,on_time,0,
86081,72,72,on_time,0,
86082,72,72,on_time,0,
86083,72,72,on_time,0,
86084,72,72,on_time,0,
86085,72,72,on_time,0,
86086,72,72,on_time,0,
86087,72,72,on_time,0,
86088,72,72,on_time,0,
86089,72,72,on_time,0,
86090,72,72,on_time,0,
86091,72,72,on_time,0,
86092,72,72,on_time,0,
86093,72,72,on_time,0,
86094,72,72,on_time,0,
86095,72,72,on_time,0,
86096,72,72,on_time,0,
86097,72,72,on_time,0,
86098,72,72,on_time,0,
86099,72,72,on_time,0,
86100,72,72,on_time,0,
86101,72,72,on_time,0,
86102,72,72,on_time,0,
86103,72,72,on_time,0,
86104,72,72,on_time,0,
86105,72,72,on_time,0,
86106,72,72,on_time,0,
86107,72,72,on_time,0,
86108,72,72,on_time,0,
86109,72,72,on_time,0,
86110,72,72,on_time,0,
86111,72,72,on_time,0,
86112,72,72,on_time,0,
86113,72,72,on_time,0,
86114,72,72,on_time,0,
86115,72,72,on_time,0,
86116,72,72,on_time,0,
86117,72,72,on_time,0,
86118,72,72,on_time,0,
86119,72,72,on_time,0,
86120,72,72,on_time,0,
86121,72,72,on_time,0,
86122,72,72,on_time,0,
86123,72,72,on_time,0,
86124,72,72,on_time,0,
86125,72,72,on_time,0,
86126,72,72,on_time,0,
86127,72,72,on_time,0,
86128,72,72,on_time,0,
86129,72,72,on_time,0,
86130,72,72,on_time,0,
86131,72,72,on_time,0,
86132,72,72,on_time,0,
86133,72,72,on_time,0,
86134,72,72,on_time,0,
86135,72,72,on_time,0,
86136,72,72,on_time,0,
86137,72,72,on_time,0,
86138,72,72,on_time,0,
86139,72,72,on_time,0,
86140,72,72,on_time,0,
86141,72,72,on_time,0,
86142,72,72,on_time,0,
86143,72,72,on_time,0,
86144,72,72,on_time,0,
86145,72,72,on_time,0,
86146,72,72,on_time,0,
86147,72,72,on_time,0,
86148,72,72,on_time,0,
86149,72,72,on_time,0,
86150,72,72,on_time,0,
86151,72,72,on_time,0,
86152,72,72,on_time,0,
86153,72,72,on_time,0,
86154,72,72,on_time,0,
86155,72,72,on_time,0,
86156,72,72,on_time,0,
86157,72,72,on_time,0,
86158,72,72,on_time,0,
86159,72,72,on_time,0,
86160,72,72,on_time,0,
86161,72,72,on_time,0,
86162,72,72,on_time,0,
86163,72,72,on_time,0,
86164,72,72,on_time,0,
86165,72,72,on_time,0,
86166,72,72,on_time,0,
86167,72,72,on_time,0,
86168,72,72,on_time,0,
86169,72,72,on_time,0,
86170,72,72,on_time,0,
86171,72,72,on_time,0,
86172,72,72,on_time,0,
86173,72,72,on_time,0,
86174,72,72,on_time,0,
86175,72,72,on_time,0,
86176,72,72,on_time,0,
86177,72,72,on_time,0,
86178,72,72,on_time,0,
86179,72,72,on_time,0,
86180,72,72,on_time,0,
86181,72,72,on_time,0,
86182,72,72,on_time,0,
86183,72,72,on_time,0,
86184,72,72,on_time,0,
86185,72,72,on_time,0,
86186,72,72,on_time,0,
86187,72,72,on_time,0,
86188,72,72,on_time,0,
86189,72,72,on_time,0,
86190,72,72,on_time,0,
86191,72,72,on_time,0,
86192,72,72,on_time,0,
86193,72,72,on_time,0,
86194,72,72,on_time,0,
86195,72,72,on_time,0,
86196,72,72,on_time,0,
86197,72,72,on_time,0,
86198,72,72,on_time,0,
86199,72,72,on_time,0,
86200,72,72,on_time,0,
86201,72,72,on_time,0,
86202,72,72,on_time,0,
86203,72,72,on_time,0,
86204,72,72,on_time,0,
86205,72,72,on_time,0,
86206,72,72,on_time,0,
86207,72,72,on_time,0,
86208,72,72,on_time,0,
86209,72,72,on_time,0,
86210,72,72,on_time,0,
86211,72,72,on_time,0,
86212,72,72,on_time,0,
86213,72,72,on_time,0,
86214,72,72,on_time,0,
86215,72,72,on_time,0,
86216,72,72,on_time,0,
86217,72,72,on_time,0,
86218,72,72,on_time,0,
86219,72,72,on_time,0,
86220,72,72,on_time,0,
86221,72,72,on_time,0,
86222,72,72,on_time,0,
86223,72,72,on_time,0,
86224,72,72,on_time,0,
86225,72,72,on_time,0,
86226,72,72,on_time,0,
86227,72,72,on_time,0,
86228,72,72,on_time,0,
86229,72,72,on_time,0,
86230,72,72,on_time,0,
86231,72,72,on_time,0,
86232,72,72,on_time,0,
86233,72,72,on_time,0,
86234,72,72,on_time,0,
86235,72,72,on_time,0,
86236,72,72,on_time,0,
86237,72,72,on_time,0,
86238,72,72,on_time,0,
86239,72,72,on_time,0,
86240,72,72,on_time,0,
86241,72,72,on_time,0,
86242,72,72,on_time,0,
86243,72,72,on_time,0,
86244,72,72,on_time,0,
86245,72,72,on_time,0,
86246,72,72,on_time,0,
86247,72,72,on_time,0,
86248,72,72,on_time,0,
86249,72,72,on_time,0,
86250,72,,unfulfilled,,material:zp7:BEV
86251,72,72,on_time,0,
86252,72,72,on_time,0,
86253,72,72,on_time,0,
86254,72,72,on_time,0,
86255,72,72,on_time,0,
86256,72,72,on_time,0,
86257,72,72,on_time,0,
86258,72,72,on_time,0,
86259,72,,unfulfilled,,material:zp7:BEV
86260,72,72,on_time,0,
86261,72,72,on_time,0,
86262,72,72,on_time,0,
86263,72,72,on_time,0,
86264,72,72,on_time,0,
86265,72,72,on_time,0,
86266,72,72,on_time,0,
86267,72,72,on_time,0,
86268,72,72,on_time,0,
86269,72,72,on_time,0,
86270,72,72,on_time,0,
86271,72,72,on_time,0,
86272,72,72,on_time,0,
86273,72,72,on_time,0,
86274,72,72,on_time,0,
86275,72,72,on_time,0,
86276,72,72,on_time,0,
86277,72,72,on_time,0,
86278,72,72,on_time,0,
86279,72,72,on_time,0,
86280,72,72,on_time,0,
86281,72,72,on_time,0,
86282,72,72,on_time,0,
86283,72,72,on_time,0,
86284,72,72,on_time,0,
86285,72,72,on_time,0,
86286,72,72,on_time,0,
86287,72,72,on_time,0,
86288,72,72,on_time,0,
86289,72,72,on_time,0,
86290,72,72,on_time,0,
86291,72,72,on_time,0,
86292,72,72,on_time,0,
86293,72,72,on_time,0,
86294,72,72,on_time,0,
86295,72,72,on_time,0,
86296,72,72,on_time,0,
86297,72,72,on_time,0,
86298,72,72,on_time,0,
86299,72,72,on_time,0,
86300,72,,unfulfilled,,material:zp7:BEV
86301,72,72,on_time,0,
86302,72,72,on_time,0,
86303,72,72,on_time,0,
86304,72,72,on_time,0,
86305,72,72,on_time,0,
86306,72,72,on_time,0,
86307,72,72,on_time,0,
86308,72,72,on_time,0,
86309,72,72,on_time,0,
86310,72,72,on_time,0,
86311,72,72,on_time,0,
86312,72,72,on_time,0,
86313,72,72,on_time,0,
86314,72,72,on_time,0,
86315,72,72,on_time,0,
86316,72,72,on_time,0,
86317,72,72,on_time,0,
86318,72,72,on_time,0,
86319,72,72,on_time,0,
86320,72,72,on_time,0,
86321,72,72,on_time,0,
86322,72,72,on_time,0,
86323,72,72,on_time,0,
86324,72,72,on_time,0,
86325,72,72,on_time,0,
86326,72,72,on_time,0,
86327,72,72,on_time,0,
86328,72,72,on_time,0,
86329,72,72,on_time,0,
86330,72,72,on_time,0,
86331,72,72,on_time,0,
86332,72,72,on_time,0,
86333,72,72,on_time,0,
86334,72,,unfulfilled,,material:zp7:BEV
86335,72,,unfulfilled,,material:zp7:BEV
86336,72,72,on_time,0,
86337,72,72,on_time,0,
86338,72,72,on_time,0,
86339,72,72,on_time,0,
86340,72,72,on_time,0,
86341,72,72,on_time,0,
86342,72,72,on_time,0,
86343,72,72,on_time,0,
86344,72,72,on_time,0,
86345,72,72,on_time,0,
86346,72,72,on_time,0,
86347,72,72,on_time,0,
86348,72,72,on_time,0,
86349,72,72,on_time,0,
86350,72,72,on_time,0,
86351,72,72,on_time,0,
86352,72,72,on_time,0,
86353,72,72,on_time,0,
86354,72,72,on_time,0,
86355,72,72,on_time,0,
86356,72,72,on_time,0,
86357,72,72,on_time,0,
86358,72,72,on_time,0,
86359,72,72,on_time,0,
86360,72,72,on_time,0,
86361,72,72,on_time,0,
86362,72,72,on_time,0,
86363,72,72,on_time,0,
86364,72,72,on_time,0,
86365,72,72,on_time,0,
86366,72,72,on_time,0,
86367,72,72,on_time,0,
86368,72,72,on_time,0,
86369,72,72,on_time,0,
86370,72,72,on_time,0,
86371,72,72,on_time,0,
86372,72,72,on_time,0,
86373,72,72,on_time,0,
86374,72,72,on_time,0,
86375,72,72,on_time,0,
86376,72,72,on_time,0,
86377,72,72,on_time,0,
86378,72,72,on_time,0,
86379,72,72,on_time,0,
86380,72,72,on_time,0,
86381,72,72,on_time,0,
86382,72,72,on_time,0,
86383,72,72,on_time,0,
86384,72,72,on_time,0,
86385,72,72,on_time,0,
86386,72,72,on_time,0,
86387,72,72,on_time,0,
86388,72,72,on_time,0,
86389,72,72,on_time,0,
86390,72,72,on_time,0,
86391,72,72,on_time,0,
86392,72,72,on_time,0,
86393,72,72,on_time,0,
86394,72,72,on_time,0,
86395,72,72,on_time,0,
86396,72,72,on_time,0,
86397,72,72,on_time,0,
86398,72,72,on_time,0,
86399,72,72,on_time,0,
86400,72,72,on_time,0,
86401,72,72,on_time,0,
86402,72,72,on_time,0,
86403,72,72,on_time,0,
86404,72,72,on_time,0,
86405,72,72,on_time,0,
86406,72,72,on_time,0,
86407,72,72,on_time,0,
86408,72,72,on_time,0,
86409,72,72,on_time,0,
86410,72,72,on_time,0,
86411,72,72,on_time,0,
86412,72,72,on_time,0,
86413,72,72,on_time,0,
86414,72,72,on_time,0,
86415,72,72,on_time,0,
86416,72,72,on_time,0,
86417,72,72,on_time,0,
86418,72,72,on_time,0,
86419,72,72,on_time,0,
86420,72,72,on_time,0,
86421,72,72,on_time,0,
86422,72,72,on_time,0,
86423,72,72,on_time,0,
86424,72,72,on_time,0,
86425,72,,unfulfilled,,material:zp7:BEV
86426,72,72,on_time,0,
86427,72,72,on_time,0,
86428,72,72,on_time,0,
86429,72,72,on_time,0,
86430,72,72,on_time,0,
86431,72,72,on_time,0,
86432,72,72,on_time,0,
86433,72,72,on_time,0,
86434,72,72,on_time,0,
86435,72,72,on_time,0,
86436,72,72,on_time,0,
86437,72,72,on_time,0,
86438,72,72,on_time,0,
86439,72,72,on_time,0,
86440,72,72,on_time,0,
86441,72,72,on_time,0,
86442,72,72,on_time,0,
86443,72,72,on_time,0,
86444,72,72,on_time,0,
86445,72,72,on_time,0,
86446,72,72,on_time,0,
86447,72,72,on_time,0,
86448,72,72,on_time,0,
86449,72,72,on_time,0,
86450,72,72,on_time,0,
86451,72,72,on_time,0,
86452,72,72,on_time,0,
86453,72,72,on_time,0,
86454,72,72,on_time,0,
86455,72,72,on_time,0,
86456,72,72,on_time,0,
86457,72,72,on_time,0,
86458,72,72,on_time,0,
86459,72,72,on_time,0,
86460,72,72,on_time,0,
86461,72,72,on_time,0,
86462,72,72,on_time,0,
86463,72,72,on_time,0,
86464,72,72,on_time,0,
86465,72,72,on_time,0,
86466,72,72,on_time,0,
86467,72,72,on_time,0,
86468,72,72,on_time,0,
86469,72,72,on_time,0,
86470,72,72,on_time,0,
86471,72,72,on_time,0,
86472,72,72,on_time,0,
86473,72,72,on_time,0,
86474,72,72,on_time,0,
86475,72,72,on_time,0,
86476,72,72,on_time,0,
86477,72,72,on_time,0,
86478,72,72,on_time,0,
86479,72,72,on_time,0,
86480,72,72,on_time,0,
86481,72,72,on_time,0,
86482,72,72,on_time,0,
86483,72,72,on_time,0,
86484,72,72,on_time,0,
86485,72,72,on_time,0,
86486,72,72,on_time,0,
86487,72,72,on_time,0,
86488,72,72,on_time,0,
86489,72,72,on_time,0,
86490,72,72,on_time,0,
86491,72,72,on_time,0,
86492,72,72,on_time,0,
86493,72,72,on_time,0,
86494,72,72,on_time,0,
86495,72,72,on_time,0,
86496,72,72,on_time,0,
86497,72,,unfulfilled,,material:zp7:BEV
86498,72,72,on_time,0,
86499,72,72,on_time,0,
86500,72,72,on_time,0,
86501,72,72,on_time,0,
86502,72,72,on_time,0,
86503,72,72,on_time,0,
86504,72,72,on_time,0,
86505,72,72,on_time,0,
86506,72,72,on_time,0,
86507,72,72,on_time,0,
86508,72,72,on_time,0,
86509,72,72,on_time,0,
86510,72,72,on_time,0,
86511,72,72,on_time,0,
86512,72,72,on_time,0,
86513,72,72,on_time,0,
86514,72,72,on_time,0,
86515,72,72,on_time,0,
86516,72,72,on_time,0,
86517,72,72,on_time,0,
86518,72,72,on_time,0,
86519,72,72,on_time,0,
86520,72,72,on_time,0,
86521,72,72,on_time,0,
86522,72,72,on_time,0,
86523,72,72,on_time,0,
86524,72,72,on_time,0,
86525,72,72,on_time,0,
86526,72,72,on_time,0,
86527,72,72,on_time,0,
86528,72,72,on_time,0,
86529,72,72,on_time,0,
86530,72,72,on_time,0,
86531,72,72,on_time,0,
86532,72,72,on_time,0,
86533,72,72,on_time,0,
86534,72,72,on_time,0,
86535,72,72,on_time,0,
86536,72,72,on_time,0,
86537,72,72,on_time,0,
86538,72,72,on_time,0,
86539,72,72,on_time,0,
86540,72,72,on_time,0,
86541,72,72,on_time,0,
86542,72,72,on_time,0,
86543,72,72,on_time,0,
86544,72,72,on_time,0,
86545,72,72,on_time,0,
86546,72,72,on_time,0,
86547,72,72,on_time,0,
86548,72,72,on_time,0,
86549,72,,unfulfilled,,material:zp7:BEV
86550,72,72,on_time,0,
86551,72,72,on_time,0,
86552,72,72,on_time,0,
86553,72,72,on_time,0,
86554,72,72,on_time,0,
86555,72,72,on_time,0,
86556,72,72,on_time,0,
86557,72,72,on_time,0,
86558,72,72,on_time,0,
86559,72,72,on_time,0,
86560,72,72,on_time,0,
86561,72,72,on_time,0,
86562,72,72,on_time,0,
86563,72,72,on_time,0,
86564,72,72,on_time,0,
86565,72,72,on_time,0,
86566,72,72,on_time,0,
86567,72,72,on_time,0,
86568,72,72,on_time,0,
86569,72,72,on_time,0,
86570,72,72,on_time,0,
86571,72,72,on_time,0,
86572,72,72,on_time,0,
86573,72,72,on_time,0,
86574,72,72,on_time,0,
86575,72,72,on_time,0,
86576,72,72,on_time,0,
86577,72,72,on_time,0,
86578,72,72,on_time,0,
86579,72,72,on_time,0,
86580,72,72,on_time,0,
86581,72,72,on_time,0,
86582,72,72,on_time,0,
86583,72,72,on_time,0,
86584,72,72,on_time,0,
86585,72,72,on_time,0,
86586,72,72,on_time,0,
86587,72,72,on_time,0,
86588,72,72,on_time,0,
86589,72,72,on_time,0,
86590,72,72,on_time,0,
86591,72,72,on_time,0,
86592,72,72,on_time,0,
86593,72,72,on_time,0,
86594,72,72,on_time,0,
86595,72,72,on_time,0,
86596,72,72,on_time,0,
86597,72,,unfulfilled,,material:zp7:BEV
86598,72,72,on_time,0,
86599,72,72,on_time,0,
86600,72,72,on_time,0,
86601,72,72,on_time,0,
86602,72,72,on_time,0,
86603,72,72,on_time,0,
86604,72,72,on_time,0,
86605,72,72,on_time,0,
86606,72,72,on_time,0,
86607,72,72,on_time,0,
86608,72,72,on_time,0,
86609,72,72,on_time,0,
86610,72,72,on_time,0,
86611,72,72,on_time,0,
86612,72,72,on_time,0,
86613,72,72,on_time,0,
86614,72,72,on_time,0,
86615,72,72,on_time,0,
86616,72,72,on_time,0,
86617,72,72,on_time,0,
86618,72,72,on_time,0,
86619,72,72,on_time,0,
86620,72,72,on_time,0,
86621,72,72,on_time,0,
86622,72,72,on_time,0,
86623,72,,unfulfilled,,material:zp7:BEV
86624,72,72,on_time,0,
86625,72,,unfulfilled,,material:zp7:BEV
86626,72,72,on_time,0,
86627,72,72,on_time,0,
86628,72,72,on_time,0,
86629,72,72,on_time,0,
86630,72,72,on_time,0,
86631,72,72,on_time,0,
86632,72,72,on_time,0,
86633,72,72,on_time,0,
86634,72,72,on_time,0,
86635,72,72,on_time,0,
86636,72,72,on_time,0,
86637,72,72,on_time,0,
86638,72,72,on_time,0,
86639,72,72,on_time,0,
86640,72,72,on_time,0,
86641,72,72,on_time,0,
86642,72,72,on_time,0,
86643,72,72,on_time,0,
86644,72,72,on_time,0,
86645,72,72,on_time,0,
86646,72,72,on_time,0,
86647,72,72,on_time,0,
86648,72,72,on_time,0,
86649,72,72,on_time,0,
86650,72,72,on_time,0,
86651,72,72,on_time,0,
86652,72,72,on_time,0,
86653,72,72,on_time,0,
86654,72,72,on_time,0,
86655,72,72,on_time,0,
86656,72,72,on_time,0,
86657,72,72,on_time,0,
86658,72,72,on_time,0,
86659,72,72,on_time,0,
86660,72,72,on_time,0,
86661,72,72,on_time,0,
86662,72,72,on_time,0,
86663,72,72,on_time,0,
86664,72,72,on_time,0,
86665,72,72,on_time,0,
86666,72,72,on_time,0,
86667,72,72,on_time,0,
86668,72,72,on_time,0,
86669,72,72,on_time,0,
86670,72,72,on_time,0,
86671,72,72,on_time,0,
86672,72,72,on_time,0,
86673,72,72,on_time,0,
86674,72,72,on_time,0,
86675,72,72,on_time,0,
86676,72,72,on_time,0,
86677,72,72,on_time,0,
86678,72,72,on_time,0,
86679,72,72,on_time,0,
86680,72,72,on_time,0,
86681,72,72,on_time,0,
86682,72,72,on_time,0,
86683,72,72,on_time,0,
86684,72,72,on_time,0,
86685,72,72,on_time,0,
86686,72,72,on_time,0,
86687,72,72,on_time,0,
86688,72,72,on_time,0,
86689,72,72,on_time,0,
86690,72,72,on_time,0,
86691,72,72,on_time,0,
86692,72,72,on_time,0,
86693,72,72,on_time,0,
86694,72,72,on_time,0,
86695,72,72,on_time,0,
86696,72,72,on_time,0,
86697,72,72,on_time,0,
86698,72,72,on_time,0,
86699,72,72,on_time,0,
86700,72,72,on_time,0,
86701,72,72,on_time,0,
86702,72,72,on_time,0,
86703,72,72,on_time,0,
86704,72,72,on_time,0,
86705,72,72,on_time,0,
86706,72,72,on_time,0,
86707,72,72,on_time,0,
86708,72,72,on_time,0,
86709,72,72,on_time,0,
86710,72,72,on_time,0,
86711,72,72,on_time,0,
86712,72,72,on_time,0,
86713,72,72,on_time,0,
86714,72,72,on_time,0,
86715,72,72,on_time,0,
86716,72,72,on_time,0,
86717,72,72,on_time,0,
86718,72,72,on_time,0,
86719,72,72,on_time,0,
86720,72,,unfulfilled,,material:zp7:BEV
86721,72,72,on_time,0,
86722,72,72,on_time,0,
86723,72,72,on_time,0,
86724,72,72,on_time,0,
86725,72,72,on_time,0,
86726,72,72,on_time,0,
86727,72,72,on_time,0,
86728,72,72,on_time,0,
86729,72,72,on_time,0,
86730,72,72,on_time,0,
86731,72,72,on_time,0,
86732,72,72,on_time,0,
86733,72,72,on_time,0,
86734,72,72,on_time,0,
86735,72,72,on_time,0,
86736,72,72,on_time,0,
86737,72,72,on_time,0,
86738,72,72,on_time,0,
86739,72,72,on_time,0,
86740,72,72,on_time,0,
86741,72,72,on_time,0,
86742,72,72,on_time,0,
86743,72,72,on_time,0,
86744,72,72,on_time,0,
86745,72,72,on_time,0,
86746,72,72,on_time,0,
86747,72,72,on_time,0,
86748,72,72,on_time,0,
86749,72,72,on_time,0,
86750,72,72,on_time,0,
86751,72,72,on_time,0,
86752,72,72,on_time,0,
86753,72,,unfulfilled,,material:zp7:BEV
86754,72,72,on_time,0,
86755,72,72,on_time,0,
86756,72,72,on_time,0,
86757,72,72,on_time,0,
86758,72,72,on_time,0,
86759,72,72,on_time,0,
86760,72,72,on_time,0,
86761,72,72,on_time,0,
86762,72,72,on_time,0,
86763,72,,unfulfilled,,material:zp7:BEV
86764,72,72,on_time,0,
86765,72,72,on_time,0,
86766,72,72,on_time,0,
86767,72,72,on_time,0,
86768,72,72,on_time,0,
86769,72,72,on_time,0,
86770,72,72,on_time,0,
86771,72,72,on_time,0,
86772,72,72,on_time,0,
86773,72,72,on_time,0,
86774,72,72,on_time,0,
86775,72,72,on_time,0,
86776,72,72,on_time,0,
86777,72,72,on_time,0,
86778,72,72,on_time,0,
86779,72,72,on_time,0,
86780,72,,unfulfilled,,material:zp7:BEV
86781,72,72,on_time,0,
86782,72,72,on_time,0,
86783,72,72,on_time,0,
86784,72,72,on_time,0,
86785,72,72,on_time,0,
86786,72,72,on_time,0,
86787,72,72,on_time,0,
86788,72,72,on_time,0,
86789,72,72,on_time,0,
86790,72,72,on_time,0,
86791,72,72,on_time,0,
86792,72,72,on_time,0,
86793,72,72,on_time,0,
86794,72,72,on_time,0,
86795,72,72,on_time,0,
86796,72,72,on_time,0,
86797,72,72,on_time,0,
86798,72,72,on_time,0,
86799,72,72,on_time,0,
86800,72,72,on_time,0,
86801,72,72,on_time,0,
86802,72,72,on_time,0,
86803,72,72,on_time,0,
86804,72,72,on_time,0,
86805,72,72,on_time,0,
86806,72,72,on_time,0,
86807,72,72,on_time,0,
86808,72,72,on_time,0,
86809,72,72,on_time,0,
86810,72,72,on_time,0,
86811,72,72,on_time,0,
86812,72,72,on_time,0,
86813,72,72,on_time,0,
86814,72,72,on_time,0,
86815,72,72,on_time,0,
86816,72,72,on_time,0,
86817,72,72,on_time,0,
86818,72,72,on_time,0,
86819,72,72,on_time,0,
86820,72,72,on_time,0,
86821,72,72,on_time,0,
86822,72,72,on_time,0,
86823,72,72,on_time,0,
86824,72,72,on_time,0,
86825,72,72,on_time,0,
86826,72,72,on_time,0,
86827,72,72,on_time,0,
86828,72,72,on_time,0,
86829,72,72,on_time,0,
86830,72,72,on_time,0,
86831,72,72,on_time,0,
86832,72,72,on_time,0,
86833,72,72,on_time,0,
86834,72,72,on_time,0,
86835,72,72,on_time,0,
86836,72,72,on_time,0,
86837,72,72,on_time,0,
86838,72,,unfulfilled,,material:zp7:BEV
86839,72,72,on_time,0,
86840,72,72,on_time,0,
86841,72,72,on_time,0,
86842,72,72,on_time,0,
86843,72,72,on_time,0,
86844,72,72,on_time,0,
86845,72,72,on_time,0,
86846,72,72,on_time,0,
86847,72,72,on_time,0,
86848,72,72,on_time,0,
86849,72,72,on_time,0,
86850,72,72,on_time,0,
86851,72,72,on_time,0,
86852,72,72,on_time,0,
86853,72,72,on_time,0,
86854,72,,unfulfilled,,material:zp7:BEV
86855,72,72,on_time,0,
86856,72,72,on_time,0,
86857,72,72,on_time,0,
86858,72,72,on_time,0,
86859,72,72,on_time,0,
86860,72,72,on_time,0,
86861,72,72,on_time,0,
86862,72,72,on_time,0,
86863,72,72,on_time,0,
86864,72,72,on_time,0,
86865,72,72,on_time,0,
86866,72,72,on_time,0,
86867,72,72,on_time,0,
86868,72,72,on_time,0,
86869,72,72,on_time,0,
86870,72,72,on_time,0,
86871,72,72,on_time,0,
86872,72,72,on_time,0,
86873,72,72,on_time,0,
86874,72,72,on_time,0,
86875,72,72,on_time,0,
86876,72,72,on_time,0,
86877,72,72,on_time,0,
86878,72,72,on_time,0,
86879,72,72,on_time,0,
86880,72,72,on_time,0,
86881,72,72,on_time,0,
86882,72,72,on_time,0,
86883,72,72,on_time,0,
86884,72,72,on_time,0,
86885,72,72,on_time,0,
86886,72,72,on_time,0,
86887,72,72,on_time,0,
86888,72,72,on_time,0,
86889,72,72,on_time,0,
86890,72,72,on_time,0,
86891,72,72,on_time,0,
86892,72,72,on_time,0,
86893,72,72,on_time,0,
86894,72,72,on_time,0,
86895,72,72,on_time,0,
86896,72,72,on_time,0,
86897,72,72,on_time,0,
86898,72,72,on_time,0,
86899,72,72,on_time,0,
86900,72,72,on_time,0,
86901,72,72,on_time,0,
86902,72,72,on_time,0,
86903,72,72,on_time,0,
86904,72,72,on_time,0,
86905,72,72,on_time,0,
86906,72,72,on_time,0,
86907,72,72,on_time,0,
86908,72,72,on_time,0,
86909,72,,unfulfilled,,material:zp7:BEV
86910,72,72,on_time,0,
86911,72,72,on_time,0,
86912,72,,unfulfilled,,material:zp7:BEV
86913,72,72,on_time,0,
86914,72,72,on_time,0,
86915,72,72,on_time,0,
86916,72,72,on_time,0,
86917,72,72,on_time,0,
86918,72,72,on_time,0,
86919,72,72,on_time,0,
86920,72,72,on_time,0,
86921,72,72,on_time,0,
86922,72,72,on_time,0,
86923,72,72,on_time,0,
86924,72,72,on_time,0,
86925,72,72,on_time,0,
86926,72,72,on_time,0,
86927,72,72,on_time,0,
86928,72,72,on_time,0,
86929,72,72,on_time,0,
86930,72,72,on_time,0,
86931,72,72,on_time,0,
86932,72,72,on_time,0,
86933,72,72,on_time,0,
86934,72,72,on_time,0,
86935,72,72,on_time,0,
86936,72,72,on_time,0,
86937,72,72,on_time,0,
86938,72,72,on_time,0,
86939,72,72,on_time,0,
86940,72,72,on_time,0,
86941,72,72,on_time,0,
86942,72,72,on_time,0,
86943,72,72,on_time,0,
86944,72,72,on_time,0,
86945,72,72,on_time,0,
86946,72,72,on_time,0,
86947,72,72,on_time,0,
86948,72,72,on_time,0,
86949,72,72,on_time,0,
86950,72,72,on_time,0,
86951,72,72,on_time,0,
86952,72,72,on_time,0,
86953,72,72,on_time,0,
86954,72,72,on_time,0,
86955,72,72,on_time,0,
86956,72,72,on_time,0,
86957,72,72,on_time,0,
86958,72,,unfulfilled,,material:zp7:BEV
86959,72,72,on_time,0,
86960,72,72,on_time,0,
86961,72,72,on_time,0,
86962,72,72,on_time,0,
86963,72,72,on_time,0,
86964,72,72,on_time,0,
86965,72,72,on_time,0,
86966,72,72,on_time,0,
86967,72,72,on_time,0,
86968,72,72,on_time,0,
86969,72,72,on_time,0,
86970,72,72,on_time,0,
86971,72,72,on_time,0,
86972,72,72,on_time,0,
86973,72,72,on_time,0,
86974,72,72,on_time,0,
86975,72,72,on_time,0,
86976,72,72,on_time,0,
86977,72,72,on_time,0,
86978,72,72,on_time,0,
86979,72,72,on_time,0,
86980,72,72,on_time,0,
86981,72,72,on_time,0,
86982,72,72,on_time,0,
86983,72,72,on_time,0,
86984,72,72,on_time,0,
86985,72,72,on_time,0,
86986,72,72,on_time,0,
86987,72,72,on_time,0,
86988,72,72,on_time,0,
86989,72,72,on_time,0,
86990,72,72,on_time,0,
86991,72,72,on_time,0,
86992,72,72,on_time,0,
86993,72,72,on_time,0,
86994,72,72,on_time,0,
86995,72,72,on_time,0,
86996,72,72,on_time,0,
86997,72,72,on_time,0,
86998,72,72,on_time,0,
86999,72,72,on_time,0,
87000,72,72,on_time,0,
87001,72,72,on_time,0,
87002,72,72,on_time,0,
87003,72,72,on_time,0,
87004,72,72,on_time,0,
87005,72,72,on_time,0,
87006,72,72,on_time,0,
87007,72,72,on_time,0,
87008,72,72,on_time,0,
87009,72,72,on_time,0,
87010,72,72,on_time,0,
87011,72,72,on_time,0,
87012,72,72,on_time,0,
87013,72,72,on_time,0,
87014,72,72,on_time,0,
87015,72,72,on_time,0,
87016,72,72,on_time,0,
87017,72,72,on_time,0,
87018,72,72,on_time,0,
87019,72,72,on_time,0,
87020,72,72,on_time,0,
87021,72,72,on_time,0,
87022,72,72,on_time,0,
87023,72,72,on_time,0,
87024,72,72,on_time,0,
87025,72,72,on_time,0,
87026,72,72,on_time,0,
87027,72,72,on_time,0,
87028,72,72,on_time,0,
87029,72,72,on_time,0,
87030,72,72,on_time,0,
87031,72,72,on_time,0,
87032,72,72,on_time,0,
87033,72,72,on_time,0,
87034,72,72,on_time,0,
87035,72,72,on_time,0,
87036,72,72,on_time,0,
87037,72,72,on_time,0,
87038,72,72,on_time,0,
87039,72,72,on_time,0,
87040,72,72,on_time,0,
87041,72,72,on_time,0,
87042,72,72,on_time,0,
87043,72,72,on_time,0,
87044,72,72,on_time,0,
87045,72,72,on_time,0,
87046,72,72,on_time,0,
87047,72,72,on_time,0,
87048,72,72,on_time,0,
87049,72,72,on_time,0,
87050,72,72,on_time,0,
87051,72,72,on_time,0,
87052,72,72,on_time,0,
87053,72,72,on_time,0,
87054,72,72,on_time,0,
87055,72,72,on_time,0,
87056,72,72,on_time,0,
87057,72,72,on_time,0,
87058,72,72,on_time,0,
87059,72,72,on_time,0,
87060,72,72,on_time,0,
87061,72,72,on_time,0,
87062,72,72,on_time,0,
87063,72,72,on_time,0,
87064,72,72,on_time,0,
87065,72,72,on_time,0,
87066,72,72,on_time,0,
87067,72,72,on_time,0,
87068,72,72,on_time,0,
87069,72,72,on_time,0,
87070,72,72,on_time,0,
87071,72,72,on_time,0,
87072,72,72,on_time,0,
87073,72,72,on_time,0,
87074,72,72,on_time,0,
87075,72,72,on_time,0,
87076,72,72,on_time,0,
87077,72,72,on_time,0,
87078,72,,unfulfilled,,material:zp7:BEV
87079,72,72,on_time,0,
87080,72,72,on_time,0,
87081,72,72,on_time,0,
87082,72,72,on_time,0,
87083,72,72,on_time,0,
87084,72,72,on_time,0,
87085,72,72,on_time,0,
87086,72,72,on_time,0,
87087,72,72,on_time,0,
87088,72,72,on_time,0,
87089,72,72,on_time,0,
87090,72,72,on_time,0,
87091,72,72,on_time,0,
87092,72,72,on_time,0,
87093,72,72,on_time,0,
87094,72,72,on_time,0,
87095,72,72,on_time,0,
87096,72,72,on_time,0,
87097,72,72,on_time,0,
87098,72,72,on_time,0,
87099,72,72,on_time,0,
87100,72,72,on_time,0,
87101,72,72,on_time,0,
87102,72,72,on_time,0,
87103,72,72,on_time,0,
87104,72,72,on_time,0,
87105,72,72,on_time,0,
87106,72,72,on_time,0,
87107,72,72,on_time,0,
87108,72,72,on_time,0,
87109,72,72,on_time,0,
87110,72,72,on_time,0,
87111,72,72,on_time,0,
87112,72,72,on_time,0,
87113,72,72,on_time,0,
87114,72,72,on_time,0,
87115,72,72,on_time,0,
87116,72,,unfulfilled,,material:zp7:BEV
87117,72,72,on_time,0,
87118,72,72,on_time,0,
87119,72,72,on_time,0,
87120,72,72,on_time,0,
87121,72,72,on_time,0,
87122,72,72,on_time,0,
87123,72,72,on_time,0,
87124,72,72,on_time,0,
87125,72,72,on_time,0,
87126,72,72,on_time,0,
87127,72,72,on_time,0,
87128,72,72,on_time,0,
87129,72,72,on_time,0,
87130,72,72,on_time,0,
87131,72,72,on_time,0,
87132,72,72,on_time,0,
87133,72,72,on_time,0,
87134,72,72,on_time,0,
87135,72,72,on_time,0,
87136,72,72,on_time,0,
87137,72,72,on_time,0,
87138,72,72,on_time,0,
87139,72,72,on_time,0,
87140,72,72,on_time,0,
87141,72,72,on_time,0,
87142,72,72,on_time,0,
87143,72,72,on_time,0,
87144,72,72,on_time,0,
87145,72,72,on_time,0,
87146,72,72,on_time,0,
87147,72,72,on_time,0,
87148,72,72,on_time,0,
87149,72,72,on_time,0,
87150,72,72,on_time,0,
87151,72,72,on_time,0,
87152,72,72,on_time,0,
87153,72,72,on_time,0,
87154,72,72,on_time,0,
87155,72,72,on_time,0,
87156,72,72,on_time,0,
87157,72,72,on_time,0,
87158,72,72,on_time,0,
87159,72,72,on_time,0,
87160,72,72,on_time,0,
87161,72,72,on_time,0,
87162,72,72,on_time,0,
87163,72,72,on_time,0,
87164,72,72,on_time,0,
87165,72,72,on_time,0,
87166,72,72,on_time,0,
87167,72,,unfulfilled,,material:zp7:BEV
87168,72,72,on_time,0,
87169,72,72,on_time,0,
87170,72,72,on_time,0,
87171,72,72,on_time,0,
87172,72,72,on_time,0,
87173,72,72,on_time,0,
87174,72,72,on_time,0,
87175,72,72,on_time,0,
87176,72,72,on_time,0,
87177,72,72,on_time,0,
87178,72,72,on_time,0,
87179,72,72,on_time,0,
87180,72,72,on_time,0,
87181,72,72,on_time,0,
87182,72,72,on_time,0,
87183,72,72,on_time,0,
87184,72,72,on_time,0,
87185,72,72,on_time,0,
87186,72,72,on_time,0,
87187,72,72,on_time,0,
87188,72,72,on_time,0,
87189,72,72,on_time,0,
87190,72,72,on_time,0,
87191,72,72,on_time,0,
87192,72,72,on_time,0,
87193,72,72,on_time,0,
87194,72,72,on_time,0,
87195,72,72,on_time,0,
87196,72,72,on_time,0,
87197,72,72,on_time,0,
87198,72,72,on_time,0,
87199,72,72,on_time,0,
87200,72,72,on_time,0,
87201,72,72,on_time,0,
87202,72,72,on_time,0,
87203,72,72,on_time,0,
87204,72,72,on_time,0,
87205,72,72,on_time,0,
87206,72,72,on_time,0,
87207,72,72,on_time,0,
87208,72,,unfulfilled,,material:zp7:BEV
87209,72,72,on_time,0,
87210,72,72,on_time,0,
87211,72,72,on_time,0,
87212,72,72,on_time,0,
87213,72,72,on_time,0,
87214,72,72,on_time,0,
87215,72,72,on_time,0,
87216,72,72,on_time,0,
87217,72,72,on_time,0,
87218,72,72,on_time,0,
87219,72,,unfulfilled,,material:zp7:BEV
87220,72,72,on_time,0,
87221,72,72,on_time,0,
87222,72,72,on_time,0,
87223,72,72,on_time,0,
87224,72,72,on_time,0,
87225,72,72,on_time,0,
87226,72,72,on_time,0,
87227,72,72,on_time,0,
87228,72,72,on_time,0,
87229,72,72,on_time,0,
87230,72,72,on_time,0,
87231,72,72,on_time,0,
87232,72,72,on_time,0,
87233,72,72,on_time,0,
87234,72,72,on_time,0,
87235,72,72,on_time,0,
87236,72,72,on_time,0,
87237,72,72,on_time,0,
87238,72,72,on_time,0,
87239,72,72,on_time,0,
87240,72,72,on_time,0,
87241,72,,unfulfilled,,material:zp7:BEV
87242,72,72,on_time,0,
87243,72,,unfulfilled,,material:zp7:BEV
87244,72,,unfulfilled,,material:zp7:BEV
87245,72,72,on_time,0,
87246,72,72,on_time,0,
87247,72,,unfulfilled,,material:zp7:BEV
87248,72,72,on_time,0,
87249,72,72,on_time,0,
87250,72,72,on_time,0,
87251,72,,unfulfilled,,material:zp7:BEV
87252,72,72,on_time,0,
87253,72,,unfulfilled,,material:zp7:BEV
87254,72,72,on_time,0,
87255,72,72,on_time,0,
87256,72,72,on_time,0,
87257,72,72,on_time,0,
87258,72,,unfulfilled,,material:zp7:BEV
87259,72,,unfulfilled,,material:zp7:BEV
87260,72,,unfulfilled,,material:zp7:BEV
87261,72,,unfulfilled,,material:zp7:BEV
87262,72,,unfulfilled,,material:zp7:BEV
87263,72,72,on_time,0,
87264,72,,unfulfilled,,material:zp7:BEV
87265,72,72,on_time,0,
87266,72,,unfulfilled,,material:zp7:BEV
87267,72,72,on_time,0,
87268,72,,unfulfilled,,material:zp7:BEV
87269,72,,unfulfilled,,material:zp7:BEV
87270,72,72,on_time,0,
87271,72,72,on_time,0,
87272,72,,unfulfilled,,material:zp7:BEV
87273,72,72,on_time,0,
87274,72,72,on_time,0,
87275,72,72,on_time,0,
87276,72,,unfulfilled,,material:zp7:BEV
87277,72,72,on_time,0,
87278,72,,unfulfilled,,material:zp7:BEV
87279,72,72,on_time,0,
87280,72,72,on_time,0,
87281,72,72,on_time,0,
87282,72,72,on_time,0,
87283,72,72,on_time,0,
87284,72,72,on_time,0,
87285,72,72,on_time,0,
87286,72,72,on_time,0,
87287,72,72,on_time,0,
87288,72,72,on_time,0,
87289,72,72,on_time,0,
87290,72,72,on_time,0,
87291,72,,unfulfilled,,material:zp7:BEV
87292,72,,unfulfilled,,material:zp7:BEV
87293,72,,unfulfilled,,material:zp7:BEV
87294,72,,unfulfilled,,material:zp7:BEV
87295,72,,unfulfilled,,material:zp7:BEV
87296,72,72,on_time,0,
87297,72,,unfulfilled,,material:zp7:BEV
87298,72,72,on_time,0,
87299,72,,unfulfilled,,material:zp7:BEV
87300,72,72,on_time,0,
87301,72,,unfulfilled,,material:zp7:BEV
87302,72,,unfulfilled,,material:zp7:BEV
87303,72,72,on_time,0,
87304,72,72,on_time,0,
87305,72,,unfulfilled,,material:zp7:BEV
87306,72,72,on_time,0,
87307,72,72,on_time,0,
87308,72,72,on_time,0,
87309,72,,unfulfilled,,material:zp7:BEV
87310,72,72,on_time,0,
87311,72,,unfulfilled,,material:zp7:BEV
87312,72,72,on_time,0,
87313,72,72,on_time,0,
87314,72,72,on_time,0,
87315,72,72,on_time,0,
87316,72,,unfulfilled,,material:zp7:BEV
87317,72,,unfulfilled,,material:zp7:BEV
87318,72,,unfulfilled,,material:zp7:BEV
87319,72,,unfulfilled,,material:zp7:BEV
87320,72,,unfulfilled,,material:zp7:BEV
87321,72,72,on_time,0,
87322,72,,unfulfilled,,material:zp7:BEV
87323,72,72,on_time,0,
87324,72,,unfulfilled,,material:zp7:BEV
87325,72,72,on_time,0,
87326,72,,unfulfilled,,material:zp7:BEV
87327,72,,unfulfilled,,material:zp7:BEV
87328,72,72,on_time,0,
87329,72,72,on_time,0,
87330,72,,unfulfilled,,material:zp7:BEV
87331,72,72,on_time,0,
87332,72,72,on_time,0,
87333,72,72,on_time,0,
87334,72,,unfulfilled,,material:zp7:BEV
87335,72,72,on_time,0,
87336,72,,unfulfilled,,material:zp7:BEV
87337,72,72,on_time,0,
87338,72,72,on_time,0,
87339,72,72,on_time,0,
87340,72,72,on_time,0,
87341,72,72,on_time,0,
87342,72,72,on_time,0,
87343,72,72,on_time,0,
87344,72,,unfulfilled,,material:zp7:BEV
87345,72,,unfulfilled,,material:zp7:BEV
87346,72,,unfulfilled,,material:zp7:BEV
87347,72,,unfulfilled,,material:zp7:BEV
87348,72,,unfulfilled,,material:zp7:BEV
87349,72,72,on_time,0,
87350,72,,unfulfilled,,material:zp7:BEV
87351,72,72,on_time,0,
87352,72,,unfulfilled,,material:zp7:BEV
87353,72,72,on_time,0,
87354,72,,unfulfilled,,material:zp7:BEV
87355,72,,unfulfilled,,material:zp7:BEV
87356,72,72,on_time,0,
87357,72,72,on_time,0,
87358,72,,unfulfilled,,material:zp7:BEV
87359,72,72,on_time,0,
87360,72,72,on_time,0,
87361,72,72,on_time,0,
87362,72,,unfulfilled,,material:zp7:BEV
87363,72,72,on_time,0,
87364,72,,unfulfilled,,material:zp7:BEV
87365,72,72,on_time,0,
87366,72,72,on_time,0,
87367,72,72,on_time,0,
87368,72,72,on_time,0,
87369,72,,unfulfilled,,material:zp7:BEV
87370,72,,unfulfilled,,material:zp7:BEV
87371,72,,unfulfilled,,material:zp7:BEV
87372,72,,unfulfilled,,material:zp7:BEV
87373,72,,unfulfilled,,material:zp7:BEV
87374,72,72,on_time,0,
87375,72,,unfulfilled,,material:zp7:BEV
87376,72,72,on_time,0,
87377,72,,unfulfilled,,material:zp7:BEV
87378,72,72,on_time,0,
87379,72,,unfulfilled,,material:zp7:BEV
87380,72,,unfulfilled,,material:zp7:BEV
87381,72,72,on_time,0,
87382,72,72,on_time,0,
87383,72,,unfulfilled,,material:zp7:BEV
87384,72,72,on_time,0,
87385,72,72,on_time,0,
87386,72,72,on_time,0,
87387,72,,unfulfilled,,material:zp7:BEV
87388,72,72,on_time,0,
87389,72,,unfulfilled,,material:zp7:BEV
87390,72,72,on_time,0,
87391,72,72,on_time,0,
87392,72,72,on_time,0,
87393,72,72,on_time,0,
87394,72,72,on_time,0,
87395,72,72,on_time,0,
87396,72,72,on_time,0,
87397,72,72,on_time,0,
87398,72,72,on_time,0,
87399,72,72,on_time,0,
87400,72,72,on_time,0,
87401,72,72,on_time,0,
87402,72,72,on_time,0,
87403,72,72,on_time,0,
87404,72,72,on_time,0,
87405,72,72,on_time,0,
87406,72,72,on_time,0,
87407,72,72,on_time,0,
87408,72,72,on_time,0,
87409,72,72,on_time,0,
87410,72,,unfulfilled,,material:zp7:BEV
87411,72,72,on_time,0,
87412,72,72,on_time,0,
87413,72,,unfulfilled,,material:zp7:BEV
87414,72,,unfulfilled,,material:zp7:BEV
87415,72,,unfulfilled,,material:zp7:BEV
87416,72,,unfulfilled,,material:zp7:BEV
87417,72,,unfulfilled,,material:zp7:BEV
87418,72,72,on_time,0,
87419,72,,unfulfilled,,material:zp7:BEV
87420,72,72,on_time,0,
87421,72,,unfulfilled,,material:zp7:BEV
87422,72,72,on_time,0,
87423,72,,unfulfilled,,material:zp7:BEV
87424,72,,unfulfilled,,material:zp7:BEV
87425,72,72,on_time,0,
87426,72,72,on_time,0,
87427,72,,unfulfilled,,material:zp7:BEV
87428,72,72,on_time,0,
87429,72,72,on_time,0,
87430,72,72,on_time,0,
87431,72,,unfulfilled,,material:zp7:BEV
87432,72,72,on_time,0,
87433,72,,unfulfilled,,material:zp7:BEV
87434,72,72,on_time,0,
87435,72,72,on_time,0,
87436,72,72,on_time,0,
87437,72,72,on_time,0,
87438,72,,unfulfilled,,material:zp7:BEV
87439,72,,unfulfilled,,material:zp7:BEV
87440,72,,unfulfilled,,material:zp7:BEV
87441,72,,unfulfilled,,material:zp7:BEV
87442,72,,unfulfilled,,material:zp7:BEV
87443,72,72,on_time,0,
87444,72,,unfulfilled,,material:zp7:BEV
87445,72,72,on_time,0,
87446,72,,unfulfilled,,material:zp7:BEV
87447,72,72,on_time,0,
87448,72,,unfulfilled,,material:zp7:BEV
87449,72,,unfulfilled,,material:zp7:BEV
87450,72,72,on_time,0,
87451,72,72,on_time,0,
87452,72,,unfulfilled,,material:zp7:BEV
87453,72,72,on_time,0,
87454,72,72,on_time,0,
87455,72,72,on_time,0,
87456,72,,unfulfilled,,material:zp7:BEV
87457,72,72,on_time,0,
87458,72,,unfulfilled,,material:zp7:BEV
87459,72,72,on_time,0,
87460,72,72,on_time,0,
87461,72,72,on_time,0,
87462,72,72,on_time,0,
87463,72,72,on_time,0,
87464,72,72,on_time,0,
87465,72,72,on_time,0,
87466,72,72,on_time,0,
87467,72,72,on_time,0,
87468,72,72,on_time,0,
87469,72,72,on_time,0,
87470,72,72,on_time,0,
87471,72,,unfulfilled,,material:zp7:BEV
87472,72,,unfulfilled,,material:zp7:BEV
87473,72,,unfulfilled,,material:zp7:BEV
87474,72,,unfulfilled,,material:zp7:BEV
87475,72,,unfulfilled,,material:zp7:BEV
87476,72,72,on_time,0,
87477,72,,unfulfilled,,material:zp7:BEV
87478,72,72,on_time,0,
87479,72,,unfulfilled,,material:zp7:BEV
87480,72,72,on_time,0,
87481,72,,unfulfilled,,material:zp7:BEV
87482,72,,unfulfilled,,material:zp7:BEV
87483,72,72,on_time,0,
87484,72,72,on_time,0,
87485,72,,unfulfilled,,material:zp7:BEV
87486,72,72,on_time,0,
87487,72,72,on_time,0,
87488,72,72,on_time,0,
87489,72,,unfulfilled,,material:zp7:BEV
87490,72,72,on_time,0,
87491,72,,unfulfilled,,material:zp7:BEV
87492,72,72,on_time,0,
87493,72,72,on_time,0,
87494,72,72,on_time,0,
87495,72,72,on_time,0,
87496,72,,unfulfilled,,material:zp7:BEV
87497,72,,unfulfilled,,material:zp7:BEV
87498,72,,unfulfilled,,material:zp7:BEV
87499,72,,unfulfilled,,material:zp7:BEV
87500,72,,unfulfilled,,material:zp7:BEV
87501,72,72,on_time,0,
87502,72,,unfulfilled,,material:zp7:BEV
87503,72,72,on_time,0,
87504,72,,unfulfilled,,material:zp7:BEV
87505,72,72,on_time,0,
87506,72,,unfulfilled,,material:zp7:BEV
87507,72,,unfulfilled,,material:zp7:BEV
87508,72,72,on_time,0,
87509,72,72,on_time,0,
87510,72,,unfulfilled,,material:zp7:BEV
87511,72,72,on_time,0,
87512,72,72,on_time,0,
87513,72,72,on_time,0,
87514,72,,unfulfilled,,material:zp7:BEV
87515,72,72,on_time,0,
87516,72,,unfulfilled,,material:zp7:BEV
87517,72,72,on_time,0,
87518,72,72,on_time,0,
87519,72,72,on_time,0,
87520,72,72,on_time,0,
87521,72,72,on_time,0,
87522,72,72,on_time,0,
87523,72,72,on_time,0,
87524,72,,unfulfilled,,material:zp7:BEV
87525,72,,unfulfilled,,material:zp7:BEV
87526,72,,unfulfilled,,material:zp7:BEV
87527,72,,unfulfilled,,material:zp7:BEV
87528,72,,unfulfilled,,material:zp7:BEV
87529,72,72,on_time,0,
87530,72,,unfulfilled,,material:zp7:BEV
87531,72,72,on_time,0,
87532,72,,unfulfilled,,material:zp7:BEV
87533,72,72,on_time,0,
87534,72,,unfulfilled,,material:zp7:BEV
87535,72,,unfulfilled,,material:zp7:BEV
87536,72,72,on_time,0,
87537,72,72,on_time,0,
87538,72,,unfulfilled,,material:zp7:BEV
87539,72,72,on_time,0,
87540,72,72,on_time,0,
87541,72,72,on_time,0,
87542,72,,unfulfilled,,material:zp7:BEV
87543,72,72,on_time,0,
87544,72,,unfulfilled,,material:zp7:BEV
87545,72,72,on_time,0,
87546,72,72,on_time,0,
87547,72,72,on_time,0,
87548,72,72,on_time,0,
87549,72,,unfulfilled,,material:zp7:BEV
87550,72,,unfulfilled,,material:zp7:BEV
87551,72,,unfulfilled,,material:zp7:BEV
87552,72,,unfulfilled,,material:zp7:BEV
87553,72,,unfulfilled,,material:zp7:BEV
87554,72,72,on_time,0,
87555,72,,unfulfilled,,material:zp7:BEV
87556,72,72,on_time,0,
87557,72,,unfulfilled,,material:zp7:BEV
87558,72,72,on_time,0,
87559,72,,unfulfilled,,material:zp7:BEV
87560,72,,unfulfilled,,material:zp7:BEV
87561,72,72,on_time,0,
87562,72,72,on_time,0,
87563,72,,unfulfilled,,material:zp7:BEV
87564,72,72,on_time,0,
87565,72,72,on_time,0,
87566,72,72,on_time,0,
87567,72,,unfulfilled,,material:zp7:BEV
87568,72,72,on_time,0,
87569,72,,unfulfilled,,material:zp7:BEV
87570,72,72,on_time,0,
87571,72,72,on_time,0,
87572,72,72,on_time,0,
87573,72,72,on_time,0,
87574,72,72,on_time,0,
87575,72,72,on_time,0,
87576,72,72,on_time,0,
87577,72,72,on_time,0,
87578,72,72,on_time,0,
87579,72,72,on_time,0,
87580,72,72,on_time,0,
87581,72,72,on_time,0,
87582,72,72,on_time,0,
87583,72,72,on_time,0,
87584,72,72,on_time,0,
87585,72,72,on_time,0,
87586,72,72,on_time,0,
87587,72,72,on_time,0,
87588,72,72,on_time,0,
87589,72,72,on_time,0,
87590,72,72,on_time,0,
87591,72,72,on_time,0,
87592,72,72,on_time,0,
87593,72,72,on_time,0,
87594,72,72,on_time,0,
87595,72,72,on_time,0,
87596,72,72,on_time,0,
87597,72,72,on_time,0,
87598,72,72,on_time,0,
87599,72,72,on_time,0,
87600,72,72,on_time,0,
87601,72,72,on_time,0,
87602,72,72,on_time,0,
87603,72,72,on_time,0,
87604,72,72,on_time,0,
87605,72,72,on_time,0,
87606,72,72,on_time,0,
87607,72,72,on_time,0,
87608,72,72,on_time,0,
87609,72,72,on_time,0,
87610,72,72,on_time,0,
87611,72,72,on_time,0,
87612,72,,unfulfilled,,material:zp7:BEV
87613,72,72,on_time,0,
87614,72,72,on_time,0,
87615,72,72,on_time,0,
87616,72,72,on_time,0,
87617,72,72,on_time,0,
87618,72,72,on_time,0,
87619,72,72,on_time,0,
87620,72,72,on_time,0,
87621,72,72,on_time,0,
87622,72,72,on_time,0,
87623,72,72,on_time,0,
87624,72,72,on_time,0,
87625,72,72,on_time,0,
87626,72,72,on_time,0,
87627,72,72,on_time,0,
87628,72,72,on_time,0,
87629,72,72,on_time,0,
87630,72,72,on_time,0,
87631,72,72,on_time,0,
87632,72,72,on_time,0,
87633,72,72,on_time,0,
87634,72,72,on_time,0,
87635,72,72,on_time,0,
87636,72,72,on_time,0,
87637,72,72,on_time,0,
87638,72,72,on_time,0,
87639,72,72,on_time,0,
87640,72,72,on_time,0,
87641,72,72,on_time,0,
87642,72,72,on_time,0,
87643,72,72,on_time,0,
87644,72,72,on_time,0,
87645,72,72,on_time,0,
87646,72,,unfulfilled,,material:zp7:BEV
87647,72,,unfulfilled,,material:zp7:BEV
87648,72,,unfulfilled,,material:zp7:BEV
87649,72,,unfulfilled,,material:zp7:BEV
87650,72,,unfulfilled,,material:zp7:BEV
87651,72,72,on_time,0,
87652,72,,unfulfilled,,material:zp7:BEV
87653,72,72,on_time,0,
87654,72,,unfulfilled,,material:zp7:BEV
87655,72,72,on_time,0,
87656,72,,unfulfilled,,material:zp7:BEV
87657,72,,unfulfilled,,material:zp7:BEV
87658,72,72,on_time,0,
87659,72,72,on_time,0,
87660,72,,unfulfilled,,material:zp7:BEV
87661,72,72,on_time,0,
87662,72,72,on_time,0,
87663,72,72,on_time,0,
87664,72,,unfulfilled,,material:zp7:BEV
87665,72,72,on_time,0,
87666,72,,unfulfilled,,material:zp7:BEV
87667,72,72,on_time,0,
87668,72,72,on_time,0,
87669,72,72,on_time,0,
87670,72,72,on_time,0,
87671,72,,unfulfilled,,material:zp7:BEV
87672,72,,unfulfilled,,material:zp7:BEV
87673,72,,unfulfilled,,material:zp7:BEV
87674,72,,unfulfilled,,material:zp7:BEV
87675,72,,unfulfilled,,material:zp7:BEV
87676,72,72,on_time,0,
87677,72,,unfulfilled,,material:zp7:BEV
87678,72,72,on_time,0,
87679,72,,unfulfilled,,material:zp7:BEV
87680,72,72,on_time,0,
87681,72,,unfulfilled,,material:zp7:BEV
87682,72,,unfulfilled,,material:zp7:BEV
87683,72,72,on_time,0,
87684,72,72,on_time,0,
87685,72,,unfulfilled,,material:zp7:BEV
87686,72,72,on_time,0,
87687,72,72,on_time,0,
87688,72,72,on_time,0,
87689,72,,unfulfilled,,material:zp7:BEV
87690,72,72,on_time,0,
87691,72,,unfulfilled,,material:zp7:BEV
87692,72,72,on_time,0,
87693,72,72,on_time,0,
87694,72,72,on_time,0,
87695,72,72,on_time,0,
87696,72,72,on_time,0,
87697,72,72,on_time,0,
87698,72,72,on_time,0,
87699,72,72,on_time,0,
87700,72,72,on_time,0,
87701,72,72,on_time,0,
87702,72,72,on_time,0,
87703,72,72,on_time,0,
87704,72,,unfulfilled,,material:zp7:BEV
87705,72,,unfulfilled,,material:zp7:BEV
87706,72,,unfulfilled,,material:zp7:BEV
87707,72,,unfulfilled,,material:zp7:BEV
87708,72,,unfulfilled,,material:zp7:BEV
87709,72,72,on_time,0,
87710,72,,unfulfilled,,material:zp7:BEV
87711,72,72,on_time,0,
87712,72,,unfulfilled,,material:zp7:BEV
87713,72,72,on_time,0,
87714,72,,unfulfilled,,material:zp7:BEV
87715,72,,unfulfilled,,material:zp7:BEV
87716,72,72,on_time,0,
87717,72,72,on_time,0,
87718,72,,unfulfilled,,material:zp7:BEV
87719,72,72,on_time,0,
87720,72,72,on_time,0,
87721,72,72,on_time,0,
87722,72,,unfulfilled,,material:zp7:BEV
87723,72,72,on_time,0,
87724,72,,unfulfilled,,material:zp7:BEV
87725,72,72,on_time,0,
87726,72,72,on_time,0,
87727,72,72,on_time,0,
87728,72,72,on_time,0,
87729,72,,unfulfilled,,material:zp7:BEV
87730,72,,unfulfilled,,material:zp7:BEV
87731,72,,unfulfilled,,material:zp7:BEV
87732,72,,unfulfilled,,material:zp7:BEV
87733,72,,unfulfilled,,material:zp7:BEV
87734,72,72,on_time,0,
87735,72,,unfulfilled,,material:zp7:BEV
87736,72,72,on_time,0,
87737,72,,unfulfilled,,material:zp7:BEV
87738,72,72,on_time,0,
87739,72,,unfulfilled,,material:zp7:BEV
87740,72,,unfulfilled,,material:zp7:BEV
87741,72,72,on_time,0,
87742,72,72,on_time,0,
87743,72,,unfulfilled,,material:zp7:BEV
87744,72,72,on_time,0,
87745,72,72,on_time,0,
87746,72,72,on_time,0,
87747,72,,unfulfilled,,material:zp7:BEV
87748,72,72,on_time,0,
87749,72,,unfulfilled,,material:zp7:BEV
87750,72,72,on_time,0,
87751,72,72,on_time,0,
87752,72,72,on_time,0,
87753,72,72,on_time,0,
87754,72,72,on_time,0,
87755,72,72,on_time,0,
87756,72,72,on_time,0,
87757,72,,unfulfilled,,material:zp7:BEV
87758,72,,unfulfilled,,material:zp7:BEV
87759,72,,unfulfilled,,material:zp7:BEV
87760,72,,unfulfilled,,material:zp7:BEV
87761,72,,unfulfilled,,material:zp7:BEV
87762,72,72,on_time,0,
87763,72,,unfulfilled,,material:zp7:BEV
87764,72,72,on_time,0,
87765,72,,unfulfilled,,material:zp7:BEV
87766,72,72,on_time,0,
87767,72,,unfulfilled,,material:zp7:BEV
87768,72,,unfulfilled,,material:zp7:BEV
87769,72,72,on_time,0,
87770,72,72,on_time,0,
87771,72,,unfulfilled,,material:zp7:BEV
87772,72,72,on_time,0,
87773,72,72,on_time,0,
87774,72,72,on_time,0,
87775,72,,unfulfilled,,material:zp7:BEV
87776,72,72,on_time,0,
87777,72,,unfulfilled,,material:zp7:BEV
87778,72,72,on_time,0,
87779,72,72,on_time,0,
87780,72,72,on_time,0,
87781,72,72,on_time,0,
87782,72,,unfulfilled,,material:zp7:BEV
87783,72,,unfulfilled,,material:zp7:BEV
87784,72,,unfulfilled,,material:zp7:BEV
87785,72,,unfulfilled,,material:zp7:BEV
87786,72,,unfulfilled,,material:zp7:BEV
87787,72,72,on_time,0,
87788,72,,unfulfilled,,material:zp7:BEV
87789,72,72,on_time,0,
87790,72,,unfulfilled,,material:zp7:BEV
87791,72,72,on_time,0,
87792,72,,unfulfilled,,material:zp7:BEV
87793,72,,unfulfilled,,material:zp7:BEV
87794,72,72,on_time,0,
87795,72,72,on_time,0,
87796,72,,unfulfilled,,material:zp7:BEV
87797,72,72,on_time,0,
87798,72,72,on_time,0,
87799,72,72,on_time,0,
87800,72,,unfulfilled,,material:zp7:BEV
87801,72,72,on_time,0,
87802,72,,unfulfilled,,material:zp7:BEV
87803,72,72,on_time,0,
87804,72,72,on_time,0,
87805,72,72,on_time,0,
87806,72,72,on_time,0,
87807,72,72,on_time,0,
87808,72,72,on_time,0,
87809,72,72,on_time,0,
87810,72,72,on_time,0,
87811,72,72,on_time,0,
87812,72,72,on_time,0,
87813,72,72,on_time,0,
87814,72,,unfulfilled,,material:zp7:BEV
87815,72,72,on_time,0,
87816,72,72,on_time,0,
87817,72,72,on_time,0,
87818,72,72,on_time,0,
87819,72,72,on_time,0,
87820,72,72,on_time,0,
87821,72,72,on_time,0,
87822,72,72,on_time,0,
87823,72,72,on_time,0,
87824,72,72,on_time,0,
87825,72,72,on_time,0,
87826,72,72,on_time,0,
87827,72,72,on_time,0,
87828,72,72,on_time,0,
87829,72,72,on_time,0,
87830,72,72,on_time,0,
87831,72,,unfulfilled,,material:zp7:BEV
87832,72,72,on_time,0,
87833,72,72,on_time,0,
87834,72,72,on_time,0,
87835,72,72,on_time,0,
87836,72,72,on_time,0,
87837,72,72,on_time,0,
87838,72,72,on_time,0,
87839,72,72,on_time,0,
87840,72,72,on_time,0,
87841,72,72,on_time,0,
87842,72,72,on_time,0,
87843,72,72,on_time,0,
87844,72,72,on_time,0,
87845,72,72,on_time,0,
87846,72,72,on_time,0,
87847,72,72,on_time,0,
87848,72,72,on_time,0,
87849,72,72,on_time,0,
87850,72,72,on_time,0,
87851,72,72,on_time,0,
87852,72,72,on_time,0,
87853,72,72,on_time,0,
87854,72,72,on_time,0,
87855,72,72,on_time,0,
87856,72,72,on_time,0,
87857,72,72,on_time,0,
87858,72,72,on_time,0,
87859,72,72,on_time,0,
87860,72,72,on_time,0,
87861,72,72,on_time,0,
87862,72,72,on_time,0,
87863,72,72,on_time,0,
87864,72,72,on_time,0,
87865,72,72,on_time,0,
87866,72,72,on_time,0,
87867,72,72,on_time,0,
87868,72,72,on_time,0,
87869,72,72,on_time,0,
87870,72,72,on_time,0,
87871,72,72,on_time,0,
87872,72,72,on_time,0,
87873,72,72,on_time,0,
87874,72,72,on_time,0,
87875,72,72,on_time,0,
87876,72,72,on_time,0,
87877,72,72,on_time,0,
87878,72,72,on_time,0,
87879,72,72,on_time,0,
87880,72,72,on_time,0,
87881,72,72,on_time,0,
87882,72,72,on_time,0,
87883,72,72,on_time,0,
87884,72,72,on_time,0,
87885,72,72,on_time,0,
87886,72,73,late,1,
87887,72,73,late,1,
87888,72,73,late,1,
87889,72,73,late,1,
87890,72,73,late,1,
87891,72,73,late,1,
87892,72,73,late,1,
87893,72,73,late,1,
87894,72,73,late,1,
87895,72,73,late,1,
87896,72,73,late,1,
87897,72,73,late,1,
87898,72,73,late,1,
87899,72,73,late,1,
87900,72,73,late,1,
87901,72,73,late,1,
87902,72,73,late,1,
87903,72,73,late,1,
87904,72,73,late,1,
87905,72,73,late,1,
87906,72,73,late,1,
87907,72,73,late,1,
87908,72,73,late,1,
87909,72,73,late,1,
87910,72,73,late,1,
87911,72,73,late,1,
87912,72,73,late,1,
87913,72,,unfulfilled,,material:zp7:BEV
87914,72,73,late,1,
87915,72,73,late,1,
87916,72,73,late,1,
87917,72,73,late,1,
87918,72,73,late,1,
87919,72,73,late,1,
87920,72,73,late,1,
87921,72,73,late,1,
87922,72,73,late,1,
87923,72,73,late,1,
87924,72,73,late,1,
87925,72,73,late,1,
87926,72,73,late,1,
87927,72,,unfulfilled,,material:zp7:BEV
87928,72,,unfulfilled,,material:zp7:BEV
87929,72,,unfulfilled,,material:zp7:BEV
87930,72,,unfulfilled,,material:zp7:BEV
87931,72,,unfulfilled,,material:zp7:BEV
87932,72,73,late,1,
87933,72,,unfulfilled,,material:zp7:BEV
87934,72,73,late,1,
87935,72,,unfulfilled,,material:zp7:BEV
87936,72,73,late,1,
87937,72,,unfulfilled,,material:zp7:BEV
87938,72,,unfulfilled,,material:zp7:BEV
87939,72,73,late,1,
87940,72,73,late,1,
87941,72,,unfulfilled,,material:zp7:BEV
87942,72,73,late,1,
87943,72,73,late,1,
87944,72,73,late,1,
87945,72,,unfulfilled,,material:zp7:BEV
87946,72,73,late,1,
87947,72,,unfulfilled,,material:zp7:BEV
87948,72,73,late,1,
87949,72,73,late,1,
87950,72,73,late,1,
87951,72,73,late,1,
87952,72,,unfulfilled,,material:zp7:BEV
87953,72,,unfulfilled,,material:zp7:BEV
87954,72,,unfulfilled,,material:zp7:BEV
87955,72,,unfulfilled,,material:zp7:BEV
87956,72,,unfulfilled,,material:zp7:BEV
87957,72,73,late,1,
87958,72,,unfulfilled,,material:zp7:BEV
87959,72,73,late,1,
87960,72,,unfulfilled,,material:zp7:BEV
87961,72,73,late,1,
87962,72,,unfulfilled,,material:zp7:BEV
87963,72,,unfulfilled,,material:zp7:BEV
87964,72,73,late,1,
87965,72,73,late,1,
87966,72,,unfulfilled,,material:zp7:BEV
87967,72,73,late,1,
87968,72,73,late,1,
87969,72,73,late,1,
87970,72,,unfulfilled,,material:zp7:BEV
87971,72,73,late,1,
87972,72,,unfulfilled,,material:zp7:BEV
87973,72,73,late,1,
87974,72,73,late,1,
87975,72,73,late,1,
87976,72,73,late,1,
87977,72,73,late,1,
87978,72,73,late,1,
87979,72,73,late,1,
87980,72,73,late,1,
87981,72,73,late,1,
87982,72,73,late,1,
87983,72,73,late,1,
87984,72,73,late,1,
87985,72,,unfulfilled,,material:zp7:BEV
87986,72,,unfulfilled,,material:zp7:BEV
87987,72,,unfulfilled,,material:zp7:BEV
87988,72,,unfulfilled,,material:zp7:BEV
87989,72,,unfulfilled,,material:zp7:BEV
87990,72,73,late,1,
87991,72,,unfulfilled,,material:zp7:BEV
87992,72,73,late,1,
87993,72,,unfulfilled,,material:zp7:BEV
87994,72,73,late,1,
87995,72,,unfulfilled,,material:zp7:BEV
87996,72,,unfulfilled,,material:zp7:BEV
87997,72,73,late,1,
87998,72,73,late,1,
87999,72,,unfulfilled,,material:zp7:BEV
88000,72,73,late,1,
88001,73,73,on_time,0,
88002,73,73,on_time,0,
88003,73,,unfulfilled,,material:zp7:BEV
88004,73,73,on_time,0,
88005,73,,unfulfilled,,material:zp7:BEV
88006,73,73,on_time,0,
88007,73,73,on_time,0,
88008,73,73,on_time,0,
88009,73,73,on_time,0,
88010,73,,unfulfilled,,material:zp7:BEV
88011,73,,unfulfilled,,material:zp7:BEV
88012,73,,unfulfilled,,material:zp7:BEV
88013,73,,unfulfilled,,material:zp7:BEV
88014,73,,unfulfilled,,material:zp7:BEV
88015,73,73,on_time,0,
88016,73,,unfulfilled,,material:zp7:BEV
88017,73,73,on_time,0,
88018,73,,unfulfilled,,material:zp7:BEV
88019,73,73,on_time,0,
88020,73,,unfulfilled,,material:zp7:BEV
88021,73,,unfulfilled,,material:zp7:BEV
88022,73,73,on_time,0,
88023,73,73,on_time,0,
88024,73,,unfulfilled,,material:zp7:BEV
88025,73,73,on_time,0,
88026,73,73,on_time,0,
88027,73,73,on_time,0,
88028,73,,unfulfilled,,material:zp7:BEV
88029,73,73,on_time,0,
88030,73,,unfulfilled,,material:zp7:BEV
88031,73,73,on_time,0,
88032,73,73,on_time,0,
88033,73,73,on_time,0,
88034,73,73,on_time,0,
88035,73,73,on_time,0,
88036,73,73,on_time,0,
88037,73,73,on_time,0,
88038,73,,unfulfilled,,material:zp7:BEV
88039,73,,unfulfilled,,material:zp7:BEV
88040,73,,unfulfilled,,material:zp7:BEV
88041,73,,unfulfilled,,material:zp7:BEV
88042,73,,unfulfilled,,material:zp7:BEV
88043,73,73,on_time,0,
88044,73,,unfulfilled,,material:zp7:BEV
88045,73,73,on_time,0,
88046,73,,unfulfilled,,material:zp7:BEV
88047,73,73,on_time,0,
88048,73,,unfulfilled,,material:zp7:BEV
88049,73,,unfulfilled,,material:zp7:BEV
88050,73,73,on_time,0,
88051,73,73,on_time,0,
88052,73,,unfulfilled,,material:zp7:BEV
88053,73,73,on_time,0,
88054,73,73,on_time,0,
88055,73,73,on_time,0,
88056,73,,unfulfilled,,material:zp7:BEV
88057,73,73,on_time,0,
88058,73,,unfulfilled,,material:zp7:BEV
88059,73,73,on_time,0,
88060,73,73,on_time,0,
88061,73,73,on_time,0,
88062,73,73,on_time,0,
88063,73,,unfulfilled,,material:zp7:BEV
88064,73,,unfulfilled,,material:zp7:BEV
88065,73,,unfulfilled,,material:zp7:BEV
88066,73,,unfulfilled,,material:zp7:BEV
88067,73,,unfulfilled,,material:zp7:BEV
88068,73,73,on_time,0,
88069,73,,unfulfilled,,material:zp7:BEV
88070,73,73,on_time,0,
88071,73,,unfulfilled,,material:zp7:BEV
88072,73,73,on_time,0,
88073,73,,unfulfilled,,material:zp7:BEV
88074,73,,unfulfilled,,material:zp7:BEV
88075,73,73,on_time,0,
88076,73,73,on_time,0,
88077,73,,unfulfilled,,material:zp7:BEV
88078,73,73,on_time,0,
88079,73,73,on_time,0,
88080,73,73,on_time,0,
88081,73,,unfulfilled,,material:zp7:BEV
88082,73,73,on_time,0,
88083,73,,unfulfilled,,material:zp7:BEV
88084,73,73,on_time,0,
88085,73,73,on_time,0,
88086,73,,unfulfilled,,material:zp7:BEV
88087,73,,unfulfilled,,material:zp7:BEV
88088,73,,unfulfilled,,material:zp7:BEV
88089,73,,unfulfilled,,material:zp7:BEV
88090,73,,unfulfilled,,material:zp7:BEV
88091,73,73,on_time,0,
88092,73,,unfulfilled,,material:zp7:BEV
88093,73,73,on_time,0,
88094,73,,unfulfilled,,material:zp7:BEV
88095,73,73,on_time,0,
88096,73,,unfulfilled,,material:zp7:BEV
88097,73,,unfulfilled,,material:zp7:BEV
88098,73,73,on_time,0,
88099,73,73,on_time,0,
88100,73,,unfulfilled,,material:zp7:BEV
88101,73,73,on_time,0,
88102,73,73,on_time,0,
88103,73,73,on_time,0,
88104,73,,unfulfilled,,material:zp7:BEV
88105,73,73,on_time,0,
88106,73,,unfulfilled,,material:zp7:BEV
88107,73,73,on_time,0,
88108,73,73,on_time,0,
88109,73,73,on_time,0,
88110,73,73,on_time,0,
88111,73,,unfulfilled,,material:zp7:BEV
88112,73,,unfulfilled,,material:zp7:BEV
88113,73,,unfulfilled,,material:zp7:BEV
88114,73,,unfulfilled,,material:zp7:BEV
88115,73,,unfulfilled,,material:zp7:BEV
88116,73,73,on_time,0,
88117,73,,unfulfilled,,material:zp7:BEV
88118,73,73,on_time,0,
88119,73,,unfulfilled,,material:zp7:BEV
88120,73,73,on_time,0,
88121,73,,unfulfilled,,material:zp7:BEV
88122,73,,unfulfilled,,material:zp7:BEV
88123,73,73,on_time,0,
88124,73,73,on_time,0,
88125,73,,unfulfilled,,material:zp7:BEV
88126,73,73,on_time,0,
88127,73,73,on_time,0,
88128,73,73,on_time,0,
88129,73,,unfulfilled,,material:zp7:BEV
88130,73,73,on_time,0,
88131,73,,unfulfilled,,material:zp7:BEV
88132,73,73,on_time,0,
88133,73,73,on_time,0,
88134,73,73,on_time,0,
88135,73,73,on_time,0,
88136,73,73,on_time,0,
88137,73,73,on_time,0,
88138,73,73,on_time,0,
88139,73,73,on_time,0,
88140,73,73,on_time,0,
88141,73,73,on_time,0,
88142,73,73,on_time,0,
88143,73,73,on_time,0,
88144,73,,unfulfilled,,material:zp7:BEV
88145,73,,unfulfilled,,material:zp7:BEV
88146,73,,unfulfilled,,material:zp7:BEV
88147,73,,unfulfilled,,material:zp7:BEV
88148,73,,unfulfilled,,material:zp7:BEV
88149,73,73,on_time,0,
88150,73,,unfulfilled,,material:zp7:BEV
88151,73,73,on_time,0,
88152,73,,unfulfilled,,material:zp7:BEV
88153,73,73,on_time,0,
88154,73,,unfulfilled,,material:zp7:BEV
88155,73,,unfulfilled,,material:zp7:BEV
88156,73,73,on_time,0,
88157,73,73,on_time,0,
88158,73,,unfulfilled,,material:zp7:BEV
88159,73,73,on_time,0,
88160,73,73,on_time,0,
88161,73,73,on_time,0,
88162,73,,unfulfilled,,material:zp7:BEV
88163,73,73,on_time,0,
88164,73,,unfulfilled,,material:zp7:BEV
88165,73,73,on_time,0,
88166,73,73,on_time,0,
88167,73,73,on_time,0,
88168,73,73,on_time,0,
88169,73,,unfulfilled,,material:zp7:BEV
88170,73,,unfulfilled,,material:zp7:BEV
88171,73,,unfulfilled,,material:zp7:BEV
88172,73,,unfulfilled,,material:zp7:BEV
88173,73,,unfulfilled,,material:zp7:BEV
88174,73,73,on_time,0,
88175,73,,unfulfilled,,material:zp7:BEV
88176,73,73,on_time,0,
88177,73,,unfulfilled,,material:zp7:BEV
88178,73,73,on_time,0,
88179,73,,unfulfilled,,material:zp7:BEV
88180,73,,unfulfilled,,material:zp7:BEV
88181,73,73,on_time,0,
88182,73,73,on_time,0,
88183,73,,unfulfilled,,material:zp7:BEV
88184,73,73,on_time,0,
88185,73,73,on_time,0,
88186,73,73,on_time,0,
88187,73,,unfulfilled,,material:zp7:BEV
88188,73,73,on_time,0,
88189,73,,unfulfilled,,material:zp7:BEV
88190,73,73,on_time,0,
88191,73,73,on_time,0,
88192,73,73,on_time,0,
88193,73,73,on_time,0,
88194,73,73,on_time,0,
88195,73,73,on_time,0,
88196,73,73,on_time,0,
88197,73,,unfulfilled,,material:zp7:BEV
88198,73,,unfulfilled,,material:zp7:BEV
88199,73,,unfulfilled,,material:zp7:BEV
88200,73,,unfulfilled,,material:zp7:BEV
88201,73,,unfulfilled,,material:zp7:BEV
88202,73,73,on_time,0,
88203,73,,unfulfilled,,material:zp7:BEV
88204,73,73,on_time,0,
88205,73,,unfulfilled,,material:zp7:BEV
88206,73,73,on_time,0,
88207,73,,unfulfilled,,material:zp7:BEV
88208,73,,unfulfilled,,material:zp7:BEV
88209,73,73,on_time,0,
88210,73,73,on_time,0,
88211,73,,unfulfilled,,material:zp7:BEV
88212,73,73,on_time,0,
88213,73,73,on_time,0,
88214,73,73,on_time,0,
88215,73,,unfulfilled,,material:zp7:BEV
88216,73,73,on_time,0,
88217,73,,unfulfilled,,material:zp7:BEV
88218,73,73,on_time,0,
88219,73,73,on_time,0,
88220,73,73,on_time,0,
88221,73,73,on_time,0,
88222,73,,unfulfilled,,material:zp7:BEV
88223,73,,unfulfilled,,material:zp7:BEV
88224,73,,unfulfilled,,material:zp7:BEV
88225,73,,unfulfilled,,material:zp7:BEV
88226,73,,unfulfilled,,material:zp7:BEV
88227,73,73,on_time,0,
88228,73,,unfulfilled,,material:zp7:BEV
88229,73,73,on_time,0,
88230,73,,unfulfilled,,material:zp7:BEV
88231,73,73,on_time,0,
88232,73,,unfulfilled,,material:zp7:BEV
88233,73,,unfulfilled,,material:zp7:BEV
88234,73,73,on_time,0,
88235,73,73,on_time,0,
88236,73,,unfulfilled,,material:zp7:BEV
88237,73,73,on_time,0,
88238,73,73,on_time,0,
88239,73,73,on_time,0,
88240,73,,unfulfilled,,material:zp7:BEV
88241,73,73,on_time,0,
88242,73,,unfulfilled,,material:zp7:BEV
88243,73,,unfulfilled,,material:zp7:BEV
88244,73,73,on_time,0,
88245,73,,unfulfilled,,material:zp7:BEV
88246,73,73,on_time,0,
88247,73,,unfulfilled,,material:zp7:BEV
88248,73,,unfulfilled,,material:zp7:BEV
88249,73,73,on_time,0,
88250,73,73,on_time,0,
88251,73,,unfulfilled,,material:zp7:BEV
88252,73,73,on_time,0,
88253,73,73,on_time,0,
88254,73,73,on_time,0,
88255,73,,unfulfilled,,material:zp7:BEV
88256,73,73,on_time,0,
88257,73,,unfulfilled,,material:zp7:BEV
88258,73,73,on_time,0,
88259,73,73,on_time,0,
88260,73,73,on_time,0,
88261,73,73,on_time,0,
88262,73,,unfulfilled,,material:zp7:BEV
88263,73,,unfulfilled,,material:zp7:BEV
88264,73,,unfulfilled,,material:zp7:BEV
88265,73,,unfulfilled,,material:zp7:BEV
88266,73,,unfulfilled,,material:zp7:BEV
88267,73,73,on_time,0,
88268,73,,unfulfilled,,material:zp7:BEV
88269,73,73,on_time,0,
88270,73,,unfulfilled,,material:zp7:BEV
88271,73,73,on_time,0,
88272,73,,unfulfilled,,material:zp7:BEV
88273,73,,unfulfilled,,material:zp7:BEV
88274,73,73,on_time,0,
88275,73,73,on_time,0,
88276,73,,unfulfilled,,material:zp7:BEV
88277,73,73,on_time,0,
88278,73,73,on_time,0,
88279,73,73,on_time,0,
88280,73,,unfulfilled,,material:zp7:BEV
88281,73,73,on_time,0,
88282,73,,unfulfilled,,material:zp7:BEV
88283,73,73,on_time,0,
88284,73,73,on_time,0,
88285,73,73,on_time,0,
88286,73,73,on_time,0,
88287,73,73,on_time,0,
88288,73,73,on_time,0,
88289,73,73,on_time,0,
88290,73,73,on_time,0,
88291,73,73,on_time,0,
88292,73,73,on_time,0,
88293,73,73,on_time,0,
88294,73,73,on_time,0,
88295,73,,unfulfilled,,material:zp7:BEV
88296,73,,unfulfilled,,material:zp7:BEV
88297,73,,unfulfilled,,material:zp7:BEV
88298,73,,unfulfilled,,material:zp7:BEV
88299,73,,unfulfilled,,material:zp7:BEV
88300,73,73,on_time,0,
88301,73,,unfulfilled,,material:zp7:BEV
88302,73,73,on_time,0,
88303,73,,unfulfilled,,material:zp7:BEV
88304,73,73,on_time,0,
88305,73,,unfulfilled,,material:zp7:BEV
88306,73,,unfulfilled,,material:zp7:BEV
88307,73,73,on_time,0,
88308,73,73,on_time,0,
88309,73,,unfulfilled,,material:zp7:BEV
88310,73,73,on_time,0,
88311,73,73,on_time,0,
88312,73,73,on_time,0,
88313,73,,unfulfilled,,material:zp7:BEV
88314,73,73,on_time,0,
88315,73,,unfulfilled,,material:zp7:BEV
88316,73,73,on_time,0,
88317,73,73,on_time,0,
88318,73,73,on_time,0,
88319,73,73,on_time,0,
88320,73,,unfulfilled,,material:zp7:BEV
88321,73,,unfulfilled,,material:zp7:BEV
88322,73,,unfulfilled,,material:zp7:BEV
88323,73,,unfulfilled,,material:zp7:BEV
88324,73,,unfulfilled,,material:zp7:BEV
88325,73,73,on_time,0,
88326,73,,unfulfilled,,material:zp7:BEV
88327,73,73,on_time,0,
88328,73,,unfulfilled,,material:zp7:BEV
88329,73,73,on_time,0,
88330,73,,unfulfilled,,material:zp7:BEV
88331,73,,unfulfilled,,material:zp7:BEV
88332,73,73,on_time,0,
88333,73,73,on_time,0,
88334,73,,unfulfilled,,material:zp7:BEV
88335,73,73,on_time,0,
88336,73,73,on_time,0,
88337,73,73,on_time,0,
88338,73,,unfulfilled,,material:zp7:BEV
88339,73,73,on_time,0,
88340,73,,unfulfilled,,material:zp7:BEV
88341,73,73,on_time,0,
88342,73,73,on_time,0,
88343,73,73,on_time,0,
88344,73,73,on_time,0,
88345,73,73,on_time,0,
88346,73,73,on_time,0,
88347,73,73,on_time,0,
88348,73,,unfulfilled,,material:zp7:BEV
88349,73,,unfulfilled,,material:zp7:BEV
88350,73,,unfulfilled,,material:zp7:BEV
88351,73,,unfulfilled,,material:zp7:BEV
88352,73,,unfulfilled,,material:zp7:BEV
88353,73,73,on_time,0,
88354,73,,unfulfilled,,material:zp7:BEV
88355,73,73,on_time,0,
88356,73,,unfulfilled,,material:zp7:BEV
88357,73,73,on_time,0,
88358,73,,unfulfilled,,material:zp7:BEV
88359,73,,unfulfilled,,material:zp7:BEV
88360,73,73,on_time,0,
88361,73,73,on_time,0,
88362,73,,unfulfilled,,material:zp7:BEV
88363,73,73,on_time,0,
88364,73,73,on_time,0,
88365,73,73,on_time,0,
88366,73,,unfulfilled,,material:zp7:BEV
88367,73,73,on_time,0,
88368,73,,unfulfilled,,material:zp7:BEV
88369,73,73,on_time,0,
88370,73,73,on_time,0,
88371,73,73,on_time,0,
88372,73,73,on_time,0,
88373,73,,unfulfilled,,material:zp7:BEV
88374,73,,unfulfilled,,material:zp7:BEV
88375,73,,unfulfilled,,material:zp7:BEV
88376,73,,unfulfilled,,material:zp7:BEV
88377,73,,unfulfilled,,material:zp7:BEV
88378,73,73,on_time,0,
88379,73,,unfulfilled,,material:zp7:BEV
88380,73,73,on_time,0,
88381,73,,unfulfilled,,material:zp7:BEV
88382,73,73,on_time,0,
88383,73,,unfulfilled,,material:zp7:BEV
88384,73,,unfulfilled,,material:zp7:BEV
88385,73,73,on_time,0,
88386,73,73,on_time,0,
88387,73,,unfulfilled,,material:zp7:BEV
88388,73,73,on_time,0,
88389,73,73,on_time,0,
88390,73,73,on_time,0,
88391,73,,unfulfilled,,material:zp7:BEV
88392,73,73,on_time,0,
88393,73,,unfulfilled,,material:zp7:BEV
88394,73,73,on_time,0,
88395,73,73,on_time,0,
88396,73,73,on_time,0,
88397,73,73,on_time,0,
88398,73,73,on_time,0,
88399,73,73,on_time,0,
88400,73,73,on_time,0,
88401,73,73,on_time,0,
88402,73,73,on_time,0,
88403,73,,unfulfilled,,material:zp7:BEV
88404,73,,unfulfilled,,material:zp7:BEV
88405,73,,unfulfilled,,material:zp7:BEV
88406,73,,unfulfilled,,material:zp7:BEV
88407,73,,unfulfilled,,material:zp7:BEV
88408,73,73,on_time,0,
88409,73,,unfulfilled,,material:zp7:BEV
88410,73,73,on_time,0,
88411,73,,unfulfilled,,material:zp7:BEV
88412,73,73,on_time,0,
88413,73,,unfulfilled,,material:zp7:BEV
88414,73,,unfulfilled,,material:zp7:BEV
88415,73,73,on_time,0,
88416,73,73,on_time,0,
88417,73,,unfulfilled,,material:zp7:BEV
88418,73,73,on_time,0,
88419,73,73,on_time,0,
88420,73,73,on_time,0,
88421,73,,unfulfilled,,material:zp7:BEV
88422,73,73,on_time,0,
88423,73,,unfulfilled,,material:zp7:BEV
88424,73,73,on_time,0,
88425,73,73,on_time,0,
88426,73,73,on_time,0,
88427,73,73,on_time,0,
88428,73,,unfulfilled,,material:zp7:BEV
88429,73,,unfulfilled,,material:zp7:BEV
88430,73,,unfulfilled,,material:zp7:BEV
88431,73,,unfulfilled,,material:zp7:BEV
88432,73,,unfulfilled,,material:zp7:BEV
88433,73,73,on_time,0,
88434,73,,unfulfilled,,material:zp7:BEV
88435,73,73,on_time,0,
88436,73,,unfulfilled,,material:zp7:BEV
88437,73,73,on_time,0,
88438,73,,unfulfilled,,material:zp7:BEV
88439,73,,unfulfilled,,material:zp7:BEV
88440,73,73,on_time,0,
88441,73,73,on_time,0,
88442,73,,unfulfilled,,material:zp7:BEV
88443,73,73,on_time,0,
88444,73,73,on_time,0,
88445,73,73,on_time,0,
88446,73,,unfulfilled,,material:zp7:BEV
88447,73,73,on_time,0,
88448,73,,unfulfilled,,material:zp7:BEV
88449,73,73,on_time,0,
88450,73,73,on_time,0,
88451,73,73,on_time,0,
88452,73,73,on_time,0,
88453,73,73,on_time,0,
88454,73,73,on_time,0,
88455,73,73,on_time,0,
88456,73,,unfulfilled,,material:zp7:BEV
88457,73,,unfulfilled,,material:zp7:BEV
88458,73,,unfulfilled,,material:zp7:BEV
88459,73,,unfulfilled,,material:zp7:BEV
88460,73,,unfulfilled,,material:zp7:BEV
88461,73,73,on_time,0,
88462,73,,unfulfilled,,material:zp7:BEV
88463,73,73,on_time,0,
88464,73,,unfulfilled,,material:zp7:BEV
88465,73,73,on_time,0,
88466,73,,unfulfilled,,material:zp7:BEV
88467,73,,unfulfilled,,material:zp7:BEV
88468,73,73,on_time,0,
88469,73,73,on_time,0,
88470,73,,unfulfilled,,material:zp7:BEV
88471,73,73,on_time,0,
88472,73,73,on_time,0,
88473,73,73,on_time,0,
88474,73,,unfulfilled,,material:zp7:BEV
88475,73,73,on_time,0,
88476,73,,unfulfilled,,material:zp7:BEV
88477,73,73,on_time,0,
88478,73,73,on_time,0,
88479,73,73,on_time,0,
88480,73,73,on_time,0,
88481,73,,unfulfilled,,material:zp7:BEV
88482,73,,unfulfilled,,material:zp7:BEV
88483,73,,unfulfilled,,material:zp7:BEV
88484,73,,unfulfilled,,material:zp7:BEV
88485,73,,unfulfilled,,material:zp7:BEV
88486,73,73,on_time,0,
88487,73,,unfulfilled,,material:zp7:BEV
88488,73,73,on_time,0,
88489,73,,unfulfilled,,material:zp7:BEV
88490,73,73,on_time,0,
88491,73,,unfulfilled,,material:zp7:BEV
88492,73,,unfulfilled,,material:zp7:BEV
88493,73,73,on_time,0,
88494,73,73,on_time,0,
88495,73,,unfulfilled,,material:zp7:BEV
88496,73,73,on_time,0,
88497,73,73,on_time,0,
88498,73,73,on_time,0,
88499,73,,unfulfilled,,material:zp7:BEV
88500,73,73,on_time,0,
88501,73,,unfulfilled,,material:zp7:BEV
88502,73,,unfulfilled,,material:zp7:BEV
88503,73,,unfulfilled,,material:zp7:BEV
88504,73,,unfulfilled,,material:zp7:BEV
88505,73,73,on_time,0,
88506,73,,unfulfilled,,material:zp7:BEV
88507,73,73,on_time,0,
88508,73,,unfulfilled,,material:zp7:BEV
88509,73,73,on_time,0,
88510,73,,unfulfilled,,material:zp7:BEV
88511,73,,unfulfilled,,material:zp7:BEV
88512,73,73,on_time,0,
88513,73,73,on_time,0,
88514,73,,unfulfilled,,material:zp7:BEV
88515,73,73,on_time,0,
88516,73,73,on_time,0,
88517,73,73,on_time,0,
88518,73,,unfulfilled,,material:zp7:BEV
88519,73,73,on_time,0,
88520,73,,unfulfilled,,material:zp7:BEV
88521,73,73,on_time,0,
88522,73,73,on_time,0,
88523,73,73,on_time,0,
88524,73,73,on_time,0,
88525,73,,unfulfilled,,material:zp7:BEV
88526,73,,unfulfilled,,material:zp7:BEV
88527,73,,unfulfilled,,material:zp7:BEV
88528,73,,unfulfilled,,material:zp7:BEV
88529,73,,unfulfilled,,material:zp7:BEV
88530,73,73,on_time,0,
88531,73,,unfulfilled,,material:zp7:BEV
88532,73,73,on_time,0,
88533,73,,unfulfilled,,material:zp7:BEV
88534,73,73,on_time,0,
88535,73,,unfulfilled,,material:zp7:BEV
88536,73,,unfulfilled,,material:zp7:BEV
88537,73,73,on_time,0,
88538,73,73,on_time,0,
88539,73,,unfulfilled,,material:zp7:BEV
88540,73,73,on_time,0,
88541,73,73,on_time,0,
88542,73,73,on_time,0,
88543,73,,unfulfilled,,material:zp7:BEV
88544,73,73,on_time,0,
88545,73,,unfulfilled,,material:zp7:BEV
88546,73,73,on_time,0,
88547,73,73,on_time,0,
88548,73,,unfulfilled,,material:zp7:BEV
88549,73,,unfulfilled,,material:zp7:BEV
88550,73,,unfulfilled,,material:zp7:BEV
88551,73,,unfulfilled,,material:zp7:BEV
88552,73,,unfulfilled,,material:zp7:BEV
88553,73,73,on_time,0,
88554,73,,unfulfilled,,material:zp7:BEV
88555,73,73,on_time,0,
88556,73,,unfulfilled,,material:zp7:BEV
88557,73,73,on_time,0,
88558,73,,unfulfilled,,material:zp7:BEV
88559,73,,unfulfilled,,material:zp7:BEV
88560,73,73,on_time,0,
88561,73,73,on_time,0,
88562,73,,unfulfilled,,material:zp7:BEV
88563,73,73,on_time,0,
88564,73,73,on_time,0,
88565,73,73,on_time,0,
88566,73,,unfulfilled,,material:zp7:BEV
88567,73,73,on_time,0,
88568,73,,unfulfilled,,material:zp7:BEV
88569,73,73,on_time,0,
88570,73,73,on_time,0,
88571,73,73,on_time,0,
88572,73,73,on_time,0,
88573,73,,unfulfilled,,material:zp7:BEV
88574,73,,unfulfilled,,material:zp7:BEV
88575,73,,unfulfilled,,material:zp7:BEV
88576,73,,unfulfilled,,material:zp7:BEV
88577,73,,unfulfilled,,material:zp7:BEV
88578,73,73,on_time,0,
88579,73,,unfulfilled,,material:zp7:BEV
88580,73,73,on_time,0,
88581,73,,unfulfilled,,material:zp7:BEV
88582,73,73,on_time,0,
88583,73,,unfulfilled,,material:zp7:BEV
88584,73,,unfulfilled,,material:zp7:BEV
88585,73,73,on_time,0,
88586,73,73,on_time,0,
88587,73,,unfulfilled,,material:zp7:BEV
88588,73,73,on_time,0,
88589,73,73,on_time,0,
88590,73,73,on_time,0,
88591,73,,unfulfilled,,material:zp7:BEV
88592,73,73,on_time,0,
88593,73,,unfulfilled,,material:zp7:BEV
88594,73,73,on_time,0,
88595,73,73,on_time,0,
88596,73,73,on_time,0,
88597,73,73,on_time,0,
88598,73,73,on_time,0,
88599,73,73,on_time,0,
88600,73,73,on_time,0,
88601,73,73,on_time,0,
88602,73,73,on_time,0,
88603,73,73,on_time,0,
88604,73,73,on_time,0,
88605,73,73,on_time,0,
88606,73,,unfulfilled,,material:zp7:BEV
88607,73,,unfulfilled,,material:zp7:BEV
88608,73,,unfulfilled,,material:zp7:BEV
88609,73,,unfulfilled,,material:zp7:BEV
88610,73,,unfulfilled,,material:zp7:BEV
88611,73,73,on_time,0,
88612,73,,unfulfilled,,material:zp7:BEV
88613,73,73,on_time,0,
88614,73,,unfulfilled,,material:zp7:BEV
88615,73,73,on_time,0,
88616,73,,unfulfilled,,material:zp7:BEV
88617,73,,unfulfilled,,material:zp7:BEV
88618,73,73,on_time,0,
88619,73,73,on_time,0,
88620,73,,unfulfilled,,material:zp7:BEV
88621,73,73,on_time,0,
88622,73,73,on_time,0,
88623,73,73,on_time,0,
88624,73,,unfulfilled,,material:zp7:BEV
88625,73,73,on_time,0,
88626,73,,unfulfilled,,material:zp7:BEV
88627,73,73,on_time,0,
88628,73,73,on_time,0,
88629,73,73,on_time,0,
88630,73,73,on_time,0,
88631,73,,unfulfilled,,material:zp7:BEV
88632,73,,unfulfilled,,material:zp7:BEV
88633,73,,unfulfilled,,material:zp7:BEV
88634,73,,unfulfilled,,material:zp7:BEV
88635,73,,unfulfilled,,material:zp7:BEV
88636,73,73,on_time,0,
88637,73,,unfulfilled,,material:zp7:BEV
88638,73,73,on_time,0,
88639,73,,unfulfilled,,material:zp7:BEV
88640,73,73,on_time,0,
88641,73,,unfulfilled,,material:zp7:BEV
88642,73,,unfulfilled,,material:zp7:BEV
88643,73,73,on_time,0,
88644,73,73,on_time,0,
88645,73,,unfulfilled,,material:zp7:BEV
88646,73,73,on_time,0,
88647,73,73,on_time,0,
88648,73,73,on_time,0,
88649,73,,unfulfilled,,material:zp7:BEV
88650,73,73,on_time,0,
88651,73,,unfulfilled,,material:zp7:BEV
88652,73,73,on_time,0,
88653,73,73,on_time,0,
88654,73,73,on_time,0,
88655,73,73,on_time,0,
88656,73,73,on_time,0,
88657,73,73,on_time,0,
88658,73,73,on_time,0,
88659,73,,unfulfilled,,material:zp7:BEV
88660,73,,unfulfilled,,material:zp7:BEV
88661,73,,unfulfilled,,material:zp7:BEV
88662,73,,unfulfilled,,material:zp7:BEV
88663,73,,unfulfilled,,material:zp7:BEV
88664,73,73,on_time,0,
88665,73,,unfulfilled,,material:zp7:BEV
88666,73,73,on_time,0,
88667,73,,unfulfilled,,material:zp7:BEV
88668,73,73,on_time,0,
88669,73,,unfulfilled,,material:zp7:BEV
88670,73,,unfulfilled,,material:zp7:BEV
88671,73,73,on_time,0,
88672,73,73,on_time,0,
88673,73,,unfulfilled,,material:zp7:BEV
88674,73,73,on_time,0,
88675,73,73,on_time,0,
88676,73,73,on_time,0,
88677,73,,unfulfilled,,material:zp7:BEV
88678,73,73,on_time,0,
88679,73,,unfulfilled,,material:zp7:BEV
88680,73,73,on_time,0,
88681,73,73,on_time,0,
88682,73,73,on_time,0,
88683,73,73,on_time,0,
88684,73,,unfulfilled,,material:zp7:BEV
88685,73,,unfulfilled,,material:zp7:BEV
88686,73,,unfulfilled,,material:zp7:BEV
88687,73,,unfulfilled,,material:zp7:BEV
88688,73,,unfulfilled,,material:zp7:BEV
88689,73,73,on_time,0,
88690,73,,unfulfilled,,material:zp7:BEV
88691,73,73,on_time,0,
88692,73,,unfulfilled,,material:zp7:BEV
88693,73,73,on_time,0,
88694,73,,unfulfilled,,material:zp7:BEV
88695,73,,unfulfilled,,material:zp7:BEV
88696,73,73,on_time,0,
88697,73,73,on_time,0,
88698,73,,unfulfilled,,material:zp7:BEV
88699,73,73,on_time,0,
88700,73,73,on_time,0,
88701,73,73,on_time,0,
88702,73,,unfulfilled,,material:zp7:BEV
88703,73,73,on_time,0,
88704,73,,unfulfilled,,material:zp7:BEV
88705,73,73,on_time,0,
88706,73,73,on_time,0,
88707,73,73,on_time,0,
88708,73,73,on_time,0,
88709,73,73,on_time,0,
88710,73,73,on_time,0,
88711,73,73,on_time,0,
88712,73,73,on_time,0,
88713,73,73,on_time,0,
88714,73,73,on_time,0,
88715,73,73,on_time,0,
88716,73,73,on_time,0,
88717,73,73,on_time,0,
88718,73,73,on_time,0,
88719,73,73,on_time,0,
88720,73,73,on_time,0,
88721,73,73,on_time,0,
88722,73,73,on_time,0,
88723,73,73,on_time,0,
88724,73,73,on_time,0,
88725,73,73,on_time,0,
88726,73,73,on_time,0,
88727,73,73,on_time,0,
88728,73,73,on_time,0,
88729,73,73,on_time,0,
88730,73,73,on_time,0,
88731,73,73,on_time,0,
88732,73,73,on_time,0,
88733,73,73,on_time,0,
88734,73,73,on_time,0,
88735,73,73,on_time,0,
88736,73,73,on_time,0,
88737,73,73,on_time,0,
88738,73,73,on_time,0,
88739,73,73,on_time,0,
88740,73,73,on_time,0,
88741,73,73,on_time,0,
88742,73,73,on_time,0,
88743,73,73,on_time,0,
88744,73,73,on_time,0,
88745,73,73,on_time,0,
88746,73,73,on_time,0,
88747,73,73,on_time,0,
88748,73,73,on_time,0,
88749,73,73,on_time,0,
88750,73,73,on_time,0,
88751,73,73,on_time,0,
88752,73,73,on_time,0,
88753,73,73,on_time,0,
88754,73,,unfulfilled,,material:zp7:BEV
88755,73,73,on_time,0,
88756,73,73,on_time,0,
88757,73,73,on_time,0,
88758,73,,unfulfilled,,material:zp7:BEV
88759,73,73,on_time,0,
88760,73,73,on_time,0,
88761,73,73,on_time,0,
88762,73,73,on_time,0,
88763,73,73,on_time,0,
88764,73,73,on_time,0,
88765,73,73,on_time,0,
88766,73,73,on_time,0,
88767,73,73,on_time,0,
88768,73,73,on_time,0,
88769,73,73,on_time,0,
88770,73,73,on_time,0,
88771,73,73,on_time,0,
88772,73,73,on_time,0,
88773,73,73,on_time,0,
88774,73,73,on_time,0,
88775,73,73,on_time,0,
88776,73,73,on_time,0,
88777,73,73,on_time,0,
88778,73,73,on_time,0,
88779,73,73,on_time,0,
88780,73,73,on_time,0,
88781,73,73,on_time,0,
88782,73,73,on_time,0,
88783,73,73,on_time,0,
88784,73,73,on_time,0,
88785,73,73,on_time,0,
88786,73,73,on_time,0,
88787,73,73,on_time,0,
88788,73,73,on_time,0,
88789,73,73,on_time,0,
88790,73,73,on_time,0,
88791,73,,unfulfilled,,material:zp7:BEV
88792,73,73,on_time,0,
88793,73,73,on_time,0,
88794,73,73,on_time,0,
88795,73,73,on_time,0,
88796,73,73,on_time,0,
88797,73,73,on_time,0,
88798,73,73,on_time,0,
88799,73,73,on_time,0,
88800,73,73,on_time,0,
88801,73,73,on_time,0,
88802,73,73,on_time,0,
88803,73,73,on_time,0,
88804,73,73,on_time,0,
88805,73,73,on_time,0,
88806,73,73,on_time,0,
88807,73,73,on_time,0,
88808,73,,unfulfilled,,material:zp7:BEV
88809,73,73,on_time,0,
88810,73,73,on_time,0,
88811,73,73,on_time,0,
88812,73,73,on_time,0,
88813,73,73,on_time,0,
88814,73,73,on_time,0,
88815,73,73,on_time,0,
88816,73,73,on_time,0,
88817,73,73,on_time,0,
88818,73,73,on_time,0,
88819,73,,unfulfilled,,material:zp7:BEV
88820,73,73,on_time,0,
88821,73,73,on_time,0,
88822,73,73,on_time,0,
88823,73,73,on_time,0,
88824,73,73,on_time,0,
88825,73,73,on_time,0,
88826,73,73,on_time,0,
88827,73,73,on_time,0,
88828,73,73,on_time,0,
88829,73,73,on_time,0,
88830,73,73,on_time,0,
88831,73,73,on_time,0,
88832,73,73,on_time,0,
88833,73,73,on_time,0,
88834,73,73,on_time,0,
88835,73,73,on_time,0,
88836,73,73,on_time,0,
88837,73,73,on_time,0,
88838,73,73,on_time,0,
88839,73,73,on_time,0,
88840,73,73,on_time,0,
88841,73,73,on_time,0,
88842,73,73,on_time,0,
88843,73,73,on_time,0,
88844,73,73,on_time,0,
88845,73,73,on_time,0,
88846,73,73,on_time,0,
88847,73,73,on_time,0,
88848,73,73,on_time,0,
88849,73,73,on_time,0,
88850,73,73,on_time,0,
88851,73,73,on_time,0,
88852,73,73,on_time,0,
88853,73,73,on_time,0,
88854,73,73,on_time,0,
88855,73,73,on_time,0,
88856,73,73,on_time,0,
88857,73,73,on_time,0,
88858,73,73,on_time,0,
88859,73,73,on_time,0,
88860,73,73,on_time,0,
88861,73,73,on_time,0,
88862,73,73,on_time,0,
88863,73,73,on_time,0,
88864,73,73,on_time,0,
88865,73,73,on_time,0,
88866,73,73,on_time,0,
88867,73,73,on_time,0,
88868,73,73,on_time,0,
88869,73,73,on_time,0,
88870,73,73,on_time,0,
88871,73,73,on_time,0,
88872,73,73,on_time,0,
88873,73,73,on_time,0,
88874,73,73,on_time,0,
88875,73,,unfulfilled,,material:zp7:BEV
88876,73,73,on_time,0,
88877,73,73,on_time,0,
88878,73,73,on_time,0,
88879,73,73,on_time,0,
88880,73,73,on_time,0,
88881,73,73,on_time,0,
88882,73,73,on_time,0,
88883,73,73,on_time,0,
88884,73,73,on_time,0,
88885,73,73,on_time,0,
88886,73,73,on_time,0,
88887,73,73,on_time,0,
88888,73,73,on_time,0,
88889,73,73,on_time,0,
88890,73,73,on_time,0,
88891,73,73,on_time,0,
88892,73,73,on_time,0,
88893,73,73,on_time,0,
88894,73,73,on_time,0,
88895,73,73,on_time,0,
88896,73,73,on_time,0,
88897,73,73,on_time,0,
88898,73,73,on_time,0,
88899,73,73,on_time,0,
88900,73,73,on_time,0,
88901,73,73,on_time,0,
88902,73,73,on_time,0,
88903,73,73,on_time,0,
88904,73,73,on_time,0,
88905,73,73,on_time,0,
88906,73,73,on_time,0,
88907,73,73,on_time,0,
88908,73,73,on_time,0,
88909,73,73,on_time,0,
88910,73,73,on_time,0,
88911,73,73,on_time,0,
88912,73,73,on_time,0,
88913,73,73,on_time,0,
88914,73,,unfulfilled,,material:zp7:BEV
88915,73,73,on_time,0,
88916,73,73,on_time,0,
88917,73,73,on_time,0,
88918,73,73,on_time,0,
88919,73,73,on_time,0,
88920,73,73,on_time,0,
88921,73,73,on_time,0,
88922,73,73,on_time,0,
88923,73,73,on_time,0,
88924,73,73,on_time,0,
88925,73,73,on_time,0,
88926,73,73,on_time,0,
88927,73,73,on_time,0,
88928,73,73,on_time,0,
88929,73,73,on_time,0,
88930,73,73,on_time,0,
88931,73,73,on_time,0,
88932,73,73,on_time,0,
88933,73,73,on_time,0,
88934,73,73,on_time,0,
88935,73,73,on_time,0,
88936,73,73,on_time,0,
88937,73,73,on_time,0,
88938,73,73,on_time,0,
88939,73,73,on_time,0,
88940,73,73,on_time,0,
88941,73,73,on_time,0,
88942,73,73,on_time,0,
88943,73,73,on_time,0,
88944,73,73,on_time,0,
88945,73,73,on_time,0,
88946,73,73,on_time,0,
88947,73,73,on_time,0,
88948,73,73,on_time,0,
88949,73,73,on_time,0,
88950,73,73,on_time,0,
88951,73,73,on_time,0,
88952,73,73,on_time,0,
88953,73,73,on_time,0,
88954,73,73,on_time,0,
88955,73,73,on_time,0,
88956,73,73,on_time,0,
88957,73,73,on_time,0,
88958,73,73,on_time,0,
88959,73,73,on_time,0,
88960,73,73,on_time,0,
88961,73,73,on_time,0,
88962,73,73,on_time,0,
88963,73,73,on_time,0,
88964,73,73,on_time,0,
88965,73,73,on_time,0,
88966,73,73,on_time,0,
88967,73,73,on_time,0,
88968,73,73,on_time,0,
88969,73,73,on_time,0,
88970,73,73,on_time,0,
88971,73,73,on_time,0,
88972,73,73,on_time,0,
88973,73,73,on_time,0,
88974,73,73,on_time,0,
88975,73,73,on_time,0,
88976,73,73,on_time,0,
88977,73,73,on_time,0,
88978,73,73,on_time,0,
88979,73,73,on_time,0,
88980,73,73,on_time,0,
88981,73,73,on_time,0,
88982,73,73,on_time,0,
88983,73,73,on_time,0,
88984,73,73,on_time,0,
88985,73,73,on_time,0,
88986,73,73,on_time,0,
88987,73,73,on_time,0,
88988,73,73,on_time,0,
88989,73,73,on_time,0,
88990,73,73,on_time,0,
88991,73,73,on_time,0,
88992,73,73,on_time,0,
88993,73,73,on_time,0,
88994,73,73,on_time,0,
88995,73,,unfulfilled,,material:zp7:BEV
88996,73,73,on_time,0,
88997,73,73,on_time,0,
88998,73,73,on_time,0,
88999,73,73,on_time,0,
89000,73,73,on_time,0,
89001,73,73,on_time,0,
89002,73,73,on_time,0,
89003,73,73,on_time,0,
89004,73,73,on_time,0,
89005,73,73,on_time,0,
89006,73,73,on_time,0,
89007,73,73,on_time,0,
89008,73,73,on_time,0,
89009,73,73,on_time,0,
89010,73,73,on_time,0,
89011,73,,unfulfilled,,material:zp7:BEV
89012,73,73,on_time,0,
89013,73,73,on_time,0,
89014,73,73,on_time,0,
89015,73,73,on_time,0,
89016,73,73,on_time,0,
89017,73,73,on_time,0,
89018,73,73,on_time,0,
89019,73,73,on_time,0,
89020,73,73,on_time,0,
89021,73,73,on_time,0,
89022,73,73,on_time,0,
89023,73,73,on_time,0,
89024,73,73,on_time,0,
89025,73,73,on_time,0,
89026,73,73,on_time,0,
89027,73,73,on_time,0,
89028,73,73,on_time,0,
89029,73,73,on_time,0,
89030,73,73,on_time,0,
89031,73,73,on_time,0,
89032,73,73,on_time,0,
89033,73,73,on_time,0,
89034,73,73,on_time,0,
89035,73,73,on_time,0,
89036,73,73,on_time,0,
89037,73,73,on_time,0,
89038,73,73,on_time,0,
89039,73,73,on_time,0,
89040,73,73,on_time,0,
89041,73,73,on_time,0,
89042,73,73,on_time,0,
89043,73,73,on_time,0,
89044,73,73,on_time,0,
89045,73,73,on_time,0,
89046,73,73,on_time,0,
89047,73,73,on_time,0,
89048,73,,unfulfilled,,material:zp7:BEV
89049,73,73,on_time,0,
89050,73,73,on_time,0,
89051,73,73,on_time,0,
89052,73,73,on_time,0,
89053,73,73,on_time,0,
89054,73,73,on_time,0,
89055,73,73,on_time,0,
89056,73,73,on_time,0,
89057,73,73,on_time,0,
89058,73,73,on_time,0,
89059,73,73,on_time,0,
89060,73,73,on_time,0,
89061,73,73,on_time,0,
89062,73,73,on_time,0,
89063,73,73,on_time,0,
89064,73,73,on_time,0,
89065,73,73,on_time,0,
89066,73,73,on_time,0,
89067,73,73,on_time,0,
89068,73,73,on_time,0,
89069,73,73,on_time,0,
89070,73,73,on_time,0,
89071,73,73,on_time,0,
89072,73,73,on_time,0,
89073,73,73,on_time,0,
89074,73,,unfulfilled,,material:zp7:BEV
89075,73,73,on_time,0,
89076,73,73,on_time,0,
89077,73,73,on_time,0,
89078,73,73,on_time,0,
89079,73,,unfulfilled,,material:zp7:BEV
89080,73,73,on_time,0,
89081,73,73,on_time,0,
89082,73,73,on_time,0,
89083,73,73,on_time,0,
89084,73,73,on_time,0,
89085,73,73,on_time,0,
89086,73,73,on_time,0,
89087,73,73,on_time,0,
89088,73,,unfulfilled,,material:zp7:BEV
89089,73,73,on_time,0,
89090,73,73,on_time,0,
89091,73,73,on_time,0,
89092,73,,unfulfilled,,material:zp7:BEV
89093,73,73,on_time,0,
89094,73,73,on_time,0,
89095,73,73,on_time,0,
89096,73,73,on_time,0,
89097,73,73,on_time,0,
89098,73,73,on_time,0,
89099,73,73,on_time,0,
89100,73,73,on_time,0,
89101,73,73,on_time,0,
89102,73,73,on_time,0,
89103,73,73,on_time,0,
89104,73,73,on_time,0,
89105,73,73,on_time,0,
89106,73,73,on_time,0,
89107,73,73,on_time,0,
89108,73,73,on_time,0,
89109,73,73,on_time,0,
89110,73,73,on_time,0,
89111,73,73,on_time,0,
89112,73,73,on_time,0,
89113,73,73,on_time,0,
89114,73,73,on_time,0,
89115,73,73,on_time,0,
89116,73,73,on_time,0,
89117,73,73,on_time,0,
89118,73,73,on_time,0,
89119,73,73,on_time,0,
89120,73,73,on_time,0,
89121,73,73,on_time,0,
89122,73,73,on_time,0,
89123,73,73,on_time,0,
89124,73,73,on_time,0,
89125,73,73,on_time,0,
89126,73,73,on_time,0,
89127,73,73,on_time,0,
89128,73,73,on_time,0,
89129,73,73,on_time,0,
89130,73,73,on_time,0,
89131,73,73,on_time,0,
89132,73,73,on_time,0,
89133,73,73,on_time,0,
89134,73,73,on_time,0,
89135,73,73,on_time,0,
89136,73,73,on_time,0,
89137,73,73,on_time,0,
89138,73,73,on_time,0,
89139,73,73,on_time,0,
89140,73,73,on_time,0,
89141,73,73,on_time,0,
89142,73,73,on_time,0,
89143,73,73,on_time,0,
89144,73,73,on_time,0,
89145,73,73,on_time,0,
89146,73,73,on_time,0,
89147,73,73,on_time,0,
89148,73,73,on_time,0,
89149,73,73,on_time,0,
89150,73,73,on_time,0,
89151,73,73,on_time,0,
89152,73,73,on_time,0,
89153,73,73,on_time,0,
89154,73,73,on_time,0,
89155,73,73,on_time,0,
89156,73,73,on_time,0,
89157,73,73,on_time,0,
89158,73,73,on_time,0,
89159,73,73,on_time,0,
89160,73,73,on_time,0,
89161,73,73,on_time,0,
89162,73,73,on_time,0,
89163,73,73,on_time,0,
89164,73,73,on_time,0,
89165,73,73,on_time,0,
89166,73,73,on_time,0,
89167,73,73,on_time,0,
89168,73,73,on_time,0,
89169,73,73,on_time,0,
89170,73,73,on_time,0,
89171,73,73,on_time,0,
89172,73,73,on_time,0,
89173,73,73,on_time,0,
89174,73,73,on_time,0,
89175,73,73,on_time,0,
89176,73,,unfulfilled,,material:zp7:BEV
89177,73,73,on_time,0,
89178,73,73,on_time,0,
89179,73,73,on_time,0,
89180,73,73,on_time,0,
89181,73,73,on_time,0,
89182,73,73,on_time,0,
89183,73,73,on_time,0,
89184,73,73,on_time,0,
89185,73,73,on_time,0,
89186,73,73,on_time,0,
89187,73,73,on_time,0,
89188,73,73,on_time,0,
89189,73,73,on_time,0,
89190,73,73,on_time,0,
89191,73,73,on_time,0,
89192,73,73,on_time,0,
89193,73,73,on_time,0,
89194,73,73,on_time,0,
89195,73,73,on_time,0,
89196,73,73,on_time,0,
89197,73,73,on_time,0,
89198,73,73,on_time,0,
89199,73,73,on_time,0,
89200,73,73,on_time,0,
89201,73,73,on_time,0,
89202,73,73,on_time,0,
89203,73,73,on_time,0,
89204,73,,unfulfilled,,material:zp7:BEV
89205,73,73,on_time,0,
89206,73,73,on_time,0,
89207,73,73,on_time,0,
89208,73,73,on_time,0,
89209,73,73,on_time,0,
89210,73,73,on_time,0,
89211,73,73,on_time,0,
89212,73,73,on_time,0,
89213,73,73,on_time,0,
89214,73,73,on_time,0,
89215,73,73,on_time,0,
89216,73,73,on_time,0,
89217,73,73,on_time,0,
89218,73,73,on_time,0,
89219,73,73,on_time,0,
89220,73,73,on_time,0,
89221,73,73,on_time,0,
89222,73,73,on_time,0,
89223,73,73,on_time,0,
89224,73,73,on_time,0,
89225,73,73,on_time,0,
89226,73,73,on_time,0,
89227,73,73,on_time,0,
89228,73,73,on_time,0,
89229,73,73,on_time,0,
89230,73,73,on_time,0,
89231,73,73,on_time,0,
89232,73,73,on_time,0,
89233,73,73,on_time,0,
89234,73,73,on_time,0,
89235,73,73,on_time,0,
89236,73,73,on_time,0,
89237,73,73,on_time,0,
89238,73,73,on_time,0,
89239,73,73,on_time,0,
89240,73,73,on_time,0,
89241,73,73,on_time,0,
89242,73,73,on_time,0,
89243,73,73,on_time,0,
89244,73,73,on_time,0,
89245,73,73,on_time,0,
89246,73,73,on_time,0,
89247,73,,unfulfilled,,material:zp7:BEV
89248,73,73,on_time,0,
89249,73,73,on_time,0,
89250,73,73,on_time,0,
89251,73,73,on_time,0,
89252,73,73,on_time,0,
89253,73,73,on_time,0,
89254,73,73,on_time,0,
89255,73,73,on_time,0,
89256,73,73,on_time,0,
89257,73,73,on_time,0,
89258,73,73,on_time,0,
89259,73,73,on_time,0,
89260,73,73,on_time,0,
89261,73,73,on_time,0,
89262,73,73,on_time,0,
89263,73,73,on_time,0,
89264,73,73,on_time,0,
89265,73,73,on_time,0,
89266,73,73,on_time,0,
89267,73,73,on_time,0,
89268,73,73,on_time,0,
89269,73,73,on_time,0,
89270,73,73,on_time,0,
89271,73,73,on_time,0,
89272,73,73,on_time,0,
89273,73,73,on_time,0,
89274,73,73,on_time,0,
89275,73,73,on_time,0,
89276,73,73,on_time,0,
89277,73,73,on_time,0,
89278,73,73,on_time,0,
89279,73,73,on_time,0,
89280,73,,unfulfilled,,material:zp7:BEV
89281,73,73,on_time,0,
89282,73,73,on_time,0,
89283,73,73,on_time,0,
89284,73,73,on_time,0,
89285,73,73,on_time,0,
89286,73,73,on_time,0,
89287,73,73,on_time,0,
89288,73,73,on_time,0,
89289,73,73,on_time,0,
89290,73,73,on_time,0,
89291,73,73,on_time,0,
89292,73,73,on_time,0,
89293,73,73,on_time,0,
89294,73,73,on_time,0,
89295,73,73,on_time,0,
89296,73,73,on_time,0,
89297,73,73,on_time,0,
89298,73,73,on_time,0,
89299,73,73,on_time,0,
89300,73,73,on_time,0,
89301,73,73,on_time,0,
89302,73,73,on_time,0,
89303,73,73,on_time,0,
89304,73,73,on_time,0,
89305,73,73,on_time,0,
89306,73,73,on_time,0,
89307,73,73,on_time,0,
89308,73,73,on_time,0,
89309,73,73,on_time,0,
89310,73,73,on_time,0,
89311,73,73,on_time,0,
89312,73,73,on_time,0,
89313,73,73,on_time,0,
89314,73,73,on_time,0,
89315,73,73,on_time,0,
89316,73,73,on_time,0,
89317,73,73,on_time,0,
89318,73,73,on_time,0,
89319,73,73,on_time,0,
89320,73,73,on_time,0,
89321,73,73,on_time,0,
89322,73,73,on_time,0,
89323,73,73,on_time,0,
89324,73,73,on_time,0,
89325,73,73,on_time,0,
89326,73,73,on_time,0,
89327,73,73,on_time,0,
89328,73,73,on_time,0,
89329,73,73,on_time,0,
89330,73,73,on_time,0,
89331,73,73,on_time,0,
89332,73,73,on_time,0,
89333,73,73,on_time,0,
89334,73,73,on_time,0,
89335,73,,unfulfilled,,material:zp7:BEV
89336,73,73,on_time,0,
89337,73,73,on_time,0,
89338,73,73,on_time,0,
89339,73,73,on_time,0,
89340,73,73,on_time,0,
89341,73,73,on_time,0,
89342,73,73,on_time,0,
89343,73,73,on_time,0,
89344,73,73,on_time,0,
89345,73,73,on_time,0,
89346,73,73,on_time,0,
89347,73,73,on_time,0,
89348,73,73,on_time,0,
89349,73,73,on_time,0,
89350,73,73,on_time,0,
89351,73,73,on_time,0,
89352,73,73,on_time,0,
89353,73,73,on_time,0,
89354,73,73,on_time,0,
89355,73,73,on_time,0,
89356,73,73,on_time,0,
89357,73,73,on_time,0,
89358,73,73,on_time,0,
89359,73,73,on_time,0,
89360,73,73,on_time,0,
89361,73,73,on_time,0,
89362,73,73,on_time,0,
89363,73,73,on_time,0,
89364,73,73,on_time,0,
89365,73,73,on_time,0,
89366,73,73,on_time,0,
89367,73,73,on_time,0,
89368,73,73,on_time,0,
89369,73,73,on_time,0,
89370,73,73,on_time,0,
89371,73,73,on_time,0,
89372,73,73,on_time,0,
89373,73,73,on_time,0,
89374,73,73,on_time,0,
89375,73,73,on_time,0,
89376,73,73,on_time,0,
89377,73,73,on_time,0,
89378,73,73,on_time,0,
89379,73,73,on_time,0,
89380,73,73,on_time,0,
89381,73,73,on_time,0,
89382,73,73,on_time,0,
89383,73,73,on_time,0,
89384,73,73,on_time,0,
89385,73,73,on_time,0,
89386,73,73,on_time,0,
89387,73,73,on_time,0,
89388,73,73,on_time,0,
89389,73,73,on_time,0,
89390,73,73,on_time,0,
89391,73,73,on_time,0,
89392,73,73,on_time,0,
89393,73,73,on_time,0,
89394,73,73,on_time,0,
89395,73,73,on_time,0,
89396,73,73,on_time,0,
89397,73,73,on_time,0,
89398,73,73,on_time,0,
89399,73,73,on_time,0,
89400,73,73,on_time,0,
89401,73,73,on_time,0,
89402,73,73,on_time,0,
89403,73,73,on_time,0,
89404,73,73,on_time,0,
89405,73,73,on_time,0,
89406,73,73,on_time,0,
89407,73,73,on_time,0,
89408,73,73,on_time,0,
89409,73,73,on_time,0,
89410,73,73,on_time,0,
89411,73,73,on_time,0,
89412,73,73,on_time,0,
89413,73,73,on_time,0,
89414,73,,unfulfilled,,material:zp7:BEV
89415,73,73,on_time,0,
89416,73,73,on_time,0,
89417,73,73,on_time,0,
89418,73,73,on_time,0,
89419,73,73,on_time,0,
89420,73,73,on_time,0,
89421,73,73,on_time,0,
89422,73,73,on_time,0,
89423,73,73,on_time,0,
89424,73,73,on_time,0,
89425,73,,unfulfilled,,material:zp7:BEV
89426,73,73,on_time,0,
89427,73,73,on_time,0,
89428,73,73,on_time,0,
89429,73,73,on_time,0,
89430,73,73,on_time,0,
89431,73,73,on_time,0,
89432,73,,unfulfilled,,material:zp7:BEV
89433,73,73,on_time,0,
89434,73,73,on_time,0,
89435,73,73,on_time,0,
89436,73,,unfulfilled,,material:zp7:BEV
89437,73,73,on_time,0,
89438,73,73,on_time,0,
89439,73,73,on_time,0,
89440,73,73,on_time,0,
89441,73,73,on_time,0,
89442,73,73,on_time,0,
89443,73,73,on_time,0,
89444,73,73,on_time,0,
89445,73,73,on_time,0,
89446,73,,unfulfilled,,material:zp7:BEV
89447,73,73,on_time,0,
89448,73,73,on_time,0,
89449,73,73,on_time,0,
89450,73,73,on_time,0,
89451,73,73,on_time,0,
89452,73,73,on_time,0,
89453,73,73,on_time,0,
89454,73,73,on_time,0,
89455,73,73,on_time,0,
89456,73,,unfulfilled,,material:zp7:BEV
89457,73,73,on_time,0,
89458,73,73,on_time,0,
89459,73,73,on_time,0,
89460,73,73,on_time,0,
89461,73,73,on_time,0,
89462,73,73,on_time,0,
89463,73,73,on_time,0,
89464,73,73,on_time,0,
89465,73,73,on_time,0,
89466,73,73,on_time,0,
89467,73,73,on_time,0,
89468,73,73,on_time,0,
89469,73,73,on_time,0,
89470,73,73,on_time,0,
89471,73,73,on_time,0,
89472,73,73,on_time,0,
89473,73,,unfulfilled,,material:zp7:BEV
89474,73,73,on_time,0,
89475,73,73,on_time,0,
89476,73,73,on_time,0,
89477,73,73,on_time,0,
89478,73,73,on_time,0,
89479,73,73,on_time,0,
89480,73,73,on_time,0,
89481,73,,unfulfilled,,material:zp7:BEV
89482,73,73,on_time,0,
89483,73,73,on_time,0,
89484,73,73,on_time,0,
89485,73,,unfulfilled,,material:zp7:BEV
89486,73,73,on_time,0,
89487,73,73,on_time,0,
89488,73,73,on_time,0,
89489,73,73,on_time,0,
89490,73,73,on_time,0,
89491,73,73,on_time,0,
89492,73,73,on_time,0,
89493,73,73,on_time,0,
89494,73,73,on_time,0,
89495,73,73,on_time,0,
89496,73,73,on_time,0,
89497,73,73,on_time,0,
89498,73,73,on_time,0,
89499,73,73,on_time,0,
89500,73,73,on_time,0,
89501,73,73,on_time,0,
89502,73,73,on_time,0,
89503,73,73,on_time,0,
89504,73,73,on_time,0,
89505,73,73,on_time,0,
89506,73,73,on_time,0,
89507,73,73,on_time,0,
89508,73,73,on_time,0,
89509,73,73,on_time,0,
89510,73,73,on_time,0,
89511,73,73,on_time,0,
89512,73,73,on_time,0,
89513,73,73,on_time,0,
89514,73,73,on_time,0,
89515,73,73,on_time,0,
89516,73,73,on_time,0,
89517,73,73,on_time,0,
89518,73,73,on_time,0,
89519,73,73,on_time,0,
89520,73,73,on_time,0,
89521,73,73,on_time,0,
89522,73,73,on_time,0,
89523,73,73,on_time,0,
89524,73,73,on_time,0,
89525,73,73,on_time,0,
89526,73,73,on_time,0,
89527,73,73,on_time,0,
89528,73,73,on_time,0,
89529,73,73,on_time,0,
89530,73,73,on_time,0,
89531,73,73,on_time,0,
89532,73,73,on_time,0,
89533,73,73,on_time,0,
89534,73,73,on_time,0,
89535,73,73,on_time,0,
89536,73,73,on_time,0,
89537,73,73,on_time,0,
89538,73,73,on_time,0,
89539,73,73,on_time,0,
89540,73,73,on_time,0,
89541,73,73,on_time,0,
89542,73,73,on_time,0,
89543,73,73,on_time,0,
89544,73,73,on_time,0,
89545,73,73,on_time,0,
89546,73,73,on_time,0,
89547,73,73,on_time,0,
89548,73,73,on_time,0,
89549,73,73,on_time,0,
89550,73,73,on_time,0,
89551,73,73,on_time,0,
89552,73,73,on_time,0,
89553,73,73,on_time,0,
89554,73,73,on_time,0,
89555,73,73,on_time,0,
89556,73,73,on_time,0,
89557,73,73,on_time,0,
89558,73,73,on_time,0,
89559,73,73,on_time,0,
89560,73,73,on_time,0,
89561,73,73,on_time,0,
89562,73,73,on_time,0,
89563,73,73,on_time,0,
89564,73,73,on_time,0,
89565,73,73,on_time,0,
89566,73,73,on_time,0,
89567,73,73,on_time,0,
89568,73,73,on_time,0,
89569,73,73,on_time,0,
89570,73,73,on_time,0,
89571,73,73,on_time,0,
89572,73,73,on_time,0,
89573,73,73,on_time,0,
89574,73,73,on_time,0,
89575,73,73,on_time,0,
89576,73,73,on_time,0,
89577,73,73,on_time,0,
89578,73,73,on_time,0,
89579,73,73,on_time,0,
89580,73,73,on_time,0,
89581,73,73,on_time,0,
89582,73,73,on_time,0,
89583,73,73,on_time,0,
89584,73,73,on_time,0,
89585,73,73,on_time,0,
89586,73,73,on_time,0,
89587,73,,unfulfilled,,material:zp7:BEV
89588,73,73,on_time,0,
89589,73,73,on_time,0,
89590,73,73,on_time,0,
89591,73,73,on_time,0,
89592,73,73,on_time,0,
89593,73,73,on_time,0,
89594,73,73,on_time,0,
89595,73,73,on_time,0,
89596,73,73,on_time,0,
89597,73,73,on_time,0,
89598,73,73,on_time,0,
89599,73,73,on_time,0,
89600,73,73,on_time,0,
89601,73,73,on_time,0,
89602,73,73,on_time,0,
89603,73,73,on_time,0,
89604,73,73,on_time,0,
89605,73,73,on_time,0,
89606,73,73,on_time,0,
89607,73,73,on_time,0,
89608,73,73,on_time,0,
89609,73,73,on_time,0,
89610,73,73,on_time,0,
89611,73,73,on_time,0,
89612,73,73,on_time,0,
89613,73,73,on_time,0,
89614,73,73,on_time,0,
89615,73,73,on_time,0,
89616,73,73,on_time,0,
89617,73,73,on_time,0,
89618,73,73,on_time,0,
89619,73,73,on_time,0,
89620,73,73,on_time,0,
89621,73,73,on_time,0,
89622,73,73,on_time,0,
89623,73,73,on_time,0,
89624,73,73,on_time,0,
89625,73,73,on_time,0,
89626,73,73,on_time,0,
89627,73,73,on_time,0,
89628,73,73,on_time,0,
89629,73,73,on_time,0,
89630,73,73,on_time,0,
89631,73,73,on_time,0,
89632,73,73,on_time,0,
89633,73,73,on_time,0,
89634,73,73,on_time,0,
89635,73,73,on_time,0,
89636,73,73,on_time,0,
89637,73,73,on_time,0,
89638,73,73,on_time,0,
89639,73,73,on_time,0,
89640,73,73,on_time,0,
89641,73,73,on_time,0,
89642,73,73,on_time,0,
89643,73,,unfulfilled,,material:zp7:BEV
89644,73,73,on_time,0,
89645,73,73,on_time,0,
89646,73,73,on_time,0,
89647,73,73,on_time,0,
89648,73,73,on_time,0,
89649,73,73,on_time,0,
89650,73,73,on_time,0,
89651,73,73,on_time,0,
89652,73,73,on_time,0,
89653,73,73,on_time,0,
89654,73,73,on_time,0,
89655,73,73,on_time,0,
89656,73,73,on_time,0,
89657,73,73,on_time,0,
89658,73,73,on_time,0,
89659,73,73,on_time,0,
89660,73,73,on_time,0,
89661,73,,unfulfilled,,material:zp7:BEV
89662,73,73,on_time,0,
89663,73,73,on_time,0,
89664,73,73,on_time,0,
89665,73,73,on_time,0,
89666,73,73,on_time,0,
89667,73,73,on_time,0,
89668,73,73,on_time,0,
89669,73,73,on_time,0,
89670,73,73,on_time,0,
89671,73,73,on_time,0,
89672,73,73,on_time,0,
89673,73,73,on_time,0,
89674,73,73,on_time,0,
89675,73,73,on_time,0,
89676,73,73,on_time,0,
89677,73,73,on_time,0,
89678,73,73,on_time,0,
89679,73,73,on_time,0,
89680,73,73,on_time,0,
89681,73,73,on_time,0,
89682,73,73,on_time,0,
89683,73,73,on_time,0,
89684,73,73,on_time,0,
89685,73,,unfulfilled,,material:zp7:BEV
89686,73,73,on_time,0,
89687,73,73,on_time,0,
89688,73,73,on_time,0,
89689,73,73,on_time,0,
89690,73,73,on_time,0,
89691,73,73,on_time,0,
89692,73,73,on_time,0,
89693,73,73,on_time,0,
89694,73,73,on_time,0,
89695,73,73,on_time,0,
89696,73,73,on_time,0,
89697,73,73,on_time,0,
89698,73,73,on_time,0,
89699,73,73,on_time,0,
89700,73,73,on_time,0,
89701,73,73,on_time,0,
89702,73,73,on_time,0,
89703,73,73,on_time,0,
89704,73,73,on_time,0,
89705,73,73,on_time,0,
89706,73,73,on_time,0,
89707,73,73,on_time,0,
89708,73,73,on_time,0,
89709,73,73,on_time,0,
89710,73,73,on_time,0,
89711,73,73,on_time,0,
89712,73,73,on_time,0,
89713,73,73,on_time,0,
89714,73,73,on_time,0,
89715,73,73,on_time,0,
89716,73,73,on_time,0,
89717,73,73,on_time,0,
89718,73,73,on_time,0,
89719,73,73,on_time,0,
89720,73,73,on_time,0,
89721,73,73,on_time,0,
89722,73,73,on_time,0,
89723,73,73,on_time,0,
89724,73,73,on_time,0,
89725,73,73,on_time,0,
89726,73,73,on_time,0,
89727,73,73,on_time,0,
89728,73,73,on_time,0,
89729,73,73,on_time,0,
89730,73,73,on_time,0,
89731,73,73,on_time,0,
89732,73,73,on_time,0,
89733,73,73,on_time,0,
89734,73,73,on_time,0,
89735,73,73,on_time,0,
89736,73,73,on_time,0,
89737,73,73,on_time,0,
89738,73,73,on_time,0,
89739,73,73,on_time,0,
89740,73,73,on_time,0,
89741,73,73,on_time,0,
89742,73,73,on_time,0,
89743,73,,unfulfilled,,material:zp7:BEV
89744,73,73,on_time,0,
89745,73,73,on_time,0,
89746,73,73,on_time,0,
89747,73,73,on_time,0,
89748,73,73,on_time,0,
89749,73,,unfulfilled,,material:zp7:BEV
89750,73,73,on_time,0,
89751,73,73,on_time,0,
89752,73,73,on_time,0,
89753,73,73,on_time,0,
89754,73,73,on_time,0,
89755,73,73,on_time,0,
89756,73,73,on_time,0,
89757,73,73,on_time,0,
89758,73,73,on_time,0,
89759,73,73,on_time,0,
89760,73,73,on_time,0,
89761,73,73,on_time,0,
89762,73,73,on_time,0,
89763,73,73,on_time,0,
89764,73,73,on_time,0,
89765,73,73,on_time,0,
89766,73,73,on_time,0,
89767,73,73,on_time,0,
89768,73,73,on_time,0,
89769,73,73,on_time,0,
89770,73,73,on_time,0,
89771,73,73,on_time,0,
89772,73,73,on_time,0,
89773,73,73,on_time,0,
89774,73,73,on_time,0,
89775,73,73,on_time,0,
89776,73,,unfulfilled,,material:zp7:BEV
89777,73,73,on_time,0,
89778,73,73,on_time,0,
89779,73,73,on_time,0,
89780,73,73,on_time,0,
89781,73,73,on_time,0,
89782,73,73,on_time,0,
89783,73,73,on_time,0,
89784,73,73,on_time,0,
89785,73,73,on_time,0,
89786,73,73,on_time,0,
89787,73,73,on_time,0,
89788,73,73,on_time,0,
89789,73,73,on_time,0,
89790,73,73,on_time,0,
89791,73,73,on_time,0,
89792,73,73,on_time,0,
89793,73,73,on_time,0,
89794,73,73,on_time,0,
89795,73,73,on_time,0,
89796,73,73,on_time,0,
89797,73,73,on_time,0,
89798,73,73,on_time,0,
89799,73,73,on_time,0,
89800,73,73,on_time,0,
89801,73,73,on_time,0,
89802,73,73,on_time,0,
89803,73,73,on_time,0,
89804,73,73,on_time,0,
89805,73,73,on_time,0,
89806,73,73,on_time,0,
89807,73,73,on_time,0,
89808,73,73,on_time,0,
89809,73,73,on_time,0,
89810,73,73,on_time,0,
89811,73,73,on_time,0,
89812,73,73,on_time,0,
89813,73,73,on_time,0,
89814,73,73,on_time,0,
89815,73,73,on_time,0,
89816,73,73,on_time,0,
89817,73,73,on_time,0,
89818,73,73,on_time,0,
89819,73,73,on_time,0,
89820,73,73,on_time,0,
89821,73,73,on_time,0,
89822,73,73,on_time,0,
89823,73,73,on_time,0,
89824,73,73,on_time,0,
89825,73,73,on_time,0,
89826,73,73,on_time,0,
89827,73,73,on_time,0,
89828,73,73,on_time,0,
89829,73,73,on_time,0,
89830,73,73,on_time,0,
89831,73,73,on_time,0,
89832,73,73,on_time,0,
89833,73,73,on_time,0,
89834,73,73,on_time,0,
89835,73,73,on_time,0,
89836,73,73,on_time,0,
89837,73,73,on_time,0,
89838,73,73,on_time,0,
89839,73,73,on_time,0,
89840,73,73,on_time,0,
89841,73,73,on_time,0,
89842,73,73,on_time,0,
89843,73,73,on_time,0,
89844,73,73,on_time,0,
89845,73,73,on_time,0,
89846,73,73,on_time,0,
89847,73,73,on_time,0,
89848,73,73,on_time,0,
89849,73,73,on_time,0,
89850,73,73,on_time,0,
89851,73,73,on_time,0,
89852,73,73,on_time,0,
89853,73,73,on_time,0,
89854,73,73,on_time,0,
89855,73,73,on_time,0,
89856,73,73,on_time,0,
89857,73,73,on_time,0,
89858,73,73,on_time,0,
89859,73,73,on_time,0,
89860,73,73,on_time,0,
89861,73,73,on_time,0,
89862,73,73,on_time,0,
89863,73,73,on_time,0,
89864,73,73,on_time,0,
89865,73,73,on_time,0,
89866,73,73,on_time,0,
89867,73,73,on_time,0,
89868,73,73,on_time,0,
89869,73,73,on_time,0,
89870,73,73,on_time,0,
89871,73,73,on_time,0,
89872,73,73,on_time,0,
89873,73,73,on_time,0,
89874,73,73,on_time,0,
89875,73,73,on_time,0,
89876,73,73,on_time,0,
89877,73,73,on_time,0,
89878,73,73,on_time,0,
89879,73,73,on_time,0,
89880,73,73,on_time,0,
89881,73,,unfulfilled,,material:zp7:BEV
89882,73,73,on_time,0,
89883,73,73,on_time,0,
89884,73,73,on_time,0,
89885,73,73,on_time,0,
89886,73,73,on_time,0,
89887,73,73,on_time,0,
89888,73,73,on_time,0,
89889,73,73,on_time,0,
89890,73,73,on_time,0,
89891,73,73,on_time,0,
89892,73,73,on_time,0,
89893,73,73,on_time,0,
89894,73,73,on_time,0,
89895,73,73,on_time,0,
89896,73,73,on_time,0,
89897,73,73,on_time,0,
89898,73,73,on_time,0,
89899,73,73,on_time,0,
89900,73,73,on_time,0,
89901,73,73,on_time,0,
89902,73,73,on_time,0,
89903,73,73,on_time,0,
89904,73,73,on_time,0,
89905,73,73,on_time,0,
89906,73,73,on_time,0,
89907,73,73,on_time,0,
89908,73,73,on_time,0,
89909,73,73,on_time,0,
89910,73,73,on_time,0,
89911,73,73,on_time,0,
89912,73,73,on_time,0,
89913,73,73,on_time,0,
89914,73,73,on_time,0,
89915,73,73,on_time,0,
89916,73,73,on_time,0,
89917,73,73,on_time,0,
89918,73,73,on_time,0,
89919,73,73,on_time,0,
89920,73,73,on_time,0,
89921,73,73,on_time,0,
89922,73,73,on_time,0,
89923,73,73,on_time,0,
89924,73,73,on_time,0,
89925,73,73,on_time,0,
89926,73,73,on_time,0,
89927,73,73,on_time,0,
89928,73,73,on_time,0,
89929,73,73,on_time,0,
89930,73,73,on_time,0,
89931,73,73,on_time,0,
89932,73,73,on_time,0,
89933,73,73,on_time,0,
89934,73,73,on_time,0,
89935,73,73,on_time,0,
89936,73,73,on_time,0,
89937,73,73,on_time,0,
89938,73,,unfulfilled,,material:zp7:BEV
89939,73,73,on_time,0,
89940,73,73,on_time,0,
89941,73,73,on_time,0,
89942,73,73,on_time,0,
89943,73,73,on_time,0,
89944,73,73,on_time,0,
89945,73,73,on_time,0,
89946,73,73,on_time,0,
89947,73,73,on_time,0,
89948,73,73,on_time,0,
89949,73,73,on_time,0,
89950,73,73,on_time,0,
89951,73,73,on_time,0,
89952,73,73,on_time,0,
89953,73,73,on_time,0,
89954,73,73,on_time,0,
89955,73,73,on_time,0,
89956,73,73,on_time,0,
89957,73,73,on_time,0,
89958,73,73,on_time,0,
89959,73,73,on_time,0,
89960,73,73,on_time,0,
89961,73,73,on_time,0,
89962,73,73,on_time,0,
89963,73,73,on_time,0,
89964,73,73,on_time,0,
89965,73,73,on_time,0,
89966,73,73,on_time,0,
89967,73,73,on_time,0,
89968,73,73,on_time,0,
89969,73,73,on_time,0,
89970,73,73,on_time,0,
89971,73,73,on_time,0,
89972,73,73,on_time,0,
89973,73,73,on_time,0,
89974,73,73,on_time,0,
89975,73,73,on_time,0,
89976,73,73,on_time,0,
89977,73,73,on_time,0,
89978,73,73,on_time,0,
89979,73,73,on_time,0,
89980,73,73,on_time,0,
89981,73,73,on_time,0,
89982,73,73,on_time,0,
89983,73,73,on_time,0,
89984,73,,unfulfilled,,material:zp7:BEV
89985,73,73,on_time,0,
89986,73,73,on_time,0,
89987,73,73,on_time,0,
89988,73,73,on_time,0,
89989,73,73,on_time,0,
89990,73,73,on_time,0,
89991,73,73,on_time,0,
89992,73,73,on_time,0,
89993,73,73,on_time,0,
89994,73,73,on_time,0,
89995,73,73,on_time,0,
89996,73,73,on_time,0,
89997,73,73,on_time,0,
89998,73,73,on_time,0,
89999,73,73,on_time,0,
90000,73,73,on_time,0,
90001,74,74,on_time,0,
90002,74,74,on_time,0,
90003,74,,unfulfilled,,material:zp7:BEV
90004,74,74,on_time,0,
90005,74,74,on_time,0,
90006,74,74,on_time,0,
90007,74,74,on_time,0,
90008,74,74,on_time,0,
90009,74,74,on_time,0,
90010,74,74,on_time,0,
90011,74,74,on_time,0,
90012,74,74,on_time,0,
90013,74,74,on_time,0,
90014,74,74,on_time,0,
90015,74,74,on_time,0,
90016,74,74,on_time,0,
90017,74,74,on_time,0,
90018,74,74,on_time,0,
90019,74,74,on_time,0,
90020,74,74,on_time,0,
90021,74,,unfulfilled,,material:zp7:BEV
90022,74,74,on_time,0,
90023,74,74,on_time,0,
90024,74,74,on_time,0,
90025,74,74,on_time,0,
90026,74,74,on_time,0,
90027,74,74,on_time,0,
90028,74,74,on_time,0,
90029,74,74,on_time,0,
90030,74,74,on_time,0,
90031,74,74,on_time,0,
90032,74,74,on_time,0,
90033,74,74,on_time,0,
90034,74,74,on_time,0,
90035,74,74,on_time,0,
90036,74,74,on_time,0,
90037,74,74,on_time,0,
90038,74,74,on_time,0,
90039,74,74,on_time,0,
90040,74,74,on_time,0,
90041,74,74,on_time,0,
90042,74,74,on_time,0,
90043,74,74,on_time,0,
90044,74,74,on_time,0,
90045,74,74,on_time,0,
90046,74,74,on_time,0,
90047,74,74,on_time,0,
90048,74,74,on_time,0,
90049,74,74,on_time,0,
90050,74,74,on_time,0,
90051,74,74,on_time,0,
90052,74,74,on_time,0,
90053,74,74,on_time,0,
90054,74,74,on_time,0,
90055,74,74,on_time,0,
90056,74,74,on_time,0,
90057,74,74,on_time,0,
90058,74,74,on_time,0,
90059,74,74,on_time,0,
90060,74,74,on_time,0,
90061,74,74,on_time,0,
90062,74,74,on_time,0,
90063,74,74,on_time,0,
90064,74,74,on_time,0,
90065,74,74,on_time,0,
90066,74,74,on_time,0,
90067,74,74,on_time,0,
90068,74,74,on_time,0,
90069,74,74,on_time,0,
90070,74,74,on_time,0,
90071,74,74,on_time,0,
90072,74,74,on_time,0,
90073,74,74,on_time,0,
90074,74,74,on_time,0,
90075,74,74,on_time,0,
90076,74,74,on_time,0,
90077,74,74,on_time,0,
90078,74,74,on_time,0,
90079,74,74,on_time,0,
90080,74,74,on_time,0,
90081,74,74,on_time,0,
90082,74,74,on_time,0,
90083,74,74,on_time,0,
90084,74,74,on_time,0,
90085,74,74,on_time,0,
90086,74,74,on_time,0,
90087,74,74,on_time,0,
90088,74,74,on_time,0,
90089,74,74,on_time,0,
90090,74,74,on_time,0,
90091,74,74,on_time,0,
90092,74,74,on_time,0,
90093,74,74,on_time,0,
90094,74,74,on_time,0,
90095,74,74,on_time,0,
90096,74,74,on_time,0,
90097,74,74,on_time,0,
90098,74,74,on_time,0,
90099,74,74,on_time,0,
90100,74,74,on_time,0,
90101,74,74,on_time,0,
90102,74,74,on_time,0,
90103,74,74,on_time,0,
90104,74,74,on_time,0,
90105,74,74,on_time,0,
90106,74,74,on_time,0,
90107,74,74,on_time,0,
90108,74,74,on_time,0,
90109,74,74,on_time,0,
90110,74,74,on_time,0,
90111,74,74,on_time,0,
90112,74,74,on_time,0,
90113,74,74,on_time,0,
90114,74,74,on_time,0,
90115,74,74,on_time,0,
90116,74,74,on_time,0,
90117,74,74,on_time,0,
90118,74,74,on_time,0,
90119,74,74,on_time,0,
90120,74,74,on_time,0,
90121,74,74,on_time,0,
90122,74,74,on_time,0,
90123,74,74,on_time,0,
90124,74,74,on_time,0,
90125,74,74,on_time,0,
90126,74,74,on_time,0,
90127,74,74,on_time,0,
90128,74,74,on_time,0,
90129,74,74,on_time,0,
90130,74,74,on_time,0,
90131,74,74,on_time,0,
90132,74,74,on_time,0,
90133,74,74,on_time,0,
90134,74,74,on_time,0,
90135,74,74,on_time,0,
90136,74,74,on_time,0,
90137,74,74,on_time,0,
90138,74,74,on_time,0,
90139,74,74,on_time,0,
90140,74,74,on_time,0,
90141,74,74,on_time,0,
90142,74,74,on_time,0,
90143,74,74,on_time,0,
90144,74,74,on_time,0,
90145,74,74,on_time,0,
90146,74,74,on_time,0,
90147,74,74,on_time,0,
90148,74,74,on_time,0,
90149,74,74,on_time,0,
90150,74,74,on_time,0,
90151,74,74,on_time,0,
90152,74,74,on_time,0,
90153,74,74,on_time,0,
90154,74,74,on_time,0,
90155,74,74,on_time,0,
90156,74,74,on_time,0,
90157,74,74,on_time,0,
90158,74,74,on_time,0,
90159,74,74,on_time,0,
90160,74,74,on_time,0,
90161,74,74,on_time,0,
90162,74,74,on_time,0,
90163,74,74,on_time,0,
90164,74,74,on_time,0,
90165,74,74,on_time,0,
90166,74,74,on_time,0,
90167,74,74,on_time,0,
90168,74,74,on_time,0,
90169,74,74,on_time,0,
90170,74,74,on_time,0,
90171,74,74,on_time,0,
90172,74,74,on_time,0,
90173,74,74,on_time,0,
90174,74,74,on_time,0,
90175,74,74,on_time,0,
90176,74,74,on_time,0,
90177,74,74,on_time,0,
90178,74,74,on_time,0,
90179,74,74,on_time,0,
90180,74,74,on_time,0,
90181,74,,unfulfilled,,material:zp7:BEV
90182,74,74,on_time,0,
90183,74,74,on_time,0,
90184,74,74,on_time,0,
90185,74,74,on_time,0,
90186,74,74,on_time,0,
90187,74,74,on_time,0,
90188,74,74,on_time,0,
90189,74,74,on_time,0,
90190,74,74,on_time,0,
90191,74,74,on_time,0,
90192,74,74,on_time,0,
90193,74,74,on_time,0,
90194,74,74,on_time,0,
90195,74,74,on_time,0,
90196,74,74,on_time,0,
90197,74,74,on_time,0,
90198,74,74,on_time,0,
90199,74,74,on_time,0,
90200,74,74,on_time,0,
90201,74,74,on_time,0,
90202,74,74,on_time,0,
90203,74,74,on_time,0,
90204,74,74,on_time,0,
90205,74,74,on_time,0,
90206,74,74,on_time,0,
90207,74,74,on_time,0,
90208,74,74,on_time,0,
90209,74,74,on_time,0,
90210,74,74,on_time,0,
90211,74,74,on_time,0,
90212,74,,unfulfilled,,material:zp7:BEV
90213,74,74,on_time,0,
90214,74,74,on_time,0,
90215,74,,unfulfilled,,material:zp7:BEV
90216,74,74,on_time,0,
90217,74,74,on_time,0,
90218,74,74,on_time,0,
90219,74,74,on_time,0,
90220,74,74,on_time,0,
90221,74,74,on_time,0,
90222,74,74,on_time,0,
90223,74,74,on_time,0,
90224,74,74,on_time,0,
90225,74,74,on_time,0,
90226,74,74,on_time,0,
90227,74,74,on_time,0,
90228,74,74,on_time,0,
90229,74,74,on_time,0,
90230,74,74,on_time,0,
90231,74,74,on_time,0,
90232,74,74,on_time,0,
90233,74,74,on_time,0,
90234,74,74,on_time,0,
90235,74,74,on_time,0,
90236,74,74,on_time,0,
90237,74,74,on_time,0,
90238,74,74,on_time,0,
90239,74,74,on_time,0,
90240,74,74,on_time,0,
90241,74,74,on_time,0,
90242,74,74,on_time,0,
90243,74,74,on_time,0,
90244,74,74,on_time,0,
90245,74,74,on_time,0,
90246,74,74,on_time,0,
90247,74,74,on_time,0,
90248,74,74,on_time,0,
90249,74,74,on_time,0,
90250,74,74,on_time,0,
90251,74,74,on_time,0,
90252,74,74,on_time,0,
90253,74,74,on_time,0,
90254,74,74,on_time,0,
90255,74,74,on_time,0,
90256,74,74,on_time,0,
90257,74,74,on_time,0,
90258,74,74,on_time,0,
90259,74,74,on_time,0,
90260,74,74,on_time,0,
90261,74,74,on_time,0,
90262,74,74,on_time,0,
90263,74,74,on_time,0,
90264,74,74,on_time,0,
90265,74,74,on_time,0,
90266,74,74,on_time,0,
90267,74,74,on_time,0,
90268,74,74,on_time,0,
90269,74,74,on_time,0,
90270,74,74,on_time,0,
90271,74,74,on_time,0,
90272,74,74,on_time,0,
90273,74,74,on_time,0,
90274,74,74,on_time,0,
90275,74,74,on_time,0,
90276,74,74,on_time,0,
90277,74,74,on_time,0,
90278,74,74,on_time,0,
90279,74,74,on_time,0,
90280,74,74,on_time,0,
90281,74,74,on_time,0,
90282,74,74,on_time,0,
90283,74,,unfulfilled,,material:zp7:BEV
90284,74,74,on_time,0,
90285,74,74,on_time,0,
90286,74,74,on_time,0,
90287,74,74,on_time,0,
90288,74,74,on_time,0,
90289,74,74,on_time,0,
90290,74,74,on_time,0,
90291,74,74,on_time,0,
90292,74,74,on_time,0,
90293,74,74,on_time,0,
90294,74,74,on_time,0,
90295,74,74,on_time,0,
90296,74,74,on_time,0,
90297,74,74,on_time,0,
90298,74,74,on_time,0,
90299,74,74,on_time,0,
90300,74,,unfulfilled,,material:zp7:BEV
90301,74,74,on_time,0,
90302,74,74,on_time,0,
90303,74,74,on_time,0,
90304,74,74,on_time,0,
90305,74,74,on_time,0,
90306,74,74,on_time,0,
90307,74,74,on_time,0,
90308,74,74,on_time,0,
90309,74,74,on_time,0,
90310,74,74,on_time,0,
90311,74,74,on_time,0,
90312,74,74,on_time,0,
90313,74,74,on_time,0,
90314,74,74,on_time,0,
90315,74,74,on_time,0,
90316,74,74,on_time,0,
90317,74,74,on_time,0,
90318,74,74,on_time,0,
90319,74,74,on_time,0,
90320,74,74,on_time,0,
90321,74,74,on_time,0,
90322,74,74,on_time,0,
90323,74,74,on_time,0,
90324,74,74,on_time,0,
90325,74,74,on_time,0,
90326,74,74,on_time,0,
90327,74,74,on_time,0,
90328,74,74,on_time,0,
90329,74,74,on_time,0,
90330,74,74,on_time,0,
90331,74,74,on_time,0,
90332,74,74,on_time,0,
90333,74,74,on_time,0,
90334,74,74,on_time,0,
90335,74,74,on_time,0,
90336,74,74,on_time,0,
90337,74,74,on_time,0,
90338,74,74,on_time,0,
90339,74,74,on_time,0,
90340,74,74,on_time,0,
90341,74,74,on_time,0,
90342,74,74,on_time,0,
90343,74,74,on_time,0,
90344,74,74,on_time,0,
90345,74,74,on_time,0,
90346,74,74,on_time,0,
90347,74,74,on_time,0,
90348,74,74,on_time,0,
90349,74,74,on_time,0,
90350,74,74,on_time,0,
90351,74,74,on_time,0,
90352,74,74,on_time,0,
90353,74,74,on_time,0,
90354,74,74,on_time,0,
90355,74,74,on_time,0,
90356,74,74,on_time,0,
90357,74,74,on_time,0,
90358,74,74,on_time,0,
90359,74,74,on_time,0,
90360,74,74,on_time,0,
90361,74,74,on_time,0,
90362,74,74,on_time,0,
90363,74,74,on_time,0,
90364,74,74,on_time,0,
90365,74,74,on_time,0,
90366,74,74,on_time,0,
90367,74,74,on_time,0,
90368,74,74,on_time,0,
90369,74,74,on_time,0,
90370,74,74,on_time,0,
90371,74,74,on_time,0,
90372,74,74,on_time,0,
90373,74,74,on_time,0,
90374,74,74,on_time,0,
90375,74,,unfulfilled,,material:zp7:BEV
90376,74,74,on_time,0,
90377,74,74,on_time,0,
90378,74,74,on_time,0,
90379,74,74,on_time,0,
90380,74,74,on_time,0,
90381,74,74,on_time,0,
90382,74,74,on_time,0,
90383,74,74,on_time,0,
90384,74,74,on_time,0,
90385,74,74,on_time,0,
90386,74,74,on_time,0,
90387,74,74,on_time,0,
90388,74,74,on_time,0,
90389,74,74,on_time,0,
90390,74,74,on_time,0,
90391,74,74,on_time,0,
90392,74,,unfulfilled,,material:zp7:BEV
90393,74,74,on_time,0,
90394,74,74,on_time,0,
90395,74,,unfulfilled,,material:zp7:BEV
90396,74,74,on_time,0,
90397,74,74,on_time,0,
90398,74,74,on_time,0,
90399,74,74,on_time,0,
90400,74,74,on_time,0,
90401,74,74,on_time,0,
90402,74,74,on_time,0,
90403,74,74,on_time,0,
90404,74,74,on_time,0,
90405,74,74,on_time,0,
90406,74,74,on_time,0,
90407,74,74,on_time,0,
90408,74,74,on_time,0,
90409,74,74,on_time,0,
90410,74,74,on_time,0,
90411,74,74,on_time,0,
90412,74,74,on_time,0,
90413,74,74,on_time,0,
90414,74,74,on_time,0,
90415,74,74,on_time,0,
90416,74,74,on_time,0,
90417,74,74,on_time,0,
90418,74,74,on_time,0,
90419,74,74,on_time,0,
90420,74,74,on_time,0,
90421,74,74,on_time,0,
90422,74,74,on_time,0,
90423,74,74,on_time,0,
90424,74,,unfulfilled,,material:zp7:BEV
90425,74,74,on_time,0,
90426,74,,unfulfilled,,material:zp7:BEV
90427,74,74,on_time,0,
90428,74,74,on_time,0,
90429,74,74,on_time,0,
90430,74,74,on_time,0,
90431,74,74,on_time,0,
90432,74,74,on_time,0,
90433,74,74,on_time,0,
90434,74,74,on_time,0,
90435,74,74,on_time,0,
90436,74,74,on_time,0,
90437,74,74,on_time,0,
90438,74,,unfulfilled,,material:zp7:BEV
90439,74,74,on_time,0,
90440,74,74,on_time,0,
90441,74,74,on_time,0,
90442,74,74,on_time,0,
90443,74,74,on_time,0,
90444,74,74,on_time,0,
90445,74,74,on_time,0,
90446,74,74,on_time,0,
90447,74,74,on_time,0,
90448,74,74,on_time,0,
90449,74,74,on_time,0,
90450,74,74,on_time,0,
90451,74,74,on_time,0,
90452,74,74,on_time,0,
90453,74,74,on_time,0,
90454,74,74,on_time,0,
90455,74,74,on_time,0,
90456,74,74,on_time,0,
90457,74,74,on_time,0,
90458,74,74,on_time,0,
90459,74,74,on_time,0,
90460,74,74,on_time,0,
90461,74,74,on_time,0,
90462,74,74,on_time,0,
90463,74,74,on_time,0,
90464,74,74,on_time,0,
90465,74,74,on_time,0,
90466,74,74,on_time,0,
90467,74,74,on_time,0,
90468,74,74,on_time,0,
90469,74,74,on_time,0,
90470,74,74,on_time,0,
90471,74,74,on_time,0,
90472,74,74,on_time,0,
90473,74,74,on_time,0,
90474,74,74,on_time,0,
90475,74,74,on_time,0,
90476,74,74,on_time,0,
90477,74,74,on_time,0,
90478,74,74,on_time,0,
90479,74,74,on_time,0,
90480,74,74,on_time,0,
90481,74,74,on_time,0,
90482,74,74,on_time,0,
90483,74,74,on_time,0,
90484,74,74,on_time,0,
90485,74,74,on_time,0,
90486,74,74,on_time,0,
90487,74,74,on_time,0,
90488,74,74,on_time,0,
90489,74,74,on_time,0,
90490,74,74,on_time,0,
90491,74,74,on_time,0,
90492,74,74,on_time,0,
90493,74,74,on_time,0,
90494,74,74,on_time,0,
90495,74,74,on_time,0,
90496,74,74,on_time,0,
90497,74,74,on_time,0,
90498,74,74,on_time,0,
90499,74,74,on_time,0,
90500,74,74,on_time,0,
90501,74,74,on_time,0,
90502,74,74,on_time,0,
90503,74,74,on_time,0,
90504,74,74,on_time,0,
90505,74,74,on_time,0,
90506,74,74,on_time,0,
90507,74,74,on_time,0,
90508,74,74,on_time,0,
90509,74,74,on_time,0,
90510,74,74,on_time,0,
90511,74,74,on_time,0,
90512,74,74,on_time,0,
90513,74,74,on_time,0,
90514,74,74,on_time,0,
90515,74,74,on_time,0,
90516,74,74,on_time,0,
90517,74,74,on_time,0,
90518,74,74,on_time,0,
90519,74,74,on_time,0,
90520,74,74,on_time,0,
90521,74,74,on_time,0,
90522,74,74,on_time,0,
90523,74,74,on_time,0,
90524,74,74,on_time,0,
90525,74,74,on_time,0,
90526,74,74,on_time,0,
90527,74,74,on_time,0,
90528,74,74,on_time,0,
90529,74,74,on_time,0,
90530,74,74,on_time,0,
90531,74,74,on_time,0,
90532,74,74,on_time,0,
90533,74,74,on_time,0,
90534,74,74,on_time,0,
90535,74,74,on_time,0,
90536,74,74,on_time,0,
90537,74,74,on_time,0,
90538,74,74,on_time,0,
90539,74,74,on_time,0,
90540,74,74,on_time,0,
90541,74,74,on_time,0,
90542,74,74,on_time,0,
90543,74,74,on_time,0,
90544,74,74,on_time,0,
90545,74,74,on_time,0,
90546,74,74,on_time,0,
90547,74,74,on_time,0,
90548,74,74,on_time,0,
90549,74,74,on_time,0,
90550,74,74,on_time,0,
90551,74,74,on_time,0,
90552,74,74,on_time,0,
90553,74,74,on_time,0,
90554,74,74,on_time,0,
90555,74,74,on_time,0,
90556,74,74,on_time,0,
90557,74,74,on_time,0,
90558,74,74,on_time,0,
90559,74,74,on_time,0,
90560,74,74,on_time,0,
90561,74,74,on_time,0,
90562,74,74,on_time,0,
90563,74,74,on_time,0,
90564,74,74,on_time,0,
90565,74,74,on_time,0,
90566,74,74,on_time,0,
90567,74,74,on_time,0,
90568,74,74,on_time,0,
90569,74,74,on_time,0,
90570,74,74,on_time,0,
90571,74,74,on_time,0,
90572,74,74,on_time,0,
90573,74,74,on_time,0,
90574,74,74,on_time,0,
90575,74,74,on_time,0,
90576,74,74,on_time,0,
90577,74,74,on_time,0,
90578,74,74,on_time,0,
90579,74,74,on_time,0,
90580,74,74,on_time,0,
90581,74,74,on_time,0,
90582,74,74,on_time,0,
90583,74,74,on_time,0,
90584,74,74,on_time,0,
90585,74,,unfulfilled,,material:zp7:BEV
90586,74,74,on_time,0,
90587,74,74,on_time,0,
90588,74,74,on_time,0,
90589,74,74,on_time,0,
90590,74,74,on_time,0,
90591,74,74,on_time,0,
90592,74,74,on_time,0,
90593,74,74,on_time,0,
90594,74,74,on_time,0,
90595,74,74,on_time,0,
90596,74,74,on_time,0,
90597,74,74,on_time,0,
90598,74,74,on_time,0,
90599,74,74,on_time,0,
90600,74,74,on_time,0,
90601,74,74,on_time,0,
90602,74,74,on_time,0,
90603,74,74,on_time,0,
90604,74,74,on_time,0,
90605,74,74,on_time,0,
90606,74,74,on_time,0,
90607,74,74,on_time,0,
90608,74,74,on_time,0,
90609,74,74,on_time,0,
90610,74,74,on_time,0,
90611,74,74,on_time,0,
90612,74,74,on_time,0,
90613,74,74,on_time,0,
90614,74,74,on_time,0,
90615,74,74,on_time,0,
90616,74,74,on_time,0,
90617,74,74,on_time,0,
90618,74,74,on_time,0,
90619,74,74,on_time,0,
90620,74,74,on_time,0,
90621,74,74,on_time,0,
90622,74,74,on_time,0,
90623,74,74,on_time,0,
90624,74,74,on_time,0,
90625,74,74,on_time,0,
90626,74,74,on_time,0,
90627,74,74,on_time,0,
90628,74,74,on_time,0,
90629,74,74,on_time,0,
90630,74,74,on_time,0,
90631,74,74,on_time,0,
90632,74,74,on_time,0,
90633,74,74,on_time,0,
90634,74,74,on_time,0,
90635,74,74,on_time,0,
90636,74,74,on_time,0,
90637,74,74,on_time,0,
90638,74,74,on_time,0,
90639,74,74,on_time,0,
90640,74,74,on_time,0,
90641,74,74,on_time,0,
90642,74,74,on_time,0,
90643,74,74,on_time,0,
90644,74,74,on_time,0,
90645,74,74,on_time,0,
90646,74,74,on_time,0,
90647,74,74,on_time,0,
90648,74,74,on_time,0,
90649,74,74,on_time,0,
90650,74,74,on_time,0,
90651,74,74,on_time,0,
90652,74,74,on_time,0,
90653,74,74,on_time,0,
90654,74,74,on_time,0,
90655,74,74,on_time,0,
90656,74,74,on_time,0,
90657,74,74,on_time,0,
90658,74,74,on_time,0,
90659,74,74,on_time,0,
90660,74,74,on_time,0,
90661,74,74,on_time,0,
90662,74,74,on_time,0,
90663,74,74,on_time,0,
90664,74,74,on_time,0,
90665,74,74,on_time,0,
90666,74,74,on_time,0,
90667,74,74,on_time,0,
90668,74,74,on_time,0,
90669,74,74,on_time,0,
90670,74,74,on_time,0,
90671,74,74,on_time,0,
90672,74,74,on_time,0,
90673,74,74,on_time,0,
90674,74,74,on_time,0,
90675,74,74,on_time,0,
90676,74,74,on_time,0,
90677,74,74,on_time,0,
90678,74,74,on_time,0,
90679,74,74,on_time,0,
90680,74,74,on_time,0,
90681,74,74,on_time,0,
90682,74,74,on_time,0,
90683,74,74,on_time,0,
90684,74,74,on_time,0,
90685,74,74,on_time,0,
90686,74,74,on_time,0,
90687,74,74,on_time,0,
90688,74,74,on_time,0,
90689,74,74,on_time,0,
90690,74,74,on_time,0,
90691,74,74,on_time,0,
90692,74,74,on_time,0,
90693,74,74,on_time,0,
90694,74,74,on_time,0,
90695,74,74,on_time,0,
90696,74,74,on_time,0,
90697,74,74,on_time,0,
90698,74,74,on_time,0,
90699,74,74,on_time,0,
90700,74,74,on_time,0,
90701,74,74,on_time,0,
90702,74,74,on_time,0,
90703,74,74,on_time,0,
90704,74,74,on_time,0,
90705,74,74,on_time,0,
90706,74,74,on_time,0,
90707,74,74,on_time,0,
90708,74,74,on_time,0,
90709,74,74,on_time,0,
90710,74,74,on_time,0,
90711,74,74,on_time,0,
90712,74,74,on_time,0,
90713,74,74,on_time,0,
90714,74,74,on_time,0,
90715,74,74,on_time,0,
90716,74,74,on_time,0,
90717,74,74,on_time,0,
90718,74,74,on_time,0,
90719,74,74,on_time,0,
90720,74,74,on_time,0,
90721,74,74,on_time,0,
90722,74,74,on_time,0,
90723,74,74,on_time,0,
90724,74,74,on_time,0,
90725,74,74,on_time,0,
90726,74,74,on_time,0,
90727,74,74,on_time,0,
90728,74,74,on_time,0,
90729,74,74,on_time,0,
90730,74,74,on_time,0,
90731,74,74,on_time,0,
90732,74,74,on_time,0,
90733,74,74,on_time,0,
90734,74,74,on_time,0,
90735,74,74,on_time,0,
90736,74,74,on_time,0,
90737,74,74,on_time,0,
90738,74,74,on_time,0,
90739,74,74,on_time,0,
90740,74,74,on_time,0,
90741,74,74,on_time,0,
90742,74,74,on_time,0,
90743,74,74,on_time,0,
90744,74,74,on_time,0,
90745,74,74,on_time,0,
90746,74,74,on_time,0,
90747,74,74,on_time,0,
90748,74,74,on_time,0,
90749,74,74,on_time,0,
90750,74,74,on_time,0,
90751,74,74,on_time,0,
90752,74,74,on_time,0,
90753,74,,unfulfilled,,material:zp7:BEV
90754,74,74,on_time,0,
90755,74,74,on_time,0,
90756,74,74,on_time,0,
90757,74,74,on_time,0,
90758,74,74,on_time,0,
90759,74,74,on_time,0,
90760,74,74,on_time,0,
90761,74,74,on_time,0,
90762,74,74,on_time,0,
90763,74,74,on_time,0,
90764,74,74,on_time,0,
90765,74,74,on_time,0,
90766,74,74,on_time,0,
90767,74,74,on_time,0,
90768,74,74,on_time,0,
90769,74,74,on_time,0,
90770,74,,unfulfilled,,material:zp7:BEV
90771,74,74,on_time,0,
90772,74,74,on_time,0,
90773,74,74,on_time,0,
90774,74,74,on_time,0,
90775,74,74,on_time,0,
90776,74,74,on_time,0,
90777,74,74,on_time,0,
90778,74,74,on_time,0,
90779,74,74,on_time,0,
90780,74,74,on_time,0,
90781,74,74,on_time,0,
90782,74,74,on_time,0,
90783,74,74,on_time,0,
90784,74,74,on_time,0,
90785,74,74,on_time,0,
90786,74,74,on_time,0,
90787,74,74,on_time,0,
90788,74,74,on_time,0,
90789,74,74,on_time,0,
90790,74,74,on_time,0,
90791,74,74,on_time,0,
90792,74,74,on_time,0,
90793,74,74,on_time,0,
90794,74,74,on_time,0,
90795,74,74,on_time,0,
90796,74,74,on_time,0,
90797,74,74,on_time,0,
90798,74,74,on_time,0,
90799,74,74,on_time,0,
90800,74,74,on_time,0,
90801,74,74,on_time,0,
90802,74,74,on_time,0,
90803,74,74,on_time,0,
90804,74,74,on_time,0,
90805,74,74,on_time,0,
90806,74,74,on_time,0,
90807,74,74,on_time,0,
90808,74,74,on_time,0,
90809,74,74,on_time,0,
90810,74,74,on_time,0,
90811,74,74,on_time,0,
90812,74,74,on_time,0,
90813,74,74,on_time,0,
90814,74,74,on_time,0,
90815,74,74,on_time,0,
90816,74,74,on_time,0,
90817,74,74,on_time,0,
90818,74,74,on_time,0,
90819,74,74,on_time,0,
90820,74,74,on_time,0,
90821,74,74,on_time,0,
90822,74,74,on_time,0,
90823,74,74,on_time,0,
90824,74,74,on_time,0,
90825,74,74,on_time,0,
90826,74,74,on_time,0,
90827,74,74,on_time,0,
90828,74,74,on_time,0,
90829,74,74,on_time,0,
90830,74,74,on_time,0,
90831,74,74,on_time,0,
90832,74,74,on_time,0,
90833,74,74,on_time,0,
90834,74,74,on_time,0,
90835,74,,unfulfilled,,material:zp7:BEV
90836,74,74,on_time,0,
90837,74,74,on_time,0,
90838,74,74,on_time,0,
90839,74,74,on_time,0,
90840,74,74,on_time,0,
90841,74,74,on_time,0,
90842,74,74,on_time,0,
90843,74,74,on_time,0,
90844,74,74,on_time,0,
90845,74,74,on_time,0,
90846,74,74,on_time,0,
90847,74,74,on_time,0,
90848,74,74,on_time,0,
90849,74,74,on_time,0,
90850,74,74,on_time,0,
90851,74,74,on_time,0,
90852,74,74,on_time,0,
90853,74,74,on_time,0,
90854,74,74,on_time,0,
90855,74,74,on_time,0,
90856,74,74,on_time,0,
90857,74,74,on_time,0,
90858,74,74,on_time,0,
90859,74,74,on_time,0,
90860,74,74,on_time,0,
90861,74,74,on_time,0,
90862,74,,unfulfilled,,material:zp7:BEV
90863,74,74,on_time,0,
90864,74,74,on_time,0,
90865,74,74,on_time,0,
90866,74,74,on_time,0,
90867,74,74,on_time,0,
90868,74,74,on_time,0,
90869,74,74,on_time,0,
90870,74,74,on_time,0,
90871,74,74,on_time,0,
90872,74,74,on_time,0,
90873,74,74,on_time,0,
90874,74,74,on_time,0,
90875,74,74,on_time,0,
90876,74,74,on_time,0,
90877,74,74,on_time,0,
90878,74,74,on_time,0,
90879,74,74,on_time,0,
90880,74,74,on_time,0,
90881,74,74,on_time,0,
90882,74,74,on_time,0,
90883,74,74,on_time,0,
90884,74,74,on_time,0,
90885,74,74,on_time,0,
90886,74,74,on_time,0,
90887,74,74,on_time,0,
90888,74,74,on_time,0,
90889,74,74,on_time,0,
90890,74,74,on_time,0,
90891,74,74,on_time,0,
90892,74,74,on_time,0,
90893,74,74,on_time,0,
90894,74,74,on_time,0,
90895,74,74,on_time,0,
90896,74,74,on_time,0,
90897,74,74,on_time,0,
90898,74,74,on_time,0,
90899,74,74,on_time,0,
90900,74,74,on_time,0,
90901,74,74,on_time,0,
90902,74,74,on_time,0,
90903,74,74,on_time,0,
90904,74,74,on_time,0,
90905,74,74,on_time,0,
90906,74,74,on_time,0,
90907,74,74,on_time,0,
90908,74,74,on_time,0,
90909,74,74,on_time,0,
90910,74,74,on_time,0,
90911,74,74,on_time,0,
90912,74,74,on_time,0,
90913,74,74,on_time,0,
90914,74,74,on_time,0,
90915,74,74,on_time,0,
90916,74,74,on_time,0,
90917,74,74,on_time,0,
90918,74,74,on_time,0,
90919,74,74,on_time,0,
90920,74,74,on_time,0,
90921,74,74,on_time,0,
90922,74,74,on_time,0,
90923,74,74,on_time,0,
90924,74,74,on_time,0,
90925,74,74,on_time,0,
90926,74,74,on_time,0,
90927,74,74,on_time,0,
90928,74,74,on_time,0,
90929,74,74,on_time,0,
90930,74,74,on_time,0,
90931,74,74,on_time,0,
90932,74,74,on_time,0,
90933,74,74,on_time,0,
90934,74,74,on_time,0,
90935,74,74,on_time,0,
90936,74,74,on_time,0,
90937,74,74,on_time,0,
90938,74,74,on_time,0,
90939,74,74,on_time,0,
90940,74,74,on_time,0,
90941,74,74,on_time,0,
90942,74,74,on_time,0,
90943,74,74,on_time,0,
90944,74,74,on_time,0,
90945,74,74,on_time,0,
90946,74,74,on_time,0,
90947,74,74,on_time,0,
90948,74,74,on_time,0,
90949,74,74,on_time,0,
90950,74,74,on_time,0,
90951,74,74,on_time,0,
90952,74,74,on_time,0,
90953,74,74,on_time,0,
90954,74,,unfulfilled,,material:zp7:BEV
90955,74,74,on_time,0,
90956,74,74,on_time,0,
90957,74,74,on_time,0,
90958,74,74,on_time,0,
90959,74,74,on_time,0,
90960,74,74,on_time,0,
90961,74,74,on_time,0,
90962,74,74,on_time,0,
90963,74,74,on_time,0,
90964,74,74,on_time,0,
90965,74,74,on_time,0,
90966,74,74,on_time,0,
90967,74,74,on_time,0,
90968,74,74,on_time,0,
90969,74,74,on_time,0,
90970,74,74,on_time,0,
90971,74,74,on_time,0,
90972,74,74,on_time,0,
90973,74,74,on_time,0,
90974,74,74,on_time,0,
90975,74,74,on_time,0,
90976,74,74,on_time,0,
90977,74,74,on_time,0,
90978,74,74,on_time,0,
90979,74,74,on_time,0,
90980,74,74,on_time,0,
90981,74,74,on_time,0,
90982,74,74,on_time,0,
90983,74,74,on_time,0,
90984,74,74,on_time,0,
90985,74,74,on_time,0,
90986,74,74,on_time,0,
90987,74,74,on_time,0,
90988,74,74,on_time,0,
90989,74,,unfulfilled,,material:zp7:BEV
90990,74,74,on_time,0,
90991,74,74,on_time,0,
90992,74,74,on_time,0,
90993,74,74,on_time,0,
90994,74,74,on_time,0,
90995,74,74,on_time,0,
90996,74,74,on_time,0,
90997,74,74,on_time,0,
90998,74,74,on_time,0,
90999,74,74,on_time,0,
91000,74,74,on_time,0,
91001,74,74,on_time,0,
91002,74,74,on_time,0,
91003,74,74,on_time,0,
91004,74,74,on_time,0,
91005,74,,unfulfilled,,material:zp7:BEV
91006,74,74,on_time,0,
91007,74,74,on_time,0,
91008,74,74,on_time,0,
91009,74,,unfulfilled,,material:zp7:BEV
91010,74,74,on_time,0,
91011,74,74,on_time,0,
91012,74,74,on_time,0,
91013,74,74,on_time,0,
91014,74,74,on_time,0,
91015,74,74,on_time,0,
91016,74,74,on_time,0,
91017,74,74,on_time,0,
91018,74,,unfulfilled,,material:zp7:BEV
91019,74,74,on_time,0,
91020,74,74,on_time,0,
91021,74,74,on_time,0,
91022,74,74,on_time,0,
91023,74,74,on_time,0,
91024,74,74,on_time,0,
91025,74,74,on_time,0,
91026,74,74,on_time,0,
91027,74,74,on_time,0,
91028,74,74,on_time,0,
91029,74,74,on_time,0,
91030,74,74,on_time,0,
91031,74,74,on_time,0,
91032,74,74,on_time,0,
91033,74,74,on_time,0,
91034,74,74,on_time,0,
91035,74,74,on_time,0,
91036,74,74,on_time,0,
91037,74,74,on_time,0,
91038,74,74,on_time,0,
91039,74,74,on_time,0,
91040,74,74,on_time,0,
91041,74,74,on_time,0,
91042,74,74,on_time,0,
91043,74,74,on_time,0,
91044,74,74,on_time,0,
91045,74,74,on_time,0,
91046,74,74,on_time,0,
91047,74,74,on_time,0,
91048,74,74,on_time,0,
91049,74,74,on_time,0,
91050,74,74,on_time,0,
91051,74,74,on_time,0,
91052,74,74,on_time,0,
91053,74,74,on_time,0,
91054,74,74,on_time,0,
91055,74,74,on_time,0,
91056,74,74,on_time,0,
91057,74,74,on_time,0,
91058,74,74,on_time,0,
91059,74,74,on_time,0,
91060,74,74,on_time,0,
91061,74,74,on_time,0,
91062,74,74,on_time,0,
91063,74,74,on_time,0,
91064,74,74,on_time,0,
91065,74,74,on_time,0,
91066,74,74,on_time,0,
91067,74,74,on_time,0,
91068,74,74,on_time,0,
91069,74,74,on_time,0,
91070,74,74,on_time,0,
91071,74,74,on_time,0,
91072,74,74,on_time,0,
91073,74,74,on_time,0,
91074,74,74,on_time,0,
91075,74,74,on_time,0,
91076,74,74,on_time,0,
91077,74,74,on_time,0,
91078,74,74,on_time,0,
91079,74,74,on_time,0,
91080,74,74,on_time,0,
91081,74,,unfulfilled,,material:zp7:BEV
91082,74,74,on_time,0,
91083,74,74,on_time,0,
91084,74,74,on_time,0,
91085,74,74,on_time,0,
91086,74,74,on_time,0,
91087,74,74,on_time,0,
91088,74,74,on_time,0,
91089,74,74,on_time,0,
91090,74,74,on_time,0,
91091,74,74,on_time,0,
91092,74,74,on_time,0,
91093,74,74,on_time,0,
91094,74,74,on_time,0,
91095,74,74,on_time,0,
91096,74,74,on_time,0,
91097,74,74,on_time,0,
91098,74,74,on_time,0,
91099,74,74,on_time,0,
91100,74,74,on_time,0,
91101,74,74,on_time,0,
91102,74,74,on_time,0,
91103,74,74,on_time,0,
91104,74,74,on_time,0,
91105,74,74,on_time,0,
91106,74,74,on_time,0,
91107,74,74,on_time,0,
91108,74,,unfulfilled,,material:zp7:BEV
91109,74,74,on_time,0,
91110,74,74,on_time,0,
91111,74,74,on_time,0,
91112,74,74,on_time,0,
91113,74,74,on_time,0,
91114,74,74,on_time,0,
91115,74,74,on_time,0,
91116,74,,unfulfilled,,material:zp7:BEV
91117,74,74,on_time,0,
91118,74,74,on_time,0,
91119,74,74,on_time,0,
91120,74,74,on_time,0,
91121,74,74,on_time,0,
91122,74,74,on_time,0,
91123,74,74,on_time,0,
91124,74,74,on_time,0,
91125,74,74,on_time,0,
91126,74,74,on_time,0,
91127,74,74,on_time,0,
91128,74,74,on_time,0,
91129,74,74,on_time,0,
91130,74,74,on_time,0,
91131,74,74,on_time,0,
91132,74,74,on_time,0,
91133,74,74,on_time,0,
91134,74,74,on_time,0,
91135,74,74,on_time,0,
91136,74,74,on_time,0,
91137,74,74,on_time,0,
91138,74,74,on_time,0,
91139,74,74,on_time,0,
91140,74,74,on_time,0,
91141,74,74,on_time,0,
91142,74,74,on_time,0,
91143,74,74,on_time,0,
91144,74,74,on_time,0,
91145,74,74,on_time,0,
91146,74,74,on_time,0,
91147,74,74,on_time,0,
91148,74,74,on_time,0,
91149,74,74,on_time,0,
91150,74,74,on_time,0,
91151,74,74,on_time,0,
91152,74,74,on_time,0,
91153,74,74,on_time,0,
91154,74,74,on_time,0,
91155,74,74,on_time,0,
91156,74,74,on_time,0,
91157,74,74,on_time,0,
91158,74,74,on_time,0,
91159,74,74,on_time,0,
91160,74,74,on_time,0,
91161,74,74,on_time,0,
91162,74,74,on_time,0,
91163,74,74,on_time,0,
91164,74,74,on_time,0,
91165,74,74,on_time,0,
91166,74,74,on_time,0,
91167,74,74,on_time,0,
91168,74,74,on_time,0,
91169,74,74,on_time,0,
91170,74,74,on_time,0,
91171,74,74,on_time,0,
91172,74,74,on_time,0,
91173,74,74,on_time,0,
91174,74,,unfulfilled,,material:zp7:BEV
91175,74,74,on_time,0,
91176,74,74,on_time,0,
91177,74,74,on_time,0,
91178,74,74,on_time,0,
91179,74,74,on_time,0,
91180,74,74,on_time,0,
91181,74,74,on_time,0,
91182,74,74,on_time,0,
91183,74,74,on_time,0,
91184,74,74,on_time,0,
91185,74,74,on_time,0,
91186,74,74,on_time,0,
91187,74,74,on_time,0,
91188,74,74,on_time,0,
91189,74,74,on_time,0,
91190,74,74,on_time,0,
91191,74,74,on_time,0,
91192,74,74,on_time,0,
91193,74,74,on_time,0,
91194,74,74,on_time,0,
91195,74,74,on_time,0,
91196,74,74,on_time,0,
91197,74,74,on_time,0,
91198,74,74,on_time,0,
91199,74,74,on_time,0,
91200,74,74,on_time,0,
91201,74,74,on_time,0,
91202,74,74,on_time,0,
91203,74,74,on_time,0,
91204,74,74,on_time,0,
91205,74,,unfulfilled,,material:zp7:BEV
91206,74,74,on_time,0,
91207,74,74,on_time,0,
91208,74,74,on_time,0,
91209,74,74,on_time,0,
91210,74,74,on_time,0,
91211,74,74,on_time,0,
91212,74,74,on_time,0,
91213,74,74,on_time,0,
91214,74,,unfulfilled,,material:zp7:BEV
91215,74,74,on_time,0,
91216,74,74,on_time,0,
91217,74,74,on_time,0,
91218,74,74,on_time,0,
91219,74,74,on_time,0,
91220,74,74,on_time,0,
91221,74,74,on_time,0,
91222,74,74,on_time,0,
91223,74,74,on_time,0,
91224,74,74,on_time,0,
91225,74,74,on_time,0,
91226,74,74,on_time,0,
91227,74,74,on_time,0,
91228,74,74,on_time,0,
91229,74,74,on_time,0,
91230,74,74,on_time,0,
91231,74,74,on_time,0,
91232,74,74,on_time,0,
91233,74,74,on_time,0,
91234,74,74,on_time,0,
91235,74,74,on_time,0,
91236,74,74,on_time,0,
91237,74,74,on_time,0,
91238,74,74,on_time,0,
91239,74,74,on_time,0,
91240,74,74,on_time,0,
91241,74,74,on_time,0,
91242,74,74,on_time,0,
91243,74,74,on_time,0,
91244,74,74,on_time,0,
91245,74,74,on_time,0,
91246,74,74,on_time,0,
91247,74,74,on_time,0,
91248,74,74,on_time,0,
91249,74,74,on_time,0,
91250,74,74,on_time,0,
91251,74,74,on_time,0,
91252,74,74,on_time,0,
91253,74,74,on_time,0,
91254,74,74,on_time,0,
91255,74,74,on_time,0,
91256,74,74,on_time,0,
91257,74,74,on_time,0,
91258,74,74,on_time,0,
91259,74,74,on_time,0,
91260,74,74,on_time,0,
91261,74,74,on_time,0,
91262,74,74,on_time,0,
91263,74,74,on_time,0,
91264,74,74,on_time,0,
91265,74,74,on_time,0,
91266,74,,unfulfilled,,material:zp7:BEV
91267,74,74,on_time,0,
91268,74,74,on_time,0,
91269,74,74,on_time,0,
91270,74,74,on_time,0,
91271,74,74,on_time,0,
91272,74,74,on_time,0,
91273,74,74,on_time,0,
91274,74,74,on_time,0,
91275,74,74,on_time,0,
91276,74,74,on_time,0,
91277,74,74,on_time,0,
91278,74,74,on_time,0,
91279,74,74,on_time,0,
91280,74,74,on_time,0,
91281,74,74,on_time,0,
91282,74,74,on_time,0,
91283,74,74,on_time,0,
91284,74,74,on_time,0,
91285,74,74,on_time,0,
91286,74,74,on_time,0,
91287,74,74,on_time,0,
91288,74,74,on_time,0,
91289,74,74,on_time,0,
91290,74,74,on_time,0,
91291,74,74,on_time,0,
91292,74,74,on_time,0,
91293,74,74,on_time,0,
91294,74,74,on_time,0,
91295,74,74,on_time,0,
91296,74,74,on_time,0,
91297,74,74,on_time,0,
91298,74,74,on_time,0,
91299,74,74,on_time,0,
91300,74,74,on_time,0,
91301,74,74,on_time,0,
91302,74,74,on_time,0,
91303,74,74,on_time,0,
91304,74,74,on_time,0,
91305,74,74,on_time,0,
91306,74,74,on_time,0,
91307,74,74,on_time,0,
91308,74,74,on_time,0,
91309,74,74,on_time,0,
91310,74,,unfulfilled,,material:zp7:BEV
91311,74,74,on_time,0,
91312,74,74,on_time,0,
91313,74,74,on_time,0,
91314,74,74,on_time,0,
91315,74,74,on_time,0,
91316,74,74,on_time,0,
91317,74,74,on_time,0,
91318,74,74,on_time,0,
91319,74,74,on_time,0,
91320,74,74,on_time,0,
91321,74,74,on_time,0,
91322,74,74,on_time,0,
91323,74,74,on_time,0,
91324,74,74,on_time,0,
91325,74,74,on_time,0,
91326,74,74,on_time,0,
91327,74,74,on_time,0,
91328,74,74,on_time,0,
91329,74,74,on_time,0,
91330,74,74,on_time,0,
91331,74,74,on_time,0,
91332,74,74,on_time,0,
91333,74,74,on_time,0,
91334,74,74,on_time,0,
91335,74,74,on_time,0,
91336,74,74,on_time,0,
91337,74,74,on_time,0,
91338,74,74,on_time,0,
91339,74,74,on_time,0,
91340,74,74,on_time,0,
91341,74,74,on_time,0,
91342,74,74,on_time,0,
91343,74,74,on_time,0,
91344,74,74,on_time,0,
91345,74,74,on_time,0,
91346,74,74,on_time,0,
91347,74,74,on_time,0,
91348,74,,unfulfilled,,material:zp7:BEV
91349,74,74,on_time,0,
91350,74,74,on_time,0,
91351,74,74,on_time,0,
91352,74,74,on_time,0,
91353,74,74,on_time,0,
91354,74,74,on_time,0,
91355,74,74,on_time,0,
91356,74,74,on_time,0,
91357,74,74,on_time,0,
91358,74,74,on_time,0,
91359,74,74,on_time,0,
91360,74,74,on_time,0,
91361,74,74,on_time,0,
91362,74,74,on_time,0,
91363,74,74,on_time,0,
91364,74,74,on_time,0,
91365,74,74,on_time,0,
91366,74,74,on_time,0,
91367,74,74,on_time,0,
91368,74,74,on_time,0,
91369,74,74,on_time,0,
91370,74,74,on_time,0,
91371,74,74,on_time,0,
91372,74,74,on_time,0,
91373,74,74,on_time,0,
91374,74,74,on_time,0,
91375,74,74,on_time,0,
91376,74,74,on_time,0,
91377,74,74,on_time,0,
91378,74,74,on_time,0,
91379,74,74,on_time,0,
91380,74,74,on_time,0,
91381,74,74,on_time,0,
91382,74,74,on_time,0,
91383,74,74,on_time,0,
91384,74,74,on_time,0,
91385,74,74,on_time,0,
91386,74,74,on_time,0,
91387,74,74,on_time,0,
91388,74,74,on_time,0,
91389,74,74,on_time,0,
91390,74,74,on_time,0,
91391,74,74,on_time,0,
91392,74,74,on_time,0,
91393,74,74,on_time,0,
91394,74,74,on_time,0,
91395,74,74,on_time,0,
91396,74,74,on_time,0,
91397,74,74,on_time,0,
91398,74,74,on_time,0,
91399,74,74,on_time,0,
91400,74,74,on_time,0,
91401,74,74,on_time,0,
91402,74,74,on_time,0,
91403,74,74,on_time,0,
91404,74,74,on_time,0,
91405,74,74,on_time,0,
91406,74,74,on_time,0,
91407,74,74,on_time,0,
91408,74,74,on_time,0,
91409,74,74,on_time,0,
91410,74,74,on_time,0,
91411,74,74,on_time,0,
91412,74,74,on_time,0,
91413,74,74,on_time,0,
91414,74,74,on_time,0,
91415,74,74,on_time,0,
91416,74,74,on_time,0,
91417,74,74,on_time,0,
91418,74,74,on_time,0,
91419,74,74,on_time,0,
91420,74,74,on_time,0,
91421,74,74,on_time,0,
91422,74,74,on_time,0,
91423,74,74,on_time,0,
91424,74,,unfulfilled,,material:zp7:BEV
91425,74,74,on_time,0,
91426,74,74,on_time,0,
91427,74,74,on_time,0,
91428,74,74,on_time,0,
91429,74,74,on_time,0,
91430,74,74,on_time,0,
91431,74,74,on_time,0,
91432,74,74,on_time,0,
91433,74,74,on_time,0,
91434,74,74,on_time,0,
91435,74,74,on_time,0,
91436,74,74,on_time,0,
91437,74,74,on_time,0,
91438,74,74,on_time,0,
91439,74,74,on_time,0,
91440,74,74,on_time,0,
91441,74,74,on_time,0,
91442,74,74,on_time,0,
91443,74,74,on_time,0,
91444,74,74,on_time,0,
91445,74,74,on_time,0,
91446,74,74,on_time,0,
91447,74,74,on_time,0,
91448,74,74,on_time,0,
91449,74,74,on_time,0,
91450,74,74,on_time,0,
91451,74,74,on_time,0,
91452,74,74,on_time,0,
91453,74,74,on_time,0,
91454,74,74,on_time,0,
91455,74,74,on_time,0,
91456,74,74,on_time,0,
91457,74,74,on_time,0,
91458,74,74,on_time,0,
91459,74,74,on_time,0,
91460,74,74,on_time,0,
91461,74,74,on_time,0,
91462,74,74,on_time,0,
91463,74,74,on_time,0,
91464,74,74,on_time,0,
91465,74,74,on_time,0,
91466,74,74,on_time,0,
91467,74,74,on_time,0,
91468,74,74,on_time,0,
91469,74,74,on_time,0,
91470,74,74,on_time,0,
91471,74,74,on_time,0,
91472,74,74,on_time,0,
91473,74,74,on_time,0,
91474,74,74,on_time,0,
91475,74,74,on_time,0,
91476,74,74,on_time,0,
91477,74,74,on_time,0,
91478,74,74,on_time,0,
91479,74,74,on_time,0,
91480,74,74,on_time,0,
91481,74,74,on_time,0,
91482,74,74,on_time,0,
91483,74,74,on_time,0,
91484,74,74,on_time,0,
91485,74,74,on_time,0,
91486,74,74,on_time,0,
91487,74,74,on_time,0,
91488,74,74,on_time,0,
91489,74,74,on_time,0,
91490,74,74,on_time,0,
91491,74,74,on_time,0,
91492,74,74,on_time,0,
91493,74,74,on_time,0,
91494,74,74,on_time,0,
91495,74,74,on_time,0,
91496,74,74,on_time,0,
91497,74,74,on_time,0,
91498,74,,unfulfilled,,material:zp7:BEV
91499,74,74,on_time,0,
91500,74,74,on_time,0,
91501,74,74,on_time,0,
91502,74,74,on_time,0,
91503,74,,unfulfilled,,material:zp7:BEV
91504,74,74,on_time,0,
91505,74,74,on_time,0,
91506,74,74,on_time,0,
91507,74,74,on_time,0,
91508,74,,unfulfilled,,material:zp7:BEV
91509,74,74,on_time,0,
91510,74,74,on_time,0,
91511,74,74,on_time,0,
91512,74,74,on_time,0,
91513,74,74,on_time,0,
91514,74,74,on_time,0,
91515,74,74,on_time,0,
91516,74,74,on_time,0,
91517,74,74,on_time,0,
91518,74,74,on_time,0,
91519,74,74,on_time,0,
91520,74,74,on_time,0,
91521,74,74,on_time,0,
91522,74,74,on_time,0,
91523,74,74,on_time,0,
91524,74,74,on_time,0,
91525,74,74,on_time,0,
91526,74,74,on_time,0,
91527,74,74,on_time,0,
91528,74,74,on_time,0,
91529,74,74,on_time,0,
91530,74,74,on_time,0,
91531,74,74,on_time,0,
91532,74,74,on_time,0,
91533,74,74,on_time,0,
91534,74,74,on_time,0,
91535,74,74,on_time,0,
91536,74,74,on_time,0,
91537,74,74,on_time,0,
91538,74,74,on_time,0,
91539,74,74,on_time,0,
91540,74,74,on_time,0,
91541,74,74,on_time,0,
91542,74,74,on_time,0,
91543,74,,unfulfilled,,material:zp7:BEV
91544,74,74,on_time,0,
91545,74,74,on_time,0,
91546,74,,unfulfilled,,material:zp7:BEV
91547,74,74,on_time,0,
91548,74,74,on_time,0,
91549,74,74,on_time,0,
91550,74,74,on_time,0,
91551,74,74,on_time,0,
91552,74,74,on_time,0,
91553,74,74,on_time,0,
91554,74,74,on_time,0,
91555,74,74,on_time,0,
91556,74,74,on_time,0,
91557,74,74,on_time,0,
91558,74,74,on_time,0,
91559,74,74,on_time,0,
91560,74,74,on_time,0,
91561,74,74,on_time,0,
91562,74,74,on_time,0,
91563,74,74,on_time,0,
91564,74,74,on_time,0,
91565,74,74,on_time,0,
91566,74,74,on_time,0,
91567,74,74,on_time,0,
91568,74,74,on_time,0,
91569,74,74,on_time,0,
91570,74,74,on_time,0,
91571,74,74,on_time,0,
91572,74,74,on_time,0,
91573,74,74,on_time,0,
91574,74,74,on_time,0,
91575,74,74,on_time,0,
91576,74,74,on_time,0,
91577,74,74,on_time,0,
91578,74,74,on_time,0,
91579,74,74,on_time,0,
91580,74,74,on_time,0,
91581,74,74,on_time,0,
91582,74,74,on_time,0,
91583,74,74,on_time,0,
91584,74,74,on_time,0,
91585,74,74,on_time,0,
91586,74,74,on_time,0,
91587,74,74,on_time,0,
91588,74,74,on_time,0,
91589,74,74,on_time,0,
91590,74,74,on_time,0,
91591,74,74,on_time,0,
91592,74,74,on_time,0,
91593,74,74,on_time,0,
91594,74,74,on_time,0,
91595,74,74,on_time,0,
91596,74,74,on_time,0,
91597,74,74,on_time,0,
91598,74,74,on_time,0,
91599,74,74,on_time,0,
91600,74,74,on_time,0,
91601,74,74,on_time,0,
91602,74,74,on_time,0,
91603,74,,unfulfilled,,material:zp7:BEV
91604,74,74,on_time,0,
91605,74,74,on_time,0,
91606,74,74,on_time,0,
91607,74,,unfulfilled,,material:zp7:BEV
91608,74,74,on_time,0,
91609,74,74,on_time,0,
91610,74,74,on_time,0,
91611,74,74,on_time,0,
91612,74,74,on_time,0,
91613,74,74,on_time,0,
91614,74,74,on_time,0,
91615,74,74,on_time,0,
91616,74,74,on_time,0,
91617,74,74,on_time,0,
91618,74,74,on_time,0,
91619,74,,unfulfilled,,material:zp7:BEV
91620,74,74,on_time,0,
91621,74,74,on_time,0,
91622,74,74,on_time,0,
91623,74,74,on_time,0,
91624,74,74,on_time,0,
91625,74,74,on_time,0,
91626,74,74,on_time,0,
91627,74,74,on_time,0,
91628,74,74,on_time,0,
91629,74,74,on_time,0,
91630,74,74,on_time,0,
91631,74,74,on_time,0,
91632,74,74,on_time,0,
91633,74,74,on_time,0,
91634,74,74,on_time,0,
91635,74,74,on_time,0,
91636,74,74,on_time,0,
91637,74,74,on_time,0,
91638,74,74,on_time,0,
91639,74,74,on_time,0,
91640,74,74,on_time,0,
91641,74,74,on_time,0,
91642,74,74,on_time,0,
91643,74,74,on_time,0,
91644,74,74,on_time,0,
91645,74,74,on_time,0,
91646,74,74,on_time,0,
91647,74,74,on_time,0,
91648,74,,unfulfilled,,material:zp7:BEV
91649,74,74,on_time,0,
91650,74,,unfulfilled,,material:zp7:BEV
91651,74,74,on_time,0,
91652,74,74,on_time,0,
91653,74,,unfulfilled,,material:zp7:BEV
91654,74,74,on_time,0,
91655,74,74,on_time,0,
91656,74,74,on_time,0,
91657,74,74,on_time,0,
91658,74,74,on_time,0,
91659,74,74,on_time,0,
91660,74,74,on_time,0,
91661,74,74,on_time,0,
91662,74,74,on_time,0,
91663,74,74,on_time,0,
91664,74,74,on_time,0,
91665,74,74,on_time,0,
91666,74,74,on_time,0,
91667,74,74,on_time,0,
91668,74,,unfulfilled,,material:zp7:BEV
91669,74,74,on_time,0,
91670,74,74,on_time,0,
91671,74,74,on_time,0,
91672,74,74,on_time,0,
91673,74,74,on_time,0,
91674,74,74,on_time,0,
91675,74,74,on_time,0,
91676,74,74,on_time,0,
91677,74,,unfulfilled,,material:zp7:BEV
91678,74,74,on_time,0,
91679,74,74,on_time,0,
91680,74,74,on_time,0,
91681,74,74,on_time,0,
91682,74,74,on_time,0,
91683,74,74,on_time,0,
91684,74,74,on_time,0,
91685,74,74,on_time,0,
91686,74,74,on_time,0,
91687,74,74,on_time,0,
91688,74,74,on_time,0,
91689,74,74,on_time,0,
91690,74,74,on_time,0,
91691,74,74,on_time,0,
91692,74,74,on_time,0,
91693,74,74,on_time,0,
91694,74,74,on_time,0,
91695,74,74,on_time,0,
91696,74,74,on_time,0,
91697,74,74,on_time,0,
91698,74,74,on_time,0,
91699,74,74,on_time,0,
91700,74,74,on_time,0,
91701,74,74,on_time,0,
91702,74,74,on_time,0,
91703,74,74,on_time,0,
91704,74,74,on_time,0,
91705,74,74,on_time,0,
91706,74,74,on_time,0,
91707,74,74,on_time,0,
91708,74,74,on_time,0,
91709,74,74,on_time,0,
91710,74,74,on_time,0,
91711,74,74,on_time,0,
91712,74,74,on_time,0,
91713,74,74,on_time,0,
91714,74,74,on_time,0,
91715,74,74,on_time,0,
91716,74,74,on_time,0,
91717,74,74,on_time,0,
91718,74,74,on_time,0,
91719,74,74,on_time,0,
91720,74,74,on_time,0,
91721,74,74,on_time,0,
91722,74,74,on_time,0,
91723,74,74,on_time,0,
91724,74,74,on_time,0,
91725,74,74,on_time,0,
91726,74,74,on_time,0,
91727,74,74,on_time,0,
91728,74,74,on_time,0,
91729,74,74,on_time,0,
91730,74,74,on_time,0,
91731,74,74,on_time,0,
91732,74,74,on_time,0,
91733,74,,unfulfilled,,material:zp7:BEV
91734,74,74,on_time,0,
91735,74,74,on_time,0,
91736,74,74,on_time,0,
91737,74,74,on_time,0,
91738,74,74,on_time,0,
91739,74,,unfulfilled,,material:zp7:BEV
91740,74,74,on_time,0,
91741,74,74,on_time,0,
91742,74,74,on_time,0,
91743,74,74,on_time,0,
91744,74,74,on_time,0,
91745,74,74,on_time,0,
91746,74,74,on_time,0,
91747,74,74,on_time,0,
91748,74,74,on_time,0,
91749,74,74,on_time,0,
91750,74,74,on_time,0,
91751,74,74,on_time,0,
91752,74,74,on_time,0,
91753,74,74,on_time,0,
91754,74,74,on_time,0,
91755,74,74,on_time,0,
91756,74,74,on_time,0,
91757,74,,unfulfilled,,material:zp7:BEV
91758,74,74,on_time,0,
91759,74,74,on_time,0,
91760,74,74,on_time,0,
91761,74,74,on_time,0,
91762,74,74,on_time,0,
91763,74,74,on_time,0,
91764,74,74,on_time,0,
91765,74,74,on_time,0,
91766,74,74,on_time,0,
91767,74,74,on_time,0,
91768,74,74,on_time,0,
91769,74,74,on_time,0,
91770,74,74,on_time,0,
91771,74,74,on_time,0,
91772,74,74,on_time,0,
91773,74,74,on_time,0,
91774,74,74,on_time,0,
91775,74,74,on_time,0,
91776,74,74,on_time,0,
91777,74,74,on_time,0,
91778,74,74,on_time,0,
91779,74,74,on_time,0,
91780,74,74,on_time,0,
91781,74,74,on_time,0,
91782,74,74,on_time,0,
91783,74,74,on_time,0,
91784,74,74,on_time,0,
91785,74,74,on_time,0,
91786,74,74,on_time,0,
91787,74,74,on_time,0,
91788,74,74,on_time,0,
91789,74,74,on_time,0,
91790,74,74,on_time,0,
91791,74,74,on_time,0,
91792,74,74,on_time,0,
91793,74,74,on_time,0,
91794,74,74,on_time,0,
91795,74,74,on_time,0,
91796,74,74,on_time,0,
91797,74,74,on_time,0,
91798,74,74,on_time,0,
91799,74,74,on_time,0,
91800,74,74,on_time,0,
91801,74,74,on_time,0,
91802,74,74,on_time,0,
91803,74,74,on_time,0,
91804,74,74,on_time,0,
91805,74,74,on_time,0,
91806,74,74,on_time,0,
91807,74,74,on_time,0,
91808,74,74,on_time,0,
91809,74,74,on_time,0,
91810,74,74,on_time,0,
91811,74,74,on_time,0,
91812,74,74,on_time,0,
91813,74,74,on_time,0,
91814,74,74,on_time,0,
91815,74,74,on_time,0,
91816,74,74,on_time,0,
91817,74,74,on_time,0,
91818,74,74,on_time,0,
91819,74,74,on_time,0,
91820,74,74,on_time,0,
91821,74,74,on_time,0,
91822,74,74,on_time,0,
91823,74,74,on_time,0,
91824,74,74,on_time,0,
91825,74,74,on_time,0,
91826,74,74,on_time,0,
91827,74,74,on_time,0,
91828,74,74,on_time,0,
91829,74,74,on_time,0,
91830,74,74,on_time,0,
91831,74,74,on_time,0,
91832,74,74,on_time,0,
91833,74,74,on_time,0,
91834,74,74,on_time,0,
91835,74,74,on_time,0,
91836,74,74,on_time,0,
91837,74,74,on_time,0,
91838,74,74,on_time,0,
91839,74,74,on_time,0,
91840,74,74,on_time,0,
91841,74,74,on_time,0,
91842,74,74,on_time,0,
91843,74,74,on_time,0,
91844,74,74,on_time,0,
91845,74,74,on_time,0,
91846,74,74,on_time,0,
91847,74,74,on_time,0,
91848,74,74,on_time,0,
91849,74,74,on_time,0,
91850,74,74,on_time,0,
91851,74,74,on_time,0,
91852,74,74,on_time,0,
91853,74,74,on_time,0,
91854,74,74,on_time,0,
91855,74,74,on_time,0,
91856,74,74,on_time,0,
91857,74,74,on_time,0,
91858,74,74,on_time,0,
91859,74,74,on_time,0,
91860,74,74,on_time,0,
91861,74,74,on_time,0,
91862,74,74,on_time,0,
91863,74,74,on_time,0,
91864,74,74,on_time,0,
91865,74,74,on_time,0,
91866,74,74,on_time,0,
91867,74,74,on_time,0,
91868,74,74,on_time,0,
91869,74,74,on_time,0,
91870,74,74,on_time,0,
91871,74,74,on_time,0,
91872,74,74,on_time,0,
91873,74,74,on_time,0,
91874,74,74,on_time,0,
91875,74,74,on_time,0,
91876,74,,unfulfilled,,material:zp7:BEV
91877,74,74,on_time,0,
91878,74,74,on_time,0,
91879,74,74,on_time,0,
91880,74,74,on_time,0,
91881,74,74,on_time,0,
91882,74,74,on_time,0,
91883,74,74,on_time,0,
91884,74,74,on_time,0,
91885,74,74,on_time,0,
91886,74,74,on_time,0,
91887,74,74,on_time,0,
91888,74,74,on_time,0,
91889,74,74,on_time,0,
91890,74,74,on_time,0,
91891,74,74,on_time,0,
91892,74,74,on_time,0,
91893,74,74,on_time,0,
91894,74,74,on_time,0,
91895,74,74,on_time,0,
91896,74,74,on_time,0,
91897,74,74,on_time,0,
91898,74,74,on_time,0,
91899,74,74,on_time,0,
91900,74,74,on_time,0,
91901,74,74,on_time,0,
91902,74,74,on_time,0,
91903,74,74,on_time,0,
91904,74,74,on_time,0,
91905,74,74,on_time,0,
91906,74,74,on_time,0,
91907,74,74,on_time,0,
91908,74,74,on_time,0,
91909,74,74,on_time,0,
91910,74,74,on_time,0,
91911,74,74,on_time,0,
91912,74,74,on_time,0,
91913,74,74,on_time,0,
91914,74,74,on_time,0,
91915,74,74,on_time,0,
91916,74,74,on_time,0,
91917,74,74,on_time,0,
91918,74,74,on_time,0,
91919,74,74,on_time,0,
91920,74,74,on_time,0,
91921,74,74,on_time,0,
91922,74,74,on_time,0,
91923,74,74,on_time,0,
91924,74,74,on_time,0,
91925,74,74,on_time,0,
91926,74,74,on_time,0,
91927,74,74,on_time,0,
91928,74,74,on_time,0,
91929,74,74,on_time,0,
91930,74,74,on_time,0,
91931,74,74,on_time,0,
91932,74,74,on_time,0,
91933,74,74,on_time,0,
91934,74,74,on_time,0,
91935,74,74,on_time,0,
91936,74,74,on_time,0,
91937,74,74,on_time,0,
91938,74,74,on_time,0,
91939,74,74,on_time,0,
91940,74,74,on_time,0,
91941,74,74,on_time,0,
91942,74,74,on_time,0,
91943,74,74,on_time,0,
91944,74,74,on_time,0,
91945,74,,unfulfilled,,material:zp7:BEV
91946,74,74,on_time,0,
91947,74,74,on_time,0,
91948,74,74,on_time,0,
91949,74,74,on_time,0,
91950,74,74,on_time,0,
91951,74,74,on_time,0,
91952,74,74,on_time,0,
91953,74,74,on_time,0,
91954,74,74,on_time,0,
91955,74,74,on_time,0,
91956,74,74,on_time,0,
91957,74,74,on_time,0,
91958,74,74,on_time,0,
91959,74,74,on_time,0,
91960,74,74,on_time,0,
91961,74,74,on_time,0,
91962,74,74,on_time,0,
91963,74,74,on_time,0,
91964,74,74,on_time,0,
91965,74,74,on_time,0,
91966,74,74,on_time,0,
91967,74,74,on_time,0,
91968,74,74,on_time,0,
91969,74,74,on_time,0,
91970,74,74,on_time,0,
91971,74,74,on_time,0,
91972,74,74,on_time,0,
91973,74,74,on_time,0,
91974,74,74,on_time,0,
91975,74,74,on_time,0,
91976,74,74,on_time,0,
91977,74,74,on_time,0,
91978,74,74,on_time,0,
91979,74,74,on_time,0,
91980,74,74,on_time,0,
91981,74,74,on_time,0,
91982,74,74,on_time,0,
91983,74,74,on_time,0,
91984,74,74,on_time,0,
91985,74,74,on_time,0,
91986,74,74,on_time,0,
91987,74,74,on_time,0,
91988,74,74,on_time,0,
91989,74,74,on_time,0,
91990,74,74,on_time,0,
91991,74,74,on_time,0,
91992,74,74,on_time,0,
91993,74,74,on_time,0,
91994,74,74,on_time,0,
91995,74,74,on_time,0,
91996,74,74,on_time,0,
91997,74,74,on_time,0,
91998,74,74,on_time,0,
91999,74,74,on_time,0,
92000,74,74,on_time,0,
