order_product_id,configuration_id,node_id,due_period,demand_units
64001,CFG_a292c20a75fd,zp8,61,1
64002,CFG_9c659499047b,zp8,61,1
64003,CFG_1ec55dc0a2ff,zp8,61,1
64004,CFG_5cd0c67d59bc,zp8,61,1
64005,CFG_9178f775d49a,zp8,61,1
64006,CFG_a34f76b67ef4,zp8,61,1
64007,CFG_288ddbff7431,zp8,61,1
64008,CFG_3a3d7179fe0d,zp8,61,1
64009,CFG_773ac98270b6,zp8,61,1
64010,CFG_1e693796a40d,zp8,61,1
64011,CFG_b04e3d146803,zp8,61,1
64012,CFG_ffde3ea1b2e3,zp8,61,1
64013,CFG_de29bb20eaa6,zp8,61,1
64014,CFG_5cd0c67d59bc,zp8,61,1
64015,CFG_deda15f4c4a8,zp8,61,1
64016,CFG_17620e2785dc,zp8,61,1
64017,CFG_b8e6a5652de1,zp8,61,1
64018,CFG_755205a28938,zp8,61,1
64019,CFG_deda15f4c4a8,zp8,61,1
64020,CFG_deda15f4c4a8,zp8,61,1
64021,CFG_5cd0c67d59bc,zp8,61,1
64022,CFG_7cd4c6b023c5,zp8,61,1
64023,CFG_5cd0c67d59bc,zp8,61,1
64024,CFG_f18488ce1456,zp8,61,1
64025,CFG_be784e24b621,zp8,61,1
64026,CFG_5531dad98c69,zp8,61,1
64027,CFG_ffde3ea1b2e3,zp8,61,1
64028,CFG_c910518048de,zp8,61,1
64029,CFG_c910518048de,zp8,61,1
64030,CFG_1d1816b1d9d8,zp8,61,1
64031,CFG_deda15f4c4a8,zp8,61,1
64032,CFG_f993a0fc6256,zp8,61,1
64033,CFG_727914633b9e,zp8,61,1
64034,CFG_a9714f85f877,zp8,61,1
64035,CFG_67b539d34471,zp8,61,1
64036,CFG_2534839bab0a,zp8,61,1
64037,CFG_36f82e31118f,zp8,61,1
64038,CFG_1738a11cbd49,zp8,61,1
64039,CFG_67b539d34471,zp8,61,1
64040,CFG_39fe645ba2f1,zp8,61,1
64041,CFG_dda2f907b868,zp8,61,1
64042,CFG_cf541d0f8a3a,zp8,61,1
64043,CFG_deda15f4c4a8,zp8,61,1
64044,CFG_be784e24b621,zp8,61,1
64045,CFG_d39c77a1a4bf,zp8,61,1
64046,CFG_2154b722e06b,zp8,61,1
64047,CFG_1ec55dc0a2ff,zp8,61,1
64048,CFG_cf541d0f8a3a,zp8,61,1
64049,CFG_d39c77a1a4bf,zp8,61,1
64050,CFG_710c47edfbc8,zp8,61,1
64051,CFG_5514d03a77b0,zp8,61,1
64052,CFG_8bfc9d62299c,zp8,61,1
64053,CFG_288ddbff7431,zp8,61,1
64054,CFG_17620e2785dc,zp8,61,1
64055,CFG_59f154754573,zp8,61,1
64056,CFG_ffde3ea1b2e3,zp8,61,1
64057,CFG_755205a28938,zp8,61,1
64058,CFG_f90a73d2a477,zp8,61,1
64059,CFG_f18488ce1456,zp8,61,1
64060,CFG_5be0533f7ebf,zp8,61,1
64061,CFG_b8e6a5652de1,zp8,61,1
64062,CFG_f993a0fc6256,zp8,61,1
64063,CFG_8a51f93d684d,zp8,61,1
64064,CFG_d96b0c9e44d0,zp8,61,1
64065,CFG_773ac98270b6,zp8,61,1
64066,CFG_deda15f4c4a8,zp8,61,1
64067,CFG_ffde3ea1b2e3,zp8,61,1
64068,CFG_39fe645ba2f1,zp8,61,1
64069,CFG_f18488ce1456,zp8,61,1
64070,CFG_5cd0c67d59bc,zp8,61,1
64071,CFG_8a51f93d684d,zp8,61,1
64072,CFG_17620e2785dc,zp8,61,1
64073,CFG_f18488ce1456,zp8,61,1
64074,CFG_939ca62c69c2,zp8,61,1
64075,CFG_17620e2785dc,zp8,61,1
64076,CFG_59f154754573,zp8,61,1
64077,CFG_29c3378e155b,zp8,61,1
64078,CFG_d39c77a1a4bf,zp8,61,1
64079,CFG_710c47edfbc8,zp8,61,1
64080,CFG_17620e2785dc,zp8,61,1
64081,CFG_a292c20a75fd,zp8,61,1
64082,CFG_acabbc62a021,zp8,61,1
64083,CFG_deda15f4c4a8,zp8,61,1
64084,CFG_e3950fd94ca1,zp8,61,1
64085,CFG_1ec55dc0a2ff,zp8,61,1
64086,CFG_532891bb36ca,zp8,61,1
64087,CFG_9178f775d49a,zp8,61,1
64088,CFG_5cd0c67d59bc,zp8,61,1
64089,CFG_d7aadf87f0b1,zp8,61,1
64090,CFG_36f82e31118f,zp8,61,1
64091,CFG_cf541d0f8a3a,zp8,61,1
64092,CFG_e1e6e0c66c93,zp8,61,1
64093,CFG_2154b722e06b,zp8,61,1
64094,CFG_59f154754573,zp8,61,1
64095,CFG_59aede929579,zp8,61,1
64096,CFG_1ec55dc0a2ff,zp8,61,1
64097,CFG_59f154754573,zp8,61,1
64098,CFG_939ca62c69c2,zp8,61,1
64099,CFG_9c659499047b,zp8,61,1
64100,CFG_b2a3cbb134c5,zp8,61,1
64101,CFG_de29bb20eaa6,zp8,61,1
64102,CFG_755205a28938,zp8,61,1
64103,CFG_532891bb36ca,zp8,61,1
64104,CFG_f18488ce1456,zp8,61,1
64105,CFG_d7aadf87f0b1,zp8,61,1
64106,CFG_b2a3cbb134c5,zp8,61,1
64107,CFG_9178f775d49a,zp8,61,1
64108,CFG_be784e24b621,zp8,61,1
64109,CFG_f18488ce1456,zp8,61,1
64110,CFG_be784e24b621,zp8,61,1
64111,CFG_67b539d34471,zp8,61,1
64112,CFG_8a51f93d684d,zp8,61,1
64113,CFG_3a3d7179fe0d,zp8,61,1
64114,CFG_773ac98270b6,zp8,61,1
64115,CFG_a292c20a75fd,zp8,61,1
64116,CFG_2154b722e06b,zp8,61,1
64117,CFG_b2a3cbb134c5,zp8,61,1
64118,CFG_3a3d7179fe0d,zp8,61,1
64119,CFG_1738a11cbd49,zp8,61,1
64120,CFG_17620e2785dc,zp8,61,1
64121,CFG_be784e24b621,zp8,61,1
64122,CFG_2154b722e06b,zp8,61,1
64123,CFG_9178f775d49a,zp8,61,1
64124,CFG_9178f775d49a,zp8,61,1
64125,CFG_9178f775d49a,zp8,61,1
64126,CFG_5851809b712d,zp8,61,1
64127,CFG_67b539d34471,zp8,61,1
64128,CFG_a292c20a75fd,zp8,61,1
64129,CFG_de29bb20eaa6,zp8,61,1
64130,CFG_8a51f93d684d,zp8,61,1
64131,CFG_deda15f4c4a8,zp8,61,1
64132,CFG_288ddbff7431,zp8,61,1
64133,CFG_710c47edfbc8,zp8,61,1
64134,CFG_3324700714f1,zp8,61,1
64135,CFG_755205a28938,zp8,61,1
64136,CFG_6caaadb373ea,zp8,61,1
64137,CFG_67b539d34471,zp8,61,1
64138,CFG_e1e6e0c66c93,zp8,61,1
64139,CFG_710c47edfbc8,zp8,61,1
64140,CFG_275e4ca07248,zp8,61,1
64141,CFG_b8e6a5652de1,zp8,61,1
64142,CFG_5cd0c67d59bc,zp8,61,1
64143,CFG_1ec55dc0a2ff,zp8,61,1
64144,CFG_29c3378e155b,zp8,61,1
64145,CFG_1ec55dc0a2ff,zp8,61,1
64146,CFG_cf541d0f8a3a,zp8,61,1
64147,CFG_1ec55dc0a2ff,zp8,61,1
64148,CFG_65f78a36ed50,zp8,61,1
64149,CFG_727914633b9e,zp8,61,1
64150,CFG_1e693796a40d,zp8,61,1
64151,CFG_bbea204eb2ac,zp8,61,1
64152,CFG_755205a28938,zp8,61,1
64153,CFG_d39c77a1a4bf,zp8,61,1
64154,CFG_a292c20a75fd,zp8,61,1
64155,CFG_cf541d0f8a3a,zp8,61,1
64156,CFG_59aede929579,zp8,61,1
64157,CFG_939ca62c69c2,zp8,61,1
64158,CFG_a34f76b67ef4,zp8,61,1
64159,CFG_802041076799,zp8,61,1
64160,CFG_1ec55dc0a2ff,zp8,61,1
64161,CFG_710c47edfbc8,zp8,61,1
64162,CFG_d7aadf87f0b1,zp8,61,1
64163,CFG_a292c20a75fd,zp8,61,1
64164,CFG_773ac98270b6,zp8,61,1
64165,CFG_773ac98270b6,zp8,61,1
64166,CFG_be784e24b621,zp8,61,1
64167,CFG_deda15f4c4a8,zp8,61,1
64168,CFG_288ddbff7431,zp8,61,1
64169,CFG_7cd4c6b023c5,zp8,61,1
64170,CFG_deda15f4c4a8,zp8,61,1
64171,CFG_6caaadb373ea,zp8,61,1
64172,CFG_3a3d7179fe0d,zp8,61,1
64173,CFG_b8e6a5652de1,zp8,61,1
64174,CFG_773ac98270b6,zp8,61,1
64175,CFG_b2a3cbb134c5,zp8,61,1
64176,CFG_5531dad98c69,zp8,61,1
64177,CFG_f18488ce1456,zp8,61,1
64178,CFG_1e693796a40d,zp8,61,1
64179,CFG_939ca62c69c2,zp8,61,1
64180,CFG_e3950fd94ca1,zp8,61,1
64181,CFG_710c47edfbc8,zp8,61,1
64182,CFG_a292c20a75fd,zp8,61,1
64183,CFG_e3950fd94ca1,zp8,61,1
64184,CFG_9c659499047b,zp8,61,1
64185,CFG_9c659499047b,zp8,61,1
64186,CFG_be784e24b621,zp8,61,1
64187,CFG_939ca62c69c2,zp8,61,1
64188,CFG_1ec55dc0a2ff,zp8,61,1
64189,CFG_be784e24b621,zp8,61,1
64190,CFG_7fa53b7ab3bf,zp8,61,1
64191,CFG_a292c20a75fd,zp8,61,1
64192,CFG_a1d878e7d840,zp8,61,1
64193,CFG_59f154754573,zp8,61,1
64194,CFG_9178f775d49a,zp8,61,1
64195,CFG_8a51f93d684d,zp8,61,1
64196,CFG_2154b722e06b,zp8,61,1
64197,CFG_d7aadf87f0b1,zp8,61,1
64198,CFG_b2a3cbb134c5,zp8,61,1
64199,CFG_b2bb984b770a,zp8,61,1
64200,CFG_ffde3ea1b2e3,zp8,61,1
64201,CFG_ffde3ea1b2e3,zp8,61,1
64202,CFG_1738a11cbd49,zp8,61,1
64203,CFG_3278d3379c8a,zp8,61,1
64204,CFG_9178f775d49a,zp8,61,1
64205,CFG_773ac98270b6,zp8,61,1
64206,CFG_f18488ce1456,zp8,61,1
64207,CFG_b2a3cbb134c5,zp8,61,1
64208,CFG_802041076799,zp8,61,1
64209,CFG_8a51f93d684d,zp8,61,1
64210,CFG_a1d878e7d840,zp8,61,1
64211,CFG_773ac98270b6,zp8,61,1
64212,CFG_e3950fd94ca1,zp8,61,1
64213,CFG_b8e6a5652de1,zp8,61,1
64214,CFG_be784e24b621,zp8,61,1
64215,CFG_939ca62c69c2,zp8,61,1
64216,CFG_8bfc9d62299c,zp8,61,1
64217,CFG_b8e6a5652de1,zp8,61,1
64218,CFG_b8e6a5652de1,zp8,61,1
64219,CFG_9178f775d49a,zp8,61,1
64220,CFG_8bfc9d62299c,zp8,61,1
64221,CFG_e3950fd94ca1,zp8,61,1
64222,CFG_cc5bbb6e9d13,zp8,61,1
64223,CFG_8f2957e28805,zp8,61,1
64224,CFG_a34f76b67ef4,zp8,61,1
64225,CFG_be784e24b621,zp8,61,1
64226,CFG_d96b0c9e44d0,zp8,61,1
64227,CFG_1ec55dc0a2ff,zp8,61,1
64228,CFG_be784e24b621,zp8,61,1
64229,CFG_db37bdfe8c71,zp8,61,1
64230,CFG_db37bdfe8c71,zp8,61,1
64231,CFG_ac213567a5a2,zp8,61,1
64232,CFG_deda15f4c4a8,zp8,61,1
64233,CFG_a1d878e7d840,zp8,61,1
64234,CFG_939ca62c69c2,zp8,61,1
64235,CFG_2154b722e06b,zp8,61,1
64236,CFG_3278d3379c8a,zp8,61,1
64237,CFG_67b539d34471,zp8,61,1
64238,CFG_1738a11cbd49,zp8,61,1
64239,CFG_5cd0c67d59bc,zp8,61,1
64240,CFG_3a3d7179fe0d,zp8,61,1
64241,CFG_de29bb20eaa6,zp8,61,1
64242,CFG_ffde3ea1b2e3,zp8,61,1
64243,CFG_288ddbff7431,zp8,61,1
64244,CFG_b2a3cbb134c5,zp8,61,1
64245,CFG_a1d878e7d840,zp8,61,1
64246,CFG_a1d878e7d840,zp8,61,1
64247,CFG_a34f76b67ef4,zp8,61,1
64248,CFG_8bfc9d62299c,zp8,61,1
64249,CFG_39fe645ba2f1,zp8,61,1
64250,CFG_b2a3cbb134c5,zp8,61,1
64251,CFG_8a51f93d684d,zp8,61,1
64252,CFG_67b539d34471,zp8,61,1
64253,CFG_9d161c4fa884,zp8,61,1
64254,CFG_e1e6e0c66c93,zp8,61,1
64255,CFG_a34f76b67ef4,zp8,61,1
64256,CFG_5514d03a77b0,zp8,61,1
64257,CFG_67b539d34471,zp8,61,1
64258,CFG_8a51f93d684d,zp8,61,1
64259,CFG_8a51f93d684d,zp8,61,1
64260,CFG_755205a28938,zp8,61,1
64261,CFG_ffde3ea1b2e3,zp8,61,1
64262,CFG_a292c20a75fd,zp8,61,1
64263,CFG_29c3378e155b,zp8,61,1
64264,CFG_5514d03a77b0,zp8,61,1
64265,CFG_d39c77a1a4bf,zp8,61,1
64266,CFG_f18488ce1456,zp8,61,1
64267,CFG_deda15f4c4a8,zp8,61,1
64268,CFG_3278d3379c8a,zp8,61,1
64269,CFG_ac213567a5a2,zp8,61,1
64270,CFG_773ac98270b6,zp8,61,1
64271,CFG_a1d878e7d840,zp8,61,1
64272,CFG_5514d03a77b0,zp8,61,1
64273,CFG_3a3d7179fe0d,zp8,61,1
64274,CFG_9178f775d49a,zp8,61,1
64275,CFG_727914633b9e,zp8,61,1
64276,CFG_cf6528e23789,zp8,61,1
64277,CFG_17620e2785dc,zp8,61,1
64278,CFG_f18488ce1456,zp8,61,1
64279,CFG_5851809b712d,zp8,61,1
64280,CFG_f18488ce1456,zp8,61,1
64281,CFG_5cd0c67d59bc,zp8,61,1
64282,CFG_755205a28938,zp8,61,1
64283,CFG_e1e6e0c66c93,zp8,61,1
64284,CFG_755205a28938,zp8,61,1
64285,CFG_1ec55dc0a2ff,zp8,61,1
64286,CFG_8bfc9d62299c,zp8,61,1
64287,CFG_cf541d0f8a3a,zp8,61,1
64288,CFG_5cd0c67d59bc,zp8,61,1
64289,CFG_67b539d34471,zp8,61,1
64290,CFG_939ca62c69c2,zp8,61,1
64291,CFG_8f2957e28805,zp8,61,1
64292,CFG_773ac98270b6,zp8,61,1
64293,CFG_36f82e31118f,zp8,61,1
64294,CFG_939ca62c69c2,zp8,61,1
64295,CFG_be784e24b621,zp8,61,1
64296,CFG_ceef49456daa,zp8,61,1
64297,CFG_deda15f4c4a8,zp8,61,1
64298,CFG_d96b0c9e44d0,zp8,61,1
64299,CFG_773ac98270b6,zp8,61,1
64300,CFG_17620e2785dc,zp8,61,1
64301,CFG_ffde3ea1b2e3,zp8,61,1
64302,CFG_f18488ce1456,zp8,61,1
64303,CFG_d7aadf87f0b1,zp8,61,1
64304,CFG_6caaadb373ea,zp8,61,1
64305,CFG_773ac98270b6,zp8,61,1
64306,CFG_c910518048de,zp8,61,1
64307,CFG_cf541d0f8a3a,zp8,61,1
64308,CFG_f18488ce1456,zp8,61,1
64309,CFG_cf541d0f8a3a,zp8,61,1
64310,CFG_f18488ce1456,zp8,61,1
64311,CFG_773ac98270b6,zp8,61,1
64312,CFG_2534839bab0a,zp8,61,1
64313,CFG_8bfc9d62299c,zp8,61,1
64314,CFG_59aede929579,zp8,61,1
64315,CFG_58ae56c3ee5b,zp8,61,1
64316,CFG_1ec55dc0a2ff,zp8,61,1
64317,CFG_e3950fd94ca1,zp8,61,1
64318,CFG_ac213567a5a2,zp8,61,1
64319,CFG_7fa53b7ab3bf,zp8,61,1
64320,CFG_d39c77a1a4bf,zp8,61,1
64321,CFG_67b539d34471,zp8,61,1
64322,CFG_2534839bab0a,zp8,61,1
64323,CFG_65f78a36ed50,zp8,61,1
64324,CFG_1e693796a40d,zp8,61,1
64325,CFG_36f82e31118f,zp8,61,1
64326,CFG_be784e24b621,zp8,61,1
64327,CFG_67b539d34471,zp8,61,1
64328,CFG_67b539d34471,zp8,61,1
64329,CFG_9178f775d49a,zp8,61,1
64330,CFG_67b539d34471,zp8,61,1
64331,CFG_39fe645ba2f1,zp8,61,1
64332,CFG_cc5bbb6e9d13,zp8,61,1
64333,CFG_1738a11cbd49,zp8,61,1
64334,CFG_b2a3cbb134c5,zp8,61,1
64335,CFG_ffde3ea1b2e3,zp8,61,1
64336,CFG_e1e6e0c66c93,zp8,61,1
64337,CFG_36f82e31118f,zp8,61,1
64338,CFG_99b4d8a9c762,zp8,61,1
64339,CFG_8bfc9d62299c,zp8,61,1
64340,CFG_3a3d7179fe0d,zp8,61,1
64341,CFG_5cd0c67d59bc,zp8,61,1
64342,CFG_deda15f4c4a8,zp8,61,1
64343,CFG_b2a3cbb134c5,zp8,61,1
64344,CFG_d7aadf87f0b1,zp8,61,1
64345,CFG_be784e24b621,zp8,61,1
64346,CFG_1d1816b1d9d8,zp8,61,1
64347,CFG_b2a3cbb134c5,zp8,61,1
64348,CFG_755205a28938,zp8,61,1
64349,CFG_e1e6e0c66c93,zp8,61,1
64350,CFG_e1e6e0c66c93,zp8,61,1
64351,CFG_be784e24b621,zp8,61,1
64352,CFG_67b539d34471,zp8,61,1
64353,CFG_5514d03a77b0,zp8,61,1
64354,CFG_77c8b99b43d9,zp8,61,1
64355,CFG_288ddbff7431,zp8,61,1
64356,CFG_8bfc9d62299c,zp8,61,1
64357,CFG_f18488ce1456,zp8,61,1
64358,CFG_9c659499047b,zp8,61,1
64359,CFG_8a51f93d684d,zp8,61,1
64360,CFG_9178f775d49a,zp8,61,1
64361,CFG_f18488ce1456,zp8,61,1
64362,CFG_deda15f4c4a8,zp8,61,1
64363,CFG_f993a0fc6256,zp8,61,1
64364,CFG_b2a3cbb134c5,zp8,61,1
64365,CFG_8a51f93d684d,zp8,61,1
64366,CFG_1d0f84c0bb06,zp8,61,1
64367,CFG_1d0f84c0bb06,zp8,61,1
64368,CFG_67b539d34471,zp8,61,1
64369,CFG_cf541d0f8a3a,zp8,61,1
64370,CFG_59aede929579,zp8,61,1
64371,CFG_de29bb20eaa6,zp8,61,1
64372,CFG_755205a28938,zp8,61,1
64373,CFG_39fe645ba2f1,zp8,61,1
64374,CFG_9178f775d49a,zp8,61,1
64375,CFG_67b539d34471,zp8,61,1
64376,CFG_67b539d34471,zp8,61,1
64377,CFG_cf541d0f8a3a,zp8,61,1
64378,CFG_cf541d0f8a3a,zp8,61,1
64379,CFG_773ac98270b6,zp8,61,1
64380,CFG_b8e6a5652de1,zp8,61,1
64381,CFG_bbea204eb2ac,zp8,61,1
64382,CFG_ceef49456daa,zp8,61,1
64383,CFG_ffde3ea1b2e3,zp8,61,1
64384,CFG_acabbc62a021,zp8,61,1
64385,CFG_939ca62c69c2,zp8,61,1
64386,CFG_5be0533f7ebf,zp8,61,1
64387,CFG_67b539d34471,zp8,61,1
64388,CFG_7fa53b7ab3bf,zp8,61,1
64389,CFG_b2a3cbb134c5,zp8,61,1
64390,CFG_1738a11cbd49,zp8,61,1
64391,CFG_9c659499047b,zp8,61,1
64392,CFG_8bfc9d62299c,zp8,61,1
64393,CFG_be784e24b621,zp8,61,1
64394,CFG_6caaadb373ea,zp8,61,1
64395,CFG_e87513c8563d,zp8,61,1
64396,CFG_be784e24b621,zp8,61,1
64397,CFG_be784e24b621,zp8,61,1
64398,CFG_f18488ce1456,zp8,61,1
64399,CFG_d7aadf87f0b1,zp8,61,1
64400,CFG_b8e6a5652de1,zp8,61,1
64401,CFG_be784e24b621,zp8,61,1
64402,CFG_59aede929579,zp8,61,1
64403,CFG_d7aadf87f0b1,zp8,61,1
64404,CFG_1e693796a40d,zp8,61,1
64405,CFG_1ec55dc0a2ff,zp8,61,1
64406,CFG_b2a3cbb134c5,zp8,61,1
64407,CFG_59aede929579,zp8,61,1
64408,CFG_9c659499047b,zp8,61,1
64409,CFG_755205a28938,zp8,61,1
64410,CFG_d7aadf87f0b1,zp8,61,1
64411,CFG_a34f76b67ef4,zp8,61,1
64412,CFG_d96b0c9e44d0,zp8,61,1
64413,CFG_2534839bab0a,zp8,61,1
64414,CFG_3a3d7179fe0d,zp8,61,1
64415,CFG_39fe645ba2f1,zp8,61,1
64416,CFG_6ff9e417e386,zp8,61,1
64417,CFG_ac213567a5a2,zp8,61,1
64418,CFG_bbea204eb2ac,zp8,61,1
64419,CFG_9c659499047b,zp8,61,1
64420,CFG_b2a3cbb134c5,zp8,61,1
64421,CFG_bd6412fc68b0,zp8,61,1
64422,CFG_d39c77a1a4bf,zp8,61,1
64423,CFG_e3950fd94ca1,zp8,61,1
64424,CFG_36f82e31118f,zp8,61,1
64425,CFG_1ec55dc0a2ff,zp8,61,1
64426,CFG_773ac98270b6,zp8,61,1
64427,CFG_773ac98270b6,zp8,61,1
64428,CFG_939ca62c69c2,zp8,61,1
64429,CFG_b2a3cbb134c5,zp8,61,1
64430,CFG_275e4ca07248,zp8,61,1
64431,CFG_275e4ca07248,zp8,61,1
64432,CFG_cc5bbb6e9d13,zp8,61,1
64433,CFG_a34f76b67ef4,zp8,61,1
64434,CFG_3a3d7179fe0d,zp8,61,1
64435,CFG_e3950fd94ca1,zp8,61,1
64436,CFG_9178f775d49a,zp8,61,1
64437,CFG_1ec55dc0a2ff,zp8,61,1
64438,CFG_710c47edfbc8,zp8,61,1
64439,CFG_67b539d34471,zp8,61,1
64440,CFG_17620e2785dc,zp8,61,1
64441,CFG_727914633b9e,zp8,61,1
64442,CFG_5531dad98c69,zp8,61,1
64443,CFG_cf541d0f8a3a,zp8,61,1
64444,CFG_9178f775d49a,zp8,61,1
64445,CFG_f18488ce1456,zp8,61,1
64446,CFG_a292c20a75fd,zp8,61,1
64447,CFG_36f82e31118f,zp8,61,1
64448,CFG_7fa53b7ab3bf,zp8,61,1
64449,CFG_f18488ce1456,zp8,61,1
64450,CFG_bd6412fc68b0,zp8,61,1
64451,CFG_67b539d34471,zp8,61,1
64452,CFG_1ec55dc0a2ff,zp8,61,1
64453,CFG_c910518048de,zp8,61,1
64454,CFG_e3950fd94ca1,zp8,61,1
64455,CFG_1ec55dc0a2ff,zp8,61,1
64456,CFG_17620e2785dc,zp8,61,1
64457,CFG_b8e6a5652de1,zp8,61,1
64458,CFG_cf541d0f8a3a,zp8,61,1
64459,CFG_f18488ce1456,zp8,61,1
64460,CFG_3a3d7179fe0d,zp8,61,1
64461,CFG_ac213567a5a2,zp8,61,1
64462,CFG_65f78a36ed50,zp8,61,1
64463,CFG_be784e24b621,zp8,61,1
64464,CFG_b8e6a5652de1,zp8,61,1
64465,CFG_9178f775d49a,zp8,61,1
64466,CFG_59aede929579,zp8,61,1
64467,CFG_1ec55dc0a2ff,zp8,61,1
64468,CFG_8a51f93d684d,zp8,61,1
64469,CFG_a292c20a75fd,zp8,61,1
64470,CFG_727914633b9e,zp8,61,1
64471,CFG_36f82e31118f,zp8,61,1
64472,CFG_8bfc9d62299c,zp8,61,1
64473,CFG_9178f775d49a,zp8,61,1
64474,CFG_f18488ce1456,zp8,61,1
64475,CFG_9c659499047b,zp8,61,1
64476,CFG_7fa53b7ab3bf,zp8,61,1
64477,CFG_8a51f93d684d,zp8,61,1
64478,CFG_e1e6e0c66c93,zp8,61,1
64479,CFG_3697b100c401,zp8,61,1
64480,CFG_e1e6e0c66c93,zp8,61,1
64481,CFG_3a3d7179fe0d,zp8,61,1
64482,CFG_ffde3ea1b2e3,zp8,61,1
64483,CFG_1ec55dc0a2ff,zp8,61,1
64484,CFG_2534839bab0a,zp8,61,1
64485,CFG_67b539d34471,zp8,61,1
64486,CFG_1ec55dc0a2ff,zp8,61,1
64487,CFG_3a3d7179fe0d,zp8,61,1
64488,CFG_2154b722e06b,zp8,61,1
64489,CFG_e1e6e0c66c93,zp8,61,1
64490,CFG_7fa53b7ab3bf,zp8,61,1
64491,CFG_1ec55dc0a2ff,zp8,61,1
64492,CFG_39fe645ba2f1,zp8,61,1
64493,CFG_36f82e31118f,zp8,61,1
64494,CFG_8a51f93d684d,zp8,61,1
64495,CFG_ac213567a5a2,zp8,61,1
64496,CFG_a34f76b67ef4,zp8,61,1
64497,CFG_cf541d0f8a3a,zp8,61,1
64498,CFG_f18488ce1456,zp8,61,1
64499,CFG_9178f775d49a,zp8,61,1
64500,CFG_59aede929579,zp8,61,1
64501,CFG_3e489afc8bfd,zp8,61,1
64502,CFG_710c47edfbc8,zp8,61,1
64503,CFG_1738a11cbd49,zp8,61,1
64504,CFG_a34f76b67ef4,zp8,61,1
64505,CFG_5514d03a77b0,zp8,61,1
64506,CFG_1738a11cbd49,zp8,61,1
64507,CFG_deda15f4c4a8,zp8,61,1
64508,CFG_acabbc62a021,zp8,61,1
64509,CFG_be784e24b621,zp8,61,1
64510,CFG_8a51f93d684d,zp8,61,1
64511,CFG_1e693796a40d,zp8,61,1
64512,CFG_59f154754573,zp8,61,1
64513,CFG_7fa53b7ab3bf,zp8,61,1
64514,CFG_9c659499047b,zp8,61,1
64515,CFG_e1e6e0c66c93,zp8,61,1
64516,CFG_d96b0c9e44d0,zp8,61,1
64517,CFG_3697b100c401,zp8,61,1
64518,CFG_1747d90ed031,zp8,61,1
64519,CFG_9178f775d49a,zp8,61,1
64520,CFG_5514d03a77b0,zp8,61,1
64521,CFG_d7aadf87f0b1,zp8,61,1
64522,CFG_59aede929579,zp8,61,1
64523,CFG_59f154754573,zp8,61,1
64524,CFG_39fe645ba2f1,zp8,61,1
64525,CFG_e1e6e0c66c93,zp8,61,1
64526,CFG_e3950fd94ca1,zp8,61,1
64527,CFG_99b4d8a9c762,zp8,61,1
64528,CFG_b2a3cbb134c5,zp8,61,1
64529,CFG_f18488ce1456,zp8,61,1
64530,CFG_b04e3d146803,zp8,61,1
64531,CFG_ffde3ea1b2e3,zp8,61,1
64532,CFG_f18488ce1456,zp8,61,1
64533,CFG_5851809b712d,zp8,61,1
64534,CFG_29c3378e155b,zp8,61,1
64535,CFG_5cd0c67d59bc,zp8,61,1
64536,CFG_773ac98270b6,zp8,61,1
64537,CFG_e3386d946379,zp8,61,1
64538,CFG_637b6e72af93,zp8,61,1
64539,CFG_4cd2b98cde9e,zp8,61,1
64540,CFG_1ec55dc0a2ff,zp8,61,1
64541,CFG_d96b0c9e44d0,zp8,61,1
64542,CFG_939ca62c69c2,zp8,61,1
64543,CFG_d96b0c9e44d0,zp8,61,1
64544,CFG_bbea204eb2ac,zp8,61,1
64545,CFG_9178f775d49a,zp8,61,1
64546,CFG_1ec55dc0a2ff,zp8,61,1
64547,CFG_1738a11cbd49,zp8,61,1
64548,CFG_d7aadf87f0b1,zp8,61,1
64549,CFG_2154b722e06b,zp8,61,1
64550,CFG_67b539d34471,zp8,61,1
64551,CFG_5851809b712d,zp8,61,1
64552,CFG_67b539d34471,zp8,61,1
64553,CFG_e1e6e0c66c93,zp8,61,1
64554,CFG_e3950fd94ca1,zp8,61,1
64555,CFG_c94b44f1b2f9,zp8,61,1
64556,CFG_cf541d0f8a3a,zp8,61,1
64557,CFG_727914633b9e,zp8,61,1
64558,CFG_39fe645ba2f1,zp8,61,1
64559,CFG_1d0f84c0bb06,zp8,61,1
64560,CFG_b04e3d146803,zp8,61,1
64561,CFG_67b539d34471,zp8,61,1
64562,CFG_7cd4c6b023c5,zp8,61,1
64563,CFG_deda15f4c4a8,zp8,61,1
64564,CFG_9178f775d49a,zp8,61,1
64565,CFG_f90a73d2a477,zp8,61,1
64566,CFG_67b539d34471,zp8,61,1
64567,CFG_939ca62c69c2,zp8,61,1
64568,CFG_59f154754573,zp8,61,1
64569,CFG_2154b722e06b,zp8,61,1
64570,CFG_8a51f93d684d,zp8,61,1
64571,CFG_cc5bbb6e9d13,zp8,61,1
64572,CFG_36f82e31118f,zp8,61,1
64573,CFG_773ac98270b6,zp8,61,1
64574,CFG_17620e2785dc,zp8,61,1
64575,CFG_f18488ce1456,zp8,61,1
64576,CFG_d96b0c9e44d0,zp8,61,1
64577,CFG_59aede929579,zp8,61,1
64578,CFG_8bfc9d62299c,zp8,61,1
64579,CFG_36f82e31118f,zp8,61,1
64580,CFG_7cd4c6b023c5,zp8,61,1
64581,CFG_1d1816b1d9d8,zp8,61,1
64582,CFG_ffde3ea1b2e3,zp8,61,1
64583,CFG_7fa53b7ab3bf,zp8,61,1
64584,CFG_2534839bab0a,zp8,61,1
64585,CFG_b2a3cbb134c5,zp8,61,1
64586,CFG_be784e24b621,zp8,61,1
64587,CFG_ac213567a5a2,zp8,61,1
64588,CFG_3278d3379c8a,zp8,61,1
64589,CFG_9178f775d49a,zp8,61,1
64590,CFG_b2a3cbb134c5,zp8,61,1
64591,CFG_5851809b712d,zp8,61,1
64592,CFG_f18488ce1456,zp8,61,1
64593,CFG_f18488ce1456,zp8,61,1
64594,CFG_5851809b712d,zp8,61,1
64595,CFG_9c659499047b,zp8,61,1
64596,CFG_36f82e31118f,zp8,61,1
64597,CFG_d96b0c9e44d0,zp8,61,1
64598,CFG_f18488ce1456,zp8,61,1
64599,CFG_36f82e31118f,zp8,61,1
64600,CFG_17620e2785dc,zp8,61,1
64601,CFG_cf541d0f8a3a,zp8,61,1
64602,CFG_e3950fd94ca1,zp8,61,1
64603,CFG_2534839bab0a,zp8,61,1
64604,CFG_deda15f4c4a8,zp8,61,1
64605,CFG_d96b0c9e44d0,zp8,61,1
64606,CFG_802041076799,zp8,61,1
64607,CFG_1ec55dc0a2ff,zp8,61,1
64608,CFG_de29bb20eaa6,zp8,61,1
64609,CFG_5531dad98c69,zp8,61,1
64610,CFG_2534839bab0a,zp8,61,1
64611,CFG_9c659499047b,zp8,61,1
64612,CFG_e87513c8563d,zp8,61,1
64613,CFG_3278d3379c8a,zp8,61,1
64614,CFG_8bfc9d62299c,zp8,61,1
64615,CFG_1738a11cbd49,zp8,61,1
64616,CFG_e3950fd94ca1,zp8,61,1
64617,CFG_1738a11cbd49,zp8,61,1
64618,CFG_f18488ce1456,zp8,61,1
64619,CFG_29c3378e155b,zp8,61,1
64620,CFG_f18488ce1456,zp8,61,1
64621,CFG_8bfc9d62299c,zp8,61,1
64622,CFG_2534839bab0a,zp8,61,1
64623,CFG_773ac98270b6,zp8,61,1
64624,CFG_deda15f4c4a8,zp8,61,1
64625,CFG_59aede929579,zp8,61,1
64626,CFG_2154b722e06b,zp8,61,1
64627,CFG_d96b0c9e44d0,zp8,61,1
64628,CFG_5531dad98c69,zp8,61,1
64629,CFG_e1e6e0c66c93,zp8,61,1
64630,CFG_deda15f4c4a8,zp8,61,1
64631,CFG_ceef49456daa,zp8,61,1
64632,CFG_f18488ce1456,zp8,61,1
64633,CFG_ce5b3e9775e9,zp8,61,1
64634,CFG_f18488ce1456,zp8,61,1
64635,CFG_cf541d0f8a3a,zp8,61,1
64636,CFG_d39c77a1a4bf,zp8,61,1
64637,CFG_ffde3ea1b2e3,zp8,61,1
64638,CFG_67b539d34471,zp8,61,1
64639,CFG_755205a28938,zp8,61,1
64640,CFG_f18488ce1456,zp8,61,1
64641,CFG_a1ebd0490272,zp8,61,1
64642,CFG_e3950fd94ca1,zp8,61,1
64643,CFG_67b539d34471,zp8,61,1
64644,CFG_f18488ce1456,zp8,61,1
64645,CFG_f18488ce1456,zp8,61,1
64646,CFG_710c47edfbc8,zp8,61,1
64647,CFG_deda15f4c4a8,zp8,61,1
64648,CFG_9c659499047b,zp8,61,1
64649,CFG_67b539d34471,zp8,61,1
64650,CFG_f18488ce1456,zp8,61,1
64651,CFG_e1e6e0c66c93,zp8,61,1
64652,CFG_8a51f93d684d,zp8,61,1
64653,CFG_b8e6a5652de1,zp8,61,1
64654,CFG_5531dad98c69,zp8,61,1
64655,CFG_d96b0c9e44d0,zp8,61,1
64656,CFG_36f82e31118f,zp8,61,1
64657,CFG_ffde3ea1b2e3,zp8,61,1
64658,CFG_6caaadb373ea,zp8,61,1
64659,CFG_67b539d34471,zp8,61,1
64660,CFG_755205a28938,zp8,61,1
64661,CFG_532891bb36ca,zp8,61,1
64662,CFG_1ec55dc0a2ff,zp8,61,1
64663,CFG_b8e6a5652de1,zp8,61,1
64664,CFG_59f154754573,zp8,61,1
64665,CFG_be784e24b621,zp8,61,1
64666,CFG_36f82e31118f,zp8,61,1
64667,CFG_5cd0c67d59bc,zp8,61,1
64668,CFG_59f154754573,zp8,61,1
64669,CFG_939ca62c69c2,zp8,61,1
64670,CFG_67b539d34471,zp8,61,1
64671,CFG_b0eabb76b70f,zp8,61,1
64672,CFG_e3386d946379,zp8,61,1
64673,CFG_b8e6a5652de1,zp8,61,1
64674,CFG_9c659499047b,zp8,61,1
64675,CFG_58ae56c3ee5b,zp8,61,1
64676,CFG_17620e2785dc,zp8,61,1
64677,CFG_cf541d0f8a3a,zp8,61,1
64678,CFG_67b539d34471,zp8,61,1
64679,CFG_9c659499047b,zp8,61,1
64680,CFG_112bf773e97d,zp8,61,1
64681,CFG_1738a11cbd49,zp8,61,1
64682,CFG_5514d03a77b0,zp8,61,1
64683,CFG_f18488ce1456,zp8,61,1
64684,CFG_a292c20a75fd,zp8,61,1
64685,CFG_bbea204eb2ac,zp8,61,1
64686,CFG_cf6528e23789,zp8,61,1
64687,CFG_3a3d7179fe0d,zp8,61,1
64688,CFG_9c659499047b,zp8,61,1
64689,CFG_e3950fd94ca1,zp8,61,1
64690,CFG_9178f775d49a,zp8,61,1
64691,CFG_710c47edfbc8,zp8,61,1
64692,CFG_9c659499047b,zp8,61,1
64693,CFG_b2a3cbb134c5,zp8,61,1
64694,CFG_773ac98270b6,zp8,61,1
64695,CFG_755205a28938,zp8,61,1
64696,CFG_cf541d0f8a3a,zp8,61,1
64697,CFG_1ec55dc0a2ff,zp8,61,1
64698,CFG_59f154754573,zp8,61,1
64699,CFG_a34f76b67ef4,zp8,61,1
64700,CFG_f18488ce1456,zp8,61,1
64701,CFG_755205a28938,zp8,61,1
64702,CFG_773ac98270b6,zp8,61,1
64703,CFG_36f82e31118f,zp8,61,1
64704,CFG_67b539d34471,zp8,61,1
64705,CFG_5cd0c67d59bc,zp8,61,1
64706,CFG_8f2957e28805,zp8,61,1
64707,CFG_65f78a36ed50,zp8,61,1
64708,CFG_dda2f907b868,zp8,61,1
64709,CFG_f18488ce1456,zp8,61,1
64710,CFG_773ac98270b6,zp8,61,1
64711,CFG_a34f76b67ef4,zp8,61,1
64712,CFG_8bfc9d62299c,zp8,61,1
64713,CFG_3278d3379c8a,zp8,61,1
64714,CFG_773ac98270b6,zp8,61,1
64715,CFG_8bfc9d62299c,zp8,61,1
64716,CFG_d96b0c9e44d0,zp8,61,1
64717,CFG_cf541d0f8a3a,zp8,61,1
64718,CFG_1ec55dc0a2ff,zp8,61,1
64719,CFG_939ca62c69c2,zp8,61,1
64720,CFG_1e693796a40d,zp8,61,1
64721,CFG_5514d03a77b0,zp8,61,1
64722,CFG_3a3d7179fe0d,zp8,61,1
64723,CFG_d96b0c9e44d0,zp8,61,1
64724,CFG_7fa53b7ab3bf,zp8,61,1
64725,CFG_939ca62c69c2,zp8,61,1
64726,CFG_e3950fd94ca1,zp8,61,1
64727,CFG_b2a3cbb134c5,zp8,61,1
64728,CFG_1ec55dc0a2ff,zp8,61,1
64729,CFG_7fa53b7ab3bf,zp8,61,1
64730,CFG_b2a3cbb134c5,zp8,61,1
64731,CFG_710c47edfbc8,zp8,61,1
64732,CFG_59aede929579,zp8,61,1
64733,CFG_a34f76b67ef4,zp8,61,1
64734,CFG_d7aadf87f0b1,zp8,61,1
64735,CFG_7fa53b7ab3bf,zp8,61,1
64736,CFG_be784e24b621,zp8,61,1
64737,CFG_cf541d0f8a3a,zp8,61,1
64738,CFG_773ac98270b6,zp8,61,1
64739,CFG_a292c20a75fd,zp8,61,1
64740,CFG_bbea204eb2ac,zp8,61,1
64741,CFG_e1e6e0c66c93,zp8,61,1
64742,CFG_1ec55dc0a2ff,zp8,61,1
64743,CFG_59aede929579,zp8,61,1
64744,CFG_710c47edfbc8,zp8,61,1
64745,CFG_36f82e31118f,zp8,61,1
64746,CFG_a1d878e7d840,zp8,61,1
64747,CFG_5cd0c67d59bc,zp8,61,1
64748,CFG_67b539d34471,zp8,61,1
64749,CFG_8a3f0c7c09a9,zp8,61,1
64750,CFG_cf541d0f8a3a,zp8,61,1
64751,CFG_773ac98270b6,zp8,61,1
64752,CFG_8a51f93d684d,zp8,61,1
64753,CFG_d7aadf87f0b1,zp8,61,1
64754,CFG_17620e2785dc,zp8,61,1
64755,CFG_1ec55dc0a2ff,zp8,61,1
64756,CFG_8a51f93d684d,zp8,61,1
64757,CFG_625048fefa0b,zp8,61,1
64758,CFG_f18488ce1456,zp8,61,1
64759,CFG_8bfc9d62299c,zp8,61,1
64760,CFG_b2bb984b770a,zp8,61,1
64761,CFG_f18488ce1456,zp8,61,1
64762,CFG_ffde3ea1b2e3,zp8,61,1
64763,CFG_67b539d34471,zp8,61,1
64764,CFG_8a51f93d684d,zp8,61,1
64765,CFG_755205a28938,zp8,61,1
64766,CFG_a1d878e7d840,zp8,61,1
64767,CFG_f18488ce1456,zp8,61,1
64768,CFG_1ec55dc0a2ff,zp8,61,1
64769,CFG_2154b722e06b,zp8,61,1
64770,CFG_f18488ce1456,zp8,61,1
64771,CFG_de29bb20eaa6,zp8,61,1
64772,CFG_939ca62c69c2,zp8,61,1
64773,CFG_1ec55dc0a2ff,zp8,61,1
64774,CFG_8bfc9d62299c,zp8,61,1
64775,CFG_d96b0c9e44d0,zp8,61,1
64776,CFG_9c659499047b,zp8,61,1
64777,CFG_b0eabb76b70f,zp8,61,1
64778,CFG_6caaadb373ea,zp8,61,1
64779,CFG_1ec55dc0a2ff,zp8,61,1
64780,CFG_d39c77a1a4bf,zp8,61,1
64781,CFG_275e4ca07248,zp8,61,1
64782,CFG_67b539d34471,zp8,61,1
64783,CFG_cf541d0f8a3a,zp8,61,1
64784,CFG_d0face5aa80d,zp8,61,1
64785,CFG_ffde3ea1b2e3,zp8,61,1
64786,CFG_d96b0c9e44d0,zp8,61,1
64787,CFG_e3950fd94ca1,zp8,61,1
64788,CFG_7fa53b7ab3bf,zp8,61,1
64789,CFG_ffde3ea1b2e3,zp8,61,1
64790,CFG_65f78a36ed50,zp8,61,1
64791,CFG_8a51f93d684d,zp8,61,1
64792,CFG_ffde3ea1b2e3,zp8,61,1
64793,CFG_e1e6e0c66c93,zp8,61,1
64794,CFG_1738a11cbd49,zp8,61,1
64795,CFG_625048fefa0b,zp8,61,1
64796,CFG_6caaadb373ea,zp8,61,1
64797,CFG_1738a11cbd49,zp8,61,1
64798,CFG_17620e2785dc,zp8,61,1
64799,CFG_f18488ce1456,zp8,61,1
64800,CFG_bbea204eb2ac,zp8,61,1
64801,CFG_8a51f93d684d,zp8,61,1
64802,CFG_d96b0c9e44d0,zp8,61,1
64803,CFG_1738a11cbd49,zp8,61,1
64804,CFG_9c659499047b,zp8,61,1
64805,CFG_7155e4ee7bdf,zp8,61,1
64806,CFG_b2a3cbb134c5,zp8,61,1
64807,CFG_a292c20a75fd,zp8,61,1
64808,CFG_67b539d34471,zp8,61,1
64809,CFG_67b539d34471,zp8,61,1
64810,CFG_2534839bab0a,zp8,61,1
64811,CFG_5514d03a77b0,zp8,61,1
64812,CFG_36f82e31118f,zp8,61,1
64813,CFG_3278d3379c8a,zp8,61,1
64814,CFG_8a51f93d684d,zp8,61,1
64815,CFG_939ca62c69c2,zp8,61,1
64816,CFG_59f154754573,zp8,61,1
64817,CFG_2154b722e06b,zp8,61,1
64818,CFG_67b539d34471,zp8,61,1
64819,CFG_f18488ce1456,zp8,61,1
64820,CFG_36f82e31118f,zp8,61,1
64821,CFG_773ac98270b6,zp8,61,1
64822,CFG_39fe645ba2f1,zp8,61,1
64823,CFG_a1ebd0490272,zp8,61,1
64824,CFG_be784e24b621,zp8,61,1
64825,CFG_2154b722e06b,zp8,61,1
64826,CFG_67b539d34471,zp8,61,1
64827,CFG_1738a11cbd49,zp8,61,1
64828,CFG_9178f775d49a,zp8,61,1
64829,CFG_deda15f4c4a8,zp8,61,1
64830,CFG_755205a28938,zp8,61,1
64831,CFG_5851809b712d,zp8,61,1
64832,CFG_39fe645ba2f1,zp8,61,1
64833,CFG_b2a3cbb134c5,zp8,61,1
64834,CFG_d96b0c9e44d0,zp8,61,1
64835,CFG_d96b0c9e44d0,zp8,61,1
64836,CFG_59f154754573,zp8,61,1
64837,CFG_288ddbff7431,zp8,61,1
64838,CFG_a1ebd0490272,zp8,61,1
64839,CFG_b2a3cbb134c5,zp8,61,1
64840,CFG_1ec55dc0a2ff,zp8,61,1
64841,CFG_de29bb20eaa6,zp8,61,1
64842,CFG_9178f775d49a,zp8,61,1
64843,CFG_67b539d34471,zp8,61,1
64844,CFG_1738a11cbd49,zp8,61,1
64845,CFG_2154b722e06b,zp8,61,1
64846,CFG_1ec55dc0a2ff,zp8,61,1
64847,CFG_9c659499047b,zp8,61,1
64848,CFG_b2a3cbb134c5,zp8,61,1
64849,CFG_f18488ce1456,zp8,61,1
64850,CFG_8bfc9d62299c,zp8,61,1
64851,CFG_ac213567a5a2,zp8,61,1
64852,CFG_b2a3cbb134c5,zp8,61,1
64853,CFG_e3950fd94ca1,zp8,61,1
64854,CFG_59aede929579,zp8,61,1
64855,CFG_cf541d0f8a3a,zp8,61,1
64856,CFG_9178f775d49a,zp8,61,1
64857,CFG_1ec55dc0a2ff,zp8,61,1
64858,CFG_e3386d946379,zp8,61,1
64859,CFG_9178f775d49a,zp8,61,1
64860,CFG_3278d3379c8a,zp8,61,1
64861,CFG_8bfc9d62299c,zp8,61,1
64862,CFG_1ec55dc0a2ff,zp8,61,1
64863,CFG_a1d878e7d840,zp8,61,1
64864,CFG_9178f775d49a,zp8,61,1
64865,CFG_b2a3cbb134c5,zp8,61,1
64866,CFG_1ec55dc0a2ff,zp8,61,1
64867,CFG_36f82e31118f,zp8,61,1
64868,CFG_a34f76b67ef4,zp8,61,1
64869,CFG_755205a28938,zp8,61,1
64870,CFG_b2a3cbb134c5,zp8,61,1
64871,CFG_7155e4ee7bdf,zp8,61,1
64872,CFG_67b539d34471,zp8,61,1
64873,CFG_be784e24b621,zp8,61,1
64874,CFG_773ac98270b6,zp8,61,1
64875,CFG_ceef49456daa,zp8,61,1
64876,CFG_29c3378e155b,zp8,61,1
64877,CFG_deda15f4c4a8,zp8,61,1
64878,CFG_3a3d7179fe0d,zp8,61,1
64879,CFG_8a51f93d684d,zp8,61,1
64880,CFG_9c659499047b,zp8,61,1
64881,CFG_f18488ce1456,zp8,61,1
64882,CFG_59aede929579,zp8,61,1
64883,CFG_3278d3379c8a,zp8,61,1
64884,CFG_ffde3ea1b2e3,zp8,61,1
64885,CFG_5cd0c67d59bc,zp8,61,1
64886,CFG_d39c77a1a4bf,zp8,61,1
64887,CFG_8a51f93d684d,zp8,61,1
64888,CFG_1ec55dc0a2ff,zp8,61,1
64889,CFG_5be0533f7ebf,zp8,61,1
64890,CFG_802041076799,zp8,61,1
64891,CFG_755205a28938,zp8,61,1
64892,CFG_59aede929579,zp8,61,1
64893,CFG_f18488ce1456,zp8,61,1
64894,CFG_a292c20a75fd,zp8,61,1
64895,CFG_acabbc62a021,zp8,61,1
64896,CFG_29c3378e155b,zp8,61,1
64897,CFG_a34f76b67ef4,zp8,61,1
64898,CFG_f18488ce1456,zp8,61,1
64899,CFG_288ddbff7431,zp8,61,1
64900,CFG_ac213567a5a2,zp8,61,1
64901,CFG_e3950fd94ca1,zp8,61,1
64902,CFG_5be0533f7ebf,zp8,61,1
64903,CFG_1ec55dc0a2ff,zp8,61,1
64904,CFG_36f82e31118f,zp8,61,1
64905,CFG_9178f775d49a,zp8,61,1
64906,CFG_a34f76b67ef4,zp8,61,1
64907,CFG_7fa53b7ab3bf,zp8,61,1
64908,CFG_67b539d34471,zp8,61,1
64909,CFG_8a51f93d684d,zp8,61,1
64910,CFG_67b539d34471,zp8,61,1
64911,CFG_b2a3cbb134c5,zp8,61,1
64912,CFG_36f82e31118f,zp8,61,1
64913,CFG_b2a3cbb134c5,zp8,61,1
64914,CFG_773ac98270b6,zp8,61,1
64915,CFG_275e4ca07248,zp8,61,1
64916,CFG_9178f775d49a,zp8,61,1
64917,CFG_59f154754573,zp8,61,1
64918,CFG_cf6528e23789,zp8,61,1
64919,CFG_e3950fd94ca1,zp8,61,1
64920,CFG_3697b100c401,zp8,61,1
64921,CFG_2154b722e06b,zp8,61,1
64922,CFG_cc5bbb6e9d13,zp8,61,1
64923,CFG_e87513c8563d,zp8,61,1
64924,CFG_b2a3cbb134c5,zp8,61,1
64925,CFG_8a51f93d684d,zp8,61,1
64926,CFG_f18488ce1456,zp8,61,1
64927,CFG_1ec55dc0a2ff,zp8,61,1
64928,CFG_3a3d7179fe0d,zp8,61,1
64929,CFG_f18488ce1456,zp8,61,1
64930,CFG_a1d878e7d840,zp8,61,1
64931,CFG_39fe645ba2f1,zp8,61,1
64932,CFG_dda2f907b868,zp8,61,1
64933,CFG_f18488ce1456,zp8,61,1
64934,CFG_710c47edfbc8,zp8,61,1
64935,CFG_9c659499047b,zp8,61,1
64936,CFG_de29bb20eaa6,zp8,61,1
64937,CFG_e3950fd94ca1,zp8,61,1
64938,CFG_d7aadf87f0b1,zp8,61,1
64939,CFG_c94b44f1b2f9,zp8,61,1
64940,CFG_8a51f93d684d,zp8,61,1
64941,CFG_17620e2785dc,zp8,61,1
64942,CFG_59f154754573,zp8,61,1
64943,CFG_d0face5aa80d,zp8,61,1
64944,CFG_8a51f93d684d,zp8,61,1
64945,CFG_288ddbff7431,zp8,61,1
64946,CFG_be784e24b621,zp8,61,1
64947,CFG_d96b0c9e44d0,zp8,61,1
64948,CFG_7fa53b7ab3bf,zp8,61,1
64949,CFG_939ca62c69c2,zp8,61,1
64950,CFG_773ac98270b6,zp8,61,1
64951,CFG_9178f775d49a,zp8,61,1
64952,CFG_773ac98270b6,zp8,61,1
64953,CFG_a1d878e7d840,zp8,61,1
64954,CFG_727914633b9e,zp8,61,1
64955,CFG_e3386d946379,zp8,61,1
64956,CFG_deda15f4c4a8,zp8,61,1
64957,CFG_b2a3cbb134c5,zp8,61,1
64958,CFG_be784e24b621,zp8,61,1
64959,CFG_2154b722e06b,zp8,61,1
64960,CFG_9178f775d49a,zp8,61,1
64961,CFG_e1e6e0c66c93,zp8,61,1
64962,CFG_deda15f4c4a8,zp8,61,1
64963,CFG_7cd4c6b023c5,zp8,61,1
64964,CFG_f18488ce1456,zp8,61,1
64965,CFG_7cd4c6b023c5,zp8,61,1
64966,CFG_c94b44f1b2f9,zp8,61,1
64967,CFG_b2a3cbb134c5,zp8,61,1
64968,CFG_3a3d7179fe0d,zp8,61,1
64969,CFG_d7aadf87f0b1,zp8,61,1
64970,CFG_939ca62c69c2,zp8,61,1
64971,CFG_f18488ce1456,zp8,61,1
64972,CFG_8a51f93d684d,zp8,61,1
64973,CFG_7fa53b7ab3bf,zp8,61,1
64974,CFG_b2a3cbb134c5,zp8,61,1
64975,CFG_727914633b9e,zp8,61,1
64976,CFG_36f82e31118f,zp8,61,1
64977,CFG_773ac98270b6,zp8,61,1
64978,CFG_939ca62c69c2,zp8,61,1
64979,CFG_3a3d7179fe0d,zp8,61,1
64980,CFG_3a3d7179fe0d,zp8,61,1
64981,CFG_d7aadf87f0b1,zp8,61,1
64982,CFG_c910518048de,zp8,61,1
64983,CFG_9178f775d49a,zp8,61,1
64984,CFG_f18488ce1456,zp8,61,1
64985,CFG_b2a3cbb134c5,zp8,61,1
64986,CFG_1e693796a40d,zp8,61,1
64987,CFG_f18488ce1456,zp8,61,1
64988,CFG_8bfc9d62299c,zp8,61,1
64989,CFG_773ac98270b6,zp8,61,1
64990,CFG_802041076799,zp8,61,1
64991,CFG_a1d878e7d840,zp8,61,1
64992,CFG_65f78a36ed50,zp8,61,1
64993,CFG_36f82e31118f,zp8,61,1
64994,CFG_9178f775d49a,zp8,61,1
64995,CFG_a292c20a75fd,zp8,61,1
64996,CFG_9178f775d49a,zp8,61,1
64997,CFG_bbea204eb2ac,zp8,61,1
64998,CFG_9178f775d49a,zp8,61,1
64999,CFG_8bfc9d62299c,zp8,61,1
65000,CFG_e3950fd94ca1,zp8,61,1
65001,CFG_f18488ce1456,zp8,61,1
65002,CFG_5851809b712d,zp8,61,1
65003,CFG_be784e24b621,zp8,61,1
65004,CFG_7fa53b7ab3bf,zp8,61,1
65005,CFG_17620e2785dc,zp8,61,1
65006,CFG_b2a3cbb134c5,zp8,61,1
65007,CFG_5514d03a77b0,zp8,61,1
65008,CFG_3a3d7179fe0d,zp8,61,1
65009,CFG_3e489afc8bfd,zp8,61,1
65010,CFG_b04e3d146803,zp8,61,1
65011,CFG_e3950fd94ca1,zp8,61,1
65012,CFG_1ec55dc0a2ff,zp8,61,1
65013,CFG_c910518048de,zp8,61,1
65014,CFG_9c659499047b,zp8,61,1
65015,CFG_f18488ce1456,zp8,61,1
65016,CFG_5cd0c67d59bc,zp8,61,1
65017,CFG_cf541d0f8a3a,zp8,61,1
65018,CFG_288ddbff7431,zp8,61,1
65019,CFG_c910518048de,zp8,61,1
65020,CFG_f18488ce1456,zp8,61,1
65021,CFG_9178f775d49a,zp8,61,1
65022,CFG_e87513c8563d,zp8,61,1
65023,CFG_b2a3cbb134c5,zp8,61,1
65024,CFG_be784e24b621,zp8,61,1
65025,CFG_9c659499047b,zp8,61,1
65026,CFG_1738a11cbd49,zp8,61,1
65027,CFG_17620e2785dc,zp8,61,1
65028,CFG_d7aadf87f0b1,zp8,61,1
65029,CFG_1738a11cbd49,zp8,61,1
65030,CFG_e1e6e0c66c93,zp8,61,1
65031,CFG_dda2f907b868,zp8,61,1
65032,CFG_9c659499047b,zp8,61,1
65033,CFG_67b539d34471,zp8,61,1
65034,CFG_8bfc9d62299c,zp8,61,1
65035,CFG_5851809b712d,zp8,61,1
65036,CFG_9c659499047b,zp8,61,1
65037,CFG_773ac98270b6,zp8,61,1
65038,CFG_3a3d7179fe0d,zp8,61,1
65039,CFG_ac213567a5a2,zp8,61,1
65040,CFG_9178f775d49a,zp8,61,1
65041,CFG_bbea204eb2ac,zp8,61,1
65042,CFG_8a51f93d684d,zp8,61,1
65043,CFG_8a51f93d684d,zp8,61,1
65044,CFG_710c47edfbc8,zp8,61,1
65045,CFG_e1e6e0c66c93,zp8,61,1
65046,CFG_77c8b99b43d9,zp8,61,1
65047,CFG_d96b0c9e44d0,zp8,61,1
65048,CFG_b2a3cbb134c5,zp8,61,1
65049,CFG_59aede929579,zp8,61,1
65050,CFG_d96b0c9e44d0,zp8,61,1
65051,CFG_3a3d7179fe0d,zp8,61,1
65052,CFG_b8e6a5652de1,zp8,61,1
65053,CFG_ffde3ea1b2e3,zp8,61,1
65054,CFG_b2a3cbb134c5,zp8,61,1
65055,CFG_ceef49456daa,zp8,61,1
65056,CFG_9c659499047b,zp8,61,1
65057,CFG_5514d03a77b0,zp8,61,1
65058,CFG_8a51f93d684d,zp8,61,1
65059,CFG_9178f775d49a,zp8,61,1
65060,CFG_939ca62c69c2,zp8,61,1
65061,CFG_e1e6e0c66c93,zp8,61,1
65062,CFG_755205a28938,zp8,61,1
65063,CFG_275e4ca07248,zp8,61,1
65064,CFG_b2a3cbb134c5,zp8,61,1
65065,CFG_f18488ce1456,zp8,61,1
65066,CFG_acabbc62a021,zp8,61,1
65067,CFG_939ca62c69c2,zp8,61,1
65068,CFG_39fe645ba2f1,zp8,61,1
65069,CFG_e1e6e0c66c93,zp8,61,1
65070,CFG_b8e6a5652de1,zp8,61,1
65071,CFG_c94b44f1b2f9,zp8,61,1
65072,CFG_ffde3ea1b2e3,zp8,61,1
65073,CFG_9c659499047b,zp8,61,1
65074,CFG_a34f76b67ef4,zp8,61,1
65075,CFG_d96b0c9e44d0,zp8,61,1
65076,CFG_1ec55dc0a2ff,zp8,61,1
65077,CFG_39fe645ba2f1,zp8,61,1
65078,CFG_9178f775d49a,zp8,61,1
65079,CFG_59aede929579,zp8,61,1
65080,CFG_9178f775d49a,zp8,61,1
65081,CFG_9c659499047b,zp8,61,1
65082,CFG_3a3d7179fe0d,zp8,61,1
65083,CFG_8a51f93d684d,zp8,61,1
65084,CFG_9178f775d49a,zp8,61,1
65085,CFG_9c659499047b,zp8,61,1
65086,CFG_b2a3cbb134c5,zp8,61,1
65087,CFG_b2a3cbb134c5,zp8,61,1
65088,CFG_39fe645ba2f1,zp8,61,1
65089,CFG_d39c77a1a4bf,zp8,61,1
65090,CFG_5cd0c67d59bc,zp8,61,1
65091,CFG_b2a3cbb134c5,zp8,61,1
65092,CFG_d7aadf87f0b1,zp8,61,1
65093,CFG_6caaadb373ea,zp8,61,1
65094,CFG_e3950fd94ca1,zp8,61,1
65095,CFG_67b539d34471,zp8,61,1
65096,CFG_1ec55dc0a2ff,zp8,61,1
65097,CFG_36f82e31118f,zp8,61,1
65098,CFG_8a51f93d684d,zp8,61,1
65099,CFG_f18488ce1456,zp8,61,1
65100,CFG_9178f775d49a,zp8,61,1
65101,CFG_8a51f93d684d,zp8,61,1
65102,CFG_e3950fd94ca1,zp8,61,1
65103,CFG_d39c77a1a4bf,zp8,61,1
65104,CFG_e87513c8563d,zp8,61,1
65105,CFG_ac213567a5a2,zp8,61,1
65106,CFG_d7aadf87f0b1,zp8,61,1
65107,CFG_bbea204eb2ac,zp8,61,1
65108,CFG_9178f775d49a,zp8,61,1
65109,CFG_deda15f4c4a8,zp8,61,1
65110,CFG_d96b0c9e44d0,zp8,61,1
65111,CFG_36f82e31118f,zp8,61,1
65112,CFG_1ec55dc0a2ff,zp8,61,1
65113,CFG_be784e24b621,zp8,61,1
65114,CFG_39fe645ba2f1,zp8,61,1
65115,CFG_8a51f93d684d,zp8,61,1
65116,CFG_f993a0fc6256,zp8,61,1
65117,CFG_cf541d0f8a3a,zp8,61,1
65118,CFG_275e4ca07248,zp8,61,1
65119,CFG_b8e6a5652de1,zp8,61,1
65120,CFG_7acc0fd451e2,zp8,61,1
65121,CFG_f90a73d2a477,zp8,61,1
65122,CFG_727914633b9e,zp8,61,1
65123,CFG_288ddbff7431,zp8,61,1
65124,CFG_7155e4ee7bdf,zp8,61,1
65125,CFG_b2a3cbb134c5,zp8,61,1
65126,CFG_2534839bab0a,zp8,61,1
65127,CFG_39fe645ba2f1,zp8,61,1
65128,CFG_39fe645ba2f1,zp8,61,1
65129,CFG_36f82e31118f,zp8,61,1
65130,CFG_5cd0c67d59bc,zp8,61,1
65131,CFG_773ac98270b6,zp8,61,1
65132,CFG_cf541d0f8a3a,zp8,61,1
65133,CFG_59f154754573,zp8,61,1
65134,CFG_5514d03a77b0,zp8,61,1
65135,CFG_939ca62c69c2,zp8,61,1
65136,CFG_c910518048de,zp8,61,1
65137,CFG_67b539d34471,zp8,61,1
65138,CFG_59f154754573,zp8,61,1
65139,CFG_f18488ce1456,zp8,61,1
65140,CFG_b2a3cbb134c5,zp8,61,1
65141,CFG_b8e6a5652de1,zp8,61,1
65142,CFG_939ca62c69c2,zp8,61,1
65143,CFG_deda15f4c4a8,zp8,61,1
65144,CFG_e3386d946379,zp8,61,1
65145,CFG_e3386d946379,zp8,61,1
65146,CFG_db37bdfe8c71,zp8,61,1
65147,CFG_b2a3cbb134c5,zp8,61,1
65148,CFG_58ae56c3ee5b,zp8,61,1
65149,CFG_d96b0c9e44d0,zp8,61,1
65150,CFG_deda15f4c4a8,zp8,61,1
65151,CFG_1d1816b1d9d8,zp8,61,1
65152,CFG_5531dad98c69,zp8,61,1
65153,CFG_f18488ce1456,zp8,61,1
65154,CFG_ac213567a5a2,zp8,61,1
65155,CFG_1738a11cbd49,zp8,61,1
65156,CFG_2154b722e06b,zp8,61,1
65157,CFG_710c47edfbc8,zp8,61,1
65158,CFG_29c3378e155b,zp8,61,1
65159,CFG_be784e24b621,zp8,61,1
65160,CFG_7acc0fd451e2,zp8,61,1
65161,CFG_67b539d34471,zp8,61,1
65162,CFG_deda15f4c4a8,zp8,61,1
65163,CFG_f18488ce1456,zp8,61,1
65164,CFG_b2a3cbb134c5,zp8,61,1
65165,CFG_2534839bab0a,zp8,61,1
65166,CFG_7fa53b7ab3bf,zp8,61,1
65167,CFG_275e4ca07248,zp8,61,1
65168,CFG_de29bb20eaa6,zp8,61,1
65169,CFG_e1e6e0c66c93,zp8,61,1
65170,CFG_17620e2785dc,zp8,61,1
65171,CFG_5be0533f7ebf,zp8,61,1
65172,CFG_f18488ce1456,zp8,61,1
65173,CFG_275e4ca07248,zp8,61,1
65174,CFG_9178f775d49a,zp8,61,1
65175,CFG_e3950fd94ca1,zp8,61,1
65176,CFG_b2a3cbb134c5,zp8,61,1
65177,CFG_f18488ce1456,zp8,61,1
65178,CFG_de29bb20eaa6,zp8,61,1
65179,CFG_b2a3cbb134c5,zp8,61,1
65180,CFG_d0face5aa80d,zp8,61,1
65181,CFG_b2a3cbb134c5,zp8,61,1
65182,CFG_710c47edfbc8,zp8,61,1
65183,CFG_67b539d34471,zp8,61,1
65184,CFG_e87513c8563d,zp8,61,1
65185,CFG_5cd0c67d59bc,zp8,61,1
65186,CFG_710c47edfbc8,zp8,61,1
65187,CFG_77c8b99b43d9,zp8,61,1
65188,CFG_cc5bbb6e9d13,zp8,61,1
65189,CFG_8bfc9d62299c,zp8,61,1
65190,CFG_db37bdfe8c71,zp8,61,1
65191,CFG_773ac98270b6,zp8,61,1
65192,CFG_b8e6a5652de1,zp8,61,1
65193,CFG_625048fefa0b,zp8,61,1
65194,CFG_1738a11cbd49,zp8,61,1
65195,CFG_939ca62c69c2,zp8,61,1
65196,CFG_d96b0c9e44d0,zp8,61,1
65197,CFG_d7aadf87f0b1,zp8,61,1
65198,CFG_5514d03a77b0,zp8,61,1
65199,CFG_b04e3d146803,zp8,61,1
65200,CFG_5cd0c67d59bc,zp8,61,1
65201,CFG_1ec55dc0a2ff,zp8,61,1
65202,CFG_8a51f93d684d,zp8,61,1
65203,CFG_b2a3cbb134c5,zp8,61,1
65204,CFG_e1e6e0c66c93,zp8,61,1
65205,CFG_b04e3d146803,zp8,61,1
65206,CFG_e3386d946379,zp8,61,1
65207,CFG_e1e6e0c66c93,zp8,61,1
65208,CFG_de29bb20eaa6,zp8,61,1
65209,CFG_d96b0c9e44d0,zp8,61,1
65210,CFG_1738a11cbd49,zp8,61,1
65211,CFG_b2a3cbb134c5,zp8,61,1
65212,CFG_17620e2785dc,zp8,61,1
65213,CFG_de29bb20eaa6,zp8,61,1
65214,CFG_755205a28938,zp8,61,1
65215,CFG_ffde3ea1b2e3,zp8,61,1
65216,CFG_1738a11cbd49,zp8,61,1
65217,CFG_1ec55dc0a2ff,zp8,61,1
65218,CFG_755205a28938,zp8,61,1
65219,CFG_9178f775d49a,zp8,61,1
65220,CFG_b0eabb76b70f,zp8,61,1
65221,CFG_39fe645ba2f1,zp8,61,1
65222,CFG_f18488ce1456,zp8,61,1
65223,CFG_b8e6a5652de1,zp8,61,1
65224,CFG_db37bdfe8c71,zp8,61,1
65225,CFG_b2a3cbb134c5,zp8,61,1
65226,CFG_1ec55dc0a2ff,zp8,61,1
65227,CFG_939ca62c69c2,zp8,61,1
65228,CFG_6caaadb373ea,zp8,61,1
65229,CFG_29c3378e155b,zp8,61,1
65230,CFG_1ec55dc0a2ff,zp8,61,1
65231,CFG_3697b100c401,zp8,61,1
65232,CFG_b2a3cbb134c5,zp8,61,1
65233,CFG_d0face5aa80d,zp8,61,1
65234,CFG_b2a3cbb134c5,zp8,61,1
65235,CFG_e87513c8563d,zp8,61,1
65236,CFG_7cd4c6b023c5,zp8,61,1
65237,CFG_9178f775d49a,zp8,61,1
65238,CFG_b2a3cbb134c5,zp8,61,1
65239,CFG_727914633b9e,zp8,61,1
65240,CFG_29c3378e155b,zp8,61,1
65241,CFG_e1e6e0c66c93,zp8,61,1
65242,CFG_e1e6e0c66c93,zp8,61,1
65243,CFG_9c659499047b,zp8,61,1
65244,CFG_67b539d34471,zp8,61,1
65245,CFG_1738a11cbd49,zp8,61,1
65246,CFG_802041076799,zp8,61,1
65247,CFG_cc5bbb6e9d13,zp8,61,1
65248,CFG_8a51f93d684d,zp8,61,1
65249,CFG_e3950fd94ca1,zp8,61,1
65250,CFG_288ddbff7431,zp8,61,1
65251,CFG_d7aadf87f0b1,zp8,61,1
65252,CFG_5514d03a77b0,zp8,61,1
65253,CFG_de29bb20eaa6,zp8,61,1
65254,CFG_5be0533f7ebf,zp8,61,1
65255,CFG_cf541d0f8a3a,zp8,61,1
65256,CFG_5cd0c67d59bc,zp8,61,1
65257,CFG_67b539d34471,zp8,61,1
65258,CFG_b2a3cbb134c5,zp8,61,1
65259,CFG_7cd4c6b023c5,zp8,61,1
65260,CFG_f18488ce1456,zp8,61,1
65261,CFG_77c8b99b43d9,zp8,61,1
65262,CFG_2154b722e06b,zp8,61,1
65263,CFG_1d0f84c0bb06,zp8,61,1
65264,CFG_e1e6e0c66c93,zp8,61,1
65265,CFG_3a3d7179fe0d,zp8,61,1
65266,CFG_c94b44f1b2f9,zp8,61,1
65267,CFG_e3386d946379,zp8,61,1
65268,CFG_3697b100c401,zp8,61,1
65269,CFG_b8e6a5652de1,zp8,61,1
65270,CFG_1ec55dc0a2ff,zp8,61,1
65271,CFG_b04e3d146803,zp8,61,1
65272,CFG_e1e6e0c66c93,zp8,61,1
65273,CFG_1ec55dc0a2ff,zp8,61,1
65274,CFG_67b539d34471,zp8,61,1
65275,CFG_29c3378e155b,zp8,61,1
65276,CFG_17620e2785dc,zp8,61,1
65277,CFG_1738a11cbd49,zp8,61,1
65278,CFG_deda15f4c4a8,zp8,61,1
65279,CFG_deda15f4c4a8,zp8,61,1
65280,CFG_2154b722e06b,zp8,61,1
65281,CFG_ceef49456daa,zp8,61,1
65282,CFG_8bfc9d62299c,zp8,61,1
65283,CFG_1e693796a40d,zp8,61,1
65284,CFG_1ec55dc0a2ff,zp8,61,1
65285,CFG_9c659499047b,zp8,61,1
65286,CFG_cc5bbb6e9d13,zp8,61,1
65287,CFG_59f154754573,zp8,61,1
65288,CFG_939ca62c69c2,zp8,61,1
65289,CFG_8bfc9d62299c,zp8,61,1
65290,CFG_a292c20a75fd,zp8,61,1
65291,CFG_8bfc9d62299c,zp8,61,1
65292,CFG_b8e6a5652de1,zp8,61,1
65293,CFG_1ec55dc0a2ff,zp8,61,1
65294,CFG_1738a11cbd49,zp8,61,1
65295,CFG_9178f775d49a,zp8,61,1
65296,CFG_67b539d34471,zp8,61,1
65297,CFG_a34f76b67ef4,zp8,61,1
65298,CFG_36f82e31118f,zp8,61,1
65299,CFG_29c3378e155b,zp8,61,1
65300,CFG_8a51f93d684d,zp8,61,1
65301,CFG_be784e24b621,zp8,61,1
65302,CFG_b8e6a5652de1,zp8,61,1
65303,CFG_3278d3379c8a,zp8,61,1
65304,CFG_1e693796a40d,zp8,61,1
65305,CFG_939ca62c69c2,zp8,61,1
65306,CFG_f18488ce1456,zp8,61,1
65307,CFG_b2a3cbb134c5,zp8,61,1
65308,CFG_67b539d34471,zp8,61,1
65309,CFG_f18488ce1456,zp8,61,1
65310,CFG_1ec55dc0a2ff,zp8,61,1
65311,CFG_1ec55dc0a2ff,zp8,61,1
65312,CFG_9178f775d49a,zp8,61,1
65313,CFG_29c3378e155b,zp8,61,1
65314,CFG_17620e2785dc,zp8,61,1
65315,CFG_939ca62c69c2,zp8,61,1
65316,CFG_9178f775d49a,zp8,61,1
65317,CFG_f18488ce1456,zp8,61,1
65318,CFG_d96b0c9e44d0,zp8,61,1
65319,CFG_b2a3cbb134c5,zp8,61,1
65320,CFG_3a3d7179fe0d,zp8,61,1
65321,CFG_bd6412fc68b0,zp8,61,1
65322,CFG_7fa53b7ab3bf,zp8,61,1
65323,CFG_f18488ce1456,zp8,61,1
65324,CFG_3a3d7179fe0d,zp8,61,1
65325,CFG_deda15f4c4a8,zp8,61,1
65326,CFG_ffde3ea1b2e3,zp8,61,1
65327,CFG_8bfc9d62299c,zp8,61,1
65328,CFG_9178f775d49a,zp8,61,1
65329,CFG_9178f775d49a,zp8,61,1
65330,CFG_755205a28938,zp8,61,1
65331,CFG_d7aadf87f0b1,zp8,61,1
65332,CFG_7cd4c6b023c5,zp8,61,1
65333,CFG_802041076799,zp8,61,1
65334,CFG_2154b722e06b,zp8,61,1
65335,CFG_59f154754573,zp8,61,1
65336,CFG_8a51f93d684d,zp8,61,1
65337,CFG_bbea204eb2ac,zp8,61,1
65338,CFG_d96b0c9e44d0,zp8,61,1
65339,CFG_1738a11cbd49,zp8,61,1
65340,CFG_59f154754573,zp8,61,1
65341,CFG_deda15f4c4a8,zp8,61,1
65342,CFG_710c47edfbc8,zp8,61,1
65343,CFG_9c659499047b,zp8,61,1
65344,CFG_d39c77a1a4bf,zp8,61,1
65345,CFG_773ac98270b6,zp8,61,1
65346,CFG_a34f76b67ef4,zp8,61,1
65347,CFG_ffde3ea1b2e3,zp8,61,1
65348,CFG_3697b100c401,zp8,61,1
65349,CFG_77c8b99b43d9,zp8,61,1
65350,CFG_a34f76b67ef4,zp8,61,1
65351,CFG_e3950fd94ca1,zp8,61,1
65352,CFG_1738a11cbd49,zp8,61,1
65353,CFG_1d0f84c0bb06,zp8,61,1
65354,CFG_3278d3379c8a,zp8,61,1
65355,CFG_e1e6e0c66c93,zp8,61,1
65356,CFG_deda15f4c4a8,zp8,61,1
65357,CFG_d7aadf87f0b1,zp8,61,1
65358,CFG_e87513c8563d,zp8,61,1
65359,CFG_f18488ce1456,zp8,61,1
65360,CFG_a1d878e7d840,zp8,61,1
65361,CFG_1ec55dc0a2ff,zp8,61,1
65362,CFG_8bfc9d62299c,zp8,61,1
65363,CFG_2534839bab0a,zp8,61,1
65364,CFG_a1ebd0490272,zp8,61,1
65365,CFG_36f82e31118f,zp8,61,1
65366,CFG_36f82e31118f,zp8,61,1
65367,CFG_b2a3cbb134c5,zp8,61,1
65368,CFG_1e693796a40d,zp8,61,1
65369,CFG_d39c77a1a4bf,zp8,61,1
65370,CFG_59f154754573,zp8,61,1
65371,CFG_773ac98270b6,zp8,61,1
65372,CFG_a292c20a75fd,zp8,61,1
65373,CFG_5cd0c67d59bc,zp8,61,1
65374,CFG_be784e24b621,zp8,61,1
65375,CFG_710c47edfbc8,zp8,61,1
65376,CFG_9c659499047b,zp8,61,1
65377,CFG_288ddbff7431,zp8,61,1
65378,CFG_3a3d7179fe0d,zp8,61,1
65379,CFG_755205a28938,zp8,61,1
65380,CFG_939ca62c69c2,zp8,61,1
65381,CFG_1ec55dc0a2ff,zp8,61,1
65382,CFG_1e693796a40d,zp8,61,1
65383,CFG_59f154754573,zp8,61,1
65384,CFG_be784e24b621,zp8,61,1
65385,CFG_9178f775d49a,zp8,61,1
65386,CFG_f18488ce1456,zp8,61,1
65387,CFG_36f82e31118f,zp8,61,1
65388,CFG_be784e24b621,zp8,61,1
65389,CFG_59f154754573,zp8,61,1
65390,CFG_6ff9e417e386,zp8,61,1
65391,CFG_36f82e31118f,zp8,61,1
65392,CFG_39fe645ba2f1,zp8,61,1
65393,CFG_9178f775d49a,zp8,61,1
65394,CFG_727914633b9e,zp8,61,1
65395,CFG_3a3d7179fe0d,zp8,61,1
65396,CFG_3a3d7179fe0d,zp8,61,1
65397,CFG_710c47edfbc8,zp8,61,1
65398,CFG_2154b722e06b,zp8,61,1
65399,CFG_5851809b712d,zp8,61,1
65400,CFG_67b539d34471,zp8,61,1
65401,CFG_9178f775d49a,zp8,61,1
65402,CFG_f18488ce1456,zp8,61,1
65403,CFG_59f154754573,zp8,61,1
65404,CFG_9178f775d49a,zp8,61,1
65405,CFG_b04e3d146803,zp8,61,1
65406,CFG_e3950fd94ca1,zp8,61,1
65407,CFG_deda15f4c4a8,zp8,61,1
65408,CFG_1d1816b1d9d8,zp8,61,1
65409,CFG_8a51f93d684d,zp8,61,1
65410,CFG_b2a3cbb134c5,zp8,61,1
65411,CFG_59aede929579,zp8,61,1
65412,CFG_f993a0fc6256,zp8,61,1
65413,CFG_ac213567a5a2,zp8,61,1
65414,CFG_de29bb20eaa6,zp8,61,1
65415,CFG_5cd0c67d59bc,zp8,61,1
65416,CFG_939ca62c69c2,zp8,61,1
65417,CFG_db37bdfe8c71,zp8,61,1
65418,CFG_939ca62c69c2,zp8,61,1
65419,CFG_7155e4ee7bdf,zp8,61,1
65420,CFG_a1d878e7d840,zp8,61,1
65421,CFG_9178f775d49a,zp8,61,1
65422,CFG_755205a28938,zp8,61,1
65423,CFG_cf541d0f8a3a,zp8,61,1
65424,CFG_8a51f93d684d,zp8,61,1
65425,CFG_67b539d34471,zp8,61,1
65426,CFG_755205a28938,zp8,61,1
65427,CFG_acabbc62a021,zp8,61,1
65428,CFG_755205a28938,zp8,61,1
65429,CFG_67b539d34471,zp8,61,1
65430,CFG_cf541d0f8a3a,zp8,61,1
65431,CFG_9178f775d49a,zp8,61,1
65432,CFG_939ca62c69c2,zp8,61,1
65433,CFG_9178f775d49a,zp8,61,1
65434,CFG_cf541d0f8a3a,zp8,61,1
65435,CFG_ac213567a5a2,zp8,61,1
65436,CFG_e1e6e0c66c93,zp8,61,1
65437,CFG_a292c20a75fd,zp8,61,1
65438,CFG_be784e24b621,zp8,61,1
65439,CFG_be784e24b621,zp8,61,1
65440,CFG_8a51f93d684d,zp8,61,1
65441,CFG_8a51f93d684d,zp8,61,1
65442,CFG_9178f775d49a,zp8,61,1
65443,CFG_d96b0c9e44d0,zp8,61,1
65444,CFG_727914633b9e,zp8,61,1
65445,CFG_275e4ca07248,zp8,61,1
65446,CFG_6caaadb373ea,zp8,61,1
65447,CFG_39fe645ba2f1,zp8,61,1
65448,CFG_a1ebd0490272,zp8,61,1
65449,CFG_1ec55dc0a2ff,zp8,61,1
65450,CFG_8a51f93d684d,zp8,61,1
65451,CFG_bbea204eb2ac,zp8,61,1
65452,CFG_59f154754573,zp8,61,1
65453,CFG_cf541d0f8a3a,zp8,61,1
65454,CFG_7fa53b7ab3bf,zp8,61,1
65455,CFG_773ac98270b6,zp8,61,1
65456,CFG_b8e6a5652de1,zp8,61,1
65457,CFG_5514d03a77b0,zp8,61,1
65458,CFG_d96b0c9e44d0,zp8,61,1
65459,CFG_802041076799,zp8,61,1
65460,CFG_36f82e31118f,zp8,61,1
65461,CFG_d96b0c9e44d0,zp8,61,1
65462,CFG_939ca62c69c2,zp8,61,1
65463,CFG_755205a28938,zp8,61,1
65464,CFG_67b539d34471,zp8,61,1
65465,CFG_e3950fd94ca1,zp8,61,1
65466,CFG_1e693796a40d,zp8,61,1
65467,CFG_39fe645ba2f1,zp8,61,1
65468,CFG_67b539d34471,zp8,61,1
65469,CFG_939ca62c69c2,zp8,61,1
65470,CFG_a1d878e7d840,zp8,61,1
65471,CFG_710c47edfbc8,zp8,61,1
65472,CFG_8a51f93d684d,zp8,61,1
65473,CFG_3a3d7179fe0d,zp8,61,1
65474,CFG_9178f775d49a,zp8,61,1
65475,CFG_8a51f93d684d,zp8,61,1
65476,CFG_1ec55dc0a2ff,zp8,61,1
65477,CFG_a1d878e7d840,zp8,61,1
65478,CFG_59f154754573,zp8,61,1
65479,CFG_f18488ce1456,zp8,61,1
65480,CFG_17620e2785dc,zp8,61,1
65481,CFG_9c659499047b,zp8,61,1
65482,CFG_8bfc9d62299c,zp8,61,1
65483,CFG_b8e6a5652de1,zp8,61,1
65484,CFG_7fa53b7ab3bf,zp8,61,1
65485,CFG_1ec55dc0a2ff,zp8,61,1
65486,CFG_8a51f93d684d,zp8,61,1
65487,CFG_59f154754573,zp8,61,1
65488,CFG_de29bb20eaa6,zp8,61,1
65489,CFG_b2a3cbb134c5,zp8,61,1
65490,CFG_5cd0c67d59bc,zp8,61,1
65491,CFG_d39c77a1a4bf,zp8,61,1
65492,CFG_cf541d0f8a3a,zp8,61,1
65493,CFG_275e4ca07248,zp8,61,1
65494,CFG_755205a28938,zp8,61,1
65495,CFG_d0face5aa80d,zp8,61,1
65496,CFG_637b6e72af93,zp8,61,1
65497,CFG_a1d878e7d840,zp8,61,1
65498,CFG_e3950fd94ca1,zp8,61,1
65499,CFG_1738a11cbd49,zp8,61,1
65500,CFG_17620e2785dc,zp8,61,1
65501,CFG_29c3378e155b,zp8,61,1
65502,CFG_e1e6e0c66c93,zp8,61,1
65503,CFG_59aede929579,zp8,61,1
65504,CFG_ac213567a5a2,zp8,61,1
65505,CFG_755205a28938,zp8,61,1
65506,CFG_65f78a36ed50,zp8,61,1
65507,CFG_b8e6a5652de1,zp8,61,1
65508,CFG_939ca62c69c2,zp8,61,1
65509,CFG_9178f775d49a,zp8,61,1
65510,CFG_e1e6e0c66c93,zp8,61,1
65511,CFG_bbea204eb2ac,zp8,61,1
65512,CFG_b2a3cbb134c5,zp8,61,1
65513,CFG_710c47edfbc8,zp8,61,1
65514,CFG_bbea204eb2ac,zp8,61,1
65515,CFG_ffde3ea1b2e3,zp8,61,1
65516,CFG_59aede929579,zp8,61,1
65517,CFG_67b539d34471,zp8,61,1
65518,CFG_39fe645ba2f1,zp8,61,1
65519,CFG_9178f775d49a,zp8,61,1
65520,CFG_8a51f93d684d,zp8,61,1
65521,CFG_e1e6e0c66c93,zp8,61,1
65522,CFG_67b539d34471,zp8,61,1
65523,CFG_755205a28938,zp8,61,1
65524,CFG_f18488ce1456,zp8,61,1
65525,CFG_d96b0c9e44d0,zp8,61,1
65526,CFG_3a3d7179fe0d,zp8,61,1
65527,CFG_802041076799,zp8,61,1
65528,CFG_b8e6a5652de1,zp8,61,1
65529,CFG_d96b0c9e44d0,zp8,61,1
65530,CFG_67b539d34471,zp8,61,1
65531,CFG_727914633b9e,zp8,61,1
65532,CFG_3278d3379c8a,zp8,61,1
65533,CFG_5cd0c67d59bc,zp8,61,1
65534,CFG_cc5bbb6e9d13,zp8,61,1
65535,CFG_1ec55dc0a2ff,zp8,61,1
65536,CFG_e3950fd94ca1,zp8,61,1
65537,CFG_939ca62c69c2,zp8,61,1
65538,CFG_9c659499047b,zp8,61,1
65539,CFG_1ec55dc0a2ff,zp8,61,1
65540,CFG_b8e6a5652de1,zp8,61,1
65541,CFG_39fe645ba2f1,zp8,61,1
65542,CFG_6caaadb373ea,zp8,61,1
65543,CFG_cf541d0f8a3a,zp8,61,1
65544,CFG_3a3d7179fe0d,zp8,61,1
65545,CFG_1e693796a40d,zp8,61,1
65546,CFG_3a3d7179fe0d,zp8,61,1
65547,CFG_cf6528e23789,zp8,61,1
65548,CFG_65f78a36ed50,zp8,61,1
65549,CFG_3a3d7179fe0d,zp8,61,1
65550,CFG_59f154754573,zp8,61,1
65551,CFG_755205a28938,zp8,61,1
65552,CFG_8a51f93d684d,zp8,61,1
65553,CFG_755205a28938,zp8,61,1
65554,CFG_b04e3d146803,zp8,61,1
65555,CFG_773ac98270b6,zp8,61,1
65556,CFG_b04e3d146803,zp8,61,1
65557,CFG_d7aadf87f0b1,zp8,61,1
65558,CFG_532891bb36ca,zp8,61,1
65559,CFG_773ac98270b6,zp8,61,1
65560,CFG_b2a3cbb134c5,zp8,61,1
65561,CFG_c94b44f1b2f9,zp8,61,1
65562,CFG_deda15f4c4a8,zp8,61,1
65563,CFG_8a51f93d684d,zp8,61,1
65564,CFG_637b6e72af93,zp8,61,1
65565,CFG_a34f76b67ef4,zp8,61,1
65566,CFG_5514d03a77b0,zp8,61,1
65567,CFG_773ac98270b6,zp8,61,1
65568,CFG_b2a3cbb134c5,zp8,61,1
65569,CFG_ceef49456daa,zp8,61,1
65570,CFG_36f82e31118f,zp8,61,1
65571,CFG_1738a11cbd49,zp8,61,1
65572,CFG_e3386d946379,zp8,61,1
65573,CFG_e3386d946379,zp8,61,1
65574,CFG_9178f775d49a,zp8,61,1
65575,CFG_1d0f84c0bb06,zp8,61,1
65576,CFG_5cd0c67d59bc,zp8,61,1
65577,CFG_b8e6a5652de1,zp8,61,1
65578,CFG_cf541d0f8a3a,zp8,61,1
65579,CFG_be784e24b621,zp8,61,1
65580,CFG_b8e6a5652de1,zp8,61,1
65581,CFG_1d1816b1d9d8,zp8,61,1
65582,CFG_755205a28938,zp8,61,1
65583,CFG_f18488ce1456,zp8,61,1
65584,CFG_9c659499047b,zp8,61,1
65585,CFG_6ff9e417e386,zp8,61,1
65586,CFG_b2a3cbb134c5,zp8,61,1
65587,CFG_d96b0c9e44d0,zp8,61,1
65588,CFG_1ec55dc0a2ff,zp8,61,1
65589,CFG_cf541d0f8a3a,zp8,61,1
65590,CFG_cf541d0f8a3a,zp8,61,1
65591,CFG_cc5bbb6e9d13,zp8,61,1
65592,CFG_8a51f93d684d,zp8,61,1
65593,CFG_ffde3ea1b2e3,zp8,61,1
65594,CFG_cf541d0f8a3a,zp8,61,1
65595,CFG_dda2f907b868,zp8,61,1
65596,CFG_17620e2785dc,zp8,61,1
65597,CFG_7155e4ee7bdf,zp8,61,1
65598,CFG_a34f76b67ef4,zp8,61,1
65599,CFG_1ec55dc0a2ff,zp8,61,1
65600,CFG_7cd4c6b023c5,zp8,61,1
65601,CFG_a1d878e7d840,zp8,61,1
65602,CFG_3278d3379c8a,zp8,61,1
65603,CFG_9c659499047b,zp8,61,1
65604,CFG_e3950fd94ca1,zp8,61,1
65605,CFG_b2a3cbb134c5,zp8,61,1
65606,CFG_67b539d34471,zp8,61,1
65607,CFG_7155e4ee7bdf,zp8,61,1
65608,CFG_d96b0c9e44d0,zp8,61,1
65609,CFG_be784e24b621,zp8,61,1
65610,CFG_67b539d34471,zp8,61,1
65611,CFG_cf541d0f8a3a,zp8,61,1
65612,CFG_17620e2785dc,zp8,61,1
65613,CFG_710c47edfbc8,zp8,61,1
65614,CFG_ceef49456daa,zp8,61,1
65615,CFG_8a51f93d684d,zp8,61,1
65616,CFG_7155e4ee7bdf,zp8,61,1
65617,CFG_d39c77a1a4bf,zp8,61,1
65618,CFG_9178f775d49a,zp8,61,1
65619,CFG_e3386d946379,zp8,61,1
65620,CFG_9178f775d49a,zp8,61,1
65621,CFG_9c659499047b,zp8,61,1
65622,CFG_6caaadb373ea,zp8,61,1
65623,CFG_7155e4ee7bdf,zp8,61,1
65624,CFG_773ac98270b6,zp8,61,1
65625,CFG_67b539d34471,zp8,61,1
65626,CFG_8a51f93d684d,zp8,61,1
65627,CFG_773ac98270b6,zp8,61,1
65628,CFG_59aede929579,zp8,61,1
65629,CFG_7fa53b7ab3bf,zp8,61,1
65630,CFG_d96b0c9e44d0,zp8,61,1
65631,CFG_29c3378e155b,zp8,61,1
65632,CFG_67b539d34471,zp8,61,1
65633,CFG_773ac98270b6,zp8,61,1
65634,CFG_deda15f4c4a8,zp8,61,1
65635,CFG_f18488ce1456,zp8,61,1
65636,CFG_cc5bbb6e9d13,zp8,61,1
65637,CFG_1ec55dc0a2ff,zp8,61,1
65638,CFG_1738a11cbd49,zp8,61,1
65639,CFG_8a51f93d684d,zp8,61,1
65640,CFG_710c47edfbc8,zp8,61,1
65641,CFG_d7aadf87f0b1,zp8,61,1
65642,CFG_ac213567a5a2,zp8,61,1
65643,CFG_b04e3d146803,zp8,61,1
65644,CFG_29c3378e155b,zp8,61,1
65645,CFG_1ec55dc0a2ff,zp8,61,1
65646,CFG_acabbc62a021,zp8,61,1
65647,CFG_17620e2785dc,zp8,61,1
65648,CFG_59f154754573,zp8,61,1
65649,CFG_755205a28938,zp8,61,1
65650,CFG_e1e6e0c66c93,zp8,61,1
65651,CFG_773ac98270b6,zp8,61,1
65652,CFG_1ec55dc0a2ff,zp8,61,1
65653,CFG_1738a11cbd49,zp8,61,1
65654,CFG_a1d878e7d840,zp8,61,1
65655,CFG_f18488ce1456,zp8,61,1
65656,CFG_755205a28938,zp8,61,1
65657,CFG_d0face5aa80d,zp8,61,1
65658,CFG_d7aadf87f0b1,zp8,61,1
65659,CFG_d7aadf87f0b1,zp8,61,1
65660,CFG_de29bb20eaa6,zp8,61,1
65661,CFG_1d0f84c0bb06,zp8,61,1
65662,CFG_36f82e31118f,zp8,61,1
65663,CFG_c910518048de,zp8,61,1
65664,CFG_8f2957e28805,zp8,61,1
65665,CFG_d39c77a1a4bf,zp8,61,1
65666,CFG_36f82e31118f,zp8,61,1
65667,CFG_d39c77a1a4bf,zp8,61,1
65668,CFG_8a51f93d684d,zp8,61,1
65669,CFG_de29bb20eaa6,zp8,61,1
65670,CFG_be784e24b621,zp8,61,1
65671,CFG_b04e3d146803,zp8,61,1
65672,CFG_67b539d34471,zp8,61,1
65673,CFG_8a51f93d684d,zp8,61,1
65674,CFG_deda15f4c4a8,zp8,61,1
65675,CFG_59f154754573,zp8,61,1
65676,CFG_5cd0c67d59bc,zp8,61,1
65677,CFG_9178f775d49a,zp8,61,1
65678,CFG_be784e24b621,zp8,61,1
65679,CFG_ceef49456daa,zp8,61,1
65680,CFG_710c47edfbc8,zp8,61,1
65681,CFG_b2a3cbb134c5,zp8,61,1
65682,CFG_cf541d0f8a3a,zp8,61,1
65683,CFG_17620e2785dc,zp8,61,1
65684,CFG_d7aadf87f0b1,zp8,61,1
65685,CFG_67b539d34471,zp8,61,1
65686,CFG_6caaadb373ea,zp8,61,1
65687,CFG_773ac98270b6,zp8,61,1
65688,CFG_5cd0c67d59bc,zp8,61,1
65689,CFG_939ca62c69c2,zp8,61,1
65690,CFG_b2a3cbb134c5,zp8,61,1
65691,CFG_36f82e31118f,zp8,61,1
65692,CFG_de29bb20eaa6,zp8,61,1
65693,CFG_9178f775d49a,zp8,61,1
65694,CFG_1747d90ed031,zp8,61,1
65695,CFG_939ca62c69c2,zp8,61,1
65696,CFG_2534839bab0a,zp8,61,1
65697,CFG_ffde3ea1b2e3,zp8,61,1
65698,CFG_1d0f84c0bb06,zp8,61,1
65699,CFG_773ac98270b6,zp8,61,1
65700,CFG_d7aadf87f0b1,zp8,61,1
65701,CFG_e3950fd94ca1,zp8,61,1
65702,CFG_8f2957e28805,zp8,61,1
65703,CFG_67b539d34471,zp8,61,1
65704,CFG_ffde3ea1b2e3,zp8,61,1
65705,CFG_59f154754573,zp8,61,1
65706,CFG_755205a28938,zp8,61,1
65707,CFG_5514d03a77b0,zp8,61,1
65708,CFG_d39c77a1a4bf,zp8,61,1
65709,CFG_67b539d34471,zp8,61,1
65710,CFG_d96b0c9e44d0,zp8,61,1
65711,CFG_773ac98270b6,zp8,61,1
65712,CFG_f18488ce1456,zp8,61,1
65713,CFG_3a3d7179fe0d,zp8,61,1
65714,CFG_1ec55dc0a2ff,zp8,61,1
65715,CFG_81cab8befe03,zp8,61,1
65716,CFG_8bfc9d62299c,zp8,61,1
65717,CFG_f18488ce1456,zp8,61,1
65718,CFG_802041076799,zp8,61,1
65719,CFG_802041076799,zp8,61,1
65720,CFG_67b539d34471,zp8,61,1
65721,CFG_1ec55dc0a2ff,zp8,61,1
65722,CFG_29c3378e155b,zp8,61,1
65723,CFG_727914633b9e,zp8,61,1
65724,CFG_939ca62c69c2,zp8,61,1
65725,CFG_dda2f907b868,zp8,61,1
65726,CFG_a1ebd0490272,zp8,61,1
65727,CFG_9178f775d49a,zp8,61,1
65728,CFG_710c47edfbc8,zp8,61,1
65729,CFG_99b4d8a9c762,zp8,61,1
65730,CFG_b2a3cbb134c5,zp8,61,1
65731,CFG_e3950fd94ca1,zp8,61,1
65732,CFG_67b539d34471,zp8,61,1
65733,CFG_5cd0c67d59bc,zp8,61,1
65734,CFG_3a3d7179fe0d,zp8,61,1
65735,CFG_1ec55dc0a2ff,zp8,61,1
65736,CFG_8a51f93d684d,zp8,61,1
65737,CFG_67b539d34471,zp8,61,1
65738,CFG_d39c77a1a4bf,zp8,61,1
65739,CFG_dda2f907b868,zp8,61,1
65740,CFG_9178f775d49a,zp8,61,1
65741,CFG_8bfc9d62299c,zp8,61,1
65742,CFG_cf541d0f8a3a,zp8,61,1
65743,CFG_d96b0c9e44d0,zp8,61,1
65744,CFG_7fa53b7ab3bf,zp8,61,1
65745,CFG_1e693796a40d,zp8,61,1
65746,CFG_773ac98270b6,zp8,61,1
65747,CFG_8a51f93d684d,zp8,61,1
65748,CFG_8a51f93d684d,zp8,61,1
65749,CFG_b2a3cbb134c5,zp8,61,1
65750,CFG_5cd0c67d59bc,zp8,61,1
65751,CFG_5514d03a77b0,zp8,61,1
65752,CFG_cf541d0f8a3a,zp8,61,1
65753,CFG_deda15f4c4a8,zp8,61,1
65754,CFG_99b4d8a9c762,zp8,61,1
65755,CFG_36f82e31118f,zp8,61,1
65756,CFG_8bfc9d62299c,zp8,61,1
65757,CFG_39fe645ba2f1,zp8,61,1
65758,CFG_cc5bbb6e9d13,zp8,61,1
65759,CFG_1ec55dc0a2ff,zp8,61,1
65760,CFG_67b539d34471,zp8,61,1
65761,CFG_f18488ce1456,zp8,61,1
65762,CFG_36f82e31118f,zp8,61,1
65763,CFG_288ddbff7431,zp8,61,1
65764,CFG_36f82e31118f,zp8,61,1
65765,CFG_8bfc9d62299c,zp8,61,1
65766,CFG_275e4ca07248,zp8,61,1
65767,CFG_1e693796a40d,zp8,61,1
65768,CFG_9178f775d49a,zp8,61,1
65769,CFG_755205a28938,zp8,61,1
65770,CFG_3e489afc8bfd,zp8,61,1
65771,CFG_81cab8befe03,zp8,61,1
65772,CFG_8a51f93d684d,zp8,61,1
65773,CFG_a9714f85f877,zp8,61,1
65774,CFG_1ec55dc0a2ff,zp8,61,1
65775,CFG_be784e24b621,zp8,61,1
65776,CFG_1ec55dc0a2ff,zp8,61,1
65777,CFG_755205a28938,zp8,61,1
65778,CFG_a34f76b67ef4,zp8,61,1
65779,CFG_cf541d0f8a3a,zp8,61,1
65780,CFG_deda15f4c4a8,zp8,61,1
65781,CFG_77c8b99b43d9,zp8,61,1
65782,CFG_755205a28938,zp8,61,1
65783,CFG_e1e6e0c66c93,zp8,61,1
65784,CFG_acabbc62a021,zp8,61,1
65785,CFG_36f82e31118f,zp8,61,1
65786,CFG_5cd0c67d59bc,zp8,61,1
65787,CFG_ffde3ea1b2e3,zp8,61,1
65788,CFG_7fa53b7ab3bf,zp8,61,1
65789,CFG_8a51f93d684d,zp8,61,1
65790,CFG_7cd4c6b023c5,zp8,61,1
65791,CFG_939ca62c69c2,zp8,61,1
65792,CFG_8bfc9d62299c,zp8,61,1
65793,CFG_1e693796a40d,zp8,61,1
65794,CFG_ac213567a5a2,zp8,61,1
65795,CFG_8a51f93d684d,zp8,61,1
65796,CFG_e1e6e0c66c93,zp8,61,1
65797,CFG_1d0f84c0bb06,zp8,61,1
65798,CFG_e1e6e0c66c93,zp8,61,1
65799,CFG_cf6528e23789,zp8,61,1
65800,CFG_cf541d0f8a3a,zp8,61,1
65801,CFG_3a3d7179fe0d,zp8,61,1
65802,CFG_727914633b9e,zp8,61,1
65803,CFG_f18488ce1456,zp8,61,1
65804,CFG_67b539d34471,zp8,61,1
65805,CFG_b8e6a5652de1,zp8,61,1
65806,CFG_be784e24b621,zp8,61,1
65807,CFG_d7aadf87f0b1,zp8,61,1
65808,CFG_cf541d0f8a3a,zp8,61,1
65809,CFG_39fe645ba2f1,zp8,61,1
65810,CFG_755205a28938,zp8,61,1
65811,CFG_a34f76b67ef4,zp8,61,1
65812,CFG_9c659499047b,zp8,61,1
65813,CFG_773ac98270b6,zp8,61,1
65814,CFG_36f82e31118f,zp8,61,1
65815,CFG_9c659499047b,zp8,61,1
65816,CFG_b2a3cbb134c5,zp8,61,1
65817,CFG_1ec55dc0a2ff,zp8,61,1
65818,CFG_b2a3cbb134c5,zp8,61,1
65819,CFG_d39c77a1a4bf,zp8,61,1
65820,CFG_17620e2785dc,zp8,61,1
65821,CFG_3278d3379c8a,zp8,61,1
65822,CFG_cf541d0f8a3a,zp8,61,1
65823,CFG_e87513c8563d,zp8,61,1
65824,CFG_8a51f93d684d,zp8,61,1
65825,CFG_773ac98270b6,zp8,61,1
65826,CFG_773ac98270b6,zp8,61,1
65827,CFG_e87513c8563d,zp8,61,1
65828,CFG_5be0533f7ebf,zp8,61,1
65829,CFG_755205a28938,zp8,61,1
65830,CFG_36f82e31118f,zp8,61,1
65831,CFG_deda15f4c4a8,zp8,61,1
65832,CFG_bbea204eb2ac,zp8,61,1
65833,CFG_1ec55dc0a2ff,zp8,61,1
65834,CFG_f18488ce1456,zp8,61,1
65835,CFG_29c3378e155b,zp8,61,1
65836,CFG_b2a3cbb134c5,zp8,61,1
65837,CFG_17620e2785dc,zp8,61,1
65838,CFG_d39c77a1a4bf,zp8,61,1
65839,CFG_2154b722e06b,zp8,61,1
65840,CFG_1738a11cbd49,zp8,61,1
65841,CFG_d96b0c9e44d0,zp8,61,1
65842,CFG_deda15f4c4a8,zp8,61,1
65843,CFG_1ec55dc0a2ff,zp8,61,1
65844,CFG_2154b722e06b,zp8,61,1
65845,CFG_625048fefa0b,zp8,61,1
65846,CFG_cc5bbb6e9d13,zp8,61,1
65847,CFG_d7aadf87f0b1,zp8,61,1
65848,CFG_59f154754573,zp8,61,1
65849,CFG_acabbc62a021,zp8,61,1
65850,CFG_3278d3379c8a,zp8,61,1
65851,CFG_cf541d0f8a3a,zp8,61,1
65852,CFG_67b539d34471,zp8,61,1
65853,CFG_5cd0c67d59bc,zp8,61,1
65854,CFG_b2a3cbb134c5,zp8,61,1
65855,CFG_5cd0c67d59bc,zp8,61,1
65856,CFG_710c47edfbc8,zp8,61,1
65857,CFG_29c3378e155b,zp8,61,1
65858,CFG_be784e24b621,zp8,61,1
65859,CFG_9178f775d49a,zp8,61,1
65860,CFG_d96b0c9e44d0,zp8,61,1
65861,CFG_be784e24b621,zp8,61,1
65862,CFG_ffde3ea1b2e3,zp8,61,1
65863,CFG_67b539d34471,zp8,61,1
65864,CFG_de29bb20eaa6,zp8,61,1
65865,CFG_3a3d7179fe0d,zp8,61,1
65866,CFG_8bfc9d62299c,zp8,61,1
65867,CFG_3a3d7179fe0d,zp8,61,1
65868,CFG_ffde3ea1b2e3,zp8,61,1
65869,CFG_8a51f93d684d,zp8,61,1
65870,CFG_3a3d7179fe0d,zp8,61,1
65871,CFG_710c47edfbc8,zp8,61,1
65872,CFG_a1d878e7d840,zp8,61,1
65873,CFG_1ec55dc0a2ff,zp8,61,1
65874,CFG_b2a3cbb134c5,zp8,61,1
65875,CFG_755205a28938,zp8,61,1
65876,CFG_deda15f4c4a8,zp8,61,1
65877,CFG_d96b0c9e44d0,zp8,61,1
65878,CFG_755205a28938,zp8,61,1
65879,CFG_ac213567a5a2,zp8,61,1
65880,CFG_a1d878e7d840,zp8,61,1
65881,CFG_625048fefa0b,zp8,61,1
65882,CFG_1738a11cbd49,zp8,61,1
65883,CFG_9c659499047b,zp8,61,1
65884,CFG_1d1816b1d9d8,zp8,61,1
65885,CFG_532891bb36ca,zp8,61,1
65886,CFG_b2a3cbb134c5,zp8,61,1
65887,CFG_939ca62c69c2,zp8,61,1
65888,CFG_b04e3d146803,zp8,61,1
65889,CFG_1ec55dc0a2ff,zp8,61,1
65890,CFG_b0eabb76b70f,zp8,61,1
65891,CFG_17620e2785dc,zp8,61,1
65892,CFG_be784e24b621,zp8,61,1
65893,CFG_8a51f93d684d,zp8,61,1
65894,CFG_bbea204eb2ac,zp8,61,1
65895,CFG_2154b722e06b,zp8,61,1
65896,CFG_ffde3ea1b2e3,zp8,61,1
65897,CFG_939ca62c69c2,zp8,61,1
65898,CFG_a1d878e7d840,zp8,61,1
65899,CFG_36f82e31118f,zp8,61,1
65900,CFG_77c8b99b43d9,zp8,61,1
65901,CFG_b2a3cbb134c5,zp8,61,1
65902,CFG_1738a11cbd49,zp8,61,1
65903,CFG_f18488ce1456,zp8,61,1
65904,CFG_17620e2785dc,zp8,61,1
65905,CFG_727914633b9e,zp8,61,1
65906,CFG_3278d3379c8a,zp8,61,1
65907,CFG_cf541d0f8a3a,zp8,61,1
65908,CFG_b2a3cbb134c5,zp8,61,1
65909,CFG_a1d878e7d840,zp8,61,1
65910,CFG_67b539d34471,zp8,61,1
65911,CFG_755205a28938,zp8,61,1
65912,CFG_bd6412fc68b0,zp8,61,1
65913,CFG_3697b100c401,zp8,61,1
65914,CFG_d0face5aa80d,zp8,61,1
65915,CFG_1738a11cbd49,zp8,61,1
65916,CFG_39fe645ba2f1,zp8,61,1
65917,CFG_d39c77a1a4bf,zp8,61,1
65918,CFG_ceef49456daa,zp8,61,1
65919,CFG_be784e24b621,zp8,61,1
65920,CFG_2154b722e06b,zp8,61,1
65921,CFG_1e693796a40d,zp8,61,1
65922,CFG_939ca62c69c2,zp8,61,1
65923,CFG_2154b722e06b,zp8,61,1
65924,CFG_a1ebd0490272,zp8,61,1
65925,CFG_288ddbff7431,zp8,61,1
65926,CFG_8a51f93d684d,zp8,61,1
65927,CFG_7acc0fd451e2,zp8,61,1
65928,CFG_17620e2785dc,zp8,61,1
65929,CFG_f18488ce1456,zp8,61,1
65930,CFG_f18488ce1456,zp8,61,1
65931,CFG_a34f76b67ef4,zp8,61,1
65932,CFG_755205a28938,zp8,61,1
65933,CFG_3a3d7179fe0d,zp8,61,1
65934,CFG_2154b722e06b,zp8,61,1
65935,CFG_de29bb20eaa6,zp8,61,1
65936,CFG_cf541d0f8a3a,zp8,61,1
65937,CFG_ceef49456daa,zp8,61,1
65938,CFG_9178f775d49a,zp8,61,1
65939,CFG_f18488ce1456,zp8,61,1
65940,CFG_59aede929579,zp8,61,1
65941,CFG_e3950fd94ca1,zp8,61,1
65942,CFG_a292c20a75fd,zp8,61,1
65943,CFG_cc5bbb6e9d13,zp8,61,1
65944,CFG_b8e6a5652de1,zp8,61,1
65945,CFG_b2a3cbb134c5,zp8,61,1
65946,CFG_db37bdfe8c71,zp8,61,1
65947,CFG_17620e2785dc,zp8,61,1
65948,CFG_9178f775d49a,zp8,61,1
65949,CFG_1738a11cbd49,zp8,61,1
65950,CFG_b8e6a5652de1,zp8,61,1
65951,CFG_59f154754573,zp8,61,1
65952,CFG_deda15f4c4a8,zp8,61,1
65953,CFG_1ec55dc0a2ff,zp8,61,1
65954,CFG_8a51f93d684d,zp8,61,1
65955,CFG_f18488ce1456,zp8,61,1
65956,CFG_532891bb36ca,zp8,61,1
65957,CFG_a1d878e7d840,zp8,61,1
65958,CFG_710c47edfbc8,zp8,61,1
65959,CFG_d39c77a1a4bf,zp8,61,1
65960,CFG_637b6e72af93,zp8,61,1
65961,CFG_cc5bbb6e9d13,zp8,61,1
65962,CFG_2154b722e06b,zp8,61,1
65963,CFG_5cd0c67d59bc,zp8,61,1
65964,CFG_67b539d34471,zp8,61,1
65965,CFG_755205a28938,zp8,61,1
65966,CFG_67b539d34471,zp8,61,1
65967,CFG_db37bdfe8c71,zp8,61,1
65968,CFG_8bfc9d62299c,zp8,61,1
65969,CFG_59aede929579,zp8,61,1
65970,CFG_f18488ce1456,zp8,61,1
65971,CFG_1e693796a40d,zp8,61,1
65972,CFG_b8e6a5652de1,zp8,61,1
65973,CFG_1d0f84c0bb06,zp8,61,1
65974,CFG_36f82e31118f,zp8,61,1
65975,CFG_9c659499047b,zp8,61,1
65976,CFG_67b539d34471,zp8,61,1
65977,CFG_ffde3ea1b2e3,zp8,61,1
65978,CFG_8a51f93d684d,zp8,61,1
65979,CFG_1ec55dc0a2ff,zp8,61,1
65980,CFG_9178f775d49a,zp8,61,1
65981,CFG_36f82e31118f,zp8,61,1
65982,CFG_b2a3cbb134c5,zp8,61,1
65983,CFG_67b539d34471,zp8,61,1
65984,CFG_3a3d7179fe0d,zp8,61,1
65985,CFG_ffde3ea1b2e3,zp8,61,1
65986,CFG_29c3378e155b,zp8,61,1
65987,CFG_773ac98270b6,zp8,61,1
65988,CFG_5cd0c67d59bc,zp8,61,1
65989,CFG_e3950fd94ca1,zp8,61,1
65990,CFG_b8e6a5652de1,zp8,61,1
65991,CFG_773ac98270b6,zp8,61,1
65992,CFG_9c659499047b,zp8,61,1
65993,CFG_755205a28938,zp8,61,1
65994,CFG_deda15f4c4a8,zp8,61,1
65995,CFG_9c659499047b,zp8,61,1
65996,CFG_17620e2785dc,zp8,61,1
65997,CFG_a1d878e7d840,zp8,61,1
65998,CFG_755205a28938,zp8,61,1
65999,CFG_1ec55dc0a2ff,zp8,61,1
66000,CFG_acabbc62a021,zp8,61,1
66001,CFG_cf541d0f8a3a,zp8,62,1
66002,CFG_bbea204eb2ac,zp8,62,1
66003,CFG_17620e2785dc,zp8,62,1
66004,CFG_ffde3ea1b2e3,zp8,62,1
66005,CFG_a9714f85f877,zp8,62,1
66006,CFG_7fa53b7ab3bf,zp8,62,1
66007,CFG_3697b100c401,zp8,62,1
66008,CFG_802041076799,zp8,62,1
66009,CFG_cf541d0f8a3a,zp8,62,1
66010,CFG_5cd0c67d59bc,zp8,62,1
66011,CFG_9178f775d49a,zp8,62,1
66012,CFG_29c3378e155b,zp8,62,1
66013,CFG_dda2f907b868,zp8,62,1
66014,CFG_9178f775d49a,zp8,62,1
66015,CFG_b8e6a5652de1,zp8,62,1
66016,CFG_7cd4c6b023c5,zp8,62,1
66017,CFG_6caaadb373ea,zp8,62,1
66018,CFG_1ec55dc0a2ff,zp8,62,1
66019,CFG_7155e4ee7bdf,zp8,62,1
66020,CFG_8a51f93d684d,zp8,62,1
66021,CFG_7cd4c6b023c5,zp8,62,1
66022,CFG_cf541d0f8a3a,zp8,62,1
66023,CFG_6caaadb373ea,zp8,62,1
66024,CFG_9c659499047b,zp8,62,1
66025,CFG_275e4ca07248,zp8,62,1
66026,CFG_9c659499047b,zp8,62,1
66027,CFG_ceef49456daa,zp8,62,1
66028,CFG_7fa53b7ab3bf,zp8,62,1
66029,CFG_6caaadb373ea,zp8,62,1
66030,CFG_b8e6a5652de1,zp8,62,1
66031,CFG_275e4ca07248,zp8,62,1
66032,CFG_f18488ce1456,zp8,62,1
66033,CFG_1738a11cbd49,zp8,62,1
66034,CFG_7fa53b7ab3bf,zp8,62,1
66035,CFG_1738a11cbd49,zp8,62,1
66036,CFG_2154b722e06b,zp8,62,1
66037,CFG_59aede929579,zp8,62,1
66038,CFG_9c659499047b,zp8,62,1
66039,CFG_1ec55dc0a2ff,zp8,62,1
66040,CFG_9178f775d49a,zp8,62,1
66041,CFG_cf541d0f8a3a,zp8,62,1
66042,CFG_de29bb20eaa6,zp8,62,1
66043,CFG_cf541d0f8a3a,zp8,62,1
66044,CFG_36f82e31118f,zp8,62,1
66045,CFG_e3950fd94ca1,zp8,62,1
66046,CFG_8a51f93d684d,zp8,62,1
66047,CFG_8a51f93d684d,zp8,62,1
66048,CFG_c910518048de,zp8,62,1
66049,CFG_cf541d0f8a3a,zp8,62,1
66050,CFG_ffde3ea1b2e3,zp8,62,1
66051,CFG_c910518048de,zp8,62,1
66052,CFG_b8e6a5652de1,zp8,62,1
66053,CFG_275e4ca07248,zp8,62,1
66054,CFG_755205a28938,zp8,62,1
66055,CFG_67b539d34471,zp8,62,1
66056,CFG_29c3378e155b,zp8,62,1
66057,CFG_727914633b9e,zp8,62,1
66058,CFG_b2a3cbb134c5,zp8,62,1
66059,CFG_1ec55dc0a2ff,zp8,62,1
66060,CFG_8bfc9d62299c,zp8,62,1
66061,CFG_8f2957e28805,zp8,62,1
66062,CFG_e87513c8563d,zp8,62,1
66063,CFG_de29bb20eaa6,zp8,62,1
66064,CFG_deda15f4c4a8,zp8,62,1
66065,CFG_f18488ce1456,zp8,62,1
66066,CFG_ffde3ea1b2e3,zp8,62,1
66067,CFG_802041076799,zp8,62,1
66068,CFG_1ec55dc0a2ff,zp8,62,1
66069,CFG_8a51f93d684d,zp8,62,1
66070,CFG_2534839bab0a,zp8,62,1
66071,CFG_39fe645ba2f1,zp8,62,1
66072,CFG_36f82e31118f,zp8,62,1
66073,CFG_dda2f907b868,zp8,62,1
66074,CFG_5514d03a77b0,zp8,62,1
66075,CFG_7cd4c6b023c5,zp8,62,1
66076,CFG_f18488ce1456,zp8,62,1
66077,CFG_e3950fd94ca1,zp8,62,1
66078,CFG_cf541d0f8a3a,zp8,62,1
66079,CFG_3a3d7179fe0d,zp8,62,1
66080,CFG_b2a3cbb134c5,zp8,62,1
66081,CFG_8a51f93d684d,zp8,62,1
66082,CFG_532891bb36ca,zp8,62,1
66083,CFG_36f82e31118f,zp8,62,1
66084,CFG_755205a28938,zp8,62,1
66085,CFG_1ec55dc0a2ff,zp8,62,1
66086,CFG_773ac98270b6,zp8,62,1
66087,CFG_d96b0c9e44d0,zp8,62,1
66088,CFG_d7aadf87f0b1,zp8,62,1
66089,CFG_2154b722e06b,zp8,62,1
66090,CFG_17620e2785dc,zp8,62,1
66091,CFG_17620e2785dc,zp8,62,1
66092,CFG_deda15f4c4a8,zp8,62,1
66093,CFG_dda2f907b868,zp8,62,1
66094,CFG_755205a28938,zp8,62,1
66095,CFG_755205a28938,zp8,62,1
66096,CFG_c94b44f1b2f9,zp8,62,1
66097,CFG_a1ebd0490272,zp8,62,1
66098,CFG_5514d03a77b0,zp8,62,1
66099,CFG_288ddbff7431,zp8,62,1
66100,CFG_ffde3ea1b2e3,zp8,62,1
66101,CFG_7fa53b7ab3bf,zp8,62,1
66102,CFG_773ac98270b6,zp8,62,1
66103,CFG_c94b44f1b2f9,zp8,62,1
66104,CFG_67b539d34471,zp8,62,1
66105,CFG_2154b722e06b,zp8,62,1
66106,CFG_e1e6e0c66c93,zp8,62,1
66107,CFG_939ca62c69c2,zp8,62,1
66108,CFG_939ca62c69c2,zp8,62,1
66109,CFG_be784e24b621,zp8,62,1
66110,CFG_cf541d0f8a3a,zp8,62,1
66111,CFG_cf541d0f8a3a,zp8,62,1
66112,CFG_b2a3cbb134c5,zp8,62,1
66113,CFG_de29bb20eaa6,zp8,62,1
66114,CFG_7fa53b7ab3bf,zp8,62,1
66115,CFG_8a51f93d684d,zp8,62,1
66116,CFG_1ec55dc0a2ff,zp8,62,1
66117,CFG_8a51f93d684d,zp8,62,1
66118,CFG_f18488ce1456,zp8,62,1
66119,CFG_36f82e31118f,zp8,62,1
66120,CFG_d96b0c9e44d0,zp8,62,1
66121,CFG_36f82e31118f,zp8,62,1
66122,CFG_1738a11cbd49,zp8,62,1
66123,CFG_d96b0c9e44d0,zp8,62,1
66124,CFG_5cd0c67d59bc,zp8,62,1
66125,CFG_29c3378e155b,zp8,62,1
66126,CFG_b2a3cbb134c5,zp8,62,1
66127,CFG_f993a0fc6256,zp8,62,1
66128,CFG_1738a11cbd49,zp8,62,1
66129,CFG_9178f775d49a,zp8,62,1
66130,CFG_f18488ce1456,zp8,62,1
66131,CFG_29c3378e155b,zp8,62,1
66132,CFG_f18488ce1456,zp8,62,1
66133,CFG_e3950fd94ca1,zp8,62,1
66134,CFG_9178f775d49a,zp8,62,1
66135,CFG_8a51f93d684d,zp8,62,1
66136,CFG_802041076799,zp8,62,1
66137,CFG_7fa53b7ab3bf,zp8,62,1
66138,CFG_275e4ca07248,zp8,62,1
66139,CFG_67b539d34471,zp8,62,1
66140,CFG_275e4ca07248,zp8,62,1
66141,CFG_8a51f93d684d,zp8,62,1
66142,CFG_e3950fd94ca1,zp8,62,1
66143,CFG_dda2f907b868,zp8,62,1
66144,CFG_f18488ce1456,zp8,62,1
66145,CFG_acabbc62a021,zp8,62,1
66146,CFG_d96b0c9e44d0,zp8,62,1
66147,CFG_17620e2785dc,zp8,62,1
66148,CFG_be784e24b621,zp8,62,1
66149,CFG_5514d03a77b0,zp8,62,1
66150,CFG_3a3d7179fe0d,zp8,62,1
66151,CFG_2154b722e06b,zp8,62,1
66152,CFG_8a51f93d684d,zp8,62,1
66153,CFG_773ac98270b6,zp8,62,1
66154,CFG_67b539d34471,zp8,62,1
66155,CFG_f18488ce1456,zp8,62,1
66156,CFG_8a51f93d684d,zp8,62,1
66157,CFG_cf541d0f8a3a,zp8,62,1
66158,CFG_f993a0fc6256,zp8,62,1
66159,CFG_773ac98270b6,zp8,62,1
66160,CFG_e1e6e0c66c93,zp8,62,1
66161,CFG_cf541d0f8a3a,zp8,62,1
66162,CFG_8a51f93d684d,zp8,62,1
66163,CFG_5cd0c67d59bc,zp8,62,1
66164,CFG_f18488ce1456,zp8,62,1
66165,CFG_ffde3ea1b2e3,zp8,62,1
66166,CFG_9178f775d49a,zp8,62,1
66167,CFG_67b539d34471,zp8,62,1
66168,CFG_5514d03a77b0,zp8,62,1
66169,CFG_be784e24b621,zp8,62,1
66170,CFG_5cd0c67d59bc,zp8,62,1
66171,CFG_d7aadf87f0b1,zp8,62,1
66172,CFG_8a51f93d684d,zp8,62,1
66173,CFG_3a3d7179fe0d,zp8,62,1
66174,CFG_cf541d0f8a3a,zp8,62,1
66175,CFG_275e4ca07248,zp8,62,1
66176,CFG_de29bb20eaa6,zp8,62,1
66177,CFG_deda15f4c4a8,zp8,62,1
66178,CFG_532891bb36ca,zp8,62,1
66179,CFG_773ac98270b6,zp8,62,1
66180,CFG_ffde3ea1b2e3,zp8,62,1
66181,CFG_6caaadb373ea,zp8,62,1
66182,CFG_e1e6e0c66c93,zp8,62,1
66183,CFG_3a3d7179fe0d,zp8,62,1
66184,CFG_cf541d0f8a3a,zp8,62,1
66185,CFG_9c659499047b,zp8,62,1
66186,CFG_bbea204eb2ac,zp8,62,1
66187,CFG_8bfc9d62299c,zp8,62,1
66188,CFG_b2a3cbb134c5,zp8,62,1
66189,CFG_9178f775d49a,zp8,62,1
66190,CFG_b2a3cbb134c5,zp8,62,1
66191,CFG_5514d03a77b0,zp8,62,1
66192,CFG_dda2f907b868,zp8,62,1
66193,CFG_59f154754573,zp8,62,1
66194,CFG_2154b722e06b,zp8,62,1
66195,CFG_2534839bab0a,zp8,62,1
66196,CFG_773ac98270b6,zp8,62,1
66197,CFG_a1ebd0490272,zp8,62,1
66198,CFG_8bfc9d62299c,zp8,62,1
66199,CFG_3a3d7179fe0d,zp8,62,1
66200,CFG_ffde3ea1b2e3,zp8,62,1
66201,CFG_1d0f84c0bb06,zp8,62,1
66202,CFG_d96b0c9e44d0,zp8,62,1
66203,CFG_ac213567a5a2,zp8,62,1
66204,CFG_d0face5aa80d,zp8,62,1
66205,CFG_a1d878e7d840,zp8,62,1
66206,CFG_1ec55dc0a2ff,zp8,62,1
66207,CFG_deda15f4c4a8,zp8,62,1
66208,CFG_1ec55dc0a2ff,zp8,62,1
66209,CFG_ac213567a5a2,zp8,62,1
66210,CFG_17620e2785dc,zp8,62,1
66211,CFG_59f154754573,zp8,62,1
66212,CFG_a34f76b67ef4,zp8,62,1
66213,CFG_5417b1da3239,zp8,62,1
66214,CFG_2534839bab0a,zp8,62,1
66215,CFG_f18488ce1456,zp8,62,1
66216,CFG_532891bb36ca,zp8,62,1
66217,CFG_939ca62c69c2,zp8,62,1
66218,CFG_2154b722e06b,zp8,62,1
66219,CFG_773ac98270b6,zp8,62,1
66220,CFG_f18488ce1456,zp8,62,1
66221,CFG_29c3378e155b,zp8,62,1
66222,CFG_be784e24b621,zp8,62,1
66223,CFG_39fe645ba2f1,zp8,62,1
66224,CFG_710c47edfbc8,zp8,62,1
66225,CFG_29c3378e155b,zp8,62,1
66226,CFG_3a3d7179fe0d,zp8,62,1
66227,CFG_755205a28938,zp8,62,1
66228,CFG_3a3d7179fe0d,zp8,62,1
66229,CFG_ceef49456daa,zp8,62,1
66230,CFG_755205a28938,zp8,62,1
66231,CFG_8a51f93d684d,zp8,62,1
66232,CFG_2534839bab0a,zp8,62,1
66233,CFG_b2a3cbb134c5,zp8,62,1
66234,CFG_be784e24b621,zp8,62,1
66235,CFG_3278d3379c8a,zp8,62,1
66236,CFG_ceef49456daa,zp8,62,1
66237,CFG_ffde3ea1b2e3,zp8,62,1
66238,CFG_939ca62c69c2,zp8,62,1
66239,CFG_1ec55dc0a2ff,zp8,62,1
66240,CFG_b2a3cbb134c5,zp8,62,1
66241,CFG_6caaadb373ea,zp8,62,1
66242,CFG_ffde3ea1b2e3,zp8,62,1
66243,CFG_3a3d7179fe0d,zp8,62,1
66244,CFG_67b539d34471,zp8,62,1
66245,CFG_deda15f4c4a8,zp8,62,1
66246,CFG_9178f775d49a,zp8,62,1
66247,CFG_ffde3ea1b2e3,zp8,62,1
66248,CFG_cf541d0f8a3a,zp8,62,1
66249,CFG_d39c77a1a4bf,zp8,62,1
66250,CFG_1ec55dc0a2ff,zp8,62,1
66251,CFG_3e489afc8bfd,zp8,62,1
66252,CFG_b8e6a5652de1,zp8,62,1
66253,CFG_d7aadf87f0b1,zp8,62,1
66254,CFG_81cab8befe03,zp8,62,1
66255,CFG_1738a11cbd49,zp8,62,1
66256,CFG_1738a11cbd49,zp8,62,1
66257,CFG_8a51f93d684d,zp8,62,1
66258,CFG_f18488ce1456,zp8,62,1
66259,CFG_7fa53b7ab3bf,zp8,62,1
66260,CFG_1e693796a40d,zp8,62,1
66261,CFG_29c3378e155b,zp8,62,1
66262,CFG_deda15f4c4a8,zp8,62,1
66263,CFG_cf6528e23789,zp8,62,1
66264,CFG_c910518048de,zp8,62,1
66265,CFG_8bfc9d62299c,zp8,62,1
66266,CFG_67b539d34471,zp8,62,1
66267,CFG_755205a28938,zp8,62,1
66268,CFG_8f2957e28805,zp8,62,1
66269,CFG_deda15f4c4a8,zp8,62,1
66270,CFG_36f82e31118f,zp8,62,1
66271,CFG_36f82e31118f,zp8,62,1
66272,CFG_8a51f93d684d,zp8,62,1
66273,CFG_939ca62c69c2,zp8,62,1
66274,CFG_d0face5aa80d,zp8,62,1
66275,CFG_3a3d7179fe0d,zp8,62,1
66276,CFG_710c47edfbc8,zp8,62,1
66277,CFG_17620e2785dc,zp8,62,1
66278,CFG_e3950fd94ca1,zp8,62,1
66279,CFG_5cd0c67d59bc,zp8,62,1
66280,CFG_deda15f4c4a8,zp8,62,1
66281,CFG_f18488ce1456,zp8,62,1
66282,CFG_5514d03a77b0,zp8,62,1
66283,CFG_deda15f4c4a8,zp8,62,1
66284,CFG_f18488ce1456,zp8,62,1
66285,CFG_a1d878e7d840,zp8,62,1
66286,CFG_5514d03a77b0,zp8,62,1
66287,CFG_a1ebd0490272,zp8,62,1
66288,CFG_773ac98270b6,zp8,62,1
66289,CFG_1738a11cbd49,zp8,62,1
66290,CFG_7fa53b7ab3bf,zp8,62,1
66291,CFG_5514d03a77b0,zp8,62,1
66292,CFG_3e489afc8bfd,zp8,62,1
66293,CFG_e3950fd94ca1,zp8,62,1
66294,CFG_1ec55dc0a2ff,zp8,62,1
66295,CFG_6caaadb373ea,zp8,62,1
66296,CFG_a1ebd0490272,zp8,62,1
66297,CFG_67b539d34471,zp8,62,1
66298,CFG_1d1816b1d9d8,zp8,62,1
66299,CFG_8f2957e28805,zp8,62,1
66300,CFG_710c47edfbc8,zp8,62,1
66301,CFG_67b539d34471,zp8,62,1
66302,CFG_39fe645ba2f1,zp8,62,1
66303,CFG_f18488ce1456,zp8,62,1
66304,CFG_6caaadb373ea,zp8,62,1
66305,CFG_8bfc9d62299c,zp8,62,1
66306,CFG_29c3378e155b,zp8,62,1
66307,CFG_8a51f93d684d,zp8,62,1
66308,CFG_cc5bbb6e9d13,zp8,62,1
66309,CFG_1ec55dc0a2ff,zp8,62,1
66310,CFG_3278d3379c8a,zp8,62,1
66311,CFG_be784e24b621,zp8,62,1
66312,CFG_9178f775d49a,zp8,62,1
66313,CFG_b2a3cbb134c5,zp8,62,1
66314,CFG_deda15f4c4a8,zp8,62,1
66315,CFG_1738a11cbd49,zp8,62,1
66316,CFG_59aede929579,zp8,62,1
66317,CFG_f18488ce1456,zp8,62,1
66318,CFG_939ca62c69c2,zp8,62,1
66319,CFG_17620e2785dc,zp8,62,1
66320,CFG_cc5bbb6e9d13,zp8,62,1
66321,CFG_1747d90ed031,zp8,62,1
66322,CFG_8a51f93d684d,zp8,62,1
66323,CFG_be784e24b621,zp8,62,1
66324,CFG_36f82e31118f,zp8,62,1
66325,CFG_67b539d34471,zp8,62,1
66326,CFG_8bfc9d62299c,zp8,62,1
66327,CFG_deda15f4c4a8,zp8,62,1
66328,CFG_a9714f85f877,zp8,62,1
66329,CFG_b2a3cbb134c5,zp8,62,1
66330,CFG_f18488ce1456,zp8,62,1
66331,CFG_8a51f93d684d,zp8,62,1
66332,CFG_8bfc9d62299c,zp8,62,1
66333,CFG_a292c20a75fd,zp8,62,1
66334,CFG_710c47edfbc8,zp8,62,1
66335,CFG_939ca62c69c2,zp8,62,1
66336,CFG_1ec55dc0a2ff,zp8,62,1
66337,CFG_dda2f907b868,zp8,62,1
66338,CFG_65f78a36ed50,zp8,62,1
66339,CFG_ffde3ea1b2e3,zp8,62,1
66340,CFG_3697b100c401,zp8,62,1
66341,CFG_29c3378e155b,zp8,62,1
66342,CFG_cf541d0f8a3a,zp8,62,1
66343,CFG_1738a11cbd49,zp8,62,1
66344,CFG_e3386d946379,zp8,62,1
66345,CFG_e1e6e0c66c93,zp8,62,1
66346,CFG_625048fefa0b,zp8,62,1
66347,CFG_cf541d0f8a3a,zp8,62,1
66348,CFG_8a51f93d684d,zp8,62,1
66349,CFG_ac213567a5a2,zp8,62,1
66350,CFG_5851809b712d,zp8,62,1
66351,CFG_67b539d34471,zp8,62,1
66352,CFG_755205a28938,zp8,62,1
66353,CFG_9c659499047b,zp8,62,1
66354,CFG_1ec55dc0a2ff,zp8,62,1
66355,CFG_29c3378e155b,zp8,62,1
66356,CFG_4cd2b98cde9e,zp8,62,1
66357,CFG_5cd0c67d59bc,zp8,62,1
66358,CFG_a1ebd0490272,zp8,62,1
66359,CFG_7cd4c6b023c5,zp8,62,1
66360,CFG_59f154754573,zp8,62,1
66361,CFG_5514d03a77b0,zp8,62,1
66362,CFG_bd6412fc68b0,zp8,62,1
66363,CFG_f18488ce1456,zp8,62,1
66364,CFG_1ec55dc0a2ff,zp8,62,1
66365,CFG_8a51f93d684d,zp8,62,1
66366,CFG_3a3d7179fe0d,zp8,62,1
66367,CFG_67b539d34471,zp8,62,1
66368,CFG_d39c77a1a4bf,zp8,62,1
66369,CFG_39fe645ba2f1,zp8,62,1
66370,CFG_77c8b99b43d9,zp8,62,1
66371,CFG_3a3d7179fe0d,zp8,62,1
66372,CFG_5514d03a77b0,zp8,62,1
66373,CFG_36f82e31118f,zp8,62,1
66374,CFG_59aede929579,zp8,62,1
66375,CFG_29c3378e155b,zp8,62,1
66376,CFG_36f82e31118f,zp8,62,1
66377,CFG_773ac98270b6,zp8,62,1
66378,CFG_b2a3cbb134c5,zp8,62,1
66379,CFG_ceef49456daa,zp8,62,1
66380,CFG_cf541d0f8a3a,zp8,62,1
66381,CFG_5514d03a77b0,zp8,62,1
66382,CFG_939ca62c69c2,zp8,62,1
66383,CFG_4cd2b98cde9e,zp8,62,1
66384,CFG_b2a3cbb134c5,zp8,62,1
66385,CFG_755205a28938,zp8,62,1
66386,CFG_5531dad98c69,zp8,62,1
66387,CFG_67b539d34471,zp8,62,1
66388,CFG_d96b0c9e44d0,zp8,62,1
66389,CFG_625048fefa0b,zp8,62,1
66390,CFG_f993a0fc6256,zp8,62,1
66391,CFG_7fa53b7ab3bf,zp8,62,1
66392,CFG_5851809b712d,zp8,62,1
66393,CFG_39fe645ba2f1,zp8,62,1
66394,CFG_f18488ce1456,zp8,62,1
66395,CFG_a9714f85f877,zp8,62,1
66396,CFG_3278d3379c8a,zp8,62,1
66397,CFG_ffde3ea1b2e3,zp8,62,1
66398,CFG_b2a3cbb134c5,zp8,62,1
66399,CFG_c910518048de,zp8,62,1
66400,CFG_39fe645ba2f1,zp8,62,1
66401,CFG_f18488ce1456,zp8,62,1
66402,CFG_deda15f4c4a8,zp8,62,1
66403,CFG_1ec55dc0a2ff,zp8,62,1
66404,CFG_cf541d0f8a3a,zp8,62,1
66405,CFG_67b539d34471,zp8,62,1
66406,CFG_8bfc9d62299c,zp8,62,1
66407,CFG_17620e2785dc,zp8,62,1
66408,CFG_d96b0c9e44d0,zp8,62,1
66409,CFG_1738a11cbd49,zp8,62,1
66410,CFG_f18488ce1456,zp8,62,1
66411,CFG_8a51f93d684d,zp8,62,1
66412,CFG_e3950fd94ca1,zp8,62,1
66413,CFG_2154b722e06b,zp8,62,1
66414,CFG_1ec55dc0a2ff,zp8,62,1
66415,CFG_59aede929579,zp8,62,1
66416,CFG_9178f775d49a,zp8,62,1
66417,CFG_d96b0c9e44d0,zp8,62,1
66418,CFG_5cd0c67d59bc,zp8,62,1
66419,CFG_3709eca534a7,zp8,62,1
66420,CFG_bbea204eb2ac,zp8,62,1
66421,CFG_8bfc9d62299c,zp8,62,1
66422,CFG_ac213567a5a2,zp8,62,1
66423,CFG_67b539d34471,zp8,62,1
66424,CFG_b2a3cbb134c5,zp8,62,1
66425,CFG_112bf773e97d,zp8,62,1
66426,CFG_b8e6a5652de1,zp8,62,1
66427,CFG_b8e6a5652de1,zp8,62,1
66428,CFG_d96b0c9e44d0,zp8,62,1
66429,CFG_cf541d0f8a3a,zp8,62,1
66430,CFG_802041076799,zp8,62,1
66431,CFG_cf541d0f8a3a,zp8,62,1
66432,CFG_288ddbff7431,zp8,62,1
66433,CFG_5cd0c67d59bc,zp8,62,1
66434,CFG_6caaadb373ea,zp8,62,1
66435,CFG_9c659499047b,zp8,62,1
66436,CFG_e3950fd94ca1,zp8,62,1
66437,CFG_8bfc9d62299c,zp8,62,1
66438,CFG_cf541d0f8a3a,zp8,62,1
66439,CFG_a1d878e7d840,zp8,62,1
66440,CFG_8a51f93d684d,zp8,62,1
66441,CFG_36f82e31118f,zp8,62,1
66442,CFG_7fa53b7ab3bf,zp8,62,1
66443,CFG_625048fefa0b,zp8,62,1
66444,CFG_8bfc9d62299c,zp8,62,1
66445,CFG_cf541d0f8a3a,zp8,62,1
66446,CFG_3278d3379c8a,zp8,62,1
66447,CFG_65f78a36ed50,zp8,62,1
66448,CFG_9178f775d49a,zp8,62,1
66449,CFG_f18488ce1456,zp8,62,1
66450,CFG_9178f775d49a,zp8,62,1
66451,CFG_8a51f93d684d,zp8,62,1
66452,CFG_deda15f4c4a8,zp8,62,1
66453,CFG_e1e6e0c66c93,zp8,62,1
66454,CFG_755205a28938,zp8,62,1
66455,CFG_17620e2785dc,zp8,62,1
66456,CFG_b2a3cbb134c5,zp8,62,1
66457,CFG_8a51f93d684d,zp8,62,1
66458,CFG_b8e6a5652de1,zp8,62,1
66459,CFG_755205a28938,zp8,62,1
66460,CFG_2154b722e06b,zp8,62,1
66461,CFG_5be0533f7ebf,zp8,62,1
66462,CFG_9c659499047b,zp8,62,1
66463,CFG_1738a11cbd49,zp8,62,1
66464,CFG_8bfc9d62299c,zp8,62,1
66465,CFG_d96b0c9e44d0,zp8,62,1
66466,CFG_de29bb20eaa6,zp8,62,1
66467,CFG_2154b722e06b,zp8,62,1
66468,CFG_b2a3cbb134c5,zp8,62,1
66469,CFG_e87513c8563d,zp8,62,1
66470,CFG_5514d03a77b0,zp8,62,1
66471,CFG_3a3d7179fe0d,zp8,62,1
66472,CFG_2534839bab0a,zp8,62,1
66473,CFG_1ec55dc0a2ff,zp8,62,1
66474,CFG_1e693796a40d,zp8,62,1
66475,CFG_1ec55dc0a2ff,zp8,62,1
66476,CFG_1ec55dc0a2ff,zp8,62,1
66477,CFG_2154b722e06b,zp8,62,1
66478,CFG_9178f775d49a,zp8,62,1
66479,CFG_f18488ce1456,zp8,62,1
66480,CFG_f18488ce1456,zp8,62,1
66481,CFG_d96b0c9e44d0,zp8,62,1
66482,CFG_9178f775d49a,zp8,62,1
66483,CFG_f18488ce1456,zp8,62,1
66484,CFG_a1d878e7d840,zp8,62,1
66485,CFG_5be0533f7ebf,zp8,62,1
66486,CFG_67b539d34471,zp8,62,1
66487,CFG_deda15f4c4a8,zp8,62,1
66488,CFG_1ec55dc0a2ff,zp8,62,1
66489,CFG_2534839bab0a,zp8,62,1
66490,CFG_f18488ce1456,zp8,62,1
66491,CFG_8bfc9d62299c,zp8,62,1
66492,CFG_59aede929579,zp8,62,1
66493,CFG_8a51f93d684d,zp8,62,1
66494,CFG_59aede929579,zp8,62,1
66495,CFG_8a51f93d684d,zp8,62,1
66496,CFG_710c47edfbc8,zp8,62,1
66497,CFG_939ca62c69c2,zp8,62,1
66498,CFG_3697b100c401,zp8,62,1
66499,CFG_cf541d0f8a3a,zp8,62,1
66500,CFG_2154b722e06b,zp8,62,1
66501,CFG_bbea204eb2ac,zp8,62,1
66502,CFG_3278d3379c8a,zp8,62,1
66503,CFG_1738a11cbd49,zp8,62,1
66504,CFG_802041076799,zp8,62,1
66505,CFG_59f154754573,zp8,62,1
66506,CFG_1ec55dc0a2ff,zp8,62,1
66507,CFG_3a3d7179fe0d,zp8,62,1
66508,CFG_710c47edfbc8,zp8,62,1
66509,CFG_7fa53b7ab3bf,zp8,62,1
66510,CFG_d96b0c9e44d0,zp8,62,1
66511,CFG_939ca62c69c2,zp8,62,1
66512,CFG_6caaadb373ea,zp8,62,1
66513,CFG_b2a3cbb134c5,zp8,62,1
66514,CFG_3a3d7179fe0d,zp8,62,1
66515,CFG_29c3378e155b,zp8,62,1
66516,CFG_3697b100c401,zp8,62,1
66517,CFG_de29bb20eaa6,zp8,62,1
66518,CFG_8bfc9d62299c,zp8,62,1
66519,CFG_59aede929579,zp8,62,1
66520,CFG_29c3378e155b,zp8,62,1
66521,CFG_59aede929579,zp8,62,1
66522,CFG_67b539d34471,zp8,62,1
66523,CFG_36f82e31118f,zp8,62,1
66524,CFG_e1e6e0c66c93,zp8,62,1
66525,CFG_b2a3cbb134c5,zp8,62,1
66526,CFG_59f154754573,zp8,62,1
66527,CFG_17620e2785dc,zp8,62,1
66528,CFG_ffde3ea1b2e3,zp8,62,1
66529,CFG_2154b722e06b,zp8,62,1
66530,CFG_f18488ce1456,zp8,62,1
66531,CFG_8a51f93d684d,zp8,62,1
66532,CFG_773ac98270b6,zp8,62,1
66533,CFG_8bfc9d62299c,zp8,62,1
66534,CFG_67b539d34471,zp8,62,1
66535,CFG_f18488ce1456,zp8,62,1
66536,CFG_1ec55dc0a2ff,zp8,62,1
66537,CFG_773ac98270b6,zp8,62,1
66538,CFG_1738a11cbd49,zp8,62,1
66539,CFG_3697b100c401,zp8,62,1
66540,CFG_39fe645ba2f1,zp8,62,1
66541,CFG_dda2f907b868,zp8,62,1
66542,CFG_c910518048de,zp8,62,1
66543,CFG_deda15f4c4a8,zp8,62,1
66544,CFG_36f82e31118f,zp8,62,1
66545,CFG_1ec55dc0a2ff,zp8,62,1
66546,CFG_939ca62c69c2,zp8,62,1
66547,CFG_b2a3cbb134c5,zp8,62,1
66548,CFG_67b539d34471,zp8,62,1
66549,CFG_1738a11cbd49,zp8,62,1
66550,CFG_755205a28938,zp8,62,1
66551,CFG_1738a11cbd49,zp8,62,1
66552,CFG_e1e6e0c66c93,zp8,62,1
66553,CFG_f18488ce1456,zp8,62,1
66554,CFG_9c659499047b,zp8,62,1
66555,CFG_de29bb20eaa6,zp8,62,1
66556,CFG_f18488ce1456,zp8,62,1
66557,CFG_deda15f4c4a8,zp8,62,1
66558,CFG_d7aadf87f0b1,zp8,62,1
66559,CFG_b2a3cbb134c5,zp8,62,1
66560,CFG_deda15f4c4a8,zp8,62,1
66561,CFG_bbea204eb2ac,zp8,62,1
66562,CFG_8bfc9d62299c,zp8,62,1
66563,CFG_4cd2b98cde9e,zp8,62,1
66564,CFG_b2a3cbb134c5,zp8,62,1
66565,CFG_5cd0c67d59bc,zp8,62,1
66566,CFG_9178f775d49a,zp8,62,1
66567,CFG_275e4ca07248,zp8,62,1
66568,CFG_773ac98270b6,zp8,62,1
66569,CFG_d0face5aa80d,zp8,62,1
66570,CFG_d96b0c9e44d0,zp8,62,1
66571,CFG_939ca62c69c2,zp8,62,1
66572,CFG_773ac98270b6,zp8,62,1
66573,CFG_c910518048de,zp8,62,1
66574,CFG_939ca62c69c2,zp8,62,1
66575,CFG_59f154754573,zp8,62,1
66576,CFG_f18488ce1456,zp8,62,1
66577,CFG_5514d03a77b0,zp8,62,1
66578,CFG_275e4ca07248,zp8,62,1
66579,CFG_6caaadb373ea,zp8,62,1
66580,CFG_be784e24b621,zp8,62,1
66581,CFG_cf6528e23789,zp8,62,1
66582,CFG_5851809b712d,zp8,62,1
66583,CFG_be784e24b621,zp8,62,1
66584,CFG_8bfc9d62299c,zp8,62,1
66585,CFG_c910518048de,zp8,62,1
66586,CFG_755205a28938,zp8,62,1
66587,CFG_755205a28938,zp8,62,1
66588,CFG_c910518048de,zp8,62,1
66589,CFG_9c659499047b,zp8,62,1
66590,CFG_773ac98270b6,zp8,62,1
66591,CFG_773ac98270b6,zp8,62,1
66592,CFG_deda15f4c4a8,zp8,62,1
66593,CFG_e1e6e0c66c93,zp8,62,1
66594,CFG_bbea204eb2ac,zp8,62,1
66595,CFG_67b539d34471,zp8,62,1
66596,CFG_b2a3cbb134c5,zp8,62,1
66597,CFG_f18488ce1456,zp8,62,1
66598,CFG_e1e6e0c66c93,zp8,62,1
66599,CFG_cf6528e23789,zp8,62,1
66600,CFG_939ca62c69c2,zp8,62,1
66601,CFG_cf541d0f8a3a,zp8,62,1
66602,CFG_59f154754573,zp8,62,1
66603,CFG_17620e2785dc,zp8,62,1
66604,CFG_3a3d7179fe0d,zp8,62,1
66605,CFG_9c659499047b,zp8,62,1
66606,CFG_67b539d34471,zp8,62,1
66607,CFG_99b4d8a9c762,zp8,62,1
66608,CFG_1ec55dc0a2ff,zp8,62,1
66609,CFG_9c659499047b,zp8,62,1
66610,CFG_727914633b9e,zp8,62,1
66611,CFG_1738a11cbd49,zp8,62,1
66612,CFG_67b539d34471,zp8,62,1
66613,CFG_a34f76b67ef4,zp8,62,1
66614,CFG_29c3378e155b,zp8,62,1
66615,CFG_c94b44f1b2f9,zp8,62,1
66616,CFG_8bfc9d62299c,zp8,62,1
66617,CFG_f18488ce1456,zp8,62,1
66618,CFG_9c659499047b,zp8,62,1
66619,CFG_17620e2785dc,zp8,62,1
66620,CFG_acabbc62a021,zp8,62,1
66621,CFG_a34f76b67ef4,zp8,62,1
66622,CFG_710c47edfbc8,zp8,62,1
66623,CFG_cf541d0f8a3a,zp8,62,1
66624,CFG_36f82e31118f,zp8,62,1
66625,CFG_939ca62c69c2,zp8,62,1
66626,CFG_f18488ce1456,zp8,62,1
66627,CFG_d7aadf87f0b1,zp8,62,1
66628,CFG_f18488ce1456,zp8,62,1
66629,CFG_cf6528e23789,zp8,62,1
66630,CFG_773ac98270b6,zp8,62,1
66631,CFG_39fe645ba2f1,zp8,62,1
66632,CFG_a34f76b67ef4,zp8,62,1
66633,CFG_773ac98270b6,zp8,62,1
66634,CFG_17620e2785dc,zp8,62,1
66635,CFG_a34f76b67ef4,zp8,62,1
66636,CFG_8a51f93d684d,zp8,62,1
66637,CFG_39fe645ba2f1,zp8,62,1
66638,CFG_67b539d34471,zp8,62,1
66639,CFG_9178f775d49a,zp8,62,1
66640,CFG_f18488ce1456,zp8,62,1
66641,CFG_b2a3cbb134c5,zp8,62,1
66642,CFG_5851809b712d,zp8,62,1
66643,CFG_1e693796a40d,zp8,62,1
66644,CFG_9178f775d49a,zp8,62,1
66645,CFG_625048fefa0b,zp8,62,1
66646,CFG_3e489afc8bfd,zp8,62,1
66647,CFG_a9714f85f877,zp8,62,1
66648,CFG_9178f775d49a,zp8,62,1
66649,CFG_1ec55dc0a2ff,zp8,62,1
66650,CFG_e1e6e0c66c93,zp8,62,1
66651,CFG_773ac98270b6,zp8,62,1
66652,CFG_939ca62c69c2,zp8,62,1
66653,CFG_cf541d0f8a3a,zp8,62,1
66654,CFG_29c3378e155b,zp8,62,1
66655,CFG_7155e4ee7bdf,zp8,62,1
66656,CFG_b2a3cbb134c5,zp8,62,1
66657,CFG_acabbc62a021,zp8,62,1
66658,CFG_1738a11cbd49,zp8,62,1
66659,CFG_b2a3cbb134c5,zp8,62,1
66660,CFG_f993a0fc6256,zp8,62,1
66661,CFG_59aede929579,zp8,62,1
66662,CFG_be784e24b621,zp8,62,1
66663,CFG_773ac98270b6,zp8,62,1
66664,CFG_de29bb20eaa6,zp8,62,1
66665,CFG_f18488ce1456,zp8,62,1
66666,CFG_773ac98270b6,zp8,62,1
66667,CFG_ceef49456daa,zp8,62,1
66668,CFG_8a51f93d684d,zp8,62,1
66669,CFG_1738a11cbd49,zp8,62,1
66670,CFG_8a51f93d684d,zp8,62,1
66671,CFG_cf541d0f8a3a,zp8,62,1
66672,CFG_1e693796a40d,zp8,62,1
66673,CFG_deda15f4c4a8,zp8,62,1
66674,CFG_b0eabb76b70f,zp8,62,1
66675,CFG_4bec09598a98,zp8,62,1
66676,CFG_67b539d34471,zp8,62,1
66677,CFG_59aede929579,zp8,62,1
66678,CFG_d39c77a1a4bf,zp8,62,1
66679,CFG_755205a28938,zp8,62,1
66680,CFG_b2a3cbb134c5,zp8,62,1
66681,CFG_9c659499047b,zp8,62,1
66682,CFG_5514d03a77b0,zp8,62,1
66683,CFG_5514d03a77b0,zp8,62,1
66684,CFG_f18488ce1456,zp8,62,1
66685,CFG_5851809b712d,zp8,62,1
66686,CFG_7fa53b7ab3bf,zp8,62,1
66687,CFG_8a51f93d684d,zp8,62,1
66688,CFG_8a51f93d684d,zp8,62,1
66689,CFG_3a3d7179fe0d,zp8,62,1
66690,CFG_f18488ce1456,zp8,62,1
66691,CFG_8bfc9d62299c,zp8,62,1
66692,CFG_773ac98270b6,zp8,62,1
66693,CFG_5cd0c67d59bc,zp8,62,1
66694,CFG_755205a28938,zp8,62,1
66695,CFG_e1e6e0c66c93,zp8,62,1
66696,CFG_1ec55dc0a2ff,zp8,62,1
66697,CFG_3a3d7179fe0d,zp8,62,1
66698,CFG_3a3d7179fe0d,zp8,62,1
66699,CFG_d39c77a1a4bf,zp8,62,1
66700,CFG_755205a28938,zp8,62,1
66701,CFG_e3950fd94ca1,zp8,62,1
66702,CFG_1738a11cbd49,zp8,62,1
66703,CFG_67b539d34471,zp8,62,1
66704,CFG_d96b0c9e44d0,zp8,62,1
66705,CFG_2534839bab0a,zp8,62,1
66706,CFG_cf541d0f8a3a,zp8,62,1
66707,CFG_17620e2785dc,zp8,62,1
66708,CFG_77c8b99b43d9,zp8,62,1
66709,CFG_36f82e31118f,zp8,62,1
66710,CFG_a292c20a75fd,zp8,62,1
66711,CFG_2154b722e06b,zp8,62,1
66712,CFG_9178f775d49a,zp8,62,1
66713,CFG_773ac98270b6,zp8,62,1
66714,CFG_17620e2785dc,zp8,62,1
66715,CFG_2154b722e06b,zp8,62,1
66716,CFG_9c659499047b,zp8,62,1
66717,CFG_b8e6a5652de1,zp8,62,1
66718,CFG_36f82e31118f,zp8,62,1
66719,CFG_9178f775d49a,zp8,62,1
66720,CFG_939ca62c69c2,zp8,62,1
66721,CFG_755205a28938,zp8,62,1
66722,CFG_65f78a36ed50,zp8,62,1
66723,CFG_773ac98270b6,zp8,62,1
66724,CFG_8bfc9d62299c,zp8,62,1
66725,CFG_8a51f93d684d,zp8,62,1
66726,CFG_802041076799,zp8,62,1
66727,CFG_727914633b9e,zp8,62,1
66728,CFG_67b539d34471,zp8,62,1
66729,CFG_f18488ce1456,zp8,62,1
66730,CFG_5514d03a77b0,zp8,62,1
66731,CFG_d96b0c9e44d0,zp8,62,1
66732,CFG_b2a3cbb134c5,zp8,62,1
66733,CFG_a34f76b67ef4,zp8,62,1
66734,CFG_755205a28938,zp8,62,1
66735,CFG_275e4ca07248,zp8,62,1
66736,CFG_755205a28938,zp8,62,1
66737,CFG_67b539d34471,zp8,62,1
66738,CFG_939ca62c69c2,zp8,62,1
66739,CFG_29c3378e155b,zp8,62,1
66740,CFG_65f78a36ed50,zp8,62,1
66741,CFG_a34f76b67ef4,zp8,62,1
66742,CFG_773ac98270b6,zp8,62,1
66743,CFG_59f154754573,zp8,62,1
66744,CFG_deda15f4c4a8,zp8,62,1
66745,CFG_939ca62c69c2,zp8,62,1
66746,CFG_67b539d34471,zp8,62,1
66747,CFG_9178f775d49a,zp8,62,1
66748,CFG_f18488ce1456,zp8,62,1
66749,CFG_67b539d34471,zp8,62,1
66750,CFG_67b539d34471,zp8,62,1
66751,CFG_b2a3cbb134c5,zp8,62,1
66752,CFG_1738a11cbd49,zp8,62,1
66753,CFG_36f82e31118f,zp8,62,1
66754,CFG_5851809b712d,zp8,62,1
66755,CFG_b8e6a5652de1,zp8,62,1
66756,CFG_6caaadb373ea,zp8,62,1
66757,CFG_3a3d7179fe0d,zp8,62,1
66758,CFG_deda15f4c4a8,zp8,62,1
66759,CFG_9178f775d49a,zp8,62,1
66760,CFG_acabbc62a021,zp8,62,1
66761,CFG_59f154754573,zp8,62,1
66762,CFG_acabbc62a021,zp8,62,1
66763,CFG_cf541d0f8a3a,zp8,62,1
66764,CFG_755205a28938,zp8,62,1
66765,CFG_3a3d7179fe0d,zp8,62,1
66766,CFG_17620e2785dc,zp8,62,1
66767,CFG_2154b722e06b,zp8,62,1
66768,CFG_e3950fd94ca1,zp8,62,1
66769,CFG_67b539d34471,zp8,62,1
66770,CFG_67b539d34471,zp8,62,1
66771,CFG_e1e6e0c66c93,zp8,62,1
66772,CFG_b04e3d146803,zp8,62,1
66773,CFG_d96b0c9e44d0,zp8,62,1
66774,CFG_77c8b99b43d9,zp8,62,1
66775,CFG_5cd0c67d59bc,zp8,62,1
66776,CFG_39fe645ba2f1,zp8,62,1
66777,CFG_3278d3379c8a,zp8,62,1
66778,CFG_755205a28938,zp8,62,1
66779,CFG_be784e24b621,zp8,62,1
66780,CFG_1e693796a40d,zp8,62,1
66781,CFG_65f78a36ed50,zp8,62,1
66782,CFG_710c47edfbc8,zp8,62,1
66783,CFG_59f154754573,zp8,62,1
66784,CFG_5cd0c67d59bc,zp8,62,1
66785,CFG_36f82e31118f,zp8,62,1
66786,CFG_d7aadf87f0b1,zp8,62,1
66787,CFG_de29bb20eaa6,zp8,62,1
66788,CFG_8f2957e28805,zp8,62,1
66789,CFG_8a51f93d684d,zp8,62,1
66790,CFG_7cd4c6b023c5,zp8,62,1
66791,CFG_8bfc9d62299c,zp8,62,1
66792,CFG_67b539d34471,zp8,62,1
66793,CFG_939ca62c69c2,zp8,62,1
66794,CFG_755205a28938,zp8,62,1
66795,CFG_d96b0c9e44d0,zp8,62,1
66796,CFG_b8e6a5652de1,zp8,62,1
66797,CFG_a292c20a75fd,zp8,62,1
66798,CFG_5514d03a77b0,zp8,62,1
66799,CFG_ac213567a5a2,zp8,62,1
66800,CFG_cf541d0f8a3a,zp8,62,1
66801,CFG_e1e6e0c66c93,zp8,62,1
66802,CFG_e1e6e0c66c93,zp8,62,1
66803,CFG_17620e2785dc,zp8,62,1
66804,CFG_5514d03a77b0,zp8,62,1
66805,CFG_9c659499047b,zp8,62,1
66806,CFG_532891bb36ca,zp8,62,1
66807,CFG_3a3d7179fe0d,zp8,62,1
66808,CFG_dda2f907b868,zp8,62,1
66809,CFG_ffde3ea1b2e3,zp8,62,1
66810,CFG_5cd0c67d59bc,zp8,62,1
66811,CFG_3a3d7179fe0d,zp8,62,1
66812,CFG_17620e2785dc,zp8,62,1
66813,CFG_bbea204eb2ac,zp8,62,1
66814,CFG_77c8b99b43d9,zp8,62,1
66815,CFG_710c47edfbc8,zp8,62,1
66816,CFG_67b539d34471,zp8,62,1
66817,CFG_8a51f93d684d,zp8,62,1
66818,CFG_773ac98270b6,zp8,62,1
66819,CFG_de29bb20eaa6,zp8,62,1
66820,CFG_e1e6e0c66c93,zp8,62,1
66821,CFG_67b539d34471,zp8,62,1
66822,CFG_d96b0c9e44d0,zp8,62,1
66823,CFG_36f82e31118f,zp8,62,1
66824,CFG_b0eabb76b70f,zp8,62,1
66825,CFG_17620e2785dc,zp8,62,1
66826,CFG_cf541d0f8a3a,zp8,62,1
66827,CFG_e3386d946379,zp8,62,1
66828,CFG_6caaadb373ea,zp8,62,1
66829,CFG_5514d03a77b0,zp8,62,1
66830,CFG_b8e6a5652de1,zp8,62,1
66831,CFG_b2a3cbb134c5,zp8,62,1
66832,CFG_802041076799,zp8,62,1
66833,CFG_67b539d34471,zp8,62,1
66834,CFG_3278d3379c8a,zp8,62,1
66835,CFG_59aede929579,zp8,62,1
66836,CFG_b8e6a5652de1,zp8,62,1
66837,CFG_275e4ca07248,zp8,62,1
66838,CFG_5cd0c67d59bc,zp8,62,1
66839,CFG_3278d3379c8a,zp8,62,1
66840,CFG_b2a3cbb134c5,zp8,62,1
66841,CFG_710c47edfbc8,zp8,62,1
66842,CFG_9178f775d49a,zp8,62,1
66843,CFG_bbea204eb2ac,zp8,62,1
66844,CFG_727914633b9e,zp8,62,1
66845,CFG_deda15f4c4a8,zp8,62,1
66846,CFG_9178f775d49a,zp8,62,1
66847,CFG_773ac98270b6,zp8,62,1
66848,CFG_c910518048de,zp8,62,1
66849,CFG_9178f775d49a,zp8,62,1
66850,CFG_755205a28938,zp8,62,1
66851,CFG_17620e2785dc,zp8,62,1
66852,CFG_8f2957e28805,zp8,62,1
66853,CFG_3697b100c401,zp8,62,1
66854,CFG_7155e4ee7bdf,zp8,62,1
66855,CFG_f18488ce1456,zp8,62,1
66856,CFG_1ec55dc0a2ff,zp8,62,1
66857,CFG_3e489afc8bfd,zp8,62,1
66858,CFG_39fe645ba2f1,zp8,62,1
66859,CFG_f18488ce1456,zp8,62,1
66860,CFG_8a51f93d684d,zp8,62,1
66861,CFG_f18488ce1456,zp8,62,1
66862,CFG_1ec55dc0a2ff,zp8,62,1
66863,CFG_9178f775d49a,zp8,62,1
66864,CFG_be784e24b621,zp8,62,1
66865,CFG_f18488ce1456,zp8,62,1
66866,CFG_9c659499047b,zp8,62,1
66867,CFG_67b539d34471,zp8,62,1
66868,CFG_cc5bbb6e9d13,zp8,62,1
66869,CFG_9178f775d49a,zp8,62,1
66870,CFG_1738a11cbd49,zp8,62,1
66871,CFG_29c3378e155b,zp8,62,1
66872,CFG_7fa53b7ab3bf,zp8,62,1
66873,CFG_710c47edfbc8,zp8,62,1
66874,CFG_e1e6e0c66c93,zp8,62,1
66875,CFG_de29bb20eaa6,zp8,62,1
66876,CFG_275e4ca07248,zp8,62,1
66877,CFG_9178f775d49a,zp8,62,1
66878,CFG_939ca62c69c2,zp8,62,1
66879,CFG_1d0f84c0bb06,zp8,62,1
66880,CFG_bbea204eb2ac,zp8,62,1
66881,CFG_2534839bab0a,zp8,62,1
66882,CFG_36f82e31118f,zp8,62,1
66883,CFG_3278d3379c8a,zp8,62,1
66884,CFG_65f78a36ed50,zp8,62,1
66885,CFG_65f78a36ed50,zp8,62,1
66886,CFG_d39c77a1a4bf,zp8,62,1
66887,CFG_cf541d0f8a3a,zp8,62,1
66888,CFG_f18488ce1456,zp8,62,1
66889,CFG_36f82e31118f,zp8,62,1
66890,CFG_de29bb20eaa6,zp8,62,1
66891,CFG_275e4ca07248,zp8,62,1
66892,CFG_e3950fd94ca1,zp8,62,1
66893,CFG_67b539d34471,zp8,62,1
66894,CFG_cc5bbb6e9d13,zp8,62,1
66895,CFG_a292c20a75fd,zp8,62,1
66896,CFG_a1d878e7d840,zp8,62,1
66897,CFG_939ca62c69c2,zp8,62,1
66898,CFG_1738a11cbd49,zp8,62,1
66899,CFG_f18488ce1456,zp8,62,1
66900,CFG_39fe645ba2f1,zp8,62,1
66901,CFG_2534839bab0a,zp8,62,1
66902,CFG_1738a11cbd49,zp8,62,1
66903,CFG_59f154754573,zp8,62,1
66904,CFG_6caaadb373ea,zp8,62,1
66905,CFG_a1d878e7d840,zp8,62,1
66906,CFG_36f82e31118f,zp8,62,1
66907,CFG_a292c20a75fd,zp8,62,1
66908,CFG_939ca62c69c2,zp8,62,1
66909,CFG_67b539d34471,zp8,62,1
66910,CFG_9c659499047b,zp8,62,1
66911,CFG_b2a3cbb134c5,zp8,62,1
66912,CFG_ceef49456daa,zp8,62,1
66913,CFG_727914633b9e,zp8,62,1
66914,CFG_59aede929579,zp8,62,1
66915,CFG_755205a28938,zp8,62,1
66916,CFG_cc5bbb6e9d13,zp8,62,1
66917,CFG_65f78a36ed50,zp8,62,1
66918,CFG_65f78a36ed50,zp8,62,1
66919,CFG_755205a28938,zp8,62,1
66920,CFG_e3386d946379,zp8,62,1
66921,CFG_f18488ce1456,zp8,62,1
66922,CFG_59f154754573,zp8,62,1
66923,CFG_b2a3cbb134c5,zp8,62,1
66924,CFG_e1e6e0c66c93,zp8,62,1
66925,CFG_a1d878e7d840,zp8,62,1
66926,CFG_17620e2785dc,zp8,62,1
66927,CFG_ceef49456daa,zp8,62,1
66928,CFG_3a3d7179fe0d,zp8,62,1
66929,CFG_acabbc62a021,zp8,62,1
66930,CFG_d96b0c9e44d0,zp8,62,1
66931,CFG_2154b722e06b,zp8,62,1
66932,CFG_67b539d34471,zp8,62,1
66933,CFG_39fe645ba2f1,zp8,62,1
66934,CFG_710c47edfbc8,zp8,62,1
66935,CFG_cc5bbb6e9d13,zp8,62,1
66936,CFG_36f82e31118f,zp8,62,1
66937,CFG_ceef49456daa,zp8,62,1
66938,CFG_e3950fd94ca1,zp8,62,1
66939,CFG_67b539d34471,zp8,62,1
66940,CFG_59f154754573,zp8,62,1
66941,CFG_65f78a36ed50,zp8,62,1
66942,CFG_ffde3ea1b2e3,zp8,62,1
66943,CFG_1ec55dc0a2ff,zp8,62,1
66944,CFG_cf541d0f8a3a,zp8,62,1
66945,CFG_deda15f4c4a8,zp8,62,1
66946,CFG_67b539d34471,zp8,62,1
66947,CFG_67b539d34471,zp8,62,1
66948,CFG_9c659499047b,zp8,62,1
66949,CFG_e3950fd94ca1,zp8,62,1
66950,CFG_d96b0c9e44d0,zp8,62,1
66951,CFG_b2a3cbb134c5,zp8,62,1
66952,CFG_ac213567a5a2,zp8,62,1
66953,CFG_8bfc9d62299c,zp8,62,1
66954,CFG_9178f775d49a,zp8,62,1
66955,CFG_59aede929579,zp8,62,1
66956,CFG_67b539d34471,zp8,62,1
66957,CFG_67b539d34471,zp8,62,1
66958,CFG_17620e2785dc,zp8,62,1
66959,CFG_3a3d7179fe0d,zp8,62,1
66960,CFG_3a3d7179fe0d,zp8,62,1
66961,CFG_e1e6e0c66c93,zp8,62,1
66962,CFG_be784e24b621,zp8,62,1
66963,CFG_1ec55dc0a2ff,zp8,62,1
66964,CFG_d39c77a1a4bf,zp8,62,1
66965,CFG_710c47edfbc8,zp8,62,1
66966,CFG_5514d03a77b0,zp8,62,1
66967,CFG_2154b722e06b,zp8,62,1
66968,CFG_275e4ca07248,zp8,62,1
66969,CFG_8a51f93d684d,zp8,62,1
66970,CFG_1738a11cbd49,zp8,62,1
66971,CFG_7fa53b7ab3bf,zp8,62,1
66972,CFG_29c3378e155b,zp8,62,1
66973,CFG_773ac98270b6,zp8,62,1
66974,CFG_deda15f4c4a8,zp8,62,1
66975,CFG_39fe645ba2f1,zp8,62,1
66976,CFG_3a3d7179fe0d,zp8,62,1
66977,CFG_7fa53b7ab3bf,zp8,62,1
66978,CFG_f993a0fc6256,zp8,62,1
66979,CFG_d96b0c9e44d0,zp8,62,1
66980,CFG_8bfc9d62299c,zp8,62,1
66981,CFG_b2a3cbb134c5,zp8,62,1
66982,CFG_5531dad98c69,zp8,62,1
66983,CFG_ffde3ea1b2e3,zp8,62,1
66984,CFG_17620e2785dc,zp8,62,1
66985,CFG_f18488ce1456,zp8,62,1
66986,CFG_1ec55dc0a2ff,zp8,62,1
66987,CFG_802041076799,zp8,62,1
66988,CFG_17620e2785dc,zp8,62,1
66989,CFG_b2a3cbb134c5,zp8,62,1
66990,CFG_3a3d7179fe0d,zp8,62,1
66991,CFG_17620e2785dc,zp8,62,1
66992,CFG_b2a3cbb134c5,zp8,62,1
66993,CFG_f18488ce1456,zp8,62,1
66994,CFG_773ac98270b6,zp8,62,1
66995,CFG_7fa53b7ab3bf,zp8,62,1
66996,CFG_29c3378e155b,zp8,62,1
66997,CFG_cf541d0f8a3a,zp8,62,1
66998,CFG_f18488ce1456,zp8,62,1
66999,CFG_5cd0c67d59bc,zp8,62,1
67000,CFG_c94b44f1b2f9,zp8,62,1
67001,CFG_b2a3cbb134c5,zp8,62,1
67002,CFG_755205a28938,zp8,62,1
67003,CFG_8f2957e28805,zp8,62,1
67004,CFG_9178f775d49a,zp8,62,1
67005,CFG_b04e3d146803,zp8,62,1
67006,CFG_5be0533f7ebf,zp8,62,1
67007,CFG_773ac98270b6,zp8,62,1
67008,CFG_755205a28938,zp8,62,1
67009,CFG_f18488ce1456,zp8,62,1
67010,CFG_2154b722e06b,zp8,62,1
67011,CFG_773ac98270b6,zp8,62,1
67012,CFG_e3386d946379,zp8,62,1
67013,CFG_59aede929579,zp8,62,1
67014,CFG_2154b722e06b,zp8,62,1
67015,CFG_1e693796a40d,zp8,62,1
67016,CFG_59aede929579,zp8,62,1
67017,CFG_d7aadf87f0b1,zp8,62,1
67018,CFG_1738a11cbd49,zp8,62,1
67019,CFG_8a51f93d684d,zp8,62,1
67020,CFG_5cd0c67d59bc,zp8,62,1
67021,CFG_939ca62c69c2,zp8,62,1
67022,CFG_275e4ca07248,zp8,62,1
67023,CFG_9178f775d49a,zp8,62,1
67024,CFG_77c8b99b43d9,zp8,62,1
67025,CFG_939ca62c69c2,zp8,62,1
67026,CFG_d96b0c9e44d0,zp8,62,1
67027,CFG_8a51f93d684d,zp8,62,1
67028,CFG_e3950fd94ca1,zp8,62,1
67029,CFG_cc5bbb6e9d13,zp8,62,1
67030,CFG_36f82e31118f,zp8,62,1
67031,CFG_532891bb36ca,zp8,62,1
67032,CFG_e3950fd94ca1,zp8,62,1
67033,CFG_8a51f93d684d,zp8,62,1
67034,CFG_8a51f93d684d,zp8,62,1
67035,CFG_ffde3ea1b2e3,zp8,62,1
67036,CFG_67b539d34471,zp8,62,1
67037,CFG_59f154754573,zp8,62,1
67038,CFG_29c3378e155b,zp8,62,1
67039,CFG_deda15f4c4a8,zp8,62,1
67040,CFG_3697b100c401,zp8,62,1
67041,CFG_17620e2785dc,zp8,62,1
67042,CFG_cc5bbb6e9d13,zp8,62,1
67043,CFG_36f82e31118f,zp8,62,1
67044,CFG_710c47edfbc8,zp8,62,1
67045,CFG_36f82e31118f,zp8,62,1
67046,CFG_59f154754573,zp8,62,1
67047,CFG_755205a28938,zp8,62,1
67048,CFG_29c3378e155b,zp8,62,1
67049,CFG_b2a3cbb134c5,zp8,62,1
67050,CFG_1e693796a40d,zp8,62,1
67051,CFG_99b4d8a9c762,zp8,62,1
67052,CFG_e1e6e0c66c93,zp8,62,1
67053,CFG_be784e24b621,zp8,62,1
67054,CFG_3278d3379c8a,zp8,62,1
67055,CFG_b8e6a5652de1,zp8,62,1
67056,CFG_d39c77a1a4bf,zp8,62,1
67057,CFG_1738a11cbd49,zp8,62,1
67058,CFG_b2a3cbb134c5,zp8,62,1
67059,CFG_ffde3ea1b2e3,zp8,62,1
67060,CFG_d96b0c9e44d0,zp8,62,1
67061,CFG_b2a3cbb134c5,zp8,62,1
67062,CFG_710c47edfbc8,zp8,62,1
67063,CFG_be784e24b621,zp8,62,1
67064,CFG_29c3378e155b,zp8,62,1
67065,CFG_deda15f4c4a8,zp8,62,1
67066,CFG_bbea204eb2ac,zp8,62,1
67067,CFG_29c3378e155b,zp8,62,1
67068,CFG_d0face5aa80d,zp8,62,1
67069,CFG_7fa53b7ab3bf,zp8,62,1
67070,CFG_710c47edfbc8,zp8,62,1
67071,CFG_d96b0c9e44d0,zp8,62,1
67072,CFG_59f154754573,zp8,62,1
67073,CFG_e3386d946379,zp8,62,1
67074,CFG_36f82e31118f,zp8,62,1
67075,CFG_67b539d34471,zp8,62,1
67076,CFG_b2a3cbb134c5,zp8,62,1
67077,CFG_6caaadb373ea,zp8,62,1
67078,CFG_e1e6e0c66c93,zp8,62,1
67079,CFG_99b4d8a9c762,zp8,62,1
67080,CFG_755205a28938,zp8,62,1
67081,CFG_b2a3cbb134c5,zp8,62,1
67082,CFG_9178f775d49a,zp8,62,1
67083,CFG_17620e2785dc,zp8,62,1
67084,CFG_deda15f4c4a8,zp8,62,1
67085,CFG_1ec55dc0a2ff,zp8,62,1
67086,CFG_cf541d0f8a3a,zp8,62,1
67087,CFG_29c3378e155b,zp8,62,1
67088,CFG_773ac98270b6,zp8,62,1
67089,CFG_f993a0fc6256,zp8,62,1
67090,CFG_f18488ce1456,zp8,62,1
67091,CFG_d7aadf87f0b1,zp8,62,1
67092,CFG_d96b0c9e44d0,zp8,62,1
67093,CFG_39fe645ba2f1,zp8,62,1
67094,CFG_cf541d0f8a3a,zp8,62,1
67095,CFG_59aede929579,zp8,62,1
67096,CFG_3a3d7179fe0d,zp8,62,1
67097,CFG_36f82e31118f,zp8,62,1
67098,CFG_9c659499047b,zp8,62,1
67099,CFG_f18488ce1456,zp8,62,1
67100,CFG_c94b44f1b2f9,zp8,62,1
67101,CFG_67b539d34471,zp8,62,1
67102,CFG_939ca62c69c2,zp8,62,1
67103,CFG_9c659499047b,zp8,62,1
67104,CFG_3a3d7179fe0d,zp8,62,1
67105,CFG_3a3d7179fe0d,zp8,62,1
67106,CFG_3a3d7179fe0d,zp8,62,1
67107,CFG_b2a3cbb134c5,zp8,62,1
67108,CFG_9c659499047b,zp8,62,1
67109,CFG_59f154754573,zp8,62,1
67110,CFG_cf6528e23789,zp8,62,1
67111,CFG_d39c77a1a4bf,zp8,62,1
67112,CFG_deda15f4c4a8,zp8,62,1
67113,CFG_67b539d34471,zp8,62,1
67114,CFG_c94b44f1b2f9,zp8,62,1
67115,CFG_5cd0c67d59bc,zp8,62,1
67116,CFG_5851809b712d,zp8,62,1
67117,CFG_8a51f93d684d,zp8,62,1
67118,CFG_67b539d34471,zp8,62,1
67119,CFG_5514d03a77b0,zp8,62,1
67120,CFG_cf541d0f8a3a,zp8,62,1
67121,CFG_de29bb20eaa6,zp8,62,1
67122,CFG_d96b0c9e44d0,zp8,62,1
67123,CFG_e3950fd94ca1,zp8,62,1
67124,CFG_e1e6e0c66c93,zp8,62,1
67125,CFG_8f2957e28805,zp8,62,1
67126,CFG_e1e6e0c66c93,zp8,62,1
67127,CFG_ac213567a5a2,zp8,62,1
67128,CFG_f18488ce1456,zp8,62,1
67129,CFG_8a51f93d684d,zp8,62,1
67130,CFG_e3386d946379,zp8,62,1
67131,CFG_ac213567a5a2,zp8,62,1
67132,CFG_755205a28938,zp8,62,1
67133,CFG_1e693796a40d,zp8,62,1
67134,CFG_67b539d34471,zp8,62,1
67135,CFG_7cd4c6b023c5,zp8,62,1
67136,CFG_1ec55dc0a2ff,zp8,62,1
67137,CFG_17620e2785dc,zp8,62,1
67138,CFG_b8e6a5652de1,zp8,62,1
67139,CFG_710c47edfbc8,zp8,62,1
67140,CFG_a1d878e7d840,zp8,62,1
67141,CFG_8bfc9d62299c,zp8,62,1
67142,CFG_d96b0c9e44d0,zp8,62,1
67143,CFG_9c659499047b,zp8,62,1
67144,CFG_bbea204eb2ac,zp8,62,1
67145,CFG_be784e24b621,zp8,62,1
67146,CFG_9c659499047b,zp8,62,1
67147,CFG_a34f76b67ef4,zp8,62,1
67148,CFG_3278d3379c8a,zp8,62,1
67149,CFG_67b539d34471,zp8,62,1
67150,CFG_b2a3cbb134c5,zp8,62,1
67151,CFG_f18488ce1456,zp8,62,1
67152,CFG_3a3d7179fe0d,zp8,62,1
67153,CFG_deda15f4c4a8,zp8,62,1
67154,CFG_3697b100c401,zp8,62,1
67155,CFG_39fe645ba2f1,zp8,62,1
67156,CFG_755205a28938,zp8,62,1
67157,CFG_b8e6a5652de1,zp8,62,1
67158,CFG_b2a3cbb134c5,zp8,62,1
67159,CFG_b2a3cbb134c5,zp8,62,1
67160,CFG_be784e24b621,zp8,62,1
67161,CFG_f18488ce1456,zp8,62,1
67162,CFG_9178f775d49a,zp8,62,1
67163,CFG_deda15f4c4a8,zp8,62,1
67164,CFG_db37bdfe8c71,zp8,62,1
67165,CFG_939ca62c69c2,zp8,62,1
67166,CFG_67b539d34471,zp8,62,1
67167,CFG_7155e4ee7bdf,zp8,62,1
67168,CFG_67b539d34471,zp8,62,1
67169,CFG_cf541d0f8a3a,zp8,62,1
67170,CFG_755205a28938,zp8,62,1
67171,CFG_ffde3ea1b2e3,zp8,62,1
67172,CFG_67b539d34471,zp8,62,1
67173,CFG_b2a3cbb134c5,zp8,62,1
67174,CFG_29c3378e155b,zp8,62,1
67175,CFG_1e693796a40d,zp8,62,1
67176,CFG_1e693796a40d,zp8,62,1
67177,CFG_59aede929579,zp8,62,1
67178,CFG_9178f775d49a,zp8,62,1
67179,CFG_bd6412fc68b0,zp8,62,1
67180,CFG_9178f775d49a,zp8,62,1
67181,CFG_f18488ce1456,zp8,62,1
67182,CFG_3a3d7179fe0d,zp8,62,1
67183,CFG_c94b44f1b2f9,zp8,62,1
67184,CFG_1ec55dc0a2ff,zp8,62,1
67185,CFG_c94b44f1b2f9,zp8,62,1
67186,CFG_b2a3cbb134c5,zp8,62,1
67187,CFG_f18488ce1456,zp8,62,1
67188,CFG_288ddbff7431,zp8,62,1
67189,CFG_be784e24b621,zp8,62,1
67190,CFG_bd6412fc68b0,zp8,62,1
67191,CFG_b2a3cbb134c5,zp8,62,1
67192,CFG_67b539d34471,zp8,62,1
67193,CFG_b2a3cbb134c5,zp8,62,1
67194,CFG_deda15f4c4a8,zp8,62,1
67195,CFG_a1d878e7d840,zp8,62,1
67196,CFG_1738a11cbd49,zp8,62,1
67197,CFG_b2a3cbb134c5,zp8,62,1
67198,CFG_cf541d0f8a3a,zp8,62,1
67199,CFG_b2a3cbb134c5,zp8,62,1
67200,CFG_59aede929579,zp8,62,1
67201,CFG_b2bb984b770a,zp8,62,1
67202,CFG_8a51f93d684d,zp8,62,1
67203,CFG_9c659499047b,zp8,62,1
67204,CFG_ffde3ea1b2e3,zp8,62,1
67205,CFG_8f2957e28805,zp8,62,1
67206,CFG_3a3d7179fe0d,zp8,62,1
67207,CFG_9c659499047b,zp8,62,1
67208,CFG_2154b722e06b,zp8,62,1
67209,CFG_ceef49456daa,zp8,62,1
67210,CFG_77c8b99b43d9,zp8,62,1
67211,CFG_67b539d34471,zp8,62,1
67212,CFG_77c8b99b43d9,zp8,62,1
67213,CFG_77c8b99b43d9,zp8,62,1
67214,CFG_29c3378e155b,zp8,62,1
67215,CFG_755205a28938,zp8,62,1
67216,CFG_77c8b99b43d9,zp8,62,1
67217,CFG_bd6412fc68b0,zp8,62,1
67218,CFG_67b539d34471,zp8,62,1
67219,CFG_8bfc9d62299c,zp8,62,1
67220,CFG_77c8b99b43d9,zp8,62,1
67221,CFG_ffde3ea1b2e3,zp8,62,1
67222,CFG_77c8b99b43d9,zp8,62,1
67223,CFG_67b539d34471,zp8,62,1
67224,CFG_c94b44f1b2f9,zp8,62,1
67225,CFG_755205a28938,zp8,62,1
67226,CFG_ac213567a5a2,zp8,62,1
67227,CFG_77c8b99b43d9,zp8,62,1
67228,CFG_77c8b99b43d9,zp8,62,1
67229,CFG_77c8b99b43d9,zp8,62,1
67230,CFG_77c8b99b43d9,zp8,62,1
67231,CFG_77c8b99b43d9,zp8,62,1
67232,CFG_a34f76b67ef4,zp8,62,1
67233,CFG_77c8b99b43d9,zp8,62,1
67234,CFG_1738a11cbd49,zp8,62,1
67235,CFG_77c8b99b43d9,zp8,62,1
67236,CFG_67b539d34471,zp8,62,1
67237,CFG_77c8b99b43d9,zp8,62,1
67238,CFG_77c8b99b43d9,zp8,62,1
67239,CFG_29c3378e155b,zp8,62,1
67240,CFG_755205a28938,zp8,62,1
67241,CFG_77c8b99b43d9,zp8,62,1
67242,CFG_bd6412fc68b0,zp8,62,1
67243,CFG_67b539d34471,zp8,62,1
67244,CFG_8bfc9d62299c,zp8,62,1
67245,CFG_77c8b99b43d9,zp8,62,1
67246,CFG_ffde3ea1b2e3,zp8,62,1
67247,CFG_77c8b99b43d9,zp8,62,1
67248,CFG_d96b0c9e44d0,zp8,62,1
67249,CFG_cf541d0f8a3a,zp8,62,1
67250,CFG_f18488ce1456,zp8,62,1
67251,CFG_67b539d34471,zp8,62,1
67252,CFG_5514d03a77b0,zp8,62,1
67253,CFG_a34f76b67ef4,zp8,62,1
67254,CFG_f18488ce1456,zp8,62,1
67255,CFG_1d0f84c0bb06,zp8,62,1
67256,CFG_1ec55dc0a2ff,zp8,62,1
67257,CFG_29c3378e155b,zp8,62,1
67258,CFG_f18488ce1456,zp8,62,1
67259,CFG_773ac98270b6,zp8,62,1
67260,CFG_77c8b99b43d9,zp8,62,1
67261,CFG_77c8b99b43d9,zp8,62,1
67262,CFG_77c8b99b43d9,zp8,62,1
67263,CFG_77c8b99b43d9,zp8,62,1
67264,CFG_77c8b99b43d9,zp8,62,1
67265,CFG_a34f76b67ef4,zp8,62,1
67266,CFG_77c8b99b43d9,zp8,62,1
67267,CFG_1738a11cbd49,zp8,62,1
67268,CFG_77c8b99b43d9,zp8,62,1
67269,CFG_67b539d34471,zp8,62,1
67270,CFG_77c8b99b43d9,zp8,62,1
67271,CFG_77c8b99b43d9,zp8,62,1
67272,CFG_29c3378e155b,zp8,62,1
67273,CFG_755205a28938,zp8,62,1
67274,CFG_77c8b99b43d9,zp8,62,1
67275,CFG_bd6412fc68b0,zp8,62,1
67276,CFG_67b539d34471,zp8,62,1
67277,CFG_8bfc9d62299c,zp8,62,1
67278,CFG_77c8b99b43d9,zp8,62,1
67279,CFG_ffde3ea1b2e3,zp8,62,1
67280,CFG_77c8b99b43d9,zp8,62,1
67281,CFG_67b539d34471,zp8,62,1
67282,CFG_c94b44f1b2f9,zp8,62,1
67283,CFG_755205a28938,zp8,62,1
67284,CFG_ac213567a5a2,zp8,62,1
67285,CFG_77c8b99b43d9,zp8,62,1
67286,CFG_77c8b99b43d9,zp8,62,1
67287,CFG_77c8b99b43d9,zp8,62,1
67288,CFG_77c8b99b43d9,zp8,62,1
67289,CFG_77c8b99b43d9,zp8,62,1
67290,CFG_a34f76b67ef4,zp8,62,1
67291,CFG_77c8b99b43d9,zp8,62,1
67292,CFG_1738a11cbd49,zp8,62,1
67293,CFG_77c8b99b43d9,zp8,62,1
67294,CFG_67b539d34471,zp8,62,1
67295,CFG_77c8b99b43d9,zp8,62,1
67296,CFG_77c8b99b43d9,zp8,62,1
67297,CFG_29c3378e155b,zp8,62,1
67298,CFG_755205a28938,zp8,62,1
67299,CFG_77c8b99b43d9,zp8,62,1
67300,CFG_bd6412fc68b0,zp8,62,1
67301,CFG_67b539d34471,zp8,62,1
67302,CFG_8bfc9d62299c,zp8,62,1
67303,CFG_77c8b99b43d9,zp8,62,1
67304,CFG_ffde3ea1b2e3,zp8,62,1
67305,CFG_77c8b99b43d9,zp8,62,1
67306,CFG_d39c77a1a4bf,zp8,62,1
67307,CFG_773ac98270b6,zp8,62,1
67308,CFG_f18488ce1456,zp8,62,1
67309,CFG_deda15f4c4a8,zp8,62,1
67310,CFG_e87513c8563d,zp8,62,1
67311,CFG_39fe645ba2f1,zp8,62,1
67312,CFG_9178f775d49a,zp8,62,1
67313,CFG_77c8b99b43d9,zp8,62,1
67314,CFG_77c8b99b43d9,zp8,62,1
67315,CFG_77c8b99b43d9,zp8,62,1
67316,CFG_77c8b99b43d9,zp8,62,1
67317,CFG_77c8b99b43d9,zp8,62,1
67318,CFG_a34f76b67ef4,zp8,62,1
67319,CFG_77c8b99b43d9,zp8,62,1
67320,CFG_1738a11cbd49,zp8,62,1
67321,CFG_77c8b99b43d9,zp8,62,1
67322,CFG_67b539d34471,zp8,62,1
67323,CFG_77c8b99b43d9,zp8,62,1
67324,CFG_77c8b99b43d9,zp8,62,1
67325,CFG_29c3378e155b,zp8,62,1
67326,CFG_755205a28938,zp8,62,1
67327,CFG_77c8b99b43d9,zp8,62,1
67328,CFG_bd6412fc68b0,zp8,62,1
67329,CFG_67b539d34471,zp8,62,1
67330,CFG_8bfc9d62299c,zp8,62,1
67331,CFG_77c8b99b43d9,zp8,62,1
67332,CFG_ffde3ea1b2e3,zp8,62,1
67333,CFG_77c8b99b43d9,zp8,62,1
67334,CFG_67b539d34471,zp8,62,1
67335,CFG_c94b44f1b2f9,zp8,62,1
67336,CFG_755205a28938,zp8,62,1
67337,CFG_ac213567a5a2,zp8,62,1
67338,CFG_77c8b99b43d9,zp8,62,1
67339,CFG_77c8b99b43d9,zp8,62,1
67340,CFG_77c8b99b43d9,zp8,62,1
67341,CFG_77c8b99b43d9,zp8,62,1
67342,CFG_77c8b99b43d9,zp8,62,1
67343,CFG_a34f76b67ef4,zp8,62,1
67344,CFG_77c8b99b43d9,zp8,62,1
67345,CFG_1738a11cbd49,zp8,62,1
67346,CFG_77c8b99b43d9,zp8,62,1
67347,CFG_67b539d34471,zp8,62,1
67348,CFG_77c8b99b43d9,zp8,62,1
67349,CFG_77c8b99b43d9,zp8,62,1
67350,CFG_29c3378e155b,zp8,62,1
67351,CFG_755205a28938,zp8,62,1
67352,CFG_77c8b99b43d9,zp8,62,1
67353,CFG_bd6412fc68b0,zp8,62,1
67354,CFG_67b539d34471,zp8,62,1
67355,CFG_8bfc9d62299c,zp8,62,1
67356,CFG_77c8b99b43d9,zp8,62,1
67357,CFG_ffde3ea1b2e3,zp8,62,1
67358,CFG_77c8b99b43d9,zp8,62,1
67359,CFG_ac213567a5a2,zp8,62,1
67360,CFG_be784e24b621,zp8,62,1
67361,CFG_59f154754573,zp8,62,1
67362,CFG_a292c20a75fd,zp8,62,1
67363,CFG_710c47edfbc8,zp8,62,1
67364,CFG_e3950fd94ca1,zp8,62,1
67365,CFG_1738a11cbd49,zp8,62,1
67366,CFG_1ec55dc0a2ff,zp8,62,1
67367,CFG_1ec55dc0a2ff,zp8,62,1
67368,CFG_f18488ce1456,zp8,62,1
67369,CFG_f18488ce1456,zp8,62,1
67370,CFG_deda15f4c4a8,zp8,62,1
67371,CFG_db37bdfe8c71,zp8,62,1
67372,CFG_5514d03a77b0,zp8,62,1
67373,CFG_b2a3cbb134c5,zp8,62,1
67374,CFG_67b539d34471,zp8,62,1
67375,CFG_9178f775d49a,zp8,62,1
67376,CFG_b2a3cbb134c5,zp8,62,1
67377,CFG_939ca62c69c2,zp8,62,1
67378,CFG_532891bb36ca,zp8,62,1
67379,CFG_9c659499047b,zp8,62,1
67380,CFG_bbea204eb2ac,zp8,62,1
67381,CFG_17620e2785dc,zp8,62,1
67382,CFG_77c8b99b43d9,zp8,62,1
67383,CFG_77c8b99b43d9,zp8,62,1
67384,CFG_77c8b99b43d9,zp8,62,1
67385,CFG_77c8b99b43d9,zp8,62,1
67386,CFG_77c8b99b43d9,zp8,62,1
67387,CFG_a34f76b67ef4,zp8,62,1
67388,CFG_77c8b99b43d9,zp8,62,1
67389,CFG_1738a11cbd49,zp8,62,1
67390,CFG_77c8b99b43d9,zp8,62,1
67391,CFG_67b539d34471,zp8,62,1
67392,CFG_77c8b99b43d9,zp8,62,1
67393,CFG_77c8b99b43d9,zp8,62,1
67394,CFG_29c3378e155b,zp8,62,1
67395,CFG_755205a28938,zp8,62,1
67396,CFG_77c8b99b43d9,zp8,62,1
67397,CFG_bd6412fc68b0,zp8,62,1
67398,CFG_67b539d34471,zp8,62,1
67399,CFG_8bfc9d62299c,zp8,62,1
67400,CFG_77c8b99b43d9,zp8,62,1
67401,CFG_ffde3ea1b2e3,zp8,62,1
67402,CFG_77c8b99b43d9,zp8,62,1
67403,CFG_67b539d34471,zp8,62,1
67404,CFG_c94b44f1b2f9,zp8,62,1
67405,CFG_755205a28938,zp8,62,1
67406,CFG_ac213567a5a2,zp8,62,1
67407,CFG_77c8b99b43d9,zp8,62,1
67408,CFG_77c8b99b43d9,zp8,62,1
67409,CFG_77c8b99b43d9,zp8,62,1
67410,CFG_77c8b99b43d9,zp8,62,1
67411,CFG_77c8b99b43d9,zp8,62,1
67412,CFG_a34f76b67ef4,zp8,62,1
67413,CFG_77c8b99b43d9,zp8,62,1
67414,CFG_1738a11cbd49,zp8,62,1
67415,CFG_77c8b99b43d9,zp8,62,1
67416,CFG_67b539d34471,zp8,62,1
67417,CFG_77c8b99b43d9,zp8,62,1
67418,CFG_77c8b99b43d9,zp8,62,1
67419,CFG_29c3378e155b,zp8,62,1
67420,CFG_755205a28938,zp8,62,1
67421,CFG_77c8b99b43d9,zp8,62,1
67422,CFG_bd6412fc68b0,zp8,62,1
67423,CFG_67b539d34471,zp8,62,1
67424,CFG_8bfc9d62299c,zp8,62,1
67425,CFG_77c8b99b43d9,zp8,62,1
67426,CFG_ffde3ea1b2e3,zp8,62,1
67427,CFG_77c8b99b43d9,zp8,62,1
67428,CFG_d96b0c9e44d0,zp8,62,1
67429,CFG_cf541d0f8a3a,zp8,62,1
67430,CFG_f18488ce1456,zp8,62,1
67431,CFG_67b539d34471,zp8,62,1
67432,CFG_5514d03a77b0,zp8,62,1
67433,CFG_a34f76b67ef4,zp8,62,1
67434,CFG_f18488ce1456,zp8,62,1
67435,CFG_1d0f84c0bb06,zp8,62,1
67436,CFG_1ec55dc0a2ff,zp8,62,1
67437,CFG_29c3378e155b,zp8,62,1
67438,CFG_f18488ce1456,zp8,62,1
67439,CFG_773ac98270b6,zp8,62,1
67440,CFG_77c8b99b43d9,zp8,62,1
67441,CFG_77c8b99b43d9,zp8,62,1
67442,CFG_77c8b99b43d9,zp8,62,1
67443,CFG_77c8b99b43d9,zp8,62,1
67444,CFG_77c8b99b43d9,zp8,62,1
67445,CFG_a34f76b67ef4,zp8,62,1
67446,CFG_77c8b99b43d9,zp8,62,1
67447,CFG_1738a11cbd49,zp8,62,1
67448,CFG_77c8b99b43d9,zp8,62,1
67449,CFG_67b539d34471,zp8,62,1
67450,CFG_77c8b99b43d9,zp8,62,1
67451,CFG_77c8b99b43d9,zp8,62,1
67452,CFG_29c3378e155b,zp8,62,1
67453,CFG_755205a28938,zp8,62,1
67454,CFG_77c8b99b43d9,zp8,62,1
67455,CFG_bd6412fc68b0,zp8,62,1
67456,CFG_67b539d34471,zp8,62,1
67457,CFG_8bfc9d62299c,zp8,62,1
67458,CFG_77c8b99b43d9,zp8,62,1
67459,CFG_ffde3ea1b2e3,zp8,62,1
67460,CFG_77c8b99b43d9,zp8,62,1
67461,CFG_67b539d34471,zp8,62,1
67462,CFG_c94b44f1b2f9,zp8,62,1
67463,CFG_755205a28938,zp8,62,1
67464,CFG_ac213567a5a2,zp8,62,1
67465,CFG_77c8b99b43d9,zp8,62,1
67466,CFG_77c8b99b43d9,zp8,62,1
67467,CFG_77c8b99b43d9,zp8,62,1
67468,CFG_77c8b99b43d9,zp8,62,1
67469,CFG_77c8b99b43d9,zp8,62,1
67470,CFG_a34f76b67ef4,zp8,62,1
67471,CFG_77c8b99b43d9,zp8,62,1
67472,CFG_1738a11cbd49,zp8,62,1
67473,CFG_77c8b99b43d9,zp8,62,1
67474,CFG_67b539d34471,zp8,62,1
67475,CFG_77c8b99b43d9,zp8,62,1
67476,CFG_77c8b99b43d9,zp8,62,1
67477,CFG_29c3378e155b,zp8,62,1
67478,CFG_755205a28938,zp8,62,1
67479,CFG_77c8b99b43d9,zp8,62,1
67480,CFG_bd6412fc68b0,zp8,62,1
67481,CFG_67b539d34471,zp8,62,1
67482,CFG_8bfc9d62299c,zp8,62,1
67483,CFG_77c8b99b43d9,zp8,62,1
67484,CFG_ffde3ea1b2e3,zp8,62,1
67485,CFG_77c8b99b43d9,zp8,62,1
67486,CFG_d39c77a1a4bf,zp8,62,1
67487,CFG_773ac98270b6,zp8,62,1
67488,CFG_f18488ce1456,zp8,62,1
67489,CFG_deda15f4c4a8,zp8,62,1
67490,CFG_e87513c8563d,zp8,62,1
67491,CFG_39fe645ba2f1,zp8,62,1
67492,CFG_9178f775d49a,zp8,62,1
67493,CFG_77c8b99b43d9,zp8,62,1
67494,CFG_77c8b99b43d9,zp8,62,1
67495,CFG_77c8b99b43d9,zp8,62,1
67496,CFG_77c8b99b43d9,zp8,62,1
67497,CFG_77c8b99b43d9,zp8,62,1
67498,CFG_a34f76b67ef4,zp8,62,1
67499,CFG_77c8b99b43d9,zp8,62,1
67500,CFG_1738a11cbd49,zp8,62,1
67501,CFG_77c8b99b43d9,zp8,62,1
67502,CFG_67b539d34471,zp8,62,1
67503,CFG_77c8b99b43d9,zp8,62,1
67504,CFG_77c8b99b43d9,zp8,62,1
67505,CFG_29c3378e155b,zp8,62,1
67506,CFG_755205a28938,zp8,62,1
67507,CFG_77c8b99b43d9,zp8,62,1
67508,CFG_bd6412fc68b0,zp8,62,1
67509,CFG_67b539d34471,zp8,62,1
67510,CFG_8bfc9d62299c,zp8,62,1
67511,CFG_77c8b99b43d9,zp8,62,1
67512,CFG_ffde3ea1b2e3,zp8,62,1
67513,CFG_77c8b99b43d9,zp8,62,1
67514,CFG_67b539d34471,zp8,62,1
67515,CFG_c94b44f1b2f9,zp8,62,1
67516,CFG_755205a28938,zp8,62,1
67517,CFG_ac213567a5a2,zp8,62,1
67518,CFG_77c8b99b43d9,zp8,62,1
67519,CFG_77c8b99b43d9,zp8,62,1
67520,CFG_77c8b99b43d9,zp8,62,1
67521,CFG_77c8b99b43d9,zp8,62,1
67522,CFG_77c8b99b43d9,zp8,62,1
67523,CFG_a34f76b67ef4,zp8,62,1
67524,CFG_77c8b99b43d9,zp8,62,1
67525,CFG_1738a11cbd49,zp8,62,1
67526,CFG_77c8b99b43d9,zp8,62,1
67527,CFG_67b539d34471,zp8,62,1
67528,CFG_77c8b99b43d9,zp8,62,1
67529,CFG_77c8b99b43d9,zp8,62,1
67530,CFG_29c3378e155b,zp8,62,1
67531,CFG_755205a28938,zp8,62,1
67532,CFG_77c8b99b43d9,zp8,62,1
67533,CFG_bd6412fc68b0,zp8,62,1
67534,CFG_67b539d34471,zp8,62,1
67535,CFG_8bfc9d62299c,zp8,62,1
67536,CFG_77c8b99b43d9,zp8,62,1
67537,CFG_ffde3ea1b2e3,zp8,62,1
67538,CFG_77c8b99b43d9,zp8,62,1
67539,CFG_bbea204eb2ac,zp8,62,1
67540,CFG_f18488ce1456,zp8,62,1
67541,CFG_36f82e31118f,zp8,62,1
67542,CFG_8bfc9d62299c,zp8,62,1
67543,CFG_8bfc9d62299c,zp8,62,1
67544,CFG_7cd4c6b023c5,zp8,62,1
67545,CFG_be784e24b621,zp8,62,1
67546,CFG_67b539d34471,zp8,62,1
67547,CFG_17620e2785dc,zp8,62,1
67548,CFG_275e4ca07248,zp8,62,1
67549,CFG_b2a3cbb134c5,zp8,62,1
67550,CFG_36f82e31118f,zp8,62,1
67551,CFG_1738a11cbd49,zp8,62,1
67552,CFG_5cd0c67d59bc,zp8,62,1
67553,CFG_3a3d7179fe0d,zp8,62,1
67554,CFG_939ca62c69c2,zp8,62,1
67555,CFG_755205a28938,zp8,62,1
67556,CFG_b2a3cbb134c5,zp8,62,1
67557,CFG_275e4ca07248,zp8,62,1
67558,CFG_f993a0fc6256,zp8,62,1
67559,CFG_939ca62c69c2,zp8,62,1
67560,CFG_5514d03a77b0,zp8,62,1
67561,CFG_f18488ce1456,zp8,62,1
67562,CFG_e3950fd94ca1,zp8,62,1
67563,CFG_8a51f93d684d,zp8,62,1
67564,CFG_7155e4ee7bdf,zp8,62,1
67565,CFG_1ec55dc0a2ff,zp8,62,1
67566,CFG_29c3378e155b,zp8,62,1
67567,CFG_3a3d7179fe0d,zp8,62,1
67568,CFG_67b539d34471,zp8,62,1
67569,CFG_b2a3cbb134c5,zp8,62,1
67570,CFG_532891bb36ca,zp8,62,1
67571,CFG_be784e24b621,zp8,62,1
67572,CFG_3e489afc8bfd,zp8,62,1
67573,CFG_b2a3cbb134c5,zp8,62,1
67574,CFG_b8e6a5652de1,zp8,62,1
67575,CFG_b0eabb76b70f,zp8,62,1
67576,CFG_36f82e31118f,zp8,62,1
67577,CFG_d96b0c9e44d0,zp8,62,1
67578,CFG_de29bb20eaa6,zp8,62,1
67579,CFG_b2a3cbb134c5,zp8,62,1
67580,CFG_dda2f907b868,zp8,62,1
67581,CFG_9c659499047b,zp8,62,1
67582,CFG_67b539d34471,zp8,62,1
67583,CFG_b04e3d146803,zp8,62,1
67584,CFG_e1e6e0c66c93,zp8,62,1
67585,CFG_deda15f4c4a8,zp8,62,1
67586,CFG_939ca62c69c2,zp8,62,1
67587,CFG_112bf773e97d,zp8,62,1
67588,CFG_3a3d7179fe0d,zp8,62,1
67589,CFG_773ac98270b6,zp8,62,1
67590,CFG_1ec55dc0a2ff,zp8,62,1
67591,CFG_5514d03a77b0,zp8,62,1
67592,CFG_6caaadb373ea,zp8,62,1
67593,CFG_710c47edfbc8,zp8,62,1
67594,CFG_b2a3cbb134c5,zp8,62,1
67595,CFG_2154b722e06b,zp8,62,1
67596,CFG_d96b0c9e44d0,zp8,62,1
67597,CFG_17620e2785dc,zp8,62,1
67598,CFG_e3386d946379,zp8,62,1
67599,CFG_be784e24b621,zp8,62,1
67600,CFG_deda15f4c4a8,zp8,62,1
67601,CFG_cf541d0f8a3a,zp8,62,1
67602,CFG_ffde3ea1b2e3,zp8,62,1
67603,CFG_59f154754573,zp8,62,1
67604,CFG_ffde3ea1b2e3,zp8,62,1
67605,CFG_99b4d8a9c762,zp8,62,1
67606,CFG_5be0533f7ebf,zp8,62,1
67607,CFG_d96b0c9e44d0,zp8,62,1
67608,CFG_be784e24b621,zp8,62,1
67609,CFG_be784e24b621,zp8,62,1
67610,CFG_5cd0c67d59bc,zp8,62,1
67611,CFG_3a3d7179fe0d,zp8,62,1
67612,CFG_2154b722e06b,zp8,62,1
67613,CFG_d96b0c9e44d0,zp8,62,1
67614,CFG_67b539d34471,zp8,62,1
67615,CFG_77c8b99b43d9,zp8,62,1
67616,CFG_77c8b99b43d9,zp8,62,1
67617,CFG_77c8b99b43d9,zp8,62,1
67618,CFG_77c8b99b43d9,zp8,62,1
67619,CFG_77c8b99b43d9,zp8,62,1
67620,CFG_a34f76b67ef4,zp8,62,1
67621,CFG_77c8b99b43d9,zp8,62,1
67622,CFG_1738a11cbd49,zp8,62,1
67623,CFG_77c8b99b43d9,zp8,62,1
67624,CFG_67b539d34471,zp8,62,1
67625,CFG_77c8b99b43d9,zp8,62,1
67626,CFG_77c8b99b43d9,zp8,62,1
67627,CFG_29c3378e155b,zp8,62,1
67628,CFG_755205a28938,zp8,62,1
67629,CFG_77c8b99b43d9,zp8,62,1
67630,CFG_bd6412fc68b0,zp8,62,1
67631,CFG_67b539d34471,zp8,62,1
67632,CFG_8bfc9d62299c,zp8,62,1
67633,CFG_77c8b99b43d9,zp8,62,1
67634,CFG_ffde3ea1b2e3,zp8,62,1
67635,CFG_77c8b99b43d9,zp8,62,1
67636,CFG_67b539d34471,zp8,62,1
67637,CFG_c94b44f1b2f9,zp8,62,1
67638,CFG_755205a28938,zp8,62,1
67639,CFG_ac213567a5a2,zp8,62,1
67640,CFG_77c8b99b43d9,zp8,62,1
67641,CFG_77c8b99b43d9,zp8,62,1
67642,CFG_77c8b99b43d9,zp8,62,1
67643,CFG_77c8b99b43d9,zp8,62,1
67644,CFG_77c8b99b43d9,zp8,62,1
67645,CFG_a34f76b67ef4,zp8,62,1
67646,CFG_77c8b99b43d9,zp8,62,1
67647,CFG_1738a11cbd49,zp8,62,1
67648,CFG_77c8b99b43d9,zp8,62,1
67649,CFG_67b539d34471,zp8,62,1
67650,CFG_77c8b99b43d9,zp8,62,1
67651,CFG_77c8b99b43d9,zp8,62,1
67652,CFG_29c3378e155b,zp8,62,1
67653,CFG_755205a28938,zp8,62,1
67654,CFG_77c8b99b43d9,zp8,62,1
67655,CFG_bd6412fc68b0,zp8,62,1
67656,CFG_67b539d34471,zp8,62,1
67657,CFG_8bfc9d62299c,zp8,62,1
67658,CFG_77c8b99b43d9,zp8,62,1
67659,CFG_ffde3ea1b2e3,zp8,62,1
67660,CFG_77c8b99b43d9,zp8,62,1
67661,CFG_d96b0c9e44d0,zp8,62,1
67662,CFG_cf541d0f8a3a,zp8,62,1
67663,CFG_f18488ce1456,zp8,62,1
67664,CFG_67b539d34471,zp8,62,1
67665,CFG_5514d03a77b0,zp8,62,1
67666,CFG_a34f76b67ef4,zp8,62,1
67667,CFG_f18488ce1456,zp8,62,1
67668,CFG_1d0f84c0bb06,zp8,62,1
67669,CFG_1ec55dc0a2ff,zp8,62,1
67670,CFG_29c3378e155b,zp8,62,1
67671,CFG_f18488ce1456,zp8,62,1
67672,CFG_773ac98270b6,zp8,62,1
67673,CFG_77c8b99b43d9,zp8,62,1
67674,CFG_77c8b99b43d9,zp8,62,1
67675,CFG_77c8b99b43d9,zp8,62,1
67676,CFG_77c8b99b43d9,zp8,62,1
67677,CFG_77c8b99b43d9,zp8,62,1
67678,CFG_a34f76b67ef4,zp8,62,1
67679,CFG_77c8b99b43d9,zp8,62,1
67680,CFG_1738a11cbd49,zp8,62,1
67681,CFG_77c8b99b43d9,zp8,62,1
67682,CFG_67b539d34471,zp8,62,1
67683,CFG_77c8b99b43d9,zp8,62,1
67684,CFG_77c8b99b43d9,zp8,62,1
67685,CFG_29c3378e155b,zp8,62,1
67686,CFG_755205a28938,zp8,62,1
67687,CFG_77c8b99b43d9,zp8,62,1
67688,CFG_bd6412fc68b0,zp8,62,1
67689,CFG_67b539d34471,zp8,62,1
67690,CFG_8bfc9d62299c,zp8,62,1
67691,CFG_77c8b99b43d9,zp8,62,1
67692,CFG_ffde3ea1b2e3,zp8,62,1
67693,CFG_77c8b99b43d9,zp8,62,1
67694,CFG_67b539d34471,zp8,62,1
67695,CFG_c94b44f1b2f9,zp8,62,1
67696,CFG_755205a28938,zp8,62,1
67697,CFG_ac213567a5a2,zp8,62,1
67698,CFG_77c8b99b43d9,zp8,62,1
67699,CFG_77c8b99b43d9,zp8,62,1
67700,CFG_77c8b99b43d9,zp8,62,1
67701,CFG_77c8b99b43d9,zp8,62,1
67702,CFG_77c8b99b43d9,zp8,62,1
67703,CFG_a34f76b67ef4,zp8,62,1
67704,CFG_77c8b99b43d9,zp8,62,1
67705,CFG_1738a11cbd49,zp8,62,1
67706,CFG_77c8b99b43d9,zp8,62,1
67707,CFG_67b539d34471,zp8,62,1
67708,CFG_77c8b99b43d9,zp8,62,1
67709,CFG_77c8b99b43d9,zp8,62,1
67710,CFG_29c3378e155b,zp8,62,1
67711,CFG_755205a28938,zp8,62,1
67712,CFG_77c8b99b43d9,zp8,62,1
67713,CFG_bd6412fc68b0,zp8,62,1
67714,CFG_67b539d34471,zp8,62,1
67715,CFG_8bfc9d62299c,zp8,62,1
67716,CFG_77c8b99b43d9,zp8,62,1
67717,CFG_ffde3ea1b2e3,zp8,62,1
67718,CFG_77c8b99b43d9,zp8,62,1
67719,CFG_d39c77a1a4bf,zp8,62,1
67720,CFG_773ac98270b6,zp8,62,1
67721,CFG_f18488ce1456,zp8,62,1
67722,CFG_deda15f4c4a8,zp8,62,1
67723,CFG_e87513c8563d,zp8,62,1
67724,CFG_39fe645ba2f1,zp8,62,1
67725,CFG_9178f775d49a,zp8,62,1
67726,CFG_77c8b99b43d9,zp8,62,1
67727,CFG_77c8b99b43d9,zp8,62,1
67728,CFG_77c8b99b43d9,zp8,62,1
67729,CFG_77c8b99b43d9,zp8,62,1
67730,CFG_77c8b99b43d9,zp8,62,1
67731,CFG_a34f76b67ef4,zp8,62,1
67732,CFG_77c8b99b43d9,zp8,62,1
67733,CFG_1738a11cbd49,zp8,62,1
67734,CFG_77c8b99b43d9,zp8,62,1
67735,CFG_67b539d34471,zp8,62,1
67736,CFG_77c8b99b43d9,zp8,62,1
67737,CFG_77c8b99b43d9,zp8,62,1
67738,CFG_29c3378e155b,zp8,62,1
67739,CFG_755205a28938,zp8,62,1
67740,CFG_77c8b99b43d9,zp8,62,1
67741,CFG_bd6412fc68b0,zp8,62,1
67742,CFG_67b539d34471,zp8,62,1
67743,CFG_8bfc9d62299c,zp8,62,1
67744,CFG_77c8b99b43d9,zp8,62,1
67745,CFG_ffde3ea1b2e3,zp8,62,1
67746,CFG_77c8b99b43d9,zp8,62,1
67747,CFG_67b539d34471,zp8,62,1
67748,CFG_c94b44f1b2f9,zp8,62,1
67749,CFG_755205a28938,zp8,62,1
67750,CFG_ac213567a5a2,zp8,62,1
67751,CFG_77c8b99b43d9,zp8,62,1
67752,CFG_77c8b99b43d9,zp8,62,1
67753,CFG_77c8b99b43d9,zp8,62,1
67754,CFG_77c8b99b43d9,zp8,62,1
67755,CFG_77c8b99b43d9,zp8,62,1
67756,CFG_a34f76b67ef4,zp8,62,1
67757,CFG_77c8b99b43d9,zp8,62,1
67758,CFG_1738a11cbd49,zp8,62,1
67759,CFG_77c8b99b43d9,zp8,62,1
67760,CFG_67b539d34471,zp8,62,1
67761,CFG_77c8b99b43d9,zp8,62,1
67762,CFG_77c8b99b43d9,zp8,62,1
67763,CFG_29c3378e155b,zp8,62,1
67764,CFG_755205a28938,zp8,62,1
67765,CFG_77c8b99b43d9,zp8,62,1
67766,CFG_bd6412fc68b0,zp8,62,1
67767,CFG_67b539d34471,zp8,62,1
67768,CFG_8bfc9d62299c,zp8,62,1
67769,CFG_77c8b99b43d9,zp8,62,1
67770,CFG_ffde3ea1b2e3,zp8,62,1
67771,CFG_77c8b99b43d9,zp8,62,1
67772,CFG_36f82e31118f,zp8,62,1
67773,CFG_5cd0c67d59bc,zp8,62,1
67774,CFG_f18488ce1456,zp8,62,1
67775,CFG_59aede929579,zp8,62,1
67776,CFG_e1e6e0c66c93,zp8,62,1
67777,CFG_112bf773e97d,zp8,62,1
67778,CFG_2154b722e06b,zp8,62,1
67779,CFG_625048fefa0b,zp8,62,1
67780,CFG_625048fefa0b,zp8,62,1
67781,CFG_be784e24b621,zp8,62,1
67782,CFG_5514d03a77b0,zp8,62,1
67783,CFG_9c659499047b,zp8,62,1
67784,CFG_be784e24b621,zp8,62,1
67785,CFG_db37bdfe8c71,zp8,62,1
67786,CFG_b8e6a5652de1,zp8,62,1
67787,CFG_7cd4c6b023c5,zp8,62,1
67788,CFG_cf541d0f8a3a,zp8,62,1
67789,CFG_29c3378e155b,zp8,62,1
67790,CFG_d0face5aa80d,zp8,62,1
67791,CFG_1ec55dc0a2ff,zp8,62,1
67792,CFG_be784e24b621,zp8,62,1
67793,CFG_112bf773e97d,zp8,62,1
67794,CFG_c910518048de,zp8,62,1
67795,CFG_a1ebd0490272,zp8,62,1
67796,CFG_ffde3ea1b2e3,zp8,62,1
67797,CFG_6caaadb373ea,zp8,62,1
67798,CFG_99b4d8a9c762,zp8,62,1
67799,CFG_8a3f0c7c09a9,zp8,62,1
67800,CFG_9c659499047b,zp8,62,1
67801,CFG_cc5bbb6e9d13,zp8,62,1
67802,CFG_e1e6e0c66c93,zp8,62,1
67803,CFG_6caaadb373ea,zp8,62,1
67804,CFG_755205a28938,zp8,62,1
67805,CFG_e1e6e0c66c93,zp8,62,1
67806,CFG_4cd2b98cde9e,zp8,62,1
67807,CFG_f18488ce1456,zp8,62,1
67808,CFG_8bfc9d62299c,zp8,62,1
67809,CFG_9178f775d49a,zp8,62,1
67810,CFG_8bfc9d62299c,zp8,62,1
67811,CFG_288ddbff7431,zp8,62,1
67812,CFG_67b539d34471,zp8,62,1
67813,CFG_e3950fd94ca1,zp8,62,1
67814,CFG_773ac98270b6,zp8,62,1
67815,CFG_275e4ca07248,zp8,62,1
67816,CFG_8a3f0c7c09a9,zp8,62,1
67817,CFG_b2a3cbb134c5,zp8,62,1
67818,CFG_db37bdfe8c71,zp8,62,1
67819,CFG_9178f775d49a,zp8,62,1
67820,CFG_f18488ce1456,zp8,62,1
67821,CFG_67b539d34471,zp8,62,1
67822,CFG_d96b0c9e44d0,zp8,62,1
67823,CFG_cf541d0f8a3a,zp8,62,1
67824,CFG_8a51f93d684d,zp8,62,1
67825,CFG_b2a3cbb134c5,zp8,62,1
67826,CFG_f18488ce1456,zp8,62,1
67827,CFG_b8e6a5652de1,zp8,62,1
67828,CFG_f993a0fc6256,zp8,62,1
67829,CFG_36f82e31118f,zp8,62,1
67830,CFG_d0face5aa80d,zp8,62,1
67831,CFG_8bfc9d62299c,zp8,62,1
67832,CFG_36f82e31118f,zp8,62,1
67833,CFG_67b539d34471,zp8,62,1
67834,CFG_d96b0c9e44d0,zp8,62,1
67835,CFG_b8e6a5652de1,zp8,62,1
67836,CFG_99b4d8a9c762,zp8,62,1
67837,CFG_755205a28938,zp8,62,1
67838,CFG_cf6528e23789,zp8,62,1
67839,CFG_17620e2785dc,zp8,62,1
67840,CFG_5cd0c67d59bc,zp8,62,1
67841,CFG_755205a28938,zp8,62,1
67842,CFG_d96b0c9e44d0,zp8,62,1
67843,CFG_a1d878e7d840,zp8,62,1
67844,CFG_ffde3ea1b2e3,zp8,62,1
67845,CFG_d0face5aa80d,zp8,62,1
67846,CFG_710c47edfbc8,zp8,62,1
67847,CFG_8bfc9d62299c,zp8,62,1
67848,CFG_65f78a36ed50,zp8,62,1
67849,CFG_29c3378e155b,zp8,62,1
67850,CFG_59f154754573,zp8,62,1
67851,CFG_3278d3379c8a,zp8,62,1
67852,CFG_dda2f907b868,zp8,62,1
67853,CFG_be784e24b621,zp8,62,1
67854,CFG_ffde3ea1b2e3,zp8,62,1
67855,CFG_e1e6e0c66c93,zp8,62,1
67856,CFG_29c3378e155b,zp8,62,1
67857,CFG_1e693796a40d,zp8,62,1
67858,CFG_1ec55dc0a2ff,zp8,62,1
67859,CFG_e3950fd94ca1,zp8,62,1
67860,CFG_9178f775d49a,zp8,62,1
67861,CFG_9178f775d49a,zp8,62,1
67862,CFG_d96b0c9e44d0,zp8,62,1
67863,CFG_3a3d7179fe0d,zp8,62,1
67864,CFG_b2a3cbb134c5,zp8,62,1
67865,CFG_29c3378e155b,zp8,62,1
67866,CFG_59f154754573,zp8,62,1
67867,CFG_f993a0fc6256,zp8,62,1
67868,CFG_67b539d34471,zp8,62,1
67869,CFG_deda15f4c4a8,zp8,62,1
67870,CFG_2534839bab0a,zp8,62,1
67871,CFG_67b539d34471,zp8,62,1
67872,CFG_e3950fd94ca1,zp8,62,1
67873,CFG_1738a11cbd49,zp8,62,1
67874,CFG_de29bb20eaa6,zp8,62,1
67875,CFG_8bfc9d62299c,zp8,62,1
67876,CFG_5cd0c67d59bc,zp8,62,1
67877,CFG_67b539d34471,zp8,62,1
67878,CFG_d96b0c9e44d0,zp8,62,1
67879,CFG_1ec55dc0a2ff,zp8,62,1
67880,CFG_8bfc9d62299c,zp8,62,1
67881,CFG_9178f775d49a,zp8,62,1
67882,CFG_9c659499047b,zp8,62,1
67883,CFG_e3950fd94ca1,zp8,62,1
67884,CFG_773ac98270b6,zp8,62,1
67885,CFG_9178f775d49a,zp8,62,1
67886,CFG_deda15f4c4a8,zp8,62,1
67887,CFG_b8e6a5652de1,zp8,62,1
67888,CFG_1ec55dc0a2ff,zp8,62,1
67889,CFG_36f82e31118f,zp8,62,1
67890,CFG_ceef49456daa,zp8,62,1
67891,CFG_b2a3cbb134c5,zp8,62,1
67892,CFG_3a3d7179fe0d,zp8,62,1
67893,CFG_637b6e72af93,zp8,62,1
67894,CFG_5cd0c67d59bc,zp8,62,1
67895,CFG_29c3378e155b,zp8,62,1
67896,CFG_77c8b99b43d9,zp8,62,1
67897,CFG_77c8b99b43d9,zp8,62,1
67898,CFG_77c8b99b43d9,zp8,62,1
67899,CFG_77c8b99b43d9,zp8,62,1
67900,CFG_77c8b99b43d9,zp8,62,1
67901,CFG_a34f76b67ef4,zp8,62,1
67902,CFG_77c8b99b43d9,zp8,62,1
67903,CFG_1738a11cbd49,zp8,62,1
67904,CFG_77c8b99b43d9,zp8,62,1
67905,CFG_67b539d34471,zp8,62,1
67906,CFG_77c8b99b43d9,zp8,62,1
67907,CFG_77c8b99b43d9,zp8,62,1
67908,CFG_29c3378e155b,zp8,62,1
67909,CFG_755205a28938,zp8,62,1
67910,CFG_77c8b99b43d9,zp8,62,1
67911,CFG_bd6412fc68b0,zp8,62,1
67912,CFG_67b539d34471,zp8,62,1
67913,CFG_8bfc9d62299c,zp8,62,1
67914,CFG_77c8b99b43d9,zp8,62,1
67915,CFG_ffde3ea1b2e3,zp8,62,1
67916,CFG_77c8b99b43d9,zp8,62,1
67917,CFG_67b539d34471,zp8,62,1
67918,CFG_c94b44f1b2f9,zp8,62,1
67919,CFG_755205a28938,zp8,62,1
67920,CFG_ac213567a5a2,zp8,62,1
67921,CFG_77c8b99b43d9,zp8,62,1
67922,CFG_77c8b99b43d9,zp8,62,1
67923,CFG_77c8b99b43d9,zp8,62,1
67924,CFG_77c8b99b43d9,zp8,62,1
67925,CFG_77c8b99b43d9,zp8,62,1
67926,CFG_a34f76b67ef4,zp8,62,1
67927,CFG_77c8b99b43d9,zp8,62,1
67928,CFG_1738a11cbd49,zp8,62,1
67929,CFG_77c8b99b43d9,zp8,62,1
67930,CFG_67b539d34471,zp8,62,1
67931,CFG_77c8b99b43d9,zp8,62,1
67932,CFG_77c8b99b43d9,zp8,62,1
67933,CFG_29c3378e155b,zp8,62,1
67934,CFG_755205a28938,zp8,62,1
67935,CFG_77c8b99b43d9,zp8,62,1
67936,CFG_bd6412fc68b0,zp8,62,1
67937,CFG_67b539d34471,zp8,62,1
67938,CFG_8bfc9d62299c,zp8,62,1
67939,CFG_77c8b99b43d9,zp8,62,1
67940,CFG_ffde3ea1b2e3,zp8,62,1
67941,CFG_77c8b99b43d9,zp8,62,1
67942,CFG_d96b0c9e44d0,zp8,62,1
67943,CFG_cf541d0f8a3a,zp8,62,1
67944,CFG_f18488ce1456,zp8,62,1
67945,CFG_67b539d34471,zp8,62,1
67946,CFG_5514d03a77b0,zp8,62,1
67947,CFG_a34f76b67ef4,zp8,62,1
67948,CFG_f18488ce1456,zp8,62,1
67949,CFG_1d0f84c0bb06,zp8,62,1
67950,CFG_1ec55dc0a2ff,zp8,62,1
67951,CFG_29c3378e155b,zp8,62,1
67952,CFG_f18488ce1456,zp8,62,1
67953,CFG_773ac98270b6,zp8,62,1
67954,CFG_77c8b99b43d9,zp8,62,1
67955,CFG_77c8b99b43d9,zp8,62,1
67956,CFG_77c8b99b43d9,zp8,62,1
67957,CFG_77c8b99b43d9,zp8,62,1
67958,CFG_77c8b99b43d9,zp8,62,1
67959,CFG_a34f76b67ef4,zp8,62,1
67960,CFG_77c8b99b43d9,zp8,62,1
67961,CFG_1738a11cbd49,zp8,62,1
67962,CFG_77c8b99b43d9,zp8,62,1
67963,CFG_67b539d34471,zp8,62,1
67964,CFG_77c8b99b43d9,zp8,62,1
67965,CFG_77c8b99b43d9,zp8,62,1
67966,CFG_29c3378e155b,zp8,62,1
67967,CFG_755205a28938,zp8,62,1
67968,CFG_77c8b99b43d9,zp8,62,1
67969,CFG_bd6412fc68b0,zp8,62,1
67970,CFG_67b539d34471,zp8,62,1
67971,CFG_8bfc9d62299c,zp8,62,1
67972,CFG_77c8b99b43d9,zp8,62,1
67973,CFG_ffde3ea1b2e3,zp8,62,1
67974,CFG_77c8b99b43d9,zp8,62,1
67975,CFG_67b539d34471,zp8,62,1
67976,CFG_c94b44f1b2f9,zp8,62,1
67977,CFG_755205a28938,zp8,62,1
67978,CFG_ac213567a5a2,zp8,62,1
67979,CFG_77c8b99b43d9,zp8,62,1
67980,CFG_77c8b99b43d9,zp8,62,1
67981,CFG_77c8b99b43d9,zp8,62,1
67982,CFG_77c8b99b43d9,zp8,62,1
67983,CFG_77c8b99b43d9,zp8,62,1
67984,CFG_a34f76b67ef4,zp8,62,1
67985,CFG_77c8b99b43d9,zp8,62,1
67986,CFG_1738a11cbd49,zp8,62,1
67987,CFG_77c8b99b43d9,zp8,62,1
67988,CFG_67b539d34471,zp8,62,1
67989,CFG_77c8b99b43d9,zp8,62,1
67990,CFG_77c8b99b43d9,zp8,62,1
67991,CFG_29c3378e155b,zp8,62,1
67992,CFG_755205a28938,zp8,62,1
67993,CFG_77c8b99b43d9,zp8,62,1
67994,CFG_bd6412fc68b0,zp8,62,1
67995,CFG_67b539d34471,zp8,62,1
67996,CFG_8bfc9d62299c,zp8,62,1
67997,CFG_77c8b99b43d9,zp8,62,1
67998,CFG_ffde3ea1b2e3,zp8,62,1
67999,CFG_77c8b99b43d9,zp8,62,1
68000,CFG_d39c77a1a4bf,zp8,62,1
68001,CFG_773ac98270b6,zp8,63,1
68002,CFG_f18488ce1456,zp8,63,1
68003,CFG_deda15f4c4a8,zp8,63,1
68004,CFG_e87513c8563d,zp8,63,1
68005,CFG_39fe645ba2f1,zp8,63,1
68006,CFG_9178f775d49a,zp8,63,1
68007,CFG_77c8b99b43d9,zp8,63,1
68008,CFG_77c8b99b43d9,zp8,63,1
68009,CFG_77c8b99b43d9,zp8,63,1
68010,CFG_77c8b99b43d9,zp8,63,1
68011,CFG_77c8b99b43d9,zp8,63,1
68012,CFG_a34f76b67ef4,zp8,63,1
68013,CFG_77c8b99b43d9,zp8,63,1
68014,CFG_1738a11cbd49,zp8,63,1
68015,CFG_77c8b99b43d9,zp8,63,1
68016,CFG_67b539d34471,zp8,63,1
68017,CFG_77c8b99b43d9,zp8,63,1
68018,CFG_77c8b99b43d9,zp8,63,1
68019,CFG_29c3378e155b,zp8,63,1
68020,CFG_755205a28938,zp8,63,1
68021,CFG_77c8b99b43d9,zp8,63,1
68022,CFG_bd6412fc68b0,zp8,63,1
68023,CFG_67b539d34471,zp8,63,1
68024,CFG_8bfc9d62299c,zp8,63,1
68025,CFG_77c8b99b43d9,zp8,63,1
68026,CFG_ffde3ea1b2e3,zp8,63,1
68027,CFG_77c8b99b43d9,zp8,63,1
68028,CFG_67b539d34471,zp8,63,1
68029,CFG_c94b44f1b2f9,zp8,63,1
68030,CFG_755205a28938,zp8,63,1
68031,CFG_ac213567a5a2,zp8,63,1
68032,CFG_77c8b99b43d9,zp8,63,1
68033,CFG_77c8b99b43d9,zp8,63,1
68034,CFG_77c8b99b43d9,zp8,63,1
68035,CFG_77c8b99b43d9,zp8,63,1
68036,CFG_77c8b99b43d9,zp8,63,1
68037,CFG_a34f76b67ef4,zp8,63,1
68038,CFG_77c8b99b43d9,zp8,63,1
68039,CFG_1738a11cbd49,zp8,63,1
68040,CFG_77c8b99b43d9,zp8,63,1
68041,CFG_67b539d34471,zp8,63,1
68042,CFG_77c8b99b43d9,zp8,63,1
68043,CFG_77c8b99b43d9,zp8,63,1
68044,CFG_29c3378e155b,zp8,63,1
68045,CFG_755205a28938,zp8,63,1
68046,CFG_77c8b99b43d9,zp8,63,1
68047,CFG_bd6412fc68b0,zp8,63,1
68048,CFG_67b539d34471,zp8,63,1
68049,CFG_8bfc9d62299c,zp8,63,1
68050,CFG_77c8b99b43d9,zp8,63,1
68051,CFG_ffde3ea1b2e3,zp8,63,1
68052,CFG_77c8b99b43d9,zp8,63,1
68053,CFG_be784e24b621,zp8,63,1
68054,CFG_cf541d0f8a3a,zp8,63,1
68055,CFG_77c8b99b43d9,zp8,63,1
68056,CFG_77c8b99b43d9,zp8,63,1
68057,CFG_77c8b99b43d9,zp8,63,1
68058,CFG_77c8b99b43d9,zp8,63,1
68059,CFG_77c8b99b43d9,zp8,63,1
68060,CFG_a34f76b67ef4,zp8,63,1
68061,CFG_77c8b99b43d9,zp8,63,1
68062,CFG_1738a11cbd49,zp8,63,1
68063,CFG_77c8b99b43d9,zp8,63,1
68064,CFG_67b539d34471,zp8,63,1
68065,CFG_77c8b99b43d9,zp8,63,1
68066,CFG_77c8b99b43d9,zp8,63,1
68067,CFG_29c3378e155b,zp8,63,1
68068,CFG_755205a28938,zp8,63,1
68069,CFG_77c8b99b43d9,zp8,63,1
68070,CFG_bd6412fc68b0,zp8,63,1
68071,CFG_67b539d34471,zp8,63,1
68072,CFG_8bfc9d62299c,zp8,63,1
68073,CFG_77c8b99b43d9,zp8,63,1
68074,CFG_ffde3ea1b2e3,zp8,63,1
68075,CFG_77c8b99b43d9,zp8,63,1
68076,CFG_67b539d34471,zp8,63,1
68077,CFG_c94b44f1b2f9,zp8,63,1
68078,CFG_755205a28938,zp8,63,1
68079,CFG_ac213567a5a2,zp8,63,1
68080,CFG_77c8b99b43d9,zp8,63,1
68081,CFG_77c8b99b43d9,zp8,63,1
68082,CFG_77c8b99b43d9,zp8,63,1
68083,CFG_77c8b99b43d9,zp8,63,1
68084,CFG_77c8b99b43d9,zp8,63,1
68085,CFG_a34f76b67ef4,zp8,63,1
68086,CFG_77c8b99b43d9,zp8,63,1
68087,CFG_1738a11cbd49,zp8,63,1
68088,CFG_77c8b99b43d9,zp8,63,1
68089,CFG_67b539d34471,zp8,63,1
68090,CFG_77c8b99b43d9,zp8,63,1
68091,CFG_77c8b99b43d9,zp8,63,1
68092,CFG_29c3378e155b,zp8,63,1
68093,CFG_755205a28938,zp8,63,1
68094,CFG_77c8b99b43d9,zp8,63,1
68095,CFG_bd6412fc68b0,zp8,63,1
68096,CFG_67b539d34471,zp8,63,1
68097,CFG_8bfc9d62299c,zp8,63,1
68098,CFG_77c8b99b43d9,zp8,63,1
68099,CFG_ffde3ea1b2e3,zp8,63,1
68100,CFG_77c8b99b43d9,zp8,63,1
68101,CFG_d96b0c9e44d0,zp8,63,1
68102,CFG_cf541d0f8a3a,zp8,63,1
68103,CFG_f18488ce1456,zp8,63,1
68104,CFG_67b539d34471,zp8,63,1
68105,CFG_5514d03a77b0,zp8,63,1
68106,CFG_a34f76b67ef4,zp8,63,1
68107,CFG_f18488ce1456,zp8,63,1
68108,CFG_1d0f84c0bb06,zp8,63,1
68109,CFG_1ec55dc0a2ff,zp8,63,1
68110,CFG_29c3378e155b,zp8,63,1
68111,CFG_f18488ce1456,zp8,63,1
68112,CFG_773ac98270b6,zp8,63,1
68113,CFG_77c8b99b43d9,zp8,63,1
68114,CFG_77c8b99b43d9,zp8,63,1
68115,CFG_77c8b99b43d9,zp8,63,1
68116,CFG_77c8b99b43d9,zp8,63,1
68117,CFG_77c8b99b43d9,zp8,63,1
68118,CFG_a34f76b67ef4,zp8,63,1
68119,CFG_77c8b99b43d9,zp8,63,1
68120,CFG_1738a11cbd49,zp8,63,1
68121,CFG_77c8b99b43d9,zp8,63,1
68122,CFG_67b539d34471,zp8,63,1
68123,CFG_77c8b99b43d9,zp8,63,1
68124,CFG_77c8b99b43d9,zp8,63,1
68125,CFG_29c3378e155b,zp8,63,1
68126,CFG_755205a28938,zp8,63,1
68127,CFG_77c8b99b43d9,zp8,63,1
68128,CFG_bd6412fc68b0,zp8,63,1
68129,CFG_67b539d34471,zp8,63,1
68130,CFG_8bfc9d62299c,zp8,63,1
68131,CFG_77c8b99b43d9,zp8,63,1
68132,CFG_ffde3ea1b2e3,zp8,63,1
68133,CFG_77c8b99b43d9,zp8,63,1
68134,CFG_67b539d34471,zp8,63,1
68135,CFG_c94b44f1b2f9,zp8,63,1
68136,CFG_755205a28938,zp8,63,1
68137,CFG_ac213567a5a2,zp8,63,1
68138,CFG_77c8b99b43d9,zp8,63,1
68139,CFG_77c8b99b43d9,zp8,63,1
68140,CFG_77c8b99b43d9,zp8,63,1
68141,CFG_77c8b99b43d9,zp8,63,1
68142,CFG_77c8b99b43d9,zp8,63,1
68143,CFG_a34f76b67ef4,zp8,63,1
68144,CFG_77c8b99b43d9,zp8,63,1
68145,CFG_1738a11cbd49,zp8,63,1
68146,CFG_77c8b99b43d9,zp8,63,1
68147,CFG_67b539d34471,zp8,63,1
68148,CFG_77c8b99b43d9,zp8,63,1
68149,CFG_77c8b99b43d9,zp8,63,1
68150,CFG_29c3378e155b,zp8,63,1
68151,CFG_755205a28938,zp8,63,1
68152,CFG_77c8b99b43d9,zp8,63,1
68153,CFG_bd6412fc68b0,zp8,63,1
68154,CFG_67b539d34471,zp8,63,1
68155,CFG_8bfc9d62299c,zp8,63,1
68156,CFG_77c8b99b43d9,zp8,63,1
68157,CFG_ffde3ea1b2e3,zp8,63,1
68158,CFG_77c8b99b43d9,zp8,63,1
68159,CFG_d39c77a1a4bf,zp8,63,1
68160,CFG_773ac98270b6,zp8,63,1
68161,CFG_f18488ce1456,zp8,63,1
68162,CFG_deda15f4c4a8,zp8,63,1
68163,CFG_e87513c8563d,zp8,63,1
68164,CFG_39fe645ba2f1,zp8,63,1
68165,CFG_9178f775d49a,zp8,63,1
68166,CFG_77c8b99b43d9,zp8,63,1
68167,CFG_77c8b99b43d9,zp8,63,1
68168,CFG_77c8b99b43d9,zp8,63,1
68169,CFG_77c8b99b43d9,zp8,63,1
68170,CFG_77c8b99b43d9,zp8,63,1
68171,CFG_a34f76b67ef4,zp8,63,1
68172,CFG_77c8b99b43d9,zp8,63,1
68173,CFG_1738a11cbd49,zp8,63,1
68174,CFG_77c8b99b43d9,zp8,63,1
68175,CFG_67b539d34471,zp8,63,1
68176,CFG_77c8b99b43d9,zp8,63,1
68177,CFG_77c8b99b43d9,zp8,63,1
68178,CFG_29c3378e155b,zp8,63,1
68179,CFG_755205a28938,zp8,63,1
68180,CFG_77c8b99b43d9,zp8,63,1
68181,CFG_bd6412fc68b0,zp8,63,1
68182,CFG_67b539d34471,zp8,63,1
68183,CFG_8bfc9d62299c,zp8,63,1
68184,CFG_77c8b99b43d9,zp8,63,1
68185,CFG_ffde3ea1b2e3,zp8,63,1
68186,CFG_77c8b99b43d9,zp8,63,1
68187,CFG_67b539d34471,zp8,63,1
68188,CFG_c94b44f1b2f9,zp8,63,1
68189,CFG_755205a28938,zp8,63,1
68190,CFG_ac213567a5a2,zp8,63,1
68191,CFG_77c8b99b43d9,zp8,63,1
68192,CFG_77c8b99b43d9,zp8,63,1
68193,CFG_77c8b99b43d9,zp8,63,1
68194,CFG_77c8b99b43d9,zp8,63,1
68195,CFG_77c8b99b43d9,zp8,63,1
68196,CFG_a34f76b67ef4,zp8,63,1
68197,CFG_77c8b99b43d9,zp8,63,1
68198,CFG_1738a11cbd49,zp8,63,1
68199,CFG_77c8b99b43d9,zp8,63,1
68200,CFG_67b539d34471,zp8,63,1
68201,CFG_77c8b99b43d9,zp8,63,1
68202,CFG_77c8b99b43d9,zp8,63,1
68203,CFG_29c3378e155b,zp8,63,1
68204,CFG_755205a28938,zp8,63,1
68205,CFG_77c8b99b43d9,zp8,63,1
68206,CFG_bd6412fc68b0,zp8,63,1
68207,CFG_67b539d34471,zp8,63,1
68208,CFG_8bfc9d62299c,zp8,63,1
68209,CFG_77c8b99b43d9,zp8,63,1
68210,CFG_ffde3ea1b2e3,zp8,63,1
68211,CFG_77c8b99b43d9,zp8,63,1
68212,CFG_f18488ce1456,zp8,63,1
68213,CFG_ffde3ea1b2e3,zp8,63,1
68214,CFG_f18488ce1456,zp8,63,1
68215,CFG_b8e6a5652de1,zp8,63,1
68216,CFG_9c659499047b,zp8,63,1
68217,CFG_710c47edfbc8,zp8,63,1
68218,CFG_b8e6a5652de1,zp8,63,1
68219,CFG_e1e6e0c66c93,zp8,63,1
68220,CFG_deda15f4c4a8,zp8,63,1
68221,CFG_17620e2785dc,zp8,63,1
68222,CFG_be784e24b621,zp8,63,1
68223,CFG_a34f76b67ef4,zp8,63,1
68224,CFG_1ec55dc0a2ff,zp8,63,1
68225,CFG_be784e24b621,zp8,63,1
68226,CFG_7fa53b7ab3bf,zp8,63,1
68227,CFG_1738a11cbd49,zp8,63,1
68228,CFG_939ca62c69c2,zp8,63,1
68229,CFG_1747d90ed031,zp8,63,1
68230,CFG_8a51f93d684d,zp8,63,1
68231,CFG_f18488ce1456,zp8,63,1
68232,CFG_939ca62c69c2,zp8,63,1
68233,CFG_b8e6a5652de1,zp8,63,1
68234,CFG_67b539d34471,zp8,63,1
68235,CFG_67b539d34471,zp8,63,1
68236,CFG_8a51f93d684d,zp8,63,1
68237,CFG_f18488ce1456,zp8,63,1
68238,CFG_773ac98270b6,zp8,63,1
68239,CFG_773ac98270b6,zp8,63,1
68240,CFG_77c8b99b43d9,zp8,63,1
68241,CFG_acabbc62a021,zp8,63,1
68242,CFG_67b539d34471,zp8,63,1
68243,CFG_59f154754573,zp8,63,1
68244,CFG_e1e6e0c66c93,zp8,63,1
68245,CFG_1e693796a40d,zp8,63,1
68246,CFG_1ec55dc0a2ff,zp8,63,1
68247,CFG_9178f775d49a,zp8,63,1
68248,CFG_710c47edfbc8,zp8,63,1
68249,CFG_9c659499047b,zp8,63,1
68250,CFG_8bfc9d62299c,zp8,63,1
68251,CFG_f90a73d2a477,zp8,63,1
68252,CFG_8a51f93d684d,zp8,63,1
68253,CFG_f18488ce1456,zp8,63,1
68254,CFG_b8e6a5652de1,zp8,63,1
68255,CFG_f18488ce1456,zp8,63,1
68256,CFG_939ca62c69c2,zp8,63,1
68257,CFG_cc5bbb6e9d13,zp8,63,1
68258,CFG_b2a3cbb134c5,zp8,63,1
68259,CFG_727914633b9e,zp8,63,1
68260,CFG_3278d3379c8a,zp8,63,1
68261,CFG_f18488ce1456,zp8,63,1
68262,CFG_939ca62c69c2,zp8,63,1
68263,CFG_db37bdfe8c71,zp8,63,1
68264,CFG_d96b0c9e44d0,zp8,63,1
68265,CFG_2154b722e06b,zp8,63,1
68266,CFG_3697b100c401,zp8,63,1
68267,CFG_5851809b712d,zp8,63,1
68268,CFG_1738a11cbd49,zp8,63,1
68269,CFG_5514d03a77b0,zp8,63,1
68270,CFG_8a51f93d684d,zp8,63,1
68271,CFG_59aede929579,zp8,63,1
68272,CFG_67b539d34471,zp8,63,1
68273,CFG_e3950fd94ca1,zp8,63,1
68274,CFG_dda2f907b868,zp8,63,1
68275,CFG_cc5bbb6e9d13,zp8,63,1
68276,CFG_f18488ce1456,zp8,63,1
68277,CFG_288ddbff7431,zp8,63,1
68278,CFG_773f7346d441,zp8,63,1
68279,CFG_b2a3cbb134c5,zp8,63,1
68280,CFG_1d0f84c0bb06,zp8,63,1
68281,CFG_b2a3cbb134c5,zp8,63,1
68282,CFG_e1e6e0c66c93,zp8,63,1
68283,CFG_a34f76b67ef4,zp8,63,1
68284,CFG_802041076799,zp8,63,1
68285,CFG_36f82e31118f,zp8,63,1
68286,CFG_36f82e31118f,zp8,63,1
68287,CFG_deda15f4c4a8,zp8,63,1
68288,CFG_d39c77a1a4bf,zp8,63,1
68289,CFG_e3950fd94ca1,zp8,63,1
68290,CFG_1ec55dc0a2ff,zp8,63,1
68291,CFG_3697b100c401,zp8,63,1
68292,CFG_5514d03a77b0,zp8,63,1
68293,CFG_f18488ce1456,zp8,63,1
68294,CFG_9178f775d49a,zp8,63,1
68295,CFG_d96b0c9e44d0,zp8,63,1
68296,CFG_f18488ce1456,zp8,63,1
68297,CFG_a1d878e7d840,zp8,63,1
68298,CFG_6caaadb373ea,zp8,63,1
68299,CFG_755205a28938,zp8,63,1
68300,CFG_cf541d0f8a3a,zp8,63,1
68301,CFG_f18488ce1456,zp8,63,1
68302,CFG_755205a28938,zp8,63,1
68303,CFG_b2a3cbb134c5,zp8,63,1
68304,CFG_36f82e31118f,zp8,63,1
68305,CFG_9c659499047b,zp8,63,1
68306,CFG_8a51f93d684d,zp8,63,1
68307,CFG_1d0f84c0bb06,zp8,63,1
68308,CFG_710c47edfbc8,zp8,63,1
68309,CFG_cf541d0f8a3a,zp8,63,1
68310,CFG_288ddbff7431,zp8,63,1
68311,CFG_112bf773e97d,zp8,63,1
68312,CFG_de29bb20eaa6,zp8,63,1
68313,CFG_29c3378e155b,zp8,63,1
68314,CFG_d96b0c9e44d0,zp8,63,1
68315,CFG_637b6e72af93,zp8,63,1
68316,CFG_67b539d34471,zp8,63,1
68317,CFG_710c47edfbc8,zp8,63,1
68318,CFG_be784e24b621,zp8,63,1
68319,CFG_67b539d34471,zp8,63,1
68320,CFG_8bfc9d62299c,zp8,63,1
68321,CFG_ceef49456daa,zp8,63,1
68322,CFG_a1d878e7d840,zp8,63,1
68323,CFG_773ac98270b6,zp8,63,1
68324,CFG_8a51f93d684d,zp8,63,1
68325,CFG_e3950fd94ca1,zp8,63,1
68326,CFG_bbea204eb2ac,zp8,63,1
68327,CFG_8bfc9d62299c,zp8,63,1
68328,CFG_710c47edfbc8,zp8,63,1
68329,CFG_a1d878e7d840,zp8,63,1
68330,CFG_67b539d34471,zp8,63,1
68331,CFG_1738a11cbd49,zp8,63,1
68332,CFG_ffde3ea1b2e3,zp8,63,1
68333,CFG_f18488ce1456,zp8,63,1
68334,CFG_727914633b9e,zp8,63,1
68335,CFG_8bfc9d62299c,zp8,63,1
68336,CFG_e3950fd94ca1,zp8,63,1
68337,CFG_ceef49456daa,zp8,63,1
68338,CFG_36f82e31118f,zp8,63,1
68339,CFG_dda2f907b868,zp8,63,1
68340,CFG_d0face5aa80d,zp8,63,1
68341,CFG_67b539d34471,zp8,63,1
68342,CFG_de29bb20eaa6,zp8,63,1
68343,CFG_f18488ce1456,zp8,63,1
68344,CFG_9c659499047b,zp8,63,1
68345,CFG_67b539d34471,zp8,63,1
68346,CFG_b2a3cbb134c5,zp8,63,1
68347,CFG_939ca62c69c2,zp8,63,1
68348,CFG_b2a3cbb134c5,zp8,63,1
68349,CFG_67b539d34471,zp8,63,1
68350,CFG_9c659499047b,zp8,63,1
68351,CFG_532891bb36ca,zp8,63,1
68352,CFG_b2a3cbb134c5,zp8,63,1
68353,CFG_8a51f93d684d,zp8,63,1
68354,CFG_e3950fd94ca1,zp8,63,1
68355,CFG_1ec55dc0a2ff,zp8,63,1
68356,CFG_ac213567a5a2,zp8,63,1
68357,CFG_17620e2785dc,zp8,63,1
68358,CFG_cf541d0f8a3a,zp8,63,1
68359,CFG_7fa53b7ab3bf,zp8,63,1
68360,CFG_3a3d7179fe0d,zp8,63,1
68361,CFG_5514d03a77b0,zp8,63,1
68362,CFG_59aede929579,zp8,63,1
68363,CFG_755205a28938,zp8,63,1
68364,CFG_1ec55dc0a2ff,zp8,63,1
68365,CFG_f18488ce1456,zp8,63,1
68366,CFG_f18488ce1456,zp8,63,1
68367,CFG_e3950fd94ca1,zp8,63,1
68368,CFG_db37bdfe8c71,zp8,63,1
68369,CFG_9c659499047b,zp8,63,1
68370,CFG_be784e24b621,zp8,63,1
68371,CFG_5cd0c67d59bc,zp8,63,1
68372,CFG_cf6528e23789,zp8,63,1
68373,CFG_a1d878e7d840,zp8,63,1
68374,CFG_ceef49456daa,zp8,63,1
68375,CFG_b2a3cbb134c5,zp8,63,1
68376,CFG_99b4d8a9c762,zp8,63,1
68377,CFG_f18488ce1456,zp8,63,1
68378,CFG_ffde3ea1b2e3,zp8,63,1
68379,CFG_f18488ce1456,zp8,63,1
68380,CFG_a292c20a75fd,zp8,63,1
68381,CFG_1e693796a40d,zp8,63,1
68382,CFG_625048fefa0b,zp8,63,1
68383,CFG_288ddbff7431,zp8,63,1
68384,CFG_bd6412fc68b0,zp8,63,1
68385,CFG_17620e2785dc,zp8,63,1
68386,CFG_8a51f93d684d,zp8,63,1
68387,CFG_b2a3cbb134c5,zp8,63,1
68388,CFG_b2a3cbb134c5,zp8,63,1
68389,CFG_cf541d0f8a3a,zp8,63,1
68390,CFG_deda15f4c4a8,zp8,63,1
68391,CFG_3278d3379c8a,zp8,63,1
68392,CFG_36f82e31118f,zp8,63,1
68393,CFG_773ac98270b6,zp8,63,1
68394,CFG_d96b0c9e44d0,zp8,63,1
68395,CFG_deda15f4c4a8,zp8,63,1
68396,CFG_8a51f93d684d,zp8,63,1
68397,CFG_3a3d7179fe0d,zp8,63,1
68398,CFG_939ca62c69c2,zp8,63,1
68399,CFG_6caaadb373ea,zp8,63,1
68400,CFG_d96b0c9e44d0,zp8,63,1
68401,CFG_3a3d7179fe0d,zp8,63,1
68402,CFG_802041076799,zp8,63,1
68403,CFG_17620e2785dc,zp8,63,1
68404,CFG_1ec55dc0a2ff,zp8,63,1
68405,CFG_5cd0c67d59bc,zp8,63,1
68406,CFG_275e4ca07248,zp8,63,1
68407,CFG_288ddbff7431,zp8,63,1
68408,CFG_36f82e31118f,zp8,63,1
68409,CFG_1e693796a40d,zp8,63,1
68410,CFG_be784e24b621,zp8,63,1
68411,CFG_c910518048de,zp8,63,1
68412,CFG_939ca62c69c2,zp8,63,1
68413,CFG_deda15f4c4a8,zp8,63,1
68414,CFG_b8e6a5652de1,zp8,63,1
68415,CFG_e3950fd94ca1,zp8,63,1
68416,CFG_755205a28938,zp8,63,1
68417,CFG_802041076799,zp8,63,1
68418,CFG_1ec55dc0a2ff,zp8,63,1
68419,CFG_8bfc9d62299c,zp8,63,1
68420,CFG_e3950fd94ca1,zp8,63,1
68421,CFG_59f154754573,zp8,63,1
68422,CFG_d96b0c9e44d0,zp8,63,1
68423,CFG_67b539d34471,zp8,63,1
68424,CFG_d96b0c9e44d0,zp8,63,1
68425,CFG_9178f775d49a,zp8,63,1
68426,CFG_ffde3ea1b2e3,zp8,63,1
68427,CFG_ffde3ea1b2e3,zp8,63,1
68428,CFG_67b539d34471,zp8,63,1
68429,CFG_17620e2785dc,zp8,63,1
68430,CFG_3a3d7179fe0d,zp8,63,1
68431,CFG_36f82e31118f,zp8,63,1
68432,CFG_1e693796a40d,zp8,63,1
68433,CFG_deda15f4c4a8,zp8,63,1
68434,CFG_e1e6e0c66c93,zp8,63,1
68435,CFG_d39c77a1a4bf,zp8,63,1
68436,CFG_2534839bab0a,zp8,63,1
68437,CFG_9178f775d49a,zp8,63,1
68438,CFG_802041076799,zp8,63,1
68439,CFG_17620e2785dc,zp8,63,1
68440,CFG_e1e6e0c66c93,zp8,63,1
68441,CFG_e1e6e0c66c93,zp8,63,1
68442,CFG_8bfc9d62299c,zp8,63,1
68443,CFG_67b539d34471,zp8,63,1
68444,CFG_5cd0c67d59bc,zp8,63,1
68445,CFG_17620e2785dc,zp8,63,1
68446,CFG_e3950fd94ca1,zp8,63,1
68447,CFG_e1e6e0c66c93,zp8,63,1
68448,CFG_39fe645ba2f1,zp8,63,1
68449,CFG_7cd4c6b023c5,zp8,63,1
68450,CFG_d7aadf87f0b1,zp8,63,1
68451,CFG_773ac98270b6,zp8,63,1
68452,CFG_3697b100c401,zp8,63,1
68453,CFG_8bfc9d62299c,zp8,63,1
68454,CFG_9178f775d49a,zp8,63,1
68455,CFG_7cd4c6b023c5,zp8,63,1
68456,CFG_be784e24b621,zp8,63,1
68457,CFG_1ec55dc0a2ff,zp8,63,1
68458,CFG_d96b0c9e44d0,zp8,63,1
68459,CFG_db37bdfe8c71,zp8,63,1
68460,CFG_7155e4ee7bdf,zp8,63,1
68461,CFG_8a51f93d684d,zp8,63,1
68462,CFG_532891bb36ca,zp8,63,1
68463,CFG_1738a11cbd49,zp8,63,1
68464,CFG_112bf773e97d,zp8,63,1
68465,CFG_773ac98270b6,zp8,63,1
68466,CFG_1738a11cbd49,zp8,63,1
68467,CFG_17620e2785dc,zp8,63,1
68468,CFG_710c47edfbc8,zp8,63,1
68469,CFG_deda15f4c4a8,zp8,63,1
68470,CFG_288ddbff7431,zp8,63,1
68471,CFG_e1e6e0c66c93,zp8,63,1
68472,CFG_59f154754573,zp8,63,1
68473,CFG_7155e4ee7bdf,zp8,63,1
68474,CFG_5cd0c67d59bc,zp8,63,1
68475,CFG_1ec55dc0a2ff,zp8,63,1
68476,CFG_99b4d8a9c762,zp8,63,1
68477,CFG_1738a11cbd49,zp8,63,1
68478,CFG_3a3d7179fe0d,zp8,63,1
68479,CFG_1ec55dc0a2ff,zp8,63,1
68480,CFG_d39c77a1a4bf,zp8,63,1
68481,CFG_d0face5aa80d,zp8,63,1
68482,CFG_36f82e31118f,zp8,63,1
68483,CFG_e1e6e0c66c93,zp8,63,1
68484,CFG_ceef49456daa,zp8,63,1
68485,CFG_a34f76b67ef4,zp8,63,1
68486,CFG_b2a3cbb134c5,zp8,63,1
68487,CFG_773ac98270b6,zp8,63,1
68488,CFG_9c659499047b,zp8,63,1
68489,CFG_e3386d946379,zp8,63,1
68490,CFG_3a3d7179fe0d,zp8,63,1
68491,CFG_ac213567a5a2,zp8,63,1
68492,CFG_17620e2785dc,zp8,63,1
68493,CFG_b2a3cbb134c5,zp8,63,1
68494,CFG_e87513c8563d,zp8,63,1
68495,CFG_39fe645ba2f1,zp8,63,1
68496,CFG_710c47edfbc8,zp8,63,1
68497,CFG_8f2957e28805,zp8,63,1
68498,CFG_755205a28938,zp8,63,1
68499,CFG_59aede929579,zp8,63,1
68500,CFG_727914633b9e,zp8,63,1
68501,CFG_c94b44f1b2f9,zp8,63,1
68502,CFG_5514d03a77b0,zp8,63,1
68503,CFG_939ca62c69c2,zp8,63,1
68504,CFG_cf541d0f8a3a,zp8,63,1
68505,CFG_9178f775d49a,zp8,63,1
68506,CFG_a1ebd0490272,zp8,63,1
68507,CFG_5851809b712d,zp8,63,1
68508,CFG_36f82e31118f,zp8,63,1
68509,CFG_a9714f85f877,zp8,63,1
68510,CFG_5514d03a77b0,zp8,63,1
68511,CFG_9178f775d49a,zp8,63,1
68512,CFG_e3950fd94ca1,zp8,63,1
68513,CFG_b2a3cbb134c5,zp8,63,1
68514,CFG_cf541d0f8a3a,zp8,63,1
68515,CFG_cf541d0f8a3a,zp8,63,1
68516,CFG_b04e3d146803,zp8,63,1
68517,CFG_802041076799,zp8,63,1
68518,CFG_1ec55dc0a2ff,zp8,63,1
68519,CFG_1ec55dc0a2ff,zp8,63,1
68520,CFG_67b539d34471,zp8,63,1
68521,CFG_b0eabb76b70f,zp8,63,1
68522,CFG_1738a11cbd49,zp8,63,1
68523,CFG_cf541d0f8a3a,zp8,63,1
68524,CFG_755205a28938,zp8,63,1
68525,CFG_cf541d0f8a3a,zp8,63,1
68526,CFG_ac213567a5a2,zp8,63,1
68527,CFG_773ac98270b6,zp8,63,1
68528,CFG_67b539d34471,zp8,63,1
68529,CFG_9c659499047b,zp8,63,1
68530,CFG_9178f775d49a,zp8,63,1
68531,CFG_1ec55dc0a2ff,zp8,63,1
68532,CFG_773ac98270b6,zp8,63,1
68533,CFG_cf541d0f8a3a,zp8,63,1
68534,CFG_d0face5aa80d,zp8,63,1
68535,CFG_e1e6e0c66c93,zp8,63,1
68536,CFG_36f82e31118f,zp8,63,1
68537,CFG_17620e2785dc,zp8,63,1
68538,CFG_8a51f93d684d,zp8,63,1
68539,CFG_a1ebd0490272,zp8,63,1
68540,CFG_deda15f4c4a8,zp8,63,1
68541,CFG_c94b44f1b2f9,zp8,63,1
68542,CFG_f18488ce1456,zp8,63,1
68543,CFG_b04e3d146803,zp8,63,1
68544,CFG_532891bb36ca,zp8,63,1
68545,CFG_773ac98270b6,zp8,63,1
68546,CFG_67b539d34471,zp8,63,1
68547,CFG_39fe645ba2f1,zp8,63,1
68548,CFG_f18488ce1456,zp8,63,1
68549,CFG_58ae56c3ee5b,zp8,63,1
68550,CFG_773ac98270b6,zp8,63,1
68551,CFG_710c47edfbc8,zp8,63,1
68552,CFG_5cd0c67d59bc,zp8,63,1
68553,CFG_29c3378e155b,zp8,63,1
68554,CFG_1738a11cbd49,zp8,63,1
68555,CFG_be784e24b621,zp8,63,1
68556,CFG_cf6528e23789,zp8,63,1
68557,CFG_deda15f4c4a8,zp8,63,1
68558,CFG_1e693796a40d,zp8,63,1
68559,CFG_1ec55dc0a2ff,zp8,63,1
68560,CFG_9c659499047b,zp8,63,1
68561,CFG_29c3378e155b,zp8,63,1
68562,CFG_2534839bab0a,zp8,63,1
68563,CFG_d39c77a1a4bf,zp8,63,1
68564,CFG_5851809b712d,zp8,63,1
68565,CFG_8bfc9d62299c,zp8,63,1
68566,CFG_5cd0c67d59bc,zp8,63,1
68567,CFG_f18488ce1456,zp8,63,1
68568,CFG_d7aadf87f0b1,zp8,63,1
68569,CFG_de29bb20eaa6,zp8,63,1
68570,CFG_773ac98270b6,zp8,63,1
68571,CFG_1ec55dc0a2ff,zp8,63,1
68572,CFG_de29bb20eaa6,zp8,63,1
68573,CFG_29c3378e155b,zp8,63,1
68574,CFG_59f154754573,zp8,63,1
68575,CFG_cf6528e23789,zp8,63,1
68576,CFG_59f154754573,zp8,63,1
68577,CFG_9c659499047b,zp8,63,1
68578,CFG_d7aadf87f0b1,zp8,63,1
68579,CFG_5cd0c67d59bc,zp8,63,1
68580,CFG_ffde3ea1b2e3,zp8,63,1
68581,CFG_5cd0c67d59bc,zp8,63,1
68582,CFG_ffde3ea1b2e3,zp8,63,1
68583,CFG_773ac98270b6,zp8,63,1
68584,CFG_2154b722e06b,zp8,63,1
68585,CFG_e1e6e0c66c93,zp8,63,1
68586,CFG_1ec55dc0a2ff,zp8,63,1
68587,CFG_3a3d7179fe0d,zp8,63,1
68588,CFG_ffde3ea1b2e3,zp8,63,1
68589,CFG_3a3d7179fe0d,zp8,63,1
68590,CFG_d7aadf87f0b1,zp8,63,1
68591,CFG_8a51f93d684d,zp8,63,1
68592,CFG_5514d03a77b0,zp8,63,1
68593,CFG_d96b0c9e44d0,zp8,63,1
68594,CFG_755205a28938,zp8,63,1
68595,CFG_f18488ce1456,zp8,63,1
68596,CFG_deda15f4c4a8,zp8,63,1
68597,CFG_8f2957e28805,zp8,63,1
68598,CFG_b2a3cbb134c5,zp8,63,1
68599,CFG_288ddbff7431,zp8,63,1
68600,CFG_1738a11cbd49,zp8,63,1
68601,CFG_ac213567a5a2,zp8,63,1
68602,CFG_2154b722e06b,zp8,63,1
68603,CFG_cf541d0f8a3a,zp8,63,1
68604,CFG_db37bdfe8c71,zp8,63,1
68605,CFG_773ac98270b6,zp8,63,1
68606,CFG_ceef49456daa,zp8,63,1
68607,CFG_9178f775d49a,zp8,63,1
68608,CFG_39fe645ba2f1,zp8,63,1
68609,CFG_f993a0fc6256,zp8,63,1
68610,CFG_9178f775d49a,zp8,63,1
68611,CFG_e87513c8563d,zp8,63,1
68612,CFG_755205a28938,zp8,63,1
68613,CFG_f18488ce1456,zp8,63,1
68614,CFG_755205a28938,zp8,63,1
68615,CFG_4cd2b98cde9e,zp8,63,1
68616,CFG_5514d03a77b0,zp8,63,1
68617,CFG_36f82e31118f,zp8,63,1
68618,CFG_59f154754573,zp8,63,1
68619,CFG_deda15f4c4a8,zp8,63,1
68620,CFG_939ca62c69c2,zp8,63,1
68621,CFG_de29bb20eaa6,zp8,63,1
68622,CFG_d7aadf87f0b1,zp8,63,1
68623,CFG_59aede929579,zp8,63,1
68624,CFG_e3950fd94ca1,zp8,63,1
68625,CFG_77c8b99b43d9,zp8,63,1
68626,CFG_3a3d7179fe0d,zp8,63,1
68627,CFG_deda15f4c4a8,zp8,63,1
68628,CFG_f18488ce1456,zp8,63,1
68629,CFG_ffde3ea1b2e3,zp8,63,1
68630,CFG_8a51f93d684d,zp8,63,1
68631,CFG_f18488ce1456,zp8,63,1
68632,CFG_ac213567a5a2,zp8,63,1
68633,CFG_710c47edfbc8,zp8,63,1
68634,CFG_59aede929579,zp8,63,1
68635,CFG_8bfc9d62299c,zp8,63,1
68636,CFG_ac213567a5a2,zp8,63,1
68637,CFG_d96b0c9e44d0,zp8,63,1
68638,CFG_b2a3cbb134c5,zp8,63,1
68639,CFG_3a3d7179fe0d,zp8,63,1
68640,CFG_a292c20a75fd,zp8,63,1
68641,CFG_d96b0c9e44d0,zp8,63,1
68642,CFG_939ca62c69c2,zp8,63,1
68643,CFG_2534839bab0a,zp8,63,1
68644,CFG_710c47edfbc8,zp8,63,1
68645,CFG_f993a0fc6256,zp8,63,1
68646,CFG_b2a3cbb134c5,zp8,63,1
68647,CFG_d96b0c9e44d0,zp8,63,1
68648,CFG_99b4d8a9c762,zp8,63,1
68649,CFG_5514d03a77b0,zp8,63,1
68650,CFG_36f82e31118f,zp8,63,1
68651,CFG_36f82e31118f,zp8,63,1
68652,CFG_d96b0c9e44d0,zp8,63,1
68653,CFG_1ec55dc0a2ff,zp8,63,1
68654,CFG_deda15f4c4a8,zp8,63,1
68655,CFG_755205a28938,zp8,63,1
68656,CFG_5514d03a77b0,zp8,63,1
68657,CFG_710c47edfbc8,zp8,63,1
68658,CFG_ac213567a5a2,zp8,63,1
68659,CFG_9178f775d49a,zp8,63,1
68660,CFG_7fa53b7ab3bf,zp8,63,1
68661,CFG_b2a3cbb134c5,zp8,63,1
68662,CFG_3a3d7179fe0d,zp8,63,1
68663,CFG_1738a11cbd49,zp8,63,1
68664,CFG_36f82e31118f,zp8,63,1
68665,CFG_59f154754573,zp8,63,1
68666,CFG_275e4ca07248,zp8,63,1
68667,CFG_d7aadf87f0b1,zp8,63,1
68668,CFG_e87513c8563d,zp8,63,1
68669,CFG_755205a28938,zp8,63,1
68670,CFG_a9714f85f877,zp8,63,1
68671,CFG_9c659499047b,zp8,63,1
68672,CFG_9c659499047b,zp8,63,1
68673,CFG_17620e2785dc,zp8,63,1
68674,CFG_7fa53b7ab3bf,zp8,63,1
68675,CFG_8a51f93d684d,zp8,63,1
68676,CFG_1ec55dc0a2ff,zp8,63,1
68677,CFG_36f82e31118f,zp8,63,1
68678,CFG_17620e2785dc,zp8,63,1
68679,CFG_b2a3cbb134c5,zp8,63,1
68680,CFG_acabbc62a021,zp8,63,1
68681,CFG_de29bb20eaa6,zp8,63,1
68682,CFG_cf541d0f8a3a,zp8,63,1
68683,CFG_29c3378e155b,zp8,63,1
68684,CFG_802041076799,zp8,63,1
68685,CFG_d96b0c9e44d0,zp8,63,1
68686,CFG_deda15f4c4a8,zp8,63,1
68687,CFG_59aede929579,zp8,63,1
68688,CFG_a34f76b67ef4,zp8,63,1
68689,CFG_e1e6e0c66c93,zp8,63,1
68690,CFG_755205a28938,zp8,63,1
68691,CFG_f18488ce1456,zp8,63,1
68692,CFG_1d1816b1d9d8,zp8,63,1
68693,CFG_ffde3ea1b2e3,zp8,63,1
68694,CFG_5514d03a77b0,zp8,63,1
68695,CFG_755205a28938,zp8,63,1
68696,CFG_9178f775d49a,zp8,63,1
68697,CFG_d96b0c9e44d0,zp8,63,1
68698,CFG_d96b0c9e44d0,zp8,63,1
68699,CFG_f18488ce1456,zp8,63,1
68700,CFG_deda15f4c4a8,zp8,63,1
68701,CFG_773ac98270b6,zp8,63,1
68702,CFG_36f82e31118f,zp8,63,1
68703,CFG_b8e6a5652de1,zp8,63,1
68704,CFG_7cd4c6b023c5,zp8,63,1
68705,CFG_b2a3cbb134c5,zp8,63,1
68706,CFG_8bfc9d62299c,zp8,63,1
68707,CFG_1ec55dc0a2ff,zp8,63,1
68708,CFG_3e489afc8bfd,zp8,63,1
68709,CFG_3697b100c401,zp8,63,1
68710,CFG_3a3d7179fe0d,zp8,63,1
68711,CFG_e1e6e0c66c93,zp8,63,1
68712,CFG_1ec55dc0a2ff,zp8,63,1
68713,CFG_9c659499047b,zp8,63,1
68714,CFG_8a51f93d684d,zp8,63,1
68715,CFG_8a51f93d684d,zp8,63,1
68716,CFG_755205a28938,zp8,63,1
68717,CFG_be784e24b621,zp8,63,1
68718,CFG_be784e24b621,zp8,63,1
68719,CFG_bd6412fc68b0,zp8,63,1
68720,CFG_4bec09598a98,zp8,63,1
68721,CFG_deda15f4c4a8,zp8,63,1
68722,CFG_e3950fd94ca1,zp8,63,1
68723,CFG_f18488ce1456,zp8,63,1
68724,CFG_cf541d0f8a3a,zp8,63,1
68725,CFG_6caaadb373ea,zp8,63,1
68726,CFG_7cd4c6b023c5,zp8,63,1
68727,CFG_755205a28938,zp8,63,1
68728,CFG_9178f775d49a,zp8,63,1
68729,CFG_f18488ce1456,zp8,63,1
68730,CFG_288ddbff7431,zp8,63,1
68731,CFG_36f82e31118f,zp8,63,1
68732,CFG_939ca62c69c2,zp8,63,1
68733,CFG_58ae56c3ee5b,zp8,63,1
68734,CFG_b04e3d146803,zp8,63,1
68735,CFG_59f154754573,zp8,63,1
68736,CFG_59aede929579,zp8,63,1
68737,CFG_d7aadf87f0b1,zp8,63,1
68738,CFG_f18488ce1456,zp8,63,1
68739,CFG_727914633b9e,zp8,63,1
68740,CFG_e3386d946379,zp8,63,1
68741,CFG_ffde3ea1b2e3,zp8,63,1
68742,CFG_36f82e31118f,zp8,63,1
68743,CFG_7fa53b7ab3bf,zp8,63,1
68744,CFG_c94b44f1b2f9,zp8,63,1
68745,CFG_e3950fd94ca1,zp8,63,1
68746,CFG_755205a28938,zp8,63,1
68747,CFG_cf541d0f8a3a,zp8,63,1
68748,CFG_275e4ca07248,zp8,63,1
68749,CFG_cf6528e23789,zp8,63,1
68750,CFG_dda2f907b868,zp8,63,1
68751,CFG_acabbc62a021,zp8,63,1
68752,CFG_cf541d0f8a3a,zp8,63,1
68753,CFG_8a51f93d684d,zp8,63,1
68754,CFG_e3386d946379,zp8,63,1
68755,CFG_36f82e31118f,zp8,63,1
68756,CFG_17620e2785dc,zp8,63,1
68757,CFG_b2a3cbb134c5,zp8,63,1
68758,CFG_a1ebd0490272,zp8,63,1
68759,CFG_3a3d7179fe0d,zp8,63,1
68760,CFG_a1d878e7d840,zp8,63,1
68761,CFG_ceef49456daa,zp8,63,1
68762,CFG_8f2957e28805,zp8,63,1
68763,CFG_9c659499047b,zp8,63,1
68764,CFG_b2a3cbb134c5,zp8,63,1
68765,CFG_e1e6e0c66c93,zp8,63,1
68766,CFG_cf541d0f8a3a,zp8,63,1
68767,CFG_8a51f93d684d,zp8,63,1
68768,CFG_7cd4c6b023c5,zp8,63,1
68769,CFG_8bfc9d62299c,zp8,63,1
68770,CFG_9178f775d49a,zp8,63,1
68771,CFG_b2bb984b770a,zp8,63,1
68772,CFG_e1e6e0c66c93,zp8,63,1
68773,CFG_8bfc9d62299c,zp8,63,1
68774,CFG_d39c77a1a4bf,zp8,63,1
68775,CFG_e3950fd94ca1,zp8,63,1
68776,CFG_8bfc9d62299c,zp8,63,1
68777,CFG_b2a3cbb134c5,zp8,63,1
68778,CFG_67b539d34471,zp8,63,1
68779,CFG_9178f775d49a,zp8,63,1
68780,CFG_ac213567a5a2,zp8,63,1
68781,CFG_5cd0c67d59bc,zp8,63,1
68782,CFG_ac213567a5a2,zp8,63,1
68783,CFG_8bfc9d62299c,zp8,63,1
68784,CFG_9178f775d49a,zp8,63,1
68785,CFG_ceef49456daa,zp8,63,1
68786,CFG_36f82e31118f,zp8,63,1
68787,CFG_637b6e72af93,zp8,63,1
68788,CFG_755205a28938,zp8,63,1
68789,CFG_67b539d34471,zp8,63,1
68790,CFG_deda15f4c4a8,zp8,63,1
68791,CFG_3a3d7179fe0d,zp8,63,1
68792,CFG_9178f775d49a,zp8,63,1
68793,CFG_8bfc9d62299c,zp8,63,1
68794,CFG_8bfc9d62299c,zp8,63,1
68795,CFG_f18488ce1456,zp8,63,1
68796,CFG_9178f775d49a,zp8,63,1
68797,CFG_d96b0c9e44d0,zp8,63,1
68798,CFG_f18488ce1456,zp8,63,1
68799,CFG_9c659499047b,zp8,63,1
68800,CFG_cc5bbb6e9d13,zp8,63,1
68801,CFG_f18488ce1456,zp8,63,1
68802,CFG_ffde3ea1b2e3,zp8,63,1
68803,CFG_cf541d0f8a3a,zp8,63,1
68804,CFG_b8e6a5652de1,zp8,63,1
68805,CFG_7fa53b7ab3bf,zp8,63,1
68806,CFG_5514d03a77b0,zp8,63,1
68807,CFG_939ca62c69c2,zp8,63,1
68808,CFG_9178f775d49a,zp8,63,1
68809,CFG_755205a28938,zp8,63,1
68810,CFG_59aede929579,zp8,63,1
68811,CFG_ffde3ea1b2e3,zp8,63,1
68812,CFG_1ec55dc0a2ff,zp8,63,1
68813,CFG_e1e6e0c66c93,zp8,63,1
68814,CFG_db37bdfe8c71,zp8,63,1
68815,CFG_de29bb20eaa6,zp8,63,1
68816,CFG_f18488ce1456,zp8,63,1
68817,CFG_939ca62c69c2,zp8,63,1
68818,CFG_d39c77a1a4bf,zp8,63,1
68819,CFG_a34f76b67ef4,zp8,63,1
68820,CFG_773ac98270b6,zp8,63,1
68821,CFG_ffde3ea1b2e3,zp8,63,1
68822,CFG_8bfc9d62299c,zp8,63,1
68823,CFG_939ca62c69c2,zp8,63,1
68824,CFG_8a51f93d684d,zp8,63,1
68825,CFG_e3950fd94ca1,zp8,63,1
68826,CFG_755205a28938,zp8,63,1
68827,CFG_727914633b9e,zp8,63,1
68828,CFG_3a3d7179fe0d,zp8,63,1
68829,CFG_ac213567a5a2,zp8,63,1
68830,CFG_8a51f93d684d,zp8,63,1
68831,CFG_cf541d0f8a3a,zp8,63,1
68832,CFG_e3950fd94ca1,zp8,63,1
68833,CFG_755205a28938,zp8,63,1
68834,CFG_1ec55dc0a2ff,zp8,63,1
68835,CFG_710c47edfbc8,zp8,63,1
68836,CFG_3a3d7179fe0d,zp8,63,1
68837,CFG_f993a0fc6256,zp8,63,1
68838,CFG_5514d03a77b0,zp8,63,1
68839,CFG_802041076799,zp8,63,1
68840,CFG_cf541d0f8a3a,zp8,63,1
68841,CFG_773ac98270b6,zp8,63,1
68842,CFG_cf6528e23789,zp8,63,1
68843,CFG_deda15f4c4a8,zp8,63,1
68844,CFG_67b539d34471,zp8,63,1
68845,CFG_3278d3379c8a,zp8,63,1
68846,CFG_ac213567a5a2,zp8,63,1
68847,CFG_1738a11cbd49,zp8,63,1
68848,CFG_29c3378e155b,zp8,63,1
68849,CFG_755205a28938,zp8,63,1
68850,CFG_deda15f4c4a8,zp8,63,1
68851,CFG_59f154754573,zp8,63,1
68852,CFG_99b4d8a9c762,zp8,63,1
68853,CFG_e1e6e0c66c93,zp8,63,1
68854,CFG_d39c77a1a4bf,zp8,63,1
68855,CFG_9c659499047b,zp8,63,1
68856,CFG_1ec55dc0a2ff,zp8,63,1
68857,CFG_939ca62c69c2,zp8,63,1
68858,CFG_8a51f93d684d,zp8,63,1
68859,CFG_67b539d34471,zp8,63,1
68860,CFG_9178f775d49a,zp8,63,1
68861,CFG_3a3d7179fe0d,zp8,63,1
68862,CFG_710c47edfbc8,zp8,63,1
68863,CFG_9c659499047b,zp8,63,1
68864,CFG_bd6412fc68b0,zp8,63,1
68865,CFG_9c659499047b,zp8,63,1
68866,CFG_d96b0c9e44d0,zp8,63,1
68867,CFG_deda15f4c4a8,zp8,63,1
68868,CFG_b8e6a5652de1,zp8,63,1
68869,CFG_f18488ce1456,zp8,63,1
68870,CFG_5cd0c67d59bc,zp8,63,1
68871,CFG_8a51f93d684d,zp8,63,1
68872,CFG_288ddbff7431,zp8,63,1
68873,CFG_8bfc9d62299c,zp8,63,1
68874,CFG_b04e3d146803,zp8,63,1
68875,CFG_e3950fd94ca1,zp8,63,1
68876,CFG_9178f775d49a,zp8,63,1
68877,CFG_dda2f907b868,zp8,63,1
68878,CFG_9178f775d49a,zp8,63,1
68879,CFG_e3950fd94ca1,zp8,63,1
68880,CFG_b2a3cbb134c5,zp8,63,1
68881,CFG_b2a3cbb134c5,zp8,63,1
68882,CFG_8a51f93d684d,zp8,63,1
68883,CFG_9178f775d49a,zp8,63,1
68884,CFG_d96b0c9e44d0,zp8,63,1
68885,CFG_67b539d34471,zp8,63,1
68886,CFG_e3950fd94ca1,zp8,63,1
68887,CFG_a1d878e7d840,zp8,63,1
68888,CFG_36f82e31118f,zp8,63,1
68889,CFG_ffde3ea1b2e3,zp8,63,1
68890,CFG_727914633b9e,zp8,63,1
68891,CFG_8a51f93d684d,zp8,63,1
68892,CFG_be784e24b621,zp8,63,1
68893,CFG_bbea204eb2ac,zp8,63,1
68894,CFG_be784e24b621,zp8,63,1
68895,CFG_67b539d34471,zp8,63,1
68896,CFG_b2a3cbb134c5,zp8,63,1
68897,CFG_deda15f4c4a8,zp8,63,1
68898,CFG_9c659499047b,zp8,63,1
68899,CFG_5531dad98c69,zp8,63,1
68900,CFG_9178f775d49a,zp8,63,1
68901,CFG_5cd0c67d59bc,zp8,63,1
68902,CFG_5cd0c67d59bc,zp8,63,1
68903,CFG_8a51f93d684d,zp8,63,1
68904,CFG_e3950fd94ca1,zp8,63,1
68905,CFG_d7aadf87f0b1,zp8,63,1
68906,CFG_8bfc9d62299c,zp8,63,1
68907,CFG_a34f76b67ef4,zp8,63,1
68908,CFG_8a51f93d684d,zp8,63,1
68909,CFG_5531dad98c69,zp8,63,1
68910,CFG_e1e6e0c66c93,zp8,63,1
68911,CFG_773ac98270b6,zp8,63,1
68912,CFG_cf541d0f8a3a,zp8,63,1
68913,CFG_b2a3cbb134c5,zp8,63,1
68914,CFG_773ac98270b6,zp8,63,1
68915,CFG_8bfc9d62299c,zp8,63,1
68916,CFG_17620e2785dc,zp8,63,1
68917,CFG_802041076799,zp8,63,1
68918,CFG_755205a28938,zp8,63,1
68919,CFG_d7aadf87f0b1,zp8,63,1
68920,CFG_b2a3cbb134c5,zp8,63,1
68921,CFG_b2a3cbb134c5,zp8,63,1
68922,CFG_67b539d34471,zp8,63,1
68923,CFG_1e693796a40d,zp8,63,1
68924,CFG_be784e24b621,zp8,63,1
68925,CFG_1738a11cbd49,zp8,63,1
68926,CFG_f18488ce1456,zp8,63,1
68927,CFG_f18488ce1456,zp8,63,1
68928,CFG_59aede929579,zp8,63,1
68929,CFG_a1d878e7d840,zp8,63,1
68930,CFG_deda15f4c4a8,zp8,63,1
68931,CFG_e1e6e0c66c93,zp8,63,1
68932,CFG_bd6412fc68b0,zp8,63,1
68933,CFG_be784e24b621,zp8,63,1
68934,CFG_ac213567a5a2,zp8,63,1
68935,CFG_cf541d0f8a3a,zp8,63,1
68936,CFG_59aede929579,zp8,63,1
68937,CFG_1e693796a40d,zp8,63,1
68938,CFG_8bfc9d62299c,zp8,63,1
68939,CFG_8bfc9d62299c,zp8,63,1
68940,CFG_5cd0c67d59bc,zp8,63,1
68941,CFG_a34f76b67ef4,zp8,63,1
68942,CFG_773ac98270b6,zp8,63,1
68943,CFG_59aede929579,zp8,63,1
68944,CFG_2154b722e06b,zp8,63,1
68945,CFG_36f82e31118f,zp8,63,1
68946,CFG_6caaadb373ea,zp8,63,1
68947,CFG_cf541d0f8a3a,zp8,63,1
68948,CFG_29c3378e155b,zp8,63,1
68949,CFG_1ec55dc0a2ff,zp8,63,1
68950,CFG_36f82e31118f,zp8,63,1
68951,CFG_17620e2785dc,zp8,63,1
68952,CFG_67b539d34471,zp8,63,1
68953,CFG_e3950fd94ca1,zp8,63,1
68954,CFG_36f82e31118f,zp8,63,1
68955,CFG_7acc0fd451e2,zp8,63,1
68956,CFG_36f82e31118f,zp8,63,1
68957,CFG_5514d03a77b0,zp8,63,1
68958,CFG_b2a3cbb134c5,zp8,63,1
68959,CFG_f18488ce1456,zp8,63,1
68960,CFG_39fe645ba2f1,zp8,63,1
68961,CFG_1ec55dc0a2ff,zp8,63,1
68962,CFG_c910518048de,zp8,63,1
68963,CFG_d96b0c9e44d0,zp8,63,1
68964,CFG_e3950fd94ca1,zp8,63,1
68965,CFG_be784e24b621,zp8,63,1
68966,CFG_f18488ce1456,zp8,63,1
68967,CFG_8bfc9d62299c,zp8,63,1
68968,CFG_3a3d7179fe0d,zp8,63,1
68969,CFG_d7aadf87f0b1,zp8,63,1
68970,CFG_acabbc62a021,zp8,63,1
68971,CFG_625048fefa0b,zp8,63,1
68972,CFG_f18488ce1456,zp8,63,1
68973,CFG_f18488ce1456,zp8,63,1
68974,CFG_5514d03a77b0,zp8,63,1
68975,CFG_29c3378e155b,zp8,63,1
68976,CFG_36f82e31118f,zp8,63,1
68977,CFG_a34f76b67ef4,zp8,63,1
68978,CFG_1d0f84c0bb06,zp8,63,1
68979,CFG_dda2f907b868,zp8,63,1
68980,CFG_a1d878e7d840,zp8,63,1
68981,CFG_8a51f93d684d,zp8,63,1
68982,CFG_8bfc9d62299c,zp8,63,1
68983,CFG_cf541d0f8a3a,zp8,63,1
68984,CFG_8a51f93d684d,zp8,63,1
68985,CFG_727914633b9e,zp8,63,1
68986,CFG_a1ebd0490272,zp8,63,1
68987,CFG_be784e24b621,zp8,63,1
68988,CFG_755205a28938,zp8,63,1
68989,CFG_1e693796a40d,zp8,63,1
68990,CFG_b8e6a5652de1,zp8,63,1
68991,CFG_b2a3cbb134c5,zp8,63,1
68992,CFG_3a3d7179fe0d,zp8,63,1
68993,CFG_3324700714f1,zp8,63,1
68994,CFG_67b539d34471,zp8,63,1
68995,CFG_59aede929579,zp8,63,1
68996,CFG_17620e2785dc,zp8,63,1
68997,CFG_f18488ce1456,zp8,63,1
68998,CFG_77c8b99b43d9,zp8,63,1
68999,CFG_1ec55dc0a2ff,zp8,63,1
69000,CFG_e1e6e0c66c93,zp8,63,1
69001,CFG_8a51f93d684d,zp8,63,1
69002,CFG_8bfc9d62299c,zp8,63,1
69003,CFG_1738a11cbd49,zp8,63,1
69004,CFG_773ac98270b6,zp8,63,1
69005,CFG_1ec55dc0a2ff,zp8,63,1
69006,CFG_3a3d7179fe0d,zp8,63,1
69007,CFG_bbea204eb2ac,zp8,63,1
69008,CFG_d7aadf87f0b1,zp8,63,1
69009,CFG_d39c77a1a4bf,zp8,63,1
69010,CFG_b2a3cbb134c5,zp8,63,1
69011,CFG_f993a0fc6256,zp8,63,1
69012,CFG_f993a0fc6256,zp8,63,1
69013,CFG_dda2f907b868,zp8,63,1
69014,CFG_7fa53b7ab3bf,zp8,63,1
69015,CFG_5514d03a77b0,zp8,63,1
69016,CFG_8a51f93d684d,zp8,63,1
69017,CFG_532891bb36ca,zp8,63,1
69018,CFG_39fe645ba2f1,zp8,63,1
69019,CFG_c94b44f1b2f9,zp8,63,1
69020,CFG_36f82e31118f,zp8,63,1
69021,CFG_2154b722e06b,zp8,63,1
69022,CFG_e3950fd94ca1,zp8,63,1
69023,CFG_bbea204eb2ac,zp8,63,1
69024,CFG_b2a3cbb134c5,zp8,63,1
69025,CFG_3697b100c401,zp8,63,1
69026,CFG_ffde3ea1b2e3,zp8,63,1
69027,CFG_9c659499047b,zp8,63,1
69028,CFG_5514d03a77b0,zp8,63,1
69029,CFG_f18488ce1456,zp8,63,1
69030,CFG_36f82e31118f,zp8,63,1
69031,CFG_727914633b9e,zp8,63,1
69032,CFG_e87513c8563d,zp8,63,1
69033,CFG_acabbc62a021,zp8,63,1
69034,CFG_8a51f93d684d,zp8,63,1
69035,CFG_cf541d0f8a3a,zp8,63,1
69036,CFG_1ec55dc0a2ff,zp8,63,1
69037,CFG_cf541d0f8a3a,zp8,63,1
69038,CFG_3697b100c401,zp8,63,1
69039,CFG_b8e6a5652de1,zp8,63,1
69040,CFG_5cd0c67d59bc,zp8,63,1
69041,CFG_8a51f93d684d,zp8,63,1
69042,CFG_acabbc62a021,zp8,63,1
69043,CFG_3a3d7179fe0d,zp8,63,1
69044,CFG_3278d3379c8a,zp8,63,1
69045,CFG_8a51f93d684d,zp8,63,1
69046,CFG_bd6412fc68b0,zp8,63,1
69047,CFG_67b539d34471,zp8,63,1
69048,CFG_b2a3cbb134c5,zp8,63,1
69049,CFG_36f82e31118f,zp8,63,1
69050,CFG_c94b44f1b2f9,zp8,63,1
69051,CFG_deda15f4c4a8,zp8,63,1
69052,CFG_8a51f93d684d,zp8,63,1
69053,CFG_65f78a36ed50,zp8,63,1
69054,CFG_1ec55dc0a2ff,zp8,63,1
69055,CFG_9c659499047b,zp8,63,1
69056,CFG_939ca62c69c2,zp8,63,1
69057,CFG_b2a3cbb134c5,zp8,63,1
69058,CFG_cf541d0f8a3a,zp8,63,1
69059,CFG_1738a11cbd49,zp8,63,1
69060,CFG_8a51f93d684d,zp8,63,1
69061,CFG_755205a28938,zp8,63,1
69062,CFG_b8e6a5652de1,zp8,63,1
69063,CFG_9178f775d49a,zp8,63,1
69064,CFG_d96b0c9e44d0,zp8,63,1
69065,CFG_f18488ce1456,zp8,63,1
69066,CFG_59f154754573,zp8,63,1
69067,CFG_d96b0c9e44d0,zp8,63,1
69068,CFG_2534839bab0a,zp8,63,1
69069,CFG_5be0533f7ebf,zp8,63,1
69070,CFG_b2a3cbb134c5,zp8,63,1
69071,CFG_a34f76b67ef4,zp8,63,1
69072,CFG_e1e6e0c66c93,zp8,63,1
69073,CFG_59aede929579,zp8,63,1
69074,CFG_710c47edfbc8,zp8,63,1
69075,CFG_773ac98270b6,zp8,63,1
69076,CFG_9178f775d49a,zp8,63,1
69077,CFG_f18488ce1456,zp8,63,1
69078,CFG_17620e2785dc,zp8,63,1
69079,CFG_59f154754573,zp8,63,1
69080,CFG_deda15f4c4a8,zp8,63,1
69081,CFG_1ec55dc0a2ff,zp8,63,1
69082,CFG_36f82e31118f,zp8,63,1
69083,CFG_5531dad98c69,zp8,63,1
69084,CFG_d96b0c9e44d0,zp8,63,1
69085,CFG_6caaadb373ea,zp8,63,1
69086,CFG_be784e24b621,zp8,63,1
69087,CFG_e1e6e0c66c93,zp8,63,1
69088,CFG_1ec55dc0a2ff,zp8,63,1
69089,CFG_39fe645ba2f1,zp8,63,1
69090,CFG_cf541d0f8a3a,zp8,63,1
69091,CFG_2534839bab0a,zp8,63,1
69092,CFG_67b539d34471,zp8,63,1
69093,CFG_67b539d34471,zp8,63,1
69094,CFG_939ca62c69c2,zp8,63,1
69095,CFG_be784e24b621,zp8,63,1
69096,CFG_b2a3cbb134c5,zp8,63,1
69097,CFG_8a51f93d684d,zp8,63,1
69098,CFG_755205a28938,zp8,63,1
69099,CFG_f993a0fc6256,zp8,63,1
69100,CFG_acabbc62a021,zp8,63,1
69101,CFG_ceef49456daa,zp8,63,1
69102,CFG_d0face5aa80d,zp8,63,1
69103,CFG_e3950fd94ca1,zp8,63,1
69104,CFG_cf541d0f8a3a,zp8,63,1
69105,CFG_deda15f4c4a8,zp8,63,1
69106,CFG_1ec55dc0a2ff,zp8,63,1
69107,CFG_17620e2785dc,zp8,63,1
69108,CFG_cf541d0f8a3a,zp8,63,1
69109,CFG_5514d03a77b0,zp8,63,1
69110,CFG_9c659499047b,zp8,63,1
69111,CFG_9c659499047b,zp8,63,1
69112,CFG_773ac98270b6,zp8,63,1
69113,CFG_f18488ce1456,zp8,63,1
69114,CFG_5cd0c67d59bc,zp8,63,1
69115,CFG_6caaadb373ea,zp8,63,1
69116,CFG_8a51f93d684d,zp8,63,1
69117,CFG_3a3d7179fe0d,zp8,63,1
69118,CFG_deda15f4c4a8,zp8,63,1
69119,CFG_288ddbff7431,zp8,63,1
69120,CFG_f18488ce1456,zp8,63,1
69121,CFG_67b539d34471,zp8,63,1
69122,CFG_b2a3cbb134c5,zp8,63,1
69123,CFG_67b539d34471,zp8,63,1
69124,CFG_a1ebd0490272,zp8,63,1
69125,CFG_f18488ce1456,zp8,63,1
69126,CFG_d7aadf87f0b1,zp8,63,1
69127,CFG_cf541d0f8a3a,zp8,63,1
69128,CFG_bd6412fc68b0,zp8,63,1
69129,CFG_f18488ce1456,zp8,63,1
69130,CFG_8a51f93d684d,zp8,63,1
69131,CFG_b2a3cbb134c5,zp8,63,1
69132,CFG_1738a11cbd49,zp8,63,1
69133,CFG_b2a3cbb134c5,zp8,63,1
69134,CFG_e3950fd94ca1,zp8,63,1
69135,CFG_f18488ce1456,zp8,63,1
69136,CFG_e3950fd94ca1,zp8,63,1
69137,CFG_d39c77a1a4bf,zp8,63,1
69138,CFG_67b539d34471,zp8,63,1
69139,CFG_8a51f93d684d,zp8,63,1
69140,CFG_9c659499047b,zp8,63,1
69141,CFG_ffde3ea1b2e3,zp8,63,1
69142,CFG_db37bdfe8c71,zp8,63,1
69143,CFG_deda15f4c4a8,zp8,63,1
69144,CFG_e1e6e0c66c93,zp8,63,1
69145,CFG_d7aadf87f0b1,zp8,63,1
69146,CFG_e3950fd94ca1,zp8,63,1
69147,CFG_7fa53b7ab3bf,zp8,63,1
69148,CFG_637b6e72af93,zp8,63,1
69149,CFG_39fe645ba2f1,zp8,63,1
69150,CFG_710c47edfbc8,zp8,63,1
69151,CFG_9c659499047b,zp8,63,1
69152,CFG_17620e2785dc,zp8,63,1
69153,CFG_f18488ce1456,zp8,63,1
69154,CFG_f18488ce1456,zp8,63,1
69155,CFG_5cd0c67d59bc,zp8,63,1
69156,CFG_5cd0c67d59bc,zp8,63,1
69157,CFG_59aede929579,zp8,63,1
69158,CFG_f18488ce1456,zp8,63,1
69159,CFG_b2a3cbb134c5,zp8,63,1
69160,CFG_29c3378e155b,zp8,63,1
69161,CFG_1ec55dc0a2ff,zp8,63,1
69162,CFG_8bfc9d62299c,zp8,63,1
69163,CFG_39fe645ba2f1,zp8,63,1
69164,CFG_29c3378e155b,zp8,63,1
69165,CFG_f18488ce1456,zp8,63,1
69166,CFG_8bfc9d62299c,zp8,63,1
69167,CFG_9c659499047b,zp8,63,1
69168,CFG_2154b722e06b,zp8,63,1
69169,CFG_de29bb20eaa6,zp8,63,1
69170,CFG_7155e4ee7bdf,zp8,63,1
69171,CFG_b2a3cbb134c5,zp8,63,1
69172,CFG_8a51f93d684d,zp8,63,1
69173,CFG_9c659499047b,zp8,63,1
69174,CFG_e3950fd94ca1,zp8,63,1
69175,CFG_2154b722e06b,zp8,63,1
69176,CFG_5cd0c67d59bc,zp8,63,1
69177,CFG_b2a3cbb134c5,zp8,63,1
69178,CFG_29c3378e155b,zp8,63,1
69179,CFG_59aede929579,zp8,63,1
69180,CFG_773ac98270b6,zp8,63,1
69181,CFG_bbea204eb2ac,zp8,63,1
69182,CFG_d7aadf87f0b1,zp8,63,1
69183,CFG_773ac98270b6,zp8,63,1
69184,CFG_9178f775d49a,zp8,63,1
69185,CFG_17620e2785dc,zp8,63,1
69186,CFG_1d1816b1d9d8,zp8,63,1
69187,CFG_e1e6e0c66c93,zp8,63,1
69188,CFG_b2a3cbb134c5,zp8,63,1
69189,CFG_637b6e72af93,zp8,63,1
69190,CFG_deda15f4c4a8,zp8,63,1
69191,CFG_755205a28938,zp8,63,1
69192,CFG_36f82e31118f,zp8,63,1
69193,CFG_5851809b712d,zp8,63,1
69194,CFG_a34f76b67ef4,zp8,63,1
69195,CFG_7fa53b7ab3bf,zp8,63,1
69196,CFG_9c659499047b,zp8,63,1
69197,CFG_f18488ce1456,zp8,63,1
69198,CFG_b04e3d146803,zp8,63,1
69199,CFG_9178f775d49a,zp8,63,1
69200,CFG_f18488ce1456,zp8,63,1
69201,CFG_cf541d0f8a3a,zp8,63,1
69202,CFG_d96b0c9e44d0,zp8,63,1
69203,CFG_59f154754573,zp8,63,1
69204,CFG_1738a11cbd49,zp8,63,1
69205,CFG_9178f775d49a,zp8,63,1
69206,CFG_710c47edfbc8,zp8,63,1
69207,CFG_773ac98270b6,zp8,63,1
69208,CFG_8a51f93d684d,zp8,63,1
69209,CFG_39fe645ba2f1,zp8,63,1
69210,CFG_d96b0c9e44d0,zp8,63,1
69211,CFG_a292c20a75fd,zp8,63,1
69212,CFG_3a3d7179fe0d,zp8,63,1
69213,CFG_cc5bbb6e9d13,zp8,63,1
69214,CFG_9c659499047b,zp8,63,1
69215,CFG_5514d03a77b0,zp8,63,1
69216,CFG_ffde3ea1b2e3,zp8,63,1
69217,CFG_9c659499047b,zp8,63,1
69218,CFG_39fe645ba2f1,zp8,63,1
69219,CFG_532891bb36ca,zp8,63,1
69220,CFG_1ec55dc0a2ff,zp8,63,1
69221,CFG_e3950fd94ca1,zp8,63,1
69222,CFG_bbea204eb2ac,zp8,63,1
69223,CFG_9c659499047b,zp8,63,1
69224,CFG_29c3378e155b,zp8,63,1
69225,CFG_5cd0c67d59bc,zp8,63,1
69226,CFG_b2a3cbb134c5,zp8,63,1
69227,CFG_1d1816b1d9d8,zp8,63,1
69228,CFG_e1e6e0c66c93,zp8,63,1
69229,CFG_cf541d0f8a3a,zp8,63,1
69230,CFG_deda15f4c4a8,zp8,63,1
69231,CFG_8a51f93d684d,zp8,63,1
69232,CFG_f18488ce1456,zp8,63,1
69233,CFG_deda15f4c4a8,zp8,63,1
69234,CFG_d96b0c9e44d0,zp8,63,1
69235,CFG_e3386d946379,zp8,63,1
69236,CFG_3a3d7179fe0d,zp8,63,1
69237,CFG_f18488ce1456,zp8,63,1
69238,CFG_1ec55dc0a2ff,zp8,63,1
69239,CFG_2534839bab0a,zp8,63,1
69240,CFG_e3950fd94ca1,zp8,63,1
69241,CFG_17620e2785dc,zp8,63,1
69242,CFG_dda2f907b868,zp8,63,1
69243,CFG_d96b0c9e44d0,zp8,63,1
69244,CFG_755205a28938,zp8,63,1
69245,CFG_ffde3ea1b2e3,zp8,63,1
69246,CFG_9c659499047b,zp8,63,1
69247,CFG_bbea204eb2ac,zp8,63,1
69248,CFG_710c47edfbc8,zp8,63,1
69249,CFG_8a51f93d684d,zp8,63,1
69250,CFG_773ac98270b6,zp8,63,1
69251,CFG_a1d878e7d840,zp8,63,1
69252,CFG_36f82e31118f,zp8,63,1
69253,CFG_67b539d34471,zp8,63,1
69254,CFG_f18488ce1456,zp8,63,1
69255,CFG_1738a11cbd49,zp8,63,1
69256,CFG_39fe645ba2f1,zp8,63,1
69257,CFG_710c47edfbc8,zp8,63,1
69258,CFG_e3950fd94ca1,zp8,63,1
69259,CFG_b2a3cbb134c5,zp8,63,1
69260,CFG_17620e2785dc,zp8,63,1
69261,CFG_deda15f4c4a8,zp8,63,1
69262,CFG_f18488ce1456,zp8,63,1
69263,CFG_773ac98270b6,zp8,63,1
69264,CFG_cf541d0f8a3a,zp8,63,1
69265,CFG_5cd0c67d59bc,zp8,63,1
69266,CFG_9178f775d49a,zp8,63,1
69267,CFG_1e693796a40d,zp8,63,1
69268,CFG_d7aadf87f0b1,zp8,63,1
69269,CFG_b2bb984b770a,zp8,63,1
69270,CFG_3e489afc8bfd,zp8,63,1
69271,CFG_be784e24b621,zp8,63,1
69272,CFG_7fa53b7ab3bf,zp8,63,1
69273,CFG_288ddbff7431,zp8,63,1
69274,CFG_1ec55dc0a2ff,zp8,63,1
69275,CFG_2534839bab0a,zp8,63,1
69276,CFG_8a51f93d684d,zp8,63,1
69277,CFG_288ddbff7431,zp8,63,1
69278,CFG_1ec55dc0a2ff,zp8,63,1
69279,CFG_3e489afc8bfd,zp8,63,1
69280,CFG_9c659499047b,zp8,63,1
69281,CFG_58ae56c3ee5b,zp8,63,1
69282,CFG_cf541d0f8a3a,zp8,63,1
69283,CFG_f18488ce1456,zp8,63,1
69284,CFG_f18488ce1456,zp8,63,1
69285,CFG_36f82e31118f,zp8,63,1
69286,CFG_773ac98270b6,zp8,63,1
69287,CFG_36f82e31118f,zp8,63,1
69288,CFG_65f78a36ed50,zp8,63,1
69289,CFG_deda15f4c4a8,zp8,63,1
69290,CFG_b2a3cbb134c5,zp8,63,1
69291,CFG_1738a11cbd49,zp8,63,1
69292,CFG_67b539d34471,zp8,63,1
69293,CFG_1747d90ed031,zp8,63,1
69294,CFG_8a51f93d684d,zp8,63,1
69295,CFG_9178f775d49a,zp8,63,1
69296,CFG_939ca62c69c2,zp8,63,1
69297,CFG_a1d878e7d840,zp8,63,1
69298,CFG_8a51f93d684d,zp8,63,1
69299,CFG_755205a28938,zp8,63,1
69300,CFG_81cab8befe03,zp8,63,1
69301,CFG_8bfc9d62299c,zp8,63,1
69302,CFG_67b539d34471,zp8,63,1
69303,CFG_de29bb20eaa6,zp8,63,1
69304,CFG_939ca62c69c2,zp8,63,1
69305,CFG_58ae56c3ee5b,zp8,63,1
69306,CFG_67b539d34471,zp8,63,1
69307,CFG_8a51f93d684d,zp8,63,1
69308,CFG_e1e6e0c66c93,zp8,63,1
69309,CFG_e3950fd94ca1,zp8,63,1
69310,CFG_288ddbff7431,zp8,63,1
69311,CFG_5cd0c67d59bc,zp8,63,1
69312,CFG_8a51f93d684d,zp8,63,1
69313,CFG_773ac98270b6,zp8,63,1
69314,CFG_5cd0c67d59bc,zp8,63,1
69315,CFG_d7aadf87f0b1,zp8,63,1
69316,CFG_be784e24b621,zp8,63,1
69317,CFG_e3386d946379,zp8,63,1
69318,CFG_f18488ce1456,zp8,63,1
69319,CFG_99b4d8a9c762,zp8,63,1
69320,CFG_67b539d34471,zp8,63,1
69321,CFG_67b539d34471,zp8,63,1
69322,CFG_e1e6e0c66c93,zp8,63,1
69323,CFG_cf541d0f8a3a,zp8,63,1
69324,CFG_b2a3cbb134c5,zp8,63,1
69325,CFG_de29bb20eaa6,zp8,63,1
69326,CFG_deda15f4c4a8,zp8,63,1
69327,CFG_cf541d0f8a3a,zp8,63,1
69328,CFG_67b539d34471,zp8,63,1
69329,CFG_5cd0c67d59bc,zp8,63,1
69330,CFG_8bfc9d62299c,zp8,63,1
69331,CFG_755205a28938,zp8,63,1
69332,CFG_b8e6a5652de1,zp8,63,1
69333,CFG_835bac03bc4f,zp8,63,1
69334,CFG_6caaadb373ea,zp8,63,1
69335,CFG_f18488ce1456,zp8,63,1
69336,CFG_d96b0c9e44d0,zp8,63,1
69337,CFG_7fa53b7ab3bf,zp8,63,1
69338,CFG_8a51f93d684d,zp8,63,1
69339,CFG_3278d3379c8a,zp8,63,1
69340,CFG_ffde3ea1b2e3,zp8,63,1
69341,CFG_db37bdfe8c71,zp8,63,1
69342,CFG_dda2f907b868,zp8,63,1
69343,CFG_1747d90ed031,zp8,63,1
69344,CFG_1ec55dc0a2ff,zp8,63,1
69345,CFG_f18488ce1456,zp8,63,1
69346,CFG_c94b44f1b2f9,zp8,63,1
69347,CFG_1ec55dc0a2ff,zp8,63,1
69348,CFG_8bfc9d62299c,zp8,63,1
69349,CFG_a1d878e7d840,zp8,63,1
69350,CFG_cf541d0f8a3a,zp8,63,1
69351,CFG_1738a11cbd49,zp8,63,1
69352,CFG_755205a28938,zp8,63,1
69353,CFG_9178f775d49a,zp8,63,1
69354,CFG_773ac98270b6,zp8,63,1
69355,CFG_710c47edfbc8,zp8,63,1
69356,CFG_be784e24b621,zp8,63,1
69357,CFG_1ec55dc0a2ff,zp8,63,1
69358,CFG_e1e6e0c66c93,zp8,63,1
69359,CFG_3a3d7179fe0d,zp8,63,1
69360,CFG_8a51f93d684d,zp8,63,1
69361,CFG_288ddbff7431,zp8,63,1
69362,CFG_bbea204eb2ac,zp8,63,1
69363,CFG_cf541d0f8a3a,zp8,63,1
69364,CFG_bbea204eb2ac,zp8,63,1
69365,CFG_17620e2785dc,zp8,63,1
69366,CFG_b04e3d146803,zp8,63,1
69367,CFG_ac213567a5a2,zp8,63,1
69368,CFG_2154b722e06b,zp8,63,1
69369,CFG_c94b44f1b2f9,zp8,63,1
69370,CFG_e1e6e0c66c93,zp8,63,1
69371,CFG_be784e24b621,zp8,63,1
69372,CFG_5514d03a77b0,zp8,63,1
69373,CFG_755205a28938,zp8,63,1
69374,CFG_5514d03a77b0,zp8,63,1
69375,CFG_710c47edfbc8,zp8,63,1
69376,CFG_b2a3cbb134c5,zp8,63,1
69377,CFG_3a3d7179fe0d,zp8,63,1
69378,CFG_59aede929579,zp8,63,1
69379,CFG_1ec55dc0a2ff,zp8,63,1
69380,CFG_f18488ce1456,zp8,63,1
69381,CFG_a292c20a75fd,zp8,63,1
69382,CFG_deda15f4c4a8,zp8,63,1
69383,CFG_dda2f907b868,zp8,63,1
69384,CFG_cf541d0f8a3a,zp8,63,1
69385,CFG_710c47edfbc8,zp8,63,1
69386,CFG_deda15f4c4a8,zp8,63,1
69387,CFG_f18488ce1456,zp8,63,1
69388,CFG_17620e2785dc,zp8,63,1
69389,CFG_1d0f84c0bb06,zp8,63,1
69390,CFG_939ca62c69c2,zp8,63,1
69391,CFG_b8e6a5652de1,zp8,63,1
69392,CFG_1ec55dc0a2ff,zp8,63,1
69393,CFG_9178f775d49a,zp8,63,1
69394,CFG_9c659499047b,zp8,63,1
69395,CFG_802041076799,zp8,63,1
69396,CFG_de29bb20eaa6,zp8,63,1
69397,CFG_be784e24b621,zp8,63,1
69398,CFG_275e4ca07248,zp8,63,1
69399,CFG_d96b0c9e44d0,zp8,63,1
69400,CFG_36f82e31118f,zp8,63,1
69401,CFG_9c659499047b,zp8,63,1
69402,CFG_59f154754573,zp8,63,1
69403,CFG_acabbc62a021,zp8,63,1
69404,CFG_1ec55dc0a2ff,zp8,63,1
69405,CFG_1ec55dc0a2ff,zp8,63,1
69406,CFG_be784e24b621,zp8,63,1
69407,CFG_1ec55dc0a2ff,zp8,63,1
69408,CFG_8a51f93d684d,zp8,63,1
69409,CFG_a1d878e7d840,zp8,63,1
69410,CFG_710c47edfbc8,zp8,63,1
69411,CFG_f18488ce1456,zp8,63,1
69412,CFG_67b539d34471,zp8,63,1
69413,CFG_9c659499047b,zp8,63,1
69414,CFG_5cd0c67d59bc,zp8,63,1
69415,CFG_3a3d7179fe0d,zp8,63,1
69416,CFG_d39c77a1a4bf,zp8,63,1
69417,CFG_b2a3cbb134c5,zp8,63,1
69418,CFG_9178f775d49a,zp8,63,1
69419,CFG_17620e2785dc,zp8,63,1
69420,CFG_8a51f93d684d,zp8,63,1
69421,CFG_3a3d7179fe0d,zp8,63,1
69422,CFG_1ec55dc0a2ff,zp8,63,1
69423,CFG_8bfc9d62299c,zp8,63,1
69424,CFG_f18488ce1456,zp8,63,1
69425,CFG_5851809b712d,zp8,63,1
69426,CFG_67b539d34471,zp8,63,1
69427,CFG_e87513c8563d,zp8,63,1
69428,CFG_3a3d7179fe0d,zp8,63,1
69429,CFG_a292c20a75fd,zp8,63,1
69430,CFG_36f82e31118f,zp8,63,1
69431,CFG_dda2f907b868,zp8,63,1
69432,CFG_939ca62c69c2,zp8,63,1
69433,CFG_939ca62c69c2,zp8,63,1
69434,CFG_773ac98270b6,zp8,63,1
69435,CFG_ceef49456daa,zp8,63,1
69436,CFG_1738a11cbd49,zp8,63,1
69437,CFG_be784e24b621,zp8,63,1
69438,CFG_2154b722e06b,zp8,63,1
69439,CFG_17620e2785dc,zp8,63,1
69440,CFG_cf541d0f8a3a,zp8,63,1
69441,CFG_b8e6a5652de1,zp8,63,1
69442,CFG_1ec55dc0a2ff,zp8,63,1
69443,CFG_bbea204eb2ac,zp8,63,1
69444,CFG_deda15f4c4a8,zp8,63,1
69445,CFG_99b4d8a9c762,zp8,63,1
69446,CFG_29c3378e155b,zp8,63,1
69447,CFG_9c659499047b,zp8,63,1
69448,CFG_17620e2785dc,zp8,63,1
69449,CFG_755205a28938,zp8,63,1
69450,CFG_939ca62c69c2,zp8,63,1
69451,CFG_67b539d34471,zp8,63,1
69452,CFG_f18488ce1456,zp8,63,1
69453,CFG_e87513c8563d,zp8,63,1
69454,CFG_a34f76b67ef4,zp8,63,1
69455,CFG_8bfc9d62299c,zp8,63,1
69456,CFG_1738a11cbd49,zp8,63,1
69457,CFG_d96b0c9e44d0,zp8,63,1
69458,CFG_7cd4c6b023c5,zp8,63,1
69459,CFG_9c659499047b,zp8,63,1
69460,CFG_e3950fd94ca1,zp8,63,1
69461,CFG_f18488ce1456,zp8,63,1
69462,CFG_17620e2785dc,zp8,63,1
69463,CFG_a34f76b67ef4,zp8,63,1
69464,CFG_36f82e31118f,zp8,63,1
69465,CFG_d7aadf87f0b1,zp8,63,1
69466,CFG_17620e2785dc,zp8,63,1
69467,CFG_a1d878e7d840,zp8,63,1
69468,CFG_7155e4ee7bdf,zp8,63,1
69469,CFG_5531dad98c69,zp8,63,1
69470,CFG_a1d878e7d840,zp8,63,1
69471,CFG_9178f775d49a,zp8,63,1
69472,CFG_625048fefa0b,zp8,63,1
69473,CFG_6caaadb373ea,zp8,63,1
69474,CFG_f18488ce1456,zp8,63,1
69475,CFG_be784e24b621,zp8,63,1
69476,CFG_d96b0c9e44d0,zp8,63,1
69477,CFG_58ae56c3ee5b,zp8,63,1
69478,CFG_f18488ce1456,zp8,63,1
69479,CFG_b2a3cbb134c5,zp8,63,1
69480,CFG_f18488ce1456,zp8,63,1
69481,CFG_710c47edfbc8,zp8,63,1
69482,CFG_cc5bbb6e9d13,zp8,63,1
69483,CFG_3a3d7179fe0d,zp8,63,1
69484,CFG_773ac98270b6,zp8,63,1
69485,CFG_d96b0c9e44d0,zp8,63,1
69486,CFG_deda15f4c4a8,zp8,63,1
69487,CFG_9c659499047b,zp8,63,1
69488,CFG_5cd0c67d59bc,zp8,63,1
69489,CFG_5531dad98c69,zp8,63,1
69490,CFG_29c3378e155b,zp8,63,1
69491,CFG_755205a28938,zp8,63,1
69492,CFG_3e489afc8bfd,zp8,63,1
69493,CFG_1738a11cbd49,zp8,63,1
69494,CFG_773ac98270b6,zp8,63,1
69495,CFG_67b539d34471,zp8,63,1
69496,CFG_cf541d0f8a3a,zp8,63,1
69497,CFG_b2a3cbb134c5,zp8,63,1
69498,CFG_99b4d8a9c762,zp8,63,1
69499,CFG_be784e24b621,zp8,63,1
69500,CFG_59aede929579,zp8,63,1
69501,CFG_acabbc62a021,zp8,63,1
69502,CFG_275e4ca07248,zp8,63,1
69503,CFG_8a51f93d684d,zp8,63,1
69504,CFG_36f82e31118f,zp8,63,1
69505,CFG_be784e24b621,zp8,63,1
69506,CFG_710c47edfbc8,zp8,63,1
69507,CFG_802041076799,zp8,63,1
69508,CFG_d7aadf87f0b1,zp8,63,1
69509,CFG_3a3d7179fe0d,zp8,63,1
69510,CFG_be784e24b621,zp8,63,1
69511,CFG_755205a28938,zp8,63,1
69512,CFG_deda15f4c4a8,zp8,63,1
69513,CFG_b04e3d146803,zp8,63,1
69514,CFG_f18488ce1456,zp8,63,1
69515,CFG_8bfc9d62299c,zp8,63,1
69516,CFG_9178f775d49a,zp8,63,1
69517,CFG_8a51f93d684d,zp8,63,1
69518,CFG_bbea204eb2ac,zp8,63,1
69519,CFG_f18488ce1456,zp8,63,1
69520,CFG_f18488ce1456,zp8,63,1
69521,CFG_b2a3cbb134c5,zp8,63,1
69522,CFG_3a3d7179fe0d,zp8,63,1
69523,CFG_755205a28938,zp8,63,1
69524,CFG_7cd4c6b023c5,zp8,63,1
69525,CFG_59aede929579,zp8,63,1
69526,CFG_cf541d0f8a3a,zp8,63,1
69527,CFG_a292c20a75fd,zp8,63,1
69528,CFG_5531dad98c69,zp8,63,1
69529,CFG_be784e24b621,zp8,63,1
69530,CFG_b2a3cbb134c5,zp8,63,1
69531,CFG_ffde3ea1b2e3,zp8,63,1
69532,CFG_9178f775d49a,zp8,63,1
69533,CFG_f18488ce1456,zp8,63,1
69534,CFG_1e693796a40d,zp8,63,1
69535,CFG_67b539d34471,zp8,63,1
69536,CFG_67b539d34471,zp8,63,1
69537,CFG_8a51f93d684d,zp8,63,1
69538,CFG_bbea204eb2ac,zp8,63,1
69539,CFG_5514d03a77b0,zp8,63,1
69540,CFG_5cd0c67d59bc,zp8,63,1
69541,CFG_29c3378e155b,zp8,63,1
69542,CFG_f18488ce1456,zp8,63,1
69543,CFG_65f78a36ed50,zp8,63,1
69544,CFG_9178f775d49a,zp8,63,1
69545,CFG_17620e2785dc,zp8,63,1
69546,CFG_9c659499047b,zp8,63,1
69547,CFG_ffde3ea1b2e3,zp8,63,1
69548,CFG_cf541d0f8a3a,zp8,63,1
69549,CFG_8a51f93d684d,zp8,63,1
69550,CFG_773ac98270b6,zp8,63,1
69551,CFG_e1e6e0c66c93,zp8,63,1
69552,CFG_2154b722e06b,zp8,63,1
69553,CFG_e3950fd94ca1,zp8,63,1
69554,CFG_a34f76b67ef4,zp8,63,1
69555,CFG_727914633b9e,zp8,63,1
69556,CFG_f18488ce1456,zp8,63,1
69557,CFG_2154b722e06b,zp8,63,1
69558,CFG_a292c20a75fd,zp8,63,1
69559,CFG_ceef49456daa,zp8,63,1
69560,CFG_36f82e31118f,zp8,63,1
69561,CFG_39fe645ba2f1,zp8,63,1
69562,CFG_17620e2785dc,zp8,63,1
69563,CFG_773ac98270b6,zp8,63,1
69564,CFG_bd6412fc68b0,zp8,63,1
69565,CFG_3697b100c401,zp8,63,1
69566,CFG_d96b0c9e44d0,zp8,63,1
69567,CFG_5514d03a77b0,zp8,63,1
69568,CFG_d39c77a1a4bf,zp8,63,1
69569,CFG_29c3378e155b,zp8,63,1
69570,CFG_d7aadf87f0b1,zp8,63,1
69571,CFG_b04e3d146803,zp8,63,1
69572,CFG_5514d03a77b0,zp8,63,1
69573,CFG_a1d878e7d840,zp8,63,1
69574,CFG_17620e2785dc,zp8,63,1
69575,CFG_b8e6a5652de1,zp8,63,1
69576,CFG_67b539d34471,zp8,63,1
69577,CFG_f18488ce1456,zp8,63,1
69578,CFG_be784e24b621,zp8,63,1
69579,CFG_cf541d0f8a3a,zp8,63,1
69580,CFG_c910518048de,zp8,63,1
69581,CFG_1e693796a40d,zp8,63,1
69582,CFG_9178f775d49a,zp8,63,1
69583,CFG_c910518048de,zp8,63,1
69584,CFG_67b539d34471,zp8,63,1
69585,CFG_1e693796a40d,zp8,63,1
69586,CFG_d96b0c9e44d0,zp8,63,1
69587,CFG_939ca62c69c2,zp8,63,1
69588,CFG_773ac98270b6,zp8,63,1
69589,CFG_d96b0c9e44d0,zp8,63,1
69590,CFG_939ca62c69c2,zp8,63,1
69591,CFG_1e693796a40d,zp8,63,1
69592,CFG_d7aadf87f0b1,zp8,63,1
69593,CFG_1e693796a40d,zp8,63,1
69594,CFG_d7aadf87f0b1,zp8,63,1
69595,CFG_be784e24b621,zp8,63,1
69596,CFG_1738a11cbd49,zp8,63,1
69597,CFG_e1e6e0c66c93,zp8,63,1
69598,CFG_8a51f93d684d,zp8,63,1
69599,CFG_77c8b99b43d9,zp8,63,1
69600,CFG_b2a3cbb134c5,zp8,63,1
69601,CFG_532891bb36ca,zp8,63,1
69602,CFG_67b539d34471,zp8,63,1
69603,CFG_77c8b99b43d9,zp8,63,1
69604,CFG_773ac98270b6,zp8,63,1
69605,CFG_b04e3d146803,zp8,63,1
69606,CFG_77c8b99b43d9,zp8,63,1
69607,CFG_39fe645ba2f1,zp8,63,1
69608,CFG_f993a0fc6256,zp8,63,1
69609,CFG_1e693796a40d,zp8,63,1
69610,CFG_9c659499047b,zp8,63,1
69611,CFG_939ca62c69c2,zp8,63,1
69612,CFG_77c8b99b43d9,zp8,63,1
69613,CFG_cf541d0f8a3a,zp8,63,1
69614,CFG_a34f76b67ef4,zp8,63,1
69615,CFG_b2a3cbb134c5,zp8,63,1
69616,CFG_ffde3ea1b2e3,zp8,63,1
69617,CFG_77c8b99b43d9,zp8,63,1
69618,CFG_d96b0c9e44d0,zp8,63,1
69619,CFG_8a51f93d684d,zp8,63,1
69620,CFG_77c8b99b43d9,zp8,63,1
69621,CFG_f18488ce1456,zp8,63,1
69622,CFG_773ac98270b6,zp8,63,1
69623,CFG_77c8b99b43d9,zp8,63,1
69624,CFG_ffde3ea1b2e3,zp8,63,1
69625,CFG_f18488ce1456,zp8,63,1
69626,CFG_e1e6e0c66c93,zp8,63,1
69627,CFG_77c8b99b43d9,zp8,63,1
69628,CFG_67b539d34471,zp8,63,1
69629,CFG_ac213567a5a2,zp8,63,1
69630,CFG_cf6528e23789,zp8,63,1
69631,CFG_36f82e31118f,zp8,63,1
69632,CFG_de29bb20eaa6,zp8,63,1
69633,CFG_1d0f84c0bb06,zp8,63,1
69634,CFG_29c3378e155b,zp8,63,1
69635,CFG_9c659499047b,zp8,63,1
69636,CFG_3a3d7179fe0d,zp8,63,1
69637,CFG_773ac98270b6,zp8,63,1
69638,CFG_59aede929579,zp8,63,1
69639,CFG_cf541d0f8a3a,zp8,63,1
69640,CFG_d7aadf87f0b1,zp8,63,1
69641,CFG_59aede929579,zp8,63,1
69642,CFG_1e693796a40d,zp8,63,1
69643,CFG_9c659499047b,zp8,63,1
69644,CFG_8bfc9d62299c,zp8,63,1
69645,CFG_17620e2785dc,zp8,63,1
69646,CFG_59f154754573,zp8,63,1
69647,CFG_cf541d0f8a3a,zp8,63,1
69648,CFG_d0face5aa80d,zp8,63,1
69649,CFG_e87513c8563d,zp8,63,1
69650,CFG_8bfc9d62299c,zp8,63,1
69651,CFG_1738a11cbd49,zp8,63,1
69652,CFG_2154b722e06b,zp8,63,1
69653,CFG_cdb458536382,zp8,63,1
69654,CFG_8bfc9d62299c,zp8,63,1
69655,CFG_a1d878e7d840,zp8,63,1
69656,CFG_727914633b9e,zp8,63,1
69657,CFG_b2a3cbb134c5,zp8,63,1
69658,CFG_665857420cb6,zp8,63,1
69659,CFG_755205a28938,zp8,63,1
69660,CFG_d0face5aa80d,zp8,63,1
69661,CFG_1ec55dc0a2ff,zp8,63,1
69662,CFG_b8e6a5652de1,zp8,63,1
69663,CFG_39fe645ba2f1,zp8,63,1
69664,CFG_5cd0c67d59bc,zp8,63,1
69665,CFG_36f82e31118f,zp8,63,1
69666,CFG_2534839bab0a,zp8,63,1
69667,CFG_e1e6e0c66c93,zp8,63,1
69668,CFG_2154b722e06b,zp8,63,1
69669,CFG_b2a3cbb134c5,zp8,63,1
69670,CFG_a1d878e7d840,zp8,63,1
69671,CFG_db37bdfe8c71,zp8,63,1
69672,CFG_d96b0c9e44d0,zp8,63,1
69673,CFG_1ec55dc0a2ff,zp8,63,1
69674,CFG_939ca62c69c2,zp8,63,1
69675,CFG_6caaadb373ea,zp8,63,1
69676,CFG_5cd0c67d59bc,zp8,63,1
69677,CFG_59aede929579,zp8,63,1
69678,CFG_d0face5aa80d,zp8,63,1
69679,CFG_a292c20a75fd,zp8,63,1
69680,CFG_e3950fd94ca1,zp8,63,1
69681,CFG_1e693796a40d,zp8,63,1
69682,CFG_9178f775d49a,zp8,63,1
69683,CFG_a34f76b67ef4,zp8,63,1
69684,CFG_e3950fd94ca1,zp8,63,1
69685,CFG_59aede929579,zp8,63,1
69686,CFG_67b539d34471,zp8,63,1
69687,CFG_8a51f93d684d,zp8,63,1
69688,CFG_5cd0c67d59bc,zp8,63,1
69689,CFG_39fe645ba2f1,zp8,63,1
69690,CFG_8a51f93d684d,zp8,63,1
69691,CFG_9178f775d49a,zp8,63,1
69692,CFG_b2a3cbb134c5,zp8,63,1
69693,CFG_3a3d7179fe0d,zp8,63,1
69694,CFG_a292c20a75fd,zp8,63,1
69695,CFG_be784e24b621,zp8,63,1
69696,CFG_1ec55dc0a2ff,zp8,63,1
69697,CFG_1ec55dc0a2ff,zp8,63,1
69698,CFG_ffde3ea1b2e3,zp8,63,1
69699,CFG_acabbc62a021,zp8,63,1
69700,CFG_deda15f4c4a8,zp8,63,1
69701,CFG_17620e2785dc,zp8,63,1
69702,CFG_c910518048de,zp8,63,1
69703,CFG_1738a11cbd49,zp8,63,1
69704,CFG_5514d03a77b0,zp8,63,1
69705,CFG_17620e2785dc,zp8,63,1
69706,CFG_9c659499047b,zp8,63,1
69707,CFG_39fe645ba2f1,zp8,63,1
69708,CFG_1ec55dc0a2ff,zp8,63,1
69709,CFG_939ca62c69c2,zp8,63,1
69710,CFG_3a3d7179fe0d,zp8,63,1
69711,CFG_b0eabb76b70f,zp8,63,1
69712,CFG_deda15f4c4a8,zp8,63,1
69713,CFG_9c659499047b,zp8,63,1
69714,CFG_29c3378e155b,zp8,63,1
69715,CFG_1e693796a40d,zp8,63,1
69716,CFG_de29bb20eaa6,zp8,63,1
69717,CFG_755205a28938,zp8,63,1
69718,CFG_4cd2b98cde9e,zp8,63,1
69719,CFG_f18488ce1456,zp8,63,1
69720,CFG_67b539d34471,zp8,63,1
69721,CFG_1e693796a40d,zp8,63,1
69722,CFG_a34f76b67ef4,zp8,63,1
69723,CFG_d96b0c9e44d0,zp8,63,1
69724,CFG_be784e24b621,zp8,63,1
69725,CFG_1ec55dc0a2ff,zp8,63,1
69726,CFG_f18488ce1456,zp8,63,1
69727,CFG_e87513c8563d,zp8,63,1
69728,CFG_b2a3cbb134c5,zp8,63,1
69729,CFG_8a51f93d684d,zp8,63,1
69730,CFG_5514d03a77b0,zp8,63,1
69731,CFG_5cd0c67d59bc,zp8,63,1
69732,CFG_8a51f93d684d,zp8,63,1
69733,CFG_29c3378e155b,zp8,63,1
69734,CFG_9178f775d49a,zp8,63,1
69735,CFG_36f82e31118f,zp8,63,1
69736,CFG_9178f775d49a,zp8,63,1
69737,CFG_b2a3cbb134c5,zp8,63,1
69738,CFG_b8e6a5652de1,zp8,63,1
69739,CFG_2154b722e06b,zp8,63,1
69740,CFG_e3950fd94ca1,zp8,63,1
69741,CFG_5be0533f7ebf,zp8,63,1
69742,CFG_2154b722e06b,zp8,63,1
69743,CFG_f18488ce1456,zp8,63,1
69744,CFG_67b539d34471,zp8,63,1
69745,CFG_1e693796a40d,zp8,63,1
69746,CFG_17620e2785dc,zp8,63,1
69747,CFG_773ac98270b6,zp8,63,1
69748,CFG_9178f775d49a,zp8,63,1
69749,CFG_637b6e72af93,zp8,63,1
69750,CFG_e1e6e0c66c93,zp8,63,1
69751,CFG_3278d3379c8a,zp8,63,1
69752,CFG_b8e6a5652de1,zp8,63,1
69753,CFG_1ec55dc0a2ff,zp8,63,1
69754,CFG_755205a28938,zp8,63,1
69755,CFG_e87513c8563d,zp8,63,1
69756,CFG_f18488ce1456,zp8,63,1
69757,CFG_9178f775d49a,zp8,63,1
69758,CFG_39fe645ba2f1,zp8,63,1
69759,CFG_f18488ce1456,zp8,63,1
69760,CFG_3a3d7179fe0d,zp8,63,1
69761,CFG_9178f775d49a,zp8,63,1
69762,CFG_710c47edfbc8,zp8,63,1
69763,CFG_a1d878e7d840,zp8,63,1
69764,CFG_9c659499047b,zp8,63,1
69765,CFG_f18488ce1456,zp8,63,1
69766,CFG_39fe645ba2f1,zp8,63,1
69767,CFG_3697b100c401,zp8,63,1
69768,CFG_9178f775d49a,zp8,63,1
69769,CFG_9c659499047b,zp8,63,1
69770,CFG_99b4d8a9c762,zp8,63,1
69771,CFG_e1e6e0c66c93,zp8,63,1
69772,CFG_773ac98270b6,zp8,63,1
69773,CFG_f993a0fc6256,zp8,63,1
69774,CFG_9c659499047b,zp8,63,1
69775,CFG_f18488ce1456,zp8,63,1
69776,CFG_1738a11cbd49,zp8,63,1
69777,CFG_802041076799,zp8,63,1
69778,CFG_acabbc62a021,zp8,63,1
69779,CFG_7155e4ee7bdf,zp8,63,1
69780,CFG_b2a3cbb134c5,zp8,63,1
69781,CFG_2154b722e06b,zp8,63,1
69782,CFG_1738a11cbd49,zp8,63,1
69783,CFG_77c8b99b43d9,zp8,63,1
69784,CFG_e3386d946379,zp8,63,1
69785,CFG_8a51f93d684d,zp8,63,1
69786,CFG_d96b0c9e44d0,zp8,63,1
69787,CFG_67b539d34471,zp8,63,1
69788,CFG_d39c77a1a4bf,zp8,63,1
69789,CFG_39fe645ba2f1,zp8,63,1
69790,CFG_773ac98270b6,zp8,63,1
69791,CFG_1ec55dc0a2ff,zp8,63,1
69792,CFG_d96b0c9e44d0,zp8,63,1
69793,CFG_59aede929579,zp8,63,1
69794,CFG_e1e6e0c66c93,zp8,63,1
69795,CFG_5851809b712d,zp8,63,1
69796,CFG_cf541d0f8a3a,zp8,63,1
69797,CFG_cf541d0f8a3a,zp8,63,1
69798,CFG_773ac98270b6,zp8,63,1
69799,CFG_8a51f93d684d,zp8,63,1
69800,CFG_1738a11cbd49,zp8,63,1
69801,CFG_8bfc9d62299c,zp8,63,1
69802,CFG_5851809b712d,zp8,63,1
69803,CFG_cf541d0f8a3a,zp8,63,1
69804,CFG_9178f775d49a,zp8,63,1
69805,CFG_b8e6a5652de1,zp8,63,1
69806,CFG_b2a3cbb134c5,zp8,63,1
69807,CFG_e87513c8563d,zp8,63,1
69808,CFG_6caaadb373ea,zp8,63,1
69809,CFG_e1e6e0c66c93,zp8,63,1
69810,CFG_3a3d7179fe0d,zp8,63,1
69811,CFG_deda15f4c4a8,zp8,63,1
69812,CFG_5be0533f7ebf,zp8,63,1
69813,CFG_59f154754573,zp8,63,1
69814,CFG_8a51f93d684d,zp8,63,1
69815,CFG_a34f76b67ef4,zp8,63,1
69816,CFG_5851809b712d,zp8,63,1
69817,CFG_a34f76b67ef4,zp8,63,1
69818,CFG_112bf773e97d,zp8,63,1
69819,CFG_532891bb36ca,zp8,63,1
69820,CFG_5cd0c67d59bc,zp8,63,1
69821,CFG_9178f775d49a,zp8,63,1
69822,CFG_e1e6e0c66c93,zp8,63,1
69823,CFG_b8e6a5652de1,zp8,63,1
69824,CFG_5cd0c67d59bc,zp8,63,1
69825,CFG_5514d03a77b0,zp8,63,1
69826,CFG_d96b0c9e44d0,zp8,63,1
69827,CFG_1e693796a40d,zp8,63,1
69828,CFG_3a3d7179fe0d,zp8,63,1
69829,CFG_3324700714f1,zp8,63,1
69830,CFG_5cd0c67d59bc,zp8,63,1
69831,CFG_17620e2785dc,zp8,63,1
69832,CFG_8a51f93d684d,zp8,63,1
69833,CFG_36f82e31118f,zp8,63,1
69834,CFG_710c47edfbc8,zp8,63,1
69835,CFG_f18488ce1456,zp8,63,1
69836,CFG_ffde3ea1b2e3,zp8,63,1
69837,CFG_5514d03a77b0,zp8,63,1
69838,CFG_3a3d7179fe0d,zp8,63,1
69839,CFG_ceef49456daa,zp8,63,1
69840,CFG_727914633b9e,zp8,63,1
69841,CFG_f18488ce1456,zp8,63,1
69842,CFG_deda15f4c4a8,zp8,63,1
69843,CFG_7fa53b7ab3bf,zp8,63,1
69844,CFG_deda15f4c4a8,zp8,63,1
69845,CFG_3a3d7179fe0d,zp8,63,1
69846,CFG_67b539d34471,zp8,63,1
69847,CFG_3a3d7179fe0d,zp8,63,1
69848,CFG_a1d878e7d840,zp8,63,1
69849,CFG_b2a3cbb134c5,zp8,63,1
69850,CFG_29c3378e155b,zp8,63,1
69851,CFG_b2a3cbb134c5,zp8,63,1
69852,CFG_e3950fd94ca1,zp8,63,1
69853,CFG_cf541d0f8a3a,zp8,63,1
69854,CFG_8bfc9d62299c,zp8,63,1
69855,CFG_f18488ce1456,zp8,63,1
69856,CFG_3278d3379c8a,zp8,63,1
69857,CFG_773ac98270b6,zp8,63,1
69858,CFG_deda15f4c4a8,zp8,63,1
69859,CFG_e87513c8563d,zp8,63,1
69860,CFG_9178f775d49a,zp8,63,1
69861,CFG_f18488ce1456,zp8,63,1
69862,CFG_5cd0c67d59bc,zp8,63,1
69863,CFG_8a51f93d684d,zp8,63,1
69864,CFG_cc5bbb6e9d13,zp8,63,1
69865,CFG_e3950fd94ca1,zp8,63,1
69866,CFG_1738a11cbd49,zp8,63,1
69867,CFG_de29bb20eaa6,zp8,63,1
69868,CFG_db37bdfe8c71,zp8,63,1
69869,CFG_bd6412fc68b0,zp8,63,1
69870,CFG_9178f775d49a,zp8,63,1
69871,CFG_8bfc9d62299c,zp8,63,1
69872,CFG_b2a3cbb134c5,zp8,63,1
69873,CFG_1ec55dc0a2ff,zp8,63,1
69874,CFG_deda15f4c4a8,zp8,63,1
69875,CFG_39fe645ba2f1,zp8,63,1
69876,CFG_637b6e72af93,zp8,63,1
69877,CFG_f18488ce1456,zp8,63,1
69878,CFG_e3950fd94ca1,zp8,63,1
69879,CFG_802041076799,zp8,63,1
69880,CFG_755205a28938,zp8,63,1
69881,CFG_3a3d7179fe0d,zp8,63,1
69882,CFG_1ec55dc0a2ff,zp8,63,1
69883,CFG_d7aadf87f0b1,zp8,63,1
69884,CFG_275e4ca07248,zp8,63,1
69885,CFG_c94b44f1b2f9,zp8,63,1
69886,CFG_1738a11cbd49,zp8,63,1
69887,CFG_67b539d34471,zp8,63,1
69888,CFG_1738a11cbd49,zp8,63,1
69889,CFG_a34f76b67ef4,zp8,63,1
69890,CFG_3278d3379c8a,zp8,63,1
69891,CFG_9c659499047b,zp8,63,1
69892,CFG_67b539d34471,zp8,63,1
69893,CFG_773ac98270b6,zp8,63,1
69894,CFG_cf541d0f8a3a,zp8,63,1
69895,CFG_1ec55dc0a2ff,zp8,63,1
69896,CFG_1738a11cbd49,zp8,63,1
69897,CFG_7acc0fd451e2,zp8,63,1
69898,CFG_8f2957e28805,zp8,63,1
69899,CFG_773ac98270b6,zp8,63,1
69900,CFG_be784e24b621,zp8,63,1
69901,CFG_2154b722e06b,zp8,63,1
69902,CFG_f18488ce1456,zp8,63,1
69903,CFG_67b539d34471,zp8,63,1
69904,CFG_59f154754573,zp8,63,1
69905,CFG_9c659499047b,zp8,63,1
69906,CFG_7fa53b7ab3bf,zp8,63,1
69907,CFG_755205a28938,zp8,63,1
69908,CFG_3a3d7179fe0d,zp8,63,1
69909,CFG_67b539d34471,zp8,63,1
69910,CFG_773ac98270b6,zp8,63,1
69911,CFG_d7aadf87f0b1,zp8,63,1
69912,CFG_67b539d34471,zp8,63,1
69913,CFG_db37bdfe8c71,zp8,63,1
69914,CFG_39fe645ba2f1,zp8,63,1
69915,CFG_c94b44f1b2f9,zp8,63,1
69916,CFG_39fe645ba2f1,zp8,63,1
69917,CFG_f18488ce1456,zp8,63,1
69918,CFG_36f82e31118f,zp8,63,1
69919,CFG_710c47edfbc8,zp8,63,1
69920,CFG_67b539d34471,zp8,63,1
69921,CFG_db37bdfe8c71,zp8,63,1
69922,CFG_8bfc9d62299c,zp8,63,1
69923,CFG_773ac98270b6,zp8,63,1
69924,CFG_c94b44f1b2f9,zp8,63,1
69925,CFG_b2a3cbb134c5,zp8,63,1
69926,CFG_1747d90ed031,zp8,63,1
69927,CFG_755205a28938,zp8,63,1
69928,CFG_8f2957e28805,zp8,63,1
69929,CFG_db37bdfe8c71,zp8,63,1
69930,CFG_e1e6e0c66c93,zp8,63,1
69931,CFG_3a3d7179fe0d,zp8,63,1
69932,CFG_8bfc9d62299c,zp8,63,1
69933,CFG_b2a3cbb134c5,zp8,63,1
69934,CFG_1ec55dc0a2ff,zp8,63,1
69935,CFG_1ec55dc0a2ff,zp8,63,1
69936,CFG_1ec55dc0a2ff,zp8,63,1
69937,CFG_36f82e31118f,zp8,63,1
69938,CFG_9c659499047b,zp8,63,1
69939,CFG_b2a3cbb134c5,zp8,63,1
69940,CFG_f18488ce1456,zp8,63,1
69941,CFG_67b539d34471,zp8,63,1
69942,CFG_a1ebd0490272,zp8,63,1
69943,CFG_1d1816b1d9d8,zp8,63,1
69944,CFG_755205a28938,zp8,63,1
69945,CFG_5cd0c67d59bc,zp8,63,1
69946,CFG_288ddbff7431,zp8,63,1
69947,CFG_d7aadf87f0b1,zp8,63,1
69948,CFG_67b539d34471,zp8,63,1
69949,CFG_dda2f907b868,zp8,63,1
69950,CFG_275e4ca07248,zp8,63,1
69951,CFG_a1d878e7d840,zp8,63,1
69952,CFG_d7aadf87f0b1,zp8,63,1
69953,CFG_cf541d0f8a3a,zp8,63,1
69954,CFG_be784e24b621,zp8,63,1
69955,CFG_1738a11cbd49,zp8,63,1
69956,CFG_d7aadf87f0b1,zp8,63,1
69957,CFG_3a3d7179fe0d,zp8,63,1
69958,CFG_2154b722e06b,zp8,63,1
69959,CFG_ac213567a5a2,zp8,63,1
69960,CFG_8a51f93d684d,zp8,63,1
69961,CFG_b0eabb76b70f,zp8,63,1
69962,CFG_802041076799,zp8,63,1
69963,CFG_e3950fd94ca1,zp8,63,1
69964,CFG_4cd2b98cde9e,zp8,63,1
69965,CFG_d7aadf87f0b1,zp8,63,1
69966,CFG_5514d03a77b0,zp8,63,1
69967,CFG_29c3378e155b,zp8,63,1
69968,CFG_773ac98270b6,zp8,63,1
69969,CFG_a34f76b67ef4,zp8,63,1
69970,CFG_1ec55dc0a2ff,zp8,63,1
69971,CFG_3a3d7179fe0d,zp8,63,1
69972,CFG_67b539d34471,zp8,63,1
69973,CFG_755205a28938,zp8,63,1
69974,CFG_e1e6e0c66c93,zp8,63,1
69975,CFG_5cd0c67d59bc,zp8,63,1
69976,CFG_cf541d0f8a3a,zp8,63,1
69977,CFG_17620e2785dc,zp8,63,1
69978,CFG_bd6412fc68b0,zp8,63,1
69979,CFG_b2a3cbb134c5,zp8,63,1
69980,CFG_d96b0c9e44d0,zp8,63,1
69981,CFG_f18488ce1456,zp8,63,1
69982,CFG_bd6412fc68b0,zp8,63,1
69983,CFG_939ca62c69c2,zp8,63,1
69984,CFG_67b539d34471,zp8,63,1
69985,CFG_5cd0c67d59bc,zp8,63,1
69986,CFG_59f154754573,zp8,63,1
69987,CFG_939ca62c69c2,zp8,63,1
69988,CFG_4cd2b98cde9e,zp8,63,1
69989,CFG_f18488ce1456,zp8,63,1
69990,CFG_d96b0c9e44d0,zp8,63,1
69991,CFG_59aede929579,zp8,63,1
69992,CFG_9178f775d49a,zp8,63,1
69993,CFG_b2a3cbb134c5,zp8,63,1
69994,CFG_2154b722e06b,zp8,63,1
69995,CFG_e1e6e0c66c93,zp8,63,1
69996,CFG_1738a11cbd49,zp8,63,1
69997,CFG_be784e24b621,zp8,63,1
69998,CFG_c94b44f1b2f9,zp8,63,1
69999,CFG_b8e6a5652de1,zp8,63,1
70000,CFG_755205a28938,zp8,63,1
70001,CFG_1738a11cbd49,zp8,64,1
70002,CFG_6caaadb373ea,zp8,64,1
70003,CFG_e3386d946379,zp8,64,1
70004,CFG_625048fefa0b,zp8,64,1
70005,CFG_77c8b99b43d9,zp8,64,1
70006,CFG_77c8b99b43d9,zp8,64,1
70007,CFG_77c8b99b43d9,zp8,64,1
70008,CFG_77c8b99b43d9,zp8,64,1
70009,CFG_77c8b99b43d9,zp8,64,1
70010,CFG_a34f76b67ef4,zp8,64,1
70011,CFG_77c8b99b43d9,zp8,64,1
70012,CFG_1738a11cbd49,zp8,64,1
70013,CFG_77c8b99b43d9,zp8,64,1
70014,CFG_67b539d34471,zp8,64,1
70015,CFG_77c8b99b43d9,zp8,64,1
70016,CFG_77c8b99b43d9,zp8,64,1
70017,CFG_29c3378e155b,zp8,64,1
70018,CFG_755205a28938,zp8,64,1
70019,CFG_77c8b99b43d9,zp8,64,1
70020,CFG_bd6412fc68b0,zp8,64,1
70021,CFG_67b539d34471,zp8,64,1
70022,CFG_8bfc9d62299c,zp8,64,1
70023,CFG_77c8b99b43d9,zp8,64,1
70024,CFG_ffde3ea1b2e3,zp8,64,1
70025,CFG_77c8b99b43d9,zp8,64,1
70026,CFG_67b539d34471,zp8,64,1
70027,CFG_c94b44f1b2f9,zp8,64,1
70028,CFG_755205a28938,zp8,64,1
70029,CFG_ac213567a5a2,zp8,64,1
70030,CFG_77c8b99b43d9,zp8,64,1
70031,CFG_77c8b99b43d9,zp8,64,1
70032,CFG_77c8b99b43d9,zp8,64,1
70033,CFG_77c8b99b43d9,zp8,64,1
70034,CFG_77c8b99b43d9,zp8,64,1
70035,CFG_a34f76b67ef4,zp8,64,1
70036,CFG_77c8b99b43d9,zp8,64,1
70037,CFG_1738a11cbd49,zp8,64,1
70038,CFG_77c8b99b43d9,zp8,64,1
70039,CFG_67b539d34471,zp8,64,1
70040,CFG_77c8b99b43d9,zp8,64,1
70041,CFG_77c8b99b43d9,zp8,64,1
70042,CFG_29c3378e155b,zp8,64,1
70043,CFG_755205a28938,zp8,64,1
70044,CFG_77c8b99b43d9,zp8,64,1
70045,CFG_bd6412fc68b0,zp8,64,1
70046,CFG_67b539d34471,zp8,64,1
70047,CFG_8bfc9d62299c,zp8,64,1
70048,CFG_77c8b99b43d9,zp8,64,1
70049,CFG_ffde3ea1b2e3,zp8,64,1
70050,CFG_77c8b99b43d9,zp8,64,1
70051,CFG_d96b0c9e44d0,zp8,64,1
70052,CFG_cf541d0f8a3a,zp8,64,1
70053,CFG_f18488ce1456,zp8,64,1
70054,CFG_67b539d34471,zp8,64,1
70055,CFG_5514d03a77b0,zp8,64,1
70056,CFG_a34f76b67ef4,zp8,64,1
70057,CFG_f18488ce1456,zp8,64,1
70058,CFG_1d0f84c0bb06,zp8,64,1
70059,CFG_1ec55dc0a2ff,zp8,64,1
70060,CFG_29c3378e155b,zp8,64,1
70061,CFG_f18488ce1456,zp8,64,1
70062,CFG_773ac98270b6,zp8,64,1
70063,CFG_77c8b99b43d9,zp8,64,1
70064,CFG_77c8b99b43d9,zp8,64,1
70065,CFG_77c8b99b43d9,zp8,64,1
70066,CFG_77c8b99b43d9,zp8,64,1
70067,CFG_77c8b99b43d9,zp8,64,1
70068,CFG_a34f76b67ef4,zp8,64,1
70069,CFG_77c8b99b43d9,zp8,64,1
70070,CFG_1738a11cbd49,zp8,64,1
70071,CFG_77c8b99b43d9,zp8,64,1
70072,CFG_67b539d34471,zp8,64,1
70073,CFG_77c8b99b43d9,zp8,64,1
70074,CFG_77c8b99b43d9,zp8,64,1
70075,CFG_29c3378e155b,zp8,64,1
70076,CFG_755205a28938,zp8,64,1
70077,CFG_77c8b99b43d9,zp8,64,1
70078,CFG_bd6412fc68b0,zp8,64,1
70079,CFG_67b539d34471,zp8,64,1
70080,CFG_8bfc9d62299c,zp8,64,1
70081,CFG_77c8b99b43d9,zp8,64,1
70082,CFG_ffde3ea1b2e3,zp8,64,1
70083,CFG_77c8b99b43d9,zp8,64,1
70084,CFG_67b539d34471,zp8,64,1
70085,CFG_c94b44f1b2f9,zp8,64,1
70086,CFG_755205a28938,zp8,64,1
70087,CFG_ac213567a5a2,zp8,64,1
70088,CFG_77c8b99b43d9,zp8,64,1
70089,CFG_77c8b99b43d9,zp8,64,1
70090,CFG_77c8b99b43d9,zp8,64,1
70091,CFG_77c8b99b43d9,zp8,64,1
70092,CFG_77c8b99b43d9,zp8,64,1
70093,CFG_a34f76b67ef4,zp8,64,1
70094,CFG_77c8b99b43d9,zp8,64,1
70095,CFG_1738a11cbd49,zp8,64,1
70096,CFG_77c8b99b43d9,zp8,64,1
70097,CFG_67b539d34471,zp8,64,1
70098,CFG_77c8b99b43d9,zp8,64,1
70099,CFG_77c8b99b43d9,zp8,64,1
70100,CFG_29c3378e155b,zp8,64,1
70101,CFG_755205a28938,zp8,64,1
70102,CFG_77c8b99b43d9,zp8,64,1
70103,CFG_bd6412fc68b0,zp8,64,1
70104,CFG_67b539d34471,zp8,64,1
70105,CFG_8bfc9d62299c,zp8,64,1
70106,CFG_77c8b99b43d9,zp8,64,1
70107,CFG_ffde3ea1b2e3,zp8,64,1
70108,CFG_77c8b99b43d9,zp8,64,1
70109,CFG_d39c77a1a4bf,zp8,64,1
70110,CFG_773ac98270b6,zp8,64,1
70111,CFG_f18488ce1456,zp8,64,1
70112,CFG_deda15f4c4a8,zp8,64,1
70113,CFG_e87513c8563d,zp8,64,1
70114,CFG_39fe645ba2f1,zp8,64,1
70115,CFG_9178f775d49a,zp8,64,1
70116,CFG_77c8b99b43d9,zp8,64,1
70117,CFG_77c8b99b43d9,zp8,64,1
70118,CFG_77c8b99b43d9,zp8,64,1
70119,CFG_77c8b99b43d9,zp8,64,1
70120,CFG_77c8b99b43d9,zp8,64,1
70121,CFG_a34f76b67ef4,zp8,64,1
70122,CFG_77c8b99b43d9,zp8,64,1
70123,CFG_1738a11cbd49,zp8,64,1
70124,CFG_77c8b99b43d9,zp8,64,1
70125,CFG_67b539d34471,zp8,64,1
70126,CFG_77c8b99b43d9,zp8,64,1
70127,CFG_77c8b99b43d9,zp8,64,1
70128,CFG_29c3378e155b,zp8,64,1
70129,CFG_755205a28938,zp8,64,1
70130,CFG_77c8b99b43d9,zp8,64,1
70131,CFG_bd6412fc68b0,zp8,64,1
70132,CFG_67b539d34471,zp8,64,1
70133,CFG_8bfc9d62299c,zp8,64,1
70134,CFG_77c8b99b43d9,zp8,64,1
70135,CFG_ffde3ea1b2e3,zp8,64,1
70136,CFG_77c8b99b43d9,zp8,64,1
70137,CFG_67b539d34471,zp8,64,1
70138,CFG_c94b44f1b2f9,zp8,64,1
70139,CFG_755205a28938,zp8,64,1
70140,CFG_ac213567a5a2,zp8,64,1
70141,CFG_77c8b99b43d9,zp8,64,1
70142,CFG_77c8b99b43d9,zp8,64,1
70143,CFG_77c8b99b43d9,zp8,64,1
70144,CFG_77c8b99b43d9,zp8,64,1
70145,CFG_77c8b99b43d9,zp8,64,1
70146,CFG_a34f76b67ef4,zp8,64,1
70147,CFG_77c8b99b43d9,zp8,64,1
70148,CFG_1738a11cbd49,zp8,64,1
70149,CFG_77c8b99b43d9,zp8,64,1
70150,CFG_67b539d34471,zp8,64,1
70151,CFG_77c8b99b43d9,zp8,64,1
70152,CFG_77c8b99b43d9,zp8,64,1
70153,CFG_29c3378e155b,zp8,64,1
70154,CFG_755205a28938,zp8,64,1
70155,CFG_77c8b99b43d9,zp8,64,1
70156,CFG_bd6412fc68b0,zp8,64,1
70157,CFG_67b539d34471,zp8,64,1
70158,CFG_8bfc9d62299c,zp8,64,1
70159,CFG_77c8b99b43d9,zp8,64,1
70160,CFG_ffde3ea1b2e3,zp8,64,1
70161,CFG_77c8b99b43d9,zp8,64,1
70162,CFG_ac213567a5a2,zp8,64,1
70163,CFG_be784e24b621,zp8,64,1
70164,CFG_59f154754573,zp8,64,1
70165,CFG_a292c20a75fd,zp8,64,1
70166,CFG_710c47edfbc8,zp8,64,1
70167,CFG_e3950fd94ca1,zp8,64,1
70168,CFG_1738a11cbd49,zp8,64,1
70169,CFG_1ec55dc0a2ff,zp8,64,1
70170,CFG_1ec55dc0a2ff,zp8,64,1
70171,CFG_f18488ce1456,zp8,64,1
70172,CFG_f18488ce1456,zp8,64,1
70173,CFG_deda15f4c4a8,zp8,64,1
70174,CFG_db37bdfe8c71,zp8,64,1
70175,CFG_5514d03a77b0,zp8,64,1
70176,CFG_b2a3cbb134c5,zp8,64,1
70177,CFG_67b539d34471,zp8,64,1
70178,CFG_9178f775d49a,zp8,64,1
70179,CFG_b2a3cbb134c5,zp8,64,1
70180,CFG_939ca62c69c2,zp8,64,1
70181,CFG_532891bb36ca,zp8,64,1
70182,CFG_9c659499047b,zp8,64,1
70183,CFG_bbea204eb2ac,zp8,64,1
70184,CFG_17620e2785dc,zp8,64,1
70185,CFG_77c8b99b43d9,zp8,64,1
70186,CFG_77c8b99b43d9,zp8,64,1
70187,CFG_77c8b99b43d9,zp8,64,1
70188,CFG_77c8b99b43d9,zp8,64,1
70189,CFG_77c8b99b43d9,zp8,64,1
70190,CFG_a34f76b67ef4,zp8,64,1
70191,CFG_77c8b99b43d9,zp8,64,1
70192,CFG_1738a11cbd49,zp8,64,1
70193,CFG_77c8b99b43d9,zp8,64,1
70194,CFG_67b539d34471,zp8,64,1
70195,CFG_77c8b99b43d9,zp8,64,1
70196,CFG_77c8b99b43d9,zp8,64,1
70197,CFG_29c3378e155b,zp8,64,1
70198,CFG_755205a28938,zp8,64,1
70199,CFG_77c8b99b43d9,zp8,64,1
70200,CFG_bd6412fc68b0,zp8,64,1
70201,CFG_67b539d34471,zp8,64,1
70202,CFG_8bfc9d62299c,zp8,64,1
70203,CFG_77c8b99b43d9,zp8,64,1
70204,CFG_ffde3ea1b2e3,zp8,64,1
70205,CFG_77c8b99b43d9,zp8,64,1
70206,CFG_67b539d34471,zp8,64,1
70207,CFG_c94b44f1b2f9,zp8,64,1
70208,CFG_755205a28938,zp8,64,1
70209,CFG_ac213567a5a2,zp8,64,1
70210,CFG_77c8b99b43d9,zp8,64,1
70211,CFG_77c8b99b43d9,zp8,64,1
70212,CFG_77c8b99b43d9,zp8,64,1
70213,CFG_77c8b99b43d9,zp8,64,1
70214,CFG_77c8b99b43d9,zp8,64,1
70215,CFG_a34f76b67ef4,zp8,64,1
70216,CFG_77c8b99b43d9,zp8,64,1
70217,CFG_1738a11cbd49,zp8,64,1
70218,CFG_77c8b99b43d9,zp8,64,1
70219,CFG_67b539d34471,zp8,64,1
70220,CFG_77c8b99b43d9,zp8,64,1
70221,CFG_77c8b99b43d9,zp8,64,1
70222,CFG_29c3378e155b,zp8,64,1
70223,CFG_755205a28938,zp8,64,1
70224,CFG_77c8b99b43d9,zp8,64,1
70225,CFG_bd6412fc68b0,zp8,64,1
70226,CFG_67b539d34471,zp8,64,1
70227,CFG_8bfc9d62299c,zp8,64,1
70228,CFG_77c8b99b43d9,zp8,64,1
70229,CFG_ffde3ea1b2e3,zp8,64,1
70230,CFG_77c8b99b43d9,zp8,64,1
70231,CFG_d96b0c9e44d0,zp8,64,1
70232,CFG_cf541d0f8a3a,zp8,64,1
70233,CFG_f18488ce1456,zp8,64,1
70234,CFG_67b539d34471,zp8,64,1
70235,CFG_5514d03a77b0,zp8,64,1
70236,CFG_a34f76b67ef4,zp8,64,1
70237,CFG_f18488ce1456,zp8,64,1
70238,CFG_1d0f84c0bb06,zp8,64,1
70239,CFG_1ec55dc0a2ff,zp8,64,1
70240,CFG_29c3378e155b,zp8,64,1
70241,CFG_f18488ce1456,zp8,64,1
70242,CFG_773ac98270b6,zp8,64,1
70243,CFG_77c8b99b43d9,zp8,64,1
70244,CFG_77c8b99b43d9,zp8,64,1
70245,CFG_77c8b99b43d9,zp8,64,1
70246,CFG_77c8b99b43d9,zp8,64,1
70247,CFG_77c8b99b43d9,zp8,64,1
70248,CFG_a34f76b67ef4,zp8,64,1
70249,CFG_77c8b99b43d9,zp8,64,1
70250,CFG_1738a11cbd49,zp8,64,1
70251,CFG_77c8b99b43d9,zp8,64,1
70252,CFG_67b539d34471,zp8,64,1
70253,CFG_77c8b99b43d9,zp8,64,1
70254,CFG_77c8b99b43d9,zp8,64,1
70255,CFG_29c3378e155b,zp8,64,1
70256,CFG_755205a28938,zp8,64,1
70257,CFG_77c8b99b43d9,zp8,64,1
70258,CFG_bd6412fc68b0,zp8,64,1
70259,CFG_67b539d34471,zp8,64,1
70260,CFG_8bfc9d62299c,zp8,64,1
70261,CFG_77c8b99b43d9,zp8,64,1
70262,CFG_ffde3ea1b2e3,zp8,64,1
70263,CFG_77c8b99b43d9,zp8,64,1
70264,CFG_67b539d34471,zp8,64,1
70265,CFG_c94b44f1b2f9,zp8,64,1
70266,CFG_755205a28938,zp8,64,1
70267,CFG_ac213567a5a2,zp8,64,1
70268,CFG_77c8b99b43d9,zp8,64,1
70269,CFG_77c8b99b43d9,zp8,64,1
70270,CFG_77c8b99b43d9,zp8,64,1
70271,CFG_77c8b99b43d9,zp8,64,1
70272,CFG_77c8b99b43d9,zp8,64,1
70273,CFG_a34f76b67ef4,zp8,64,1
70274,CFG_77c8b99b43d9,zp8,64,1
70275,CFG_1738a11cbd49,zp8,64,1
70276,CFG_77c8b99b43d9,zp8,64,1
70277,CFG_67b539d34471,zp8,64,1
70278,CFG_77c8b99b43d9,zp8,64,1
70279,CFG_77c8b99b43d9,zp8,64,1
70280,CFG_29c3378e155b,zp8,64,1
70281,CFG_755205a28938,zp8,64,1
70282,CFG_77c8b99b43d9,zp8,64,1
70283,CFG_bd6412fc68b0,zp8,64,1
70284,CFG_67b539d34471,zp8,64,1
70285,CFG_8bfc9d62299c,zp8,64,1
70286,CFG_77c8b99b43d9,zp8,64,1
70287,CFG_ffde3ea1b2e3,zp8,64,1
70288,CFG_77c8b99b43d9,zp8,64,1
70289,CFG_d39c77a1a4bf,zp8,64,1
70290,CFG_773ac98270b6,zp8,64,1
70291,CFG_f18488ce1456,zp8,64,1
70292,CFG_deda15f4c4a8,zp8,64,1
70293,CFG_e87513c8563d,zp8,64,1
70294,CFG_39fe645ba2f1,zp8,64,1
70295,CFG_9178f775d49a,zp8,64,1
70296,CFG_77c8b99b43d9,zp8,64,1
70297,CFG_77c8b99b43d9,zp8,64,1
70298,CFG_77c8b99b43d9,zp8,64,1
70299,CFG_77c8b99b43d9,zp8,64,1
70300,CFG_77c8b99b43d9,zp8,64,1
70301,CFG_a34f76b67ef4,zp8,64,1
70302,CFG_77c8b99b43d9,zp8,64,1
70303,CFG_1738a11cbd49,zp8,64,1
70304,CFG_77c8b99b43d9,zp8,64,1
70305,CFG_67b539d34471,zp8,64,1
70306,CFG_77c8b99b43d9,zp8,64,1
70307,CFG_77c8b99b43d9,zp8,64,1
70308,CFG_29c3378e155b,zp8,64,1
70309,CFG_755205a28938,zp8,64,1
70310,CFG_77c8b99b43d9,zp8,64,1
70311,CFG_bd6412fc68b0,zp8,64,1
70312,CFG_67b539d34471,zp8,64,1
70313,CFG_8bfc9d62299c,zp8,64,1
70314,CFG_77c8b99b43d9,zp8,64,1
70315,CFG_ffde3ea1b2e3,zp8,64,1
70316,CFG_77c8b99b43d9,zp8,64,1
70317,CFG_67b539d34471,zp8,64,1
70318,CFG_c94b44f1b2f9,zp8,64,1
70319,CFG_755205a28938,zp8,64,1
70320,CFG_ac213567a5a2,zp8,64,1
70321,CFG_77c8b99b43d9,zp8,64,1
70322,CFG_77c8b99b43d9,zp8,64,1
70323,CFG_77c8b99b43d9,zp8,64,1
70324,CFG_77c8b99b43d9,zp8,64,1
70325,CFG_77c8b99b43d9,zp8,64,1
70326,CFG_a34f76b67ef4,zp8,64,1
70327,CFG_77c8b99b43d9,zp8,64,1
70328,CFG_1738a11cbd49,zp8,64,1
70329,CFG_77c8b99b43d9,zp8,64,1
70330,CFG_67b539d34471,zp8,64,1
70331,CFG_77c8b99b43d9,zp8,64,1
70332,CFG_77c8b99b43d9,zp8,64,1
70333,CFG_29c3378e155b,zp8,64,1
70334,CFG_755205a28938,zp8,64,1
70335,CFG_77c8b99b43d9,zp8,64,1
70336,CFG_bd6412fc68b0,zp8,64,1
70337,CFG_67b539d34471,zp8,64,1
70338,CFG_8bfc9d62299c,zp8,64,1
70339,CFG_77c8b99b43d9,zp8,64,1
70340,CFG_ffde3ea1b2e3,zp8,64,1
70341,CFG_77c8b99b43d9,zp8,64,1
70342,CFG_bbea204eb2ac,zp8,64,1
70343,CFG_f18488ce1456,zp8,64,1
70344,CFG_36f82e31118f,zp8,64,1
70345,CFG_8bfc9d62299c,zp8,64,1
70346,CFG_8bfc9d62299c,zp8,64,1
70347,CFG_7cd4c6b023c5,zp8,64,1
70348,CFG_be784e24b621,zp8,64,1
70349,CFG_67b539d34471,zp8,64,1
70350,CFG_17620e2785dc,zp8,64,1
70351,CFG_275e4ca07248,zp8,64,1
70352,CFG_b2a3cbb134c5,zp8,64,1
70353,CFG_36f82e31118f,zp8,64,1
70354,CFG_1738a11cbd49,zp8,64,1
70355,CFG_5cd0c67d59bc,zp8,64,1
70356,CFG_3a3d7179fe0d,zp8,64,1
70357,CFG_939ca62c69c2,zp8,64,1
70358,CFG_755205a28938,zp8,64,1
70359,CFG_b2a3cbb134c5,zp8,64,1
70360,CFG_275e4ca07248,zp8,64,1
70361,CFG_f993a0fc6256,zp8,64,1
70362,CFG_939ca62c69c2,zp8,64,1
70363,CFG_5514d03a77b0,zp8,64,1
70364,CFG_f18488ce1456,zp8,64,1
70365,CFG_e3950fd94ca1,zp8,64,1
70366,CFG_8a51f93d684d,zp8,64,1
70367,CFG_7155e4ee7bdf,zp8,64,1
70368,CFG_1ec55dc0a2ff,zp8,64,1
70369,CFG_29c3378e155b,zp8,64,1
70370,CFG_3a3d7179fe0d,zp8,64,1
70371,CFG_67b539d34471,zp8,64,1
70372,CFG_b2a3cbb134c5,zp8,64,1
70373,CFG_532891bb36ca,zp8,64,1
70374,CFG_be784e24b621,zp8,64,1
70375,CFG_3e489afc8bfd,zp8,64,1
70376,CFG_b2a3cbb134c5,zp8,64,1
70377,CFG_b8e6a5652de1,zp8,64,1
70378,CFG_b0eabb76b70f,zp8,64,1
70379,CFG_36f82e31118f,zp8,64,1
70380,CFG_d96b0c9e44d0,zp8,64,1
70381,CFG_de29bb20eaa6,zp8,64,1
70382,CFG_b2a3cbb134c5,zp8,64,1
70383,CFG_dda2f907b868,zp8,64,1
70384,CFG_9c659499047b,zp8,64,1
70385,CFG_67b539d34471,zp8,64,1
70386,CFG_b04e3d146803,zp8,64,1
70387,CFG_e1e6e0c66c93,zp8,64,1
70388,CFG_deda15f4c4a8,zp8,64,1
70389,CFG_939ca62c69c2,zp8,64,1
70390,CFG_112bf773e97d,zp8,64,1
70391,CFG_3a3d7179fe0d,zp8,64,1
70392,CFG_773ac98270b6,zp8,64,1
70393,CFG_1ec55dc0a2ff,zp8,64,1
70394,CFG_5514d03a77b0,zp8,64,1
70395,CFG_6caaadb373ea,zp8,64,1
70396,CFG_710c47edfbc8,zp8,64,1
70397,CFG_b2a3cbb134c5,zp8,64,1
70398,CFG_2154b722e06b,zp8,64,1
70399,CFG_d96b0c9e44d0,zp8,64,1
70400,CFG_17620e2785dc,zp8,64,1
70401,CFG_e3386d946379,zp8,64,1
70402,CFG_be784e24b621,zp8,64,1
70403,CFG_deda15f4c4a8,zp8,64,1
70404,CFG_cf541d0f8a3a,zp8,64,1
70405,CFG_ffde3ea1b2e3,zp8,64,1
70406,CFG_59f154754573,zp8,64,1
70407,CFG_ffde3ea1b2e3,zp8,64,1
70408,CFG_99b4d8a9c762,zp8,64,1
70409,CFG_5be0533f7ebf,zp8,64,1
70410,CFG_d96b0c9e44d0,zp8,64,1
70411,CFG_be784e24b621,zp8,64,1
70412,CFG_be784e24b621,zp8,64,1
70413,CFG_5cd0c67d59bc,zp8,64,1
70414,CFG_3a3d7179fe0d,zp8,64,1
70415,CFG_2154b722e06b,zp8,64,1
70416,CFG_d96b0c9e44d0,zp8,64,1
70417,CFG_67b539d34471,zp8,64,1
70418,CFG_77c8b99b43d9,zp8,64,1
70419,CFG_77c8b99b43d9,zp8,64,1
70420,CFG_77c8b99b43d9,zp8,64,1
70421,CFG_77c8b99b43d9,zp8,64,1
70422,CFG_77c8b99b43d9,zp8,64,1
70423,CFG_a34f76b67ef4,zp8,64,1
70424,CFG_77c8b99b43d9,zp8,64,1
70425,CFG_1738a11cbd49,zp8,64,1
70426,CFG_77c8b99b43d9,zp8,64,1
70427,CFG_67b539d34471,zp8,64,1
70428,CFG_77c8b99b43d9,zp8,64,1
70429,CFG_77c8b99b43d9,zp8,64,1
70430,CFG_29c3378e155b,zp8,64,1
70431,CFG_755205a28938,zp8,64,1
70432,CFG_77c8b99b43d9,zp8,64,1
70433,CFG_bd6412fc68b0,zp8,64,1
70434,CFG_67b539d34471,zp8,64,1
70435,CFG_8bfc9d62299c,zp8,64,1
70436,CFG_77c8b99b43d9,zp8,64,1
70437,CFG_ffde3ea1b2e3,zp8,64,1
70438,CFG_77c8b99b43d9,zp8,64,1
70439,CFG_67b539d34471,zp8,64,1
70440,CFG_c94b44f1b2f9,zp8,64,1
70441,CFG_755205a28938,zp8,64,1
70442,CFG_ac213567a5a2,zp8,64,1
70443,CFG_77c8b99b43d9,zp8,64,1
70444,CFG_77c8b99b43d9,zp8,64,1
70445,CFG_77c8b99b43d9,zp8,64,1
70446,CFG_77c8b99b43d9,zp8,64,1
70447,CFG_77c8b99b43d9,zp8,64,1
70448,CFG_a34f76b67ef4,zp8,64,1
70449,CFG_77c8b99b43d9,zp8,64,1
70450,CFG_1738a11cbd49,zp8,64,1
70451,CFG_77c8b99b43d9,zp8,64,1
70452,CFG_67b539d34471,zp8,64,1
70453,CFG_77c8b99b43d9,zp8,64,1
70454,CFG_77c8b99b43d9,zp8,64,1
70455,CFG_29c3378e155b,zp8,64,1
70456,CFG_755205a28938,zp8,64,1
70457,CFG_77c8b99b43d9,zp8,64,1
70458,CFG_bd6412fc68b0,zp8,64,1
70459,CFG_67b539d34471,zp8,64,1
70460,CFG_8bfc9d62299c,zp8,64,1
70461,CFG_77c8b99b43d9,zp8,64,1
70462,CFG_ffde3ea1b2e3,zp8,64,1
70463,CFG_77c8b99b43d9,zp8,64,1
70464,CFG_d96b0c9e44d0,zp8,64,1
70465,CFG_cf541d0f8a3a,zp8,64,1
70466,CFG_f18488ce1456,zp8,64,1
70467,CFG_67b539d34471,zp8,64,1
70468,CFG_5514d03a77b0,zp8,64,1
70469,CFG_a34f76b67ef4,zp8,64,1
70470,CFG_f18488ce1456,zp8,64,1
70471,CFG_1d0f84c0bb06,zp8,64,1
70472,CFG_1ec55dc0a2ff,zp8,64,1
70473,CFG_29c3378e155b,zp8,64,1
70474,CFG_f18488ce1456,zp8,64,1
70475,CFG_773ac98270b6,zp8,64,1
70476,CFG_77c8b99b43d9,zp8,64,1
70477,CFG_77c8b99b43d9,zp8,64,1
70478,CFG_77c8b99b43d9,zp8,64,1
70479,CFG_77c8b99b43d9,zp8,64,1
70480,CFG_77c8b99b43d9,zp8,64,1
70481,CFG_a34f76b67ef4,zp8,64,1
70482,CFG_77c8b99b43d9,zp8,64,1
70483,CFG_1738a11cbd49,zp8,64,1
70484,CFG_77c8b99b43d9,zp8,64,1
70485,CFG_67b539d34471,zp8,64,1
70486,CFG_77c8b99b43d9,zp8,64,1
70487,CFG_77c8b99b43d9,zp8,64,1
70488,CFG_29c3378e155b,zp8,64,1
70489,CFG_755205a28938,zp8,64,1
70490,CFG_77c8b99b43d9,zp8,64,1
70491,CFG_bd6412fc68b0,zp8,64,1
70492,CFG_67b539d34471,zp8,64,1
70493,CFG_8bfc9d62299c,zp8,64,1
70494,CFG_77c8b99b43d9,zp8,64,1
70495,CFG_ffde3ea1b2e3,zp8,64,1
70496,CFG_77c8b99b43d9,zp8,64,1
70497,CFG_67b539d34471,zp8,64,1
70498,CFG_c94b44f1b2f9,zp8,64,1
70499,CFG_755205a28938,zp8,64,1
70500,CFG_ac213567a5a2,zp8,64,1
70501,CFG_77c8b99b43d9,zp8,64,1
70502,CFG_77c8b99b43d9,zp8,64,1
70503,CFG_77c8b99b43d9,zp8,64,1
70504,CFG_77c8b99b43d9,zp8,64,1
70505,CFG_77c8b99b43d9,zp8,64,1
70506,CFG_a34f76b67ef4,zp8,64,1
70507,CFG_77c8b99b43d9,zp8,64,1
70508,CFG_1738a11cbd49,zp8,64,1
70509,CFG_77c8b99b43d9,zp8,64,1
70510,CFG_67b539d34471,zp8,64,1
70511,CFG_77c8b99b43d9,zp8,64,1
70512,CFG_77c8b99b43d9,zp8,64,1
70513,CFG_29c3378e155b,zp8,64,1
70514,CFG_755205a28938,zp8,64,1
70515,CFG_77c8b99b43d9,zp8,64,1
70516,CFG_bd6412fc68b0,zp8,64,1
70517,CFG_67b539d34471,zp8,64,1
70518,CFG_8bfc9d62299c,zp8,64,1
70519,CFG_77c8b99b43d9,zp8,64,1
70520,CFG_ffde3ea1b2e3,zp8,64,1
70521,CFG_77c8b99b43d9,zp8,64,1
70522,CFG_d39c77a1a4bf,zp8,64,1
70523,CFG_773ac98270b6,zp8,64,1
70524,CFG_f18488ce1456,zp8,64,1
70525,CFG_deda15f4c4a8,zp8,64,1
70526,CFG_e87513c8563d,zp8,64,1
70527,CFG_39fe645ba2f1,zp8,64,1
70528,CFG_9178f775d49a,zp8,64,1
70529,CFG_77c8b99b43d9,zp8,64,1
70530,CFG_77c8b99b43d9,zp8,64,1
70531,CFG_77c8b99b43d9,zp8,64,1
70532,CFG_77c8b99b43d9,zp8,64,1
70533,CFG_77c8b99b43d9,zp8,64,1
70534,CFG_a34f76b67ef4,zp8,64,1
70535,CFG_77c8b99b43d9,zp8,64,1
70536,CFG_1738a11cbd49,zp8,64,1
70537,CFG_77c8b99b43d9,zp8,64,1
70538,CFG_67b539d34471,zp8,64,1
70539,CFG_77c8b99b43d9,zp8,64,1
70540,CFG_77c8b99b43d9,zp8,64,1
70541,CFG_29c3378e155b,zp8,64,1
70542,CFG_755205a28938,zp8,64,1
70543,CFG_77c8b99b43d9,zp8,64,1
70544,CFG_bd6412fc68b0,zp8,64,1
70545,CFG_67b539d34471,zp8,64,1
70546,CFG_8bfc9d62299c,zp8,64,1
70547,CFG_77c8b99b43d9,zp8,64,1
70548,CFG_ffde3ea1b2e3,zp8,64,1
70549,CFG_77c8b99b43d9,zp8,64,1
70550,CFG_67b539d34471,zp8,64,1
70551,CFG_c94b44f1b2f9,zp8,64,1
70552,CFG_755205a28938,zp8,64,1
70553,CFG_ac213567a5a2,zp8,64,1
70554,CFG_77c8b99b43d9,zp8,64,1
70555,CFG_77c8b99b43d9,zp8,64,1
70556,CFG_77c8b99b43d9,zp8,64,1
70557,CFG_77c8b99b43d9,zp8,64,1
70558,CFG_77c8b99b43d9,zp8,64,1
70559,CFG_a34f76b67ef4,zp8,64,1
70560,CFG_77c8b99b43d9,zp8,64,1
70561,CFG_1738a11cbd49,zp8,64,1
70562,CFG_77c8b99b43d9,zp8,64,1
70563,CFG_67b539d34471,zp8,64,1
70564,CFG_77c8b99b43d9,zp8,64,1
70565,CFG_77c8b99b43d9,zp8,64,1
70566,CFG_29c3378e155b,zp8,64,1
70567,CFG_755205a28938,zp8,64,1
70568,CFG_77c8b99b43d9,zp8,64,1
70569,CFG_bd6412fc68b0,zp8,64,1
70570,CFG_67b539d34471,zp8,64,1
70571,CFG_8bfc9d62299c,zp8,64,1
70572,CFG_77c8b99b43d9,zp8,64,1
70573,CFG_ffde3ea1b2e3,zp8,64,1
70574,CFG_77c8b99b43d9,zp8,64,1
70575,CFG_36f82e31118f,zp8,64,1
70576,CFG_5cd0c67d59bc,zp8,64,1
70577,CFG_f18488ce1456,zp8,64,1
70578,CFG_59aede929579,zp8,64,1
70579,CFG_e1e6e0c66c93,zp8,64,1
70580,CFG_112bf773e97d,zp8,64,1
70581,CFG_2154b722e06b,zp8,64,1
70582,CFG_625048fefa0b,zp8,64,1
70583,CFG_625048fefa0b,zp8,64,1
70584,CFG_be784e24b621,zp8,64,1
70585,CFG_5514d03a77b0,zp8,64,1
70586,CFG_9c659499047b,zp8,64,1
70587,CFG_be784e24b621,zp8,64,1
70588,CFG_db37bdfe8c71,zp8,64,1
70589,CFG_b8e6a5652de1,zp8,64,1
70590,CFG_7cd4c6b023c5,zp8,64,1
70591,CFG_cf541d0f8a3a,zp8,64,1
70592,CFG_29c3378e155b,zp8,64,1
70593,CFG_d0face5aa80d,zp8,64,1
70594,CFG_1ec55dc0a2ff,zp8,64,1
70595,CFG_be784e24b621,zp8,64,1
70596,CFG_112bf773e97d,zp8,64,1
70597,CFG_c910518048de,zp8,64,1
70598,CFG_a1ebd0490272,zp8,64,1
70599,CFG_ffde3ea1b2e3,zp8,64,1
70600,CFG_6caaadb373ea,zp8,64,1
70601,CFG_99b4d8a9c762,zp8,64,1
70602,CFG_8a3f0c7c09a9,zp8,64,1
70603,CFG_9c659499047b,zp8,64,1
70604,CFG_cc5bbb6e9d13,zp8,64,1
70605,CFG_e1e6e0c66c93,zp8,64,1
70606,CFG_6caaadb373ea,zp8,64,1
70607,CFG_755205a28938,zp8,64,1
70608,CFG_e1e6e0c66c93,zp8,64,1
70609,CFG_4cd2b98cde9e,zp8,64,1
70610,CFG_f18488ce1456,zp8,64,1
70611,CFG_8bfc9d62299c,zp8,64,1
70612,CFG_9178f775d49a,zp8,64,1
70613,CFG_8bfc9d62299c,zp8,64,1
70614,CFG_288ddbff7431,zp8,64,1
70615,CFG_67b539d34471,zp8,64,1
70616,CFG_e3950fd94ca1,zp8,64,1
70617,CFG_773ac98270b6,zp8,64,1
70618,CFG_275e4ca07248,zp8,64,1
70619,CFG_8a3f0c7c09a9,zp8,64,1
70620,CFG_b2a3cbb134c5,zp8,64,1
70621,CFG_db37bdfe8c71,zp8,64,1
70622,CFG_9178f775d49a,zp8,64,1
70623,CFG_f18488ce1456,zp8,64,1
70624,CFG_67b539d34471,zp8,64,1
70625,CFG_d96b0c9e44d0,zp8,64,1
70626,CFG_cf541d0f8a3a,zp8,64,1
70627,CFG_8a51f93d684d,zp8,64,1
70628,CFG_b2a3cbb134c5,zp8,64,1
70629,CFG_f18488ce1456,zp8,64,1
70630,CFG_b8e6a5652de1,zp8,64,1
70631,CFG_f993a0fc6256,zp8,64,1
70632,CFG_36f82e31118f,zp8,64,1
70633,CFG_d0face5aa80d,zp8,64,1
70634,CFG_8bfc9d62299c,zp8,64,1
70635,CFG_36f82e31118f,zp8,64,1
70636,CFG_67b539d34471,zp8,64,1
70637,CFG_d96b0c9e44d0,zp8,64,1
70638,CFG_b8e6a5652de1,zp8,64,1
70639,CFG_99b4d8a9c762,zp8,64,1
70640,CFG_755205a28938,zp8,64,1
70641,CFG_cf6528e23789,zp8,64,1
70642,CFG_17620e2785dc,zp8,64,1
70643,CFG_5cd0c67d59bc,zp8,64,1
70644,CFG_755205a28938,zp8,64,1
70645,CFG_d96b0c9e44d0,zp8,64,1
70646,CFG_a1d878e7d840,zp8,64,1
70647,CFG_ffde3ea1b2e3,zp8,64,1
70648,CFG_d0face5aa80d,zp8,64,1
70649,CFG_710c47edfbc8,zp8,64,1
70650,CFG_8bfc9d62299c,zp8,64,1
70651,CFG_65f78a36ed50,zp8,64,1
70652,CFG_29c3378e155b,zp8,64,1
70653,CFG_59f154754573,zp8,64,1
70654,CFG_3278d3379c8a,zp8,64,1
70655,CFG_dda2f907b868,zp8,64,1
70656,CFG_be784e24b621,zp8,64,1
70657,CFG_ffde3ea1b2e3,zp8,64,1
70658,CFG_e1e6e0c66c93,zp8,64,1
70659,CFG_29c3378e155b,zp8,64,1
70660,CFG_1e693796a40d,zp8,64,1
70661,CFG_1ec55dc0a2ff,zp8,64,1
70662,CFG_e3950fd94ca1,zp8,64,1
70663,CFG_9178f775d49a,zp8,64,1
70664,CFG_9178f775d49a,zp8,64,1
70665,CFG_d96b0c9e44d0,zp8,64,1
70666,CFG_3a3d7179fe0d,zp8,64,1
70667,CFG_b2a3cbb134c5,zp8,64,1
70668,CFG_29c3378e155b,zp8,64,1
70669,CFG_59f154754573,zp8,64,1
70670,CFG_f993a0fc6256,zp8,64,1
70671,CFG_67b539d34471,zp8,64,1
70672,CFG_deda15f4c4a8,zp8,64,1
70673,CFG_2534839bab0a,zp8,64,1
70674,CFG_67b539d34471,zp8,64,1
70675,CFG_e3950fd94ca1,zp8,64,1
70676,CFG_1738a11cbd49,zp8,64,1
70677,CFG_de29bb20eaa6,zp8,64,1
70678,CFG_8bfc9d62299c,zp8,64,1
70679,CFG_5cd0c67d59bc,zp8,64,1
70680,CFG_67b539d34471,zp8,64,1
70681,CFG_d96b0c9e44d0,zp8,64,1
70682,CFG_1ec55dc0a2ff,zp8,64,1
70683,CFG_8bfc9d62299c,zp8,64,1
70684,CFG_9178f775d49a,zp8,64,1
70685,CFG_9c659499047b,zp8,64,1
70686,CFG_e3950fd94ca1,zp8,64,1
70687,CFG_773ac98270b6,zp8,64,1
70688,CFG_9178f775d49a,zp8,64,1
70689,CFG_deda15f4c4a8,zp8,64,1
70690,CFG_b8e6a5652de1,zp8,64,1
70691,CFG_1ec55dc0a2ff,zp8,64,1
70692,CFG_36f82e31118f,zp8,64,1
70693,CFG_ceef49456daa,zp8,64,1
70694,CFG_b2a3cbb134c5,zp8,64,1
70695,CFG_3a3d7179fe0d,zp8,64,1
70696,CFG_637b6e72af93,zp8,64,1
70697,CFG_5cd0c67d59bc,zp8,64,1
70698,CFG_29c3378e155b,zp8,64,1
70699,CFG_77c8b99b43d9,zp8,64,1
70700,CFG_77c8b99b43d9,zp8,64,1
70701,CFG_77c8b99b43d9,zp8,64,1
70702,CFG_77c8b99b43d9,zp8,64,1
70703,CFG_77c8b99b43d9,zp8,64,1
70704,CFG_a34f76b67ef4,zp8,64,1
70705,CFG_77c8b99b43d9,zp8,64,1
70706,CFG_1738a11cbd49,zp8,64,1
70707,CFG_77c8b99b43d9,zp8,64,1
70708,CFG_67b539d34471,zp8,64,1
70709,CFG_77c8b99b43d9,zp8,64,1
70710,CFG_77c8b99b43d9,zp8,64,1
70711,CFG_29c3378e155b,zp8,64,1
70712,CFG_755205a28938,zp8,64,1
70713,CFG_77c8b99b43d9,zp8,64,1
70714,CFG_bd6412fc68b0,zp8,64,1
70715,CFG_67b539d34471,zp8,64,1
70716,CFG_8bfc9d62299c,zp8,64,1
70717,CFG_77c8b99b43d9,zp8,64,1
70718,CFG_ffde3ea1b2e3,zp8,64,1
70719,CFG_77c8b99b43d9,zp8,64,1
70720,CFG_67b539d34471,zp8,64,1
70721,CFG_c94b44f1b2f9,zp8,64,1
70722,CFG_755205a28938,zp8,64,1
70723,CFG_ac213567a5a2,zp8,64,1
70724,CFG_77c8b99b43d9,zp8,64,1
70725,CFG_77c8b99b43d9,zp8,64,1
70726,CFG_77c8b99b43d9,zp8,64,1
70727,CFG_77c8b99b43d9,zp8,64,1
70728,CFG_77c8b99b43d9,zp8,64,1
70729,CFG_a34f76b67ef4,zp8,64,1
70730,CFG_77c8b99b43d9,zp8,64,1
70731,CFG_1738a11cbd49,zp8,64,1
70732,CFG_77c8b99b43d9,zp8,64,1
70733,CFG_67b539d34471,zp8,64,1
70734,CFG_77c8b99b43d9,zp8,64,1
70735,CFG_77c8b99b43d9,zp8,64,1
70736,CFG_29c3378e155b,zp8,64,1
70737,CFG_755205a28938,zp8,64,1
70738,CFG_77c8b99b43d9,zp8,64,1
70739,CFG_bd6412fc68b0,zp8,64,1
70740,CFG_67b539d34471,zp8,64,1
70741,CFG_8bfc9d62299c,zp8,64,1
70742,CFG_77c8b99b43d9,zp8,64,1
70743,CFG_ffde3ea1b2e3,zp8,64,1
70744,CFG_77c8b99b43d9,zp8,64,1
70745,CFG_d96b0c9e44d0,zp8,64,1
70746,CFG_cf541d0f8a3a,zp8,64,1
70747,CFG_f18488ce1456,zp8,64,1
70748,CFG_67b539d34471,zp8,64,1
70749,CFG_5514d03a77b0,zp8,64,1
70750,CFG_a34f76b67ef4,zp8,64,1
70751,CFG_f18488ce1456,zp8,64,1
70752,CFG_1d0f84c0bb06,zp8,64,1
70753,CFG_1ec55dc0a2ff,zp8,64,1
70754,CFG_29c3378e155b,zp8,64,1
70755,CFG_f18488ce1456,zp8,64,1
70756,CFG_773ac98270b6,zp8,64,1
70757,CFG_77c8b99b43d9,zp8,64,1
70758,CFG_77c8b99b43d9,zp8,64,1
70759,CFG_77c8b99b43d9,zp8,64,1
70760,CFG_77c8b99b43d9,zp8,64,1
70761,CFG_77c8b99b43d9,zp8,64,1
70762,CFG_a34f76b67ef4,zp8,64,1
70763,CFG_77c8b99b43d9,zp8,64,1
70764,CFG_1738a11cbd49,zp8,64,1
70765,CFG_77c8b99b43d9,zp8,64,1
70766,CFG_67b539d34471,zp8,64,1
70767,CFG_77c8b99b43d9,zp8,64,1
70768,CFG_77c8b99b43d9,zp8,64,1
70769,CFG_29c3378e155b,zp8,64,1
70770,CFG_755205a28938,zp8,64,1
70771,CFG_77c8b99b43d9,zp8,64,1
70772,CFG_bd6412fc68b0,zp8,64,1
70773,CFG_67b539d34471,zp8,64,1
70774,CFG_8bfc9d62299c,zp8,64,1
70775,CFG_77c8b99b43d9,zp8,64,1
70776,CFG_ffde3ea1b2e3,zp8,64,1
70777,CFG_77c8b99b43d9,zp8,64,1
70778,CFG_67b539d34471,zp8,64,1
70779,CFG_c94b44f1b2f9,zp8,64,1
70780,CFG_755205a28938,zp8,64,1
70781,CFG_ac213567a5a2,zp8,64,1
70782,CFG_77c8b99b43d9,zp8,64,1
70783,CFG_77c8b99b43d9,zp8,64,1
70784,CFG_77c8b99b43d9,zp8,64,1
70785,CFG_77c8b99b43d9,zp8,64,1
70786,CFG_77c8b99b43d9,zp8,64,1
70787,CFG_a34f76b67ef4,zp8,64,1
70788,CFG_77c8b99b43d9,zp8,64,1
70789,CFG_1738a11cbd49,zp8,64,1
70790,CFG_77c8b99b43d9,zp8,64,1
70791,CFG_67b539d34471,zp8,64,1
70792,CFG_77c8b99b43d9,zp8,64,1
70793,CFG_77c8b99b43d9,zp8,64,1
70794,CFG_29c3378e155b,zp8,64,1
70795,CFG_755205a28938,zp8,64,1
70796,CFG_77c8b99b43d9,zp8,64,1
70797,CFG_bd6412fc68b0,zp8,64,1
70798,CFG_67b539d34471,zp8,64,1
70799,CFG_8bfc9d62299c,zp8,64,1
70800,CFG_77c8b99b43d9,zp8,64,1
70801,CFG_ffde3ea1b2e3,zp8,64,1
70802,CFG_77c8b99b43d9,zp8,64,1
70803,CFG_d39c77a1a4bf,zp8,64,1
70804,CFG_773ac98270b6,zp8,64,1
70805,CFG_f18488ce1456,zp8,64,1
70806,CFG_deda15f4c4a8,zp8,64,1
70807,CFG_e87513c8563d,zp8,64,1
70808,CFG_39fe645ba2f1,zp8,64,1
70809,CFG_9178f775d49a,zp8,64,1
70810,CFG_77c8b99b43d9,zp8,64,1
70811,CFG_77c8b99b43d9,zp8,64,1
70812,CFG_77c8b99b43d9,zp8,64,1
70813,CFG_77c8b99b43d9,zp8,64,1
70814,CFG_77c8b99b43d9,zp8,64,1
70815,CFG_a34f76b67ef4,zp8,64,1
70816,CFG_77c8b99b43d9,zp8,64,1
70817,CFG_1738a11cbd49,zp8,64,1
70818,CFG_77c8b99b43d9,zp8,64,1
70819,CFG_67b539d34471,zp8,64,1
70820,CFG_77c8b99b43d9,zp8,64,1
70821,CFG_77c8b99b43d9,zp8,64,1
70822,CFG_29c3378e155b,zp8,64,1
70823,CFG_755205a28938,zp8,64,1
70824,CFG_77c8b99b43d9,zp8,64,1
70825,CFG_bd6412fc68b0,zp8,64,1
70826,CFG_67b539d34471,zp8,64,1
70827,CFG_8bfc9d62299c,zp8,64,1
70828,CFG_77c8b99b43d9,zp8,64,1
70829,CFG_ffde3ea1b2e3,zp8,64,1
70830,CFG_77c8b99b43d9,zp8,64,1
70831,CFG_67b539d34471,zp8,64,1
70832,CFG_c94b44f1b2f9,zp8,64,1
70833,CFG_755205a28938,zp8,64,1
70834,CFG_ac213567a5a2,zp8,64,1
70835,CFG_77c8b99b43d9,zp8,64,1
70836,CFG_77c8b99b43d9,zp8,64,1
70837,CFG_77c8b99b43d9,zp8,64,1
70838,CFG_77c8b99b43d9,zp8,64,1
70839,CFG_77c8b99b43d9,zp8,64,1
70840,CFG_a34f76b67ef4,zp8,64,1
70841,CFG_77c8b99b43d9,zp8,64,1
70842,CFG_1738a11cbd49,zp8,64,1
70843,CFG_77c8b99b43d9,zp8,64,1
70844,CFG_67b539d34471,zp8,64,1
70845,CFG_77c8b99b43d9,zp8,64,1
70846,CFG_77c8b99b43d9,zp8,64,1
70847,CFG_29c3378e155b,zp8,64,1
70848,CFG_755205a28938,zp8,64,1
70849,CFG_77c8b99b43d9,zp8,64,1
70850,CFG_bd6412fc68b0,zp8,64,1
70851,CFG_67b539d34471,zp8,64,1
70852,CFG_8bfc9d62299c,zp8,64,1
70853,CFG_77c8b99b43d9,zp8,64,1
70854,CFG_ffde3ea1b2e3,zp8,64,1
70855,CFG_77c8b99b43d9,zp8,64,1
70856,CFG_be784e24b621,zp8,64,1
70857,CFG_cf541d0f8a3a,zp8,64,1
70858,CFG_77c8b99b43d9,zp8,64,1
70859,CFG_77c8b99b43d9,zp8,64,1
70860,CFG_77c8b99b43d9,zp8,64,1
70861,CFG_77c8b99b43d9,zp8,64,1
70862,CFG_77c8b99b43d9,zp8,64,1
70863,CFG_a34f76b67ef4,zp8,64,1
70864,CFG_77c8b99b43d9,zp8,64,1
70865,CFG_1738a11cbd49,zp8,64,1
70866,CFG_77c8b99b43d9,zp8,64,1
70867,CFG_67b539d34471,zp8,64,1
70868,CFG_77c8b99b43d9,zp8,64,1
70869,CFG_77c8b99b43d9,zp8,64,1
70870,CFG_29c3378e155b,zp8,64,1
70871,CFG_755205a28938,zp8,64,1
70872,CFG_77c8b99b43d9,zp8,64,1
70873,CFG_bd6412fc68b0,zp8,64,1
70874,CFG_67b539d34471,zp8,64,1
70875,CFG_8bfc9d62299c,zp8,64,1
70876,CFG_77c8b99b43d9,zp8,64,1
70877,CFG_ffde3ea1b2e3,zp8,64,1
70878,CFG_77c8b99b43d9,zp8,64,1
70879,CFG_67b539d34471,zp8,64,1
70880,CFG_c94b44f1b2f9,zp8,64,1
70881,CFG_755205a28938,zp8,64,1
70882,CFG_ac213567a5a2,zp8,64,1
70883,CFG_77c8b99b43d9,zp8,64,1
70884,CFG_77c8b99b43d9,zp8,64,1
70885,CFG_77c8b99b43d9,zp8,64,1
70886,CFG_77c8b99b43d9,zp8,64,1
70887,CFG_77c8b99b43d9,zp8,64,1
70888,CFG_a34f76b67ef4,zp8,64,1
70889,CFG_77c8b99b43d9,zp8,64,1
70890,CFG_1738a11cbd49,zp8,64,1
70891,CFG_77c8b99b43d9,zp8,64,1
70892,CFG_67b539d34471,zp8,64,1
70893,CFG_77c8b99b43d9,zp8,64,1
70894,CFG_77c8b99b43d9,zp8,64,1
70895,CFG_29c3378e155b,zp8,64,1
70896,CFG_755205a28938,zp8,64,1
70897,CFG_77c8b99b43d9,zp8,64,1
70898,CFG_bd6412fc68b0,zp8,64,1
70899,CFG_67b539d34471,zp8,64,1
70900,CFG_8bfc9d62299c,zp8,64,1
70901,CFG_77c8b99b43d9,zp8,64,1
70902,CFG_ffde3ea1b2e3,zp8,64,1
70903,CFG_77c8b99b43d9,zp8,64,1
70904,CFG_d96b0c9e44d0,zp8,64,1
70905,CFG_cf541d0f8a3a,zp8,64,1
70906,CFG_f18488ce1456,zp8,64,1
70907,CFG_67b539d34471,zp8,64,1
70908,CFG_5514d03a77b0,zp8,64,1
70909,CFG_a34f76b67ef4,zp8,64,1
70910,CFG_f18488ce1456,zp8,64,1
70911,CFG_1d0f84c0bb06,zp8,64,1
70912,CFG_1ec55dc0a2ff,zp8,64,1
70913,CFG_29c3378e155b,zp8,64,1
70914,CFG_f18488ce1456,zp8,64,1
70915,CFG_773ac98270b6,zp8,64,1
70916,CFG_77c8b99b43d9,zp8,64,1
70917,CFG_77c8b99b43d9,zp8,64,1
70918,CFG_77c8b99b43d9,zp8,64,1
70919,CFG_77c8b99b43d9,zp8,64,1
70920,CFG_77c8b99b43d9,zp8,64,1
70921,CFG_a34f76b67ef4,zp8,64,1
70922,CFG_77c8b99b43d9,zp8,64,1
70923,CFG_1738a11cbd49,zp8,64,1
70924,CFG_77c8b99b43d9,zp8,64,1
70925,CFG_67b539d34471,zp8,64,1
70926,CFG_77c8b99b43d9,zp8,64,1
70927,CFG_77c8b99b43d9,zp8,64,1
70928,CFG_29c3378e155b,zp8,64,1
70929,CFG_755205a28938,zp8,64,1
70930,CFG_77c8b99b43d9,zp8,64,1
70931,CFG_bd6412fc68b0,zp8,64,1
70932,CFG_67b539d34471,zp8,64,1
70933,CFG_8bfc9d62299c,zp8,64,1
70934,CFG_77c8b99b43d9,zp8,64,1
70935,CFG_ffde3ea1b2e3,zp8,64,1
70936,CFG_77c8b99b43d9,zp8,64,1
70937,CFG_67b539d34471,zp8,64,1
70938,CFG_c94b44f1b2f9,zp8,64,1
70939,CFG_755205a28938,zp8,64,1
70940,CFG_ac213567a5a2,zp8,64,1
70941,CFG_77c8b99b43d9,zp8,64,1
70942,CFG_77c8b99b43d9,zp8,64,1
70943,CFG_77c8b99b43d9,zp8,64,1
70944,CFG_77c8b99b43d9,zp8,64,1
70945,CFG_77c8b99b43d9,zp8,64,1
70946,CFG_a34f76b67ef4,zp8,64,1
70947,CFG_77c8b99b43d9,zp8,64,1
70948,CFG_1738a11cbd49,zp8,64,1
70949,CFG_77c8b99b43d9,zp8,64,1
70950,CFG_67b539d34471,zp8,64,1
70951,CFG_77c8b99b43d9,zp8,64,1
70952,CFG_77c8b99b43d9,zp8,64,1
70953,CFG_29c3378e155b,zp8,64,1
70954,CFG_755205a28938,zp8,64,1
70955,CFG_77c8b99b43d9,zp8,64,1
70956,CFG_bd6412fc68b0,zp8,64,1
70957,CFG_67b539d34471,zp8,64,1
70958,CFG_8bfc9d62299c,zp8,64,1
70959,CFG_77c8b99b43d9,zp8,64,1
70960,CFG_ffde3ea1b2e3,zp8,64,1
70961,CFG_77c8b99b43d9,zp8,64,1
70962,CFG_d39c77a1a4bf,zp8,64,1
70963,CFG_773ac98270b6,zp8,64,1
70964,CFG_f18488ce1456,zp8,64,1
70965,CFG_deda15f4c4a8,zp8,64,1
70966,CFG_e87513c8563d,zp8,64,1
70967,CFG_39fe645ba2f1,zp8,64,1
70968,CFG_9178f775d49a,zp8,64,1
70969,CFG_77c8b99b43d9,zp8,64,1
70970,CFG_77c8b99b43d9,zp8,64,1
70971,CFG_77c8b99b43d9,zp8,64,1
70972,CFG_77c8b99b43d9,zp8,64,1
70973,CFG_77c8b99b43d9,zp8,64,1
70974,CFG_a34f76b67ef4,zp8,64,1
70975,CFG_77c8b99b43d9,zp8,64,1
70976,CFG_1738a11cbd49,zp8,64,1
70977,CFG_77c8b99b43d9,zp8,64,1
70978,CFG_67b539d34471,zp8,64,1
70979,CFG_77c8b99b43d9,zp8,64,1
70980,CFG_77c8b99b43d9,zp8,64,1
70981,CFG_29c3378e155b,zp8,64,1
70982,CFG_755205a28938,zp8,64,1
70983,CFG_77c8b99b43d9,zp8,64,1
70984,CFG_bd6412fc68b0,zp8,64,1
70985,CFG_67b539d34471,zp8,64,1
70986,CFG_8bfc9d62299c,zp8,64,1
70987,CFG_77c8b99b43d9,zp8,64,1
70988,CFG_ffde3ea1b2e3,zp8,64,1
70989,CFG_77c8b99b43d9,zp8,64,1
70990,CFG_67b539d34471,zp8,64,1
70991,CFG_c94b44f1b2f9,zp8,64,1
70992,CFG_755205a28938,zp8,64,1
70993,CFG_ac213567a5a2,zp8,64,1
70994,CFG_77c8b99b43d9,zp8,64,1
70995,CFG_77c8b99b43d9,zp8,64,1
70996,CFG_77c8b99b43d9,zp8,64,1
70997,CFG_77c8b99b43d9,zp8,64,1
70998,CFG_77c8b99b43d9,zp8,64,1
70999,CFG_a34f76b67ef4,zp8,64,1
71000,CFG_77c8b99b43d9,zp8,64,1
71001,CFG_1738a11cbd49,zp8,64,1
71002,CFG_77c8b99b43d9,zp8,64,1
71003,CFG_67b539d34471,zp8,64,1
71004,CFG_77c8b99b43d9,zp8,64,1
71005,CFG_77c8b99b43d9,zp8,64,1
71006,CFG_29c3378e155b,zp8,64,1
71007,CFG_755205a28938,zp8,64,1
71008,CFG_77c8b99b43d9,zp8,64,1
71009,CFG_bd6412fc68b0,zp8,64,1
71010,CFG_67b539d34471,zp8,64,1
71011,CFG_8bfc9d62299c,zp8,64,1
71012,CFG_77c8b99b43d9,zp8,64,1
71013,CFG_ffde3ea1b2e3,zp8,64,1
71014,CFG_77c8b99b43d9,zp8,64,1
71015,CFG_a1ebd0490272,zp8,64,1
71016,CFG_17620e2785dc,zp8,64,1
71017,CFG_d96b0c9e44d0,zp8,64,1
71018,CFG_2534839bab0a,zp8,64,1
71019,CFG_727914633b9e,zp8,64,1
71020,CFG_f18488ce1456,zp8,64,1
71021,CFG_7155e4ee7bdf,zp8,64,1
71022,CFG_755205a28938,zp8,64,1
71023,CFG_7fa53b7ab3bf,zp8,64,1
71024,CFG_9c659499047b,zp8,64,1
71025,CFG_ac213567a5a2,zp8,64,1
71026,CFG_f993a0fc6256,zp8,64,1
71027,CFG_59aede929579,zp8,64,1
71028,CFG_59aede929579,zp8,64,1
71029,CFG_755205a28938,zp8,64,1
71030,CFG_deda15f4c4a8,zp8,64,1
71031,CFG_b2a3cbb134c5,zp8,64,1
71032,CFG_4bec09598a98,zp8,64,1
71033,CFG_9178f775d49a,zp8,64,1
71034,CFG_77c8b99b43d9,zp8,64,1
71035,CFG_67b539d34471,zp8,64,1
71036,CFG_77c8b99b43d9,zp8,64,1
71037,CFG_77c8b99b43d9,zp8,64,1
71038,CFG_29c3378e155b,zp8,64,1
71039,CFG_755205a28938,zp8,64,1
71040,CFG_77c8b99b43d9,zp8,64,1
71041,CFG_bd6412fc68b0,zp8,64,1
71042,CFG_67b539d34471,zp8,64,1
71043,CFG_8bfc9d62299c,zp8,64,1
71044,CFG_77c8b99b43d9,zp8,64,1
71045,CFG_ffde3ea1b2e3,zp8,64,1
71046,CFG_77c8b99b43d9,zp8,64,1
71047,CFG_67b539d34471,zp8,64,1
71048,CFG_c94b44f1b2f9,zp8,64,1
71049,CFG_755205a28938,zp8,64,1
71050,CFG_ac213567a5a2,zp8,64,1
71051,CFG_77c8b99b43d9,zp8,64,1
71052,CFG_77c8b99b43d9,zp8,64,1
71053,CFG_77c8b99b43d9,zp8,64,1
71054,CFG_77c8b99b43d9,zp8,64,1
71055,CFG_77c8b99b43d9,zp8,64,1
71056,CFG_a34f76b67ef4,zp8,64,1
71057,CFG_77c8b99b43d9,zp8,64,1
71058,CFG_1738a11cbd49,zp8,64,1
71059,CFG_77c8b99b43d9,zp8,64,1
71060,CFG_67b539d34471,zp8,64,1
71061,CFG_77c8b99b43d9,zp8,64,1
71062,CFG_77c8b99b43d9,zp8,64,1
71063,CFG_29c3378e155b,zp8,64,1
71064,CFG_755205a28938,zp8,64,1
71065,CFG_77c8b99b43d9,zp8,64,1
71066,CFG_bd6412fc68b0,zp8,64,1
71067,CFG_67b539d34471,zp8,64,1
71068,CFG_8bfc9d62299c,zp8,64,1
71069,CFG_77c8b99b43d9,zp8,64,1
71070,CFG_ffde3ea1b2e3,zp8,64,1
71071,CFG_77c8b99b43d9,zp8,64,1
71072,CFG_d96b0c9e44d0,zp8,64,1
71073,CFG_cf541d0f8a3a,zp8,64,1
71074,CFG_f18488ce1456,zp8,64,1
71075,CFG_67b539d34471,zp8,64,1
71076,CFG_5514d03a77b0,zp8,64,1
71077,CFG_a34f76b67ef4,zp8,64,1
71078,CFG_f18488ce1456,zp8,64,1
71079,CFG_1d0f84c0bb06,zp8,64,1
71080,CFG_1ec55dc0a2ff,zp8,64,1
71081,CFG_29c3378e155b,zp8,64,1
71082,CFG_f18488ce1456,zp8,64,1
71083,CFG_773ac98270b6,zp8,64,1
71084,CFG_77c8b99b43d9,zp8,64,1
71085,CFG_77c8b99b43d9,zp8,64,1
71086,CFG_77c8b99b43d9,zp8,64,1
71087,CFG_77c8b99b43d9,zp8,64,1
71088,CFG_77c8b99b43d9,zp8,64,1
71089,CFG_a34f76b67ef4,zp8,64,1
71090,CFG_77c8b99b43d9,zp8,64,1
71091,CFG_1738a11cbd49,zp8,64,1
71092,CFG_77c8b99b43d9,zp8,64,1
71093,CFG_67b539d34471,zp8,64,1
71094,CFG_77c8b99b43d9,zp8,64,1
71095,CFG_77c8b99b43d9,zp8,64,1
71096,CFG_29c3378e155b,zp8,64,1
71097,CFG_755205a28938,zp8,64,1
71098,CFG_77c8b99b43d9,zp8,64,1
71099,CFG_bd6412fc68b0,zp8,64,1
71100,CFG_67b539d34471,zp8,64,1
71101,CFG_8bfc9d62299c,zp8,64,1
71102,CFG_77c8b99b43d9,zp8,64,1
71103,CFG_ffde3ea1b2e3,zp8,64,1
71104,CFG_77c8b99b43d9,zp8,64,1
71105,CFG_67b539d34471,zp8,64,1
71106,CFG_c94b44f1b2f9,zp8,64,1
71107,CFG_755205a28938,zp8,64,1
71108,CFG_ac213567a5a2,zp8,64,1
71109,CFG_77c8b99b43d9,zp8,64,1
71110,CFG_77c8b99b43d9,zp8,64,1
71111,CFG_77c8b99b43d9,zp8,64,1
71112,CFG_77c8b99b43d9,zp8,64,1
71113,CFG_77c8b99b43d9,zp8,64,1
71114,CFG_a34f76b67ef4,zp8,64,1
71115,CFG_77c8b99b43d9,zp8,64,1
71116,CFG_1738a11cbd49,zp8,64,1
71117,CFG_77c8b99b43d9,zp8,64,1
71118,CFG_67b539d34471,zp8,64,1
71119,CFG_77c8b99b43d9,zp8,64,1
71120,CFG_77c8b99b43d9,zp8,64,1
71121,CFG_29c3378e155b,zp8,64,1
71122,CFG_755205a28938,zp8,64,1
71123,CFG_77c8b99b43d9,zp8,64,1
71124,CFG_bd6412fc68b0,zp8,64,1
71125,CFG_67b539d34471,zp8,64,1
71126,CFG_8bfc9d62299c,zp8,64,1
71127,CFG_77c8b99b43d9,zp8,64,1
71128,CFG_ffde3ea1b2e3,zp8,64,1
71129,CFG_77c8b99b43d9,zp8,64,1
71130,CFG_d39c77a1a4bf,zp8,64,1
71131,CFG_773ac98270b6,zp8,64,1
71132,CFG_f18488ce1456,zp8,64,1
71133,CFG_deda15f4c4a8,zp8,64,1
71134,CFG_e87513c8563d,zp8,64,1
71135,CFG_39fe645ba2f1,zp8,64,1
71136,CFG_9178f775d49a,zp8,64,1
71137,CFG_77c8b99b43d9,zp8,64,1
71138,CFG_77c8b99b43d9,zp8,64,1
71139,CFG_77c8b99b43d9,zp8,64,1
71140,CFG_77c8b99b43d9,zp8,64,1
71141,CFG_77c8b99b43d9,zp8,64,1
71142,CFG_a34f76b67ef4,zp8,64,1
71143,CFG_77c8b99b43d9,zp8,64,1
71144,CFG_1738a11cbd49,zp8,64,1
71145,CFG_77c8b99b43d9,zp8,64,1
71146,CFG_67b539d34471,zp8,64,1
71147,CFG_77c8b99b43d9,zp8,64,1
71148,CFG_77c8b99b43d9,zp8,64,1
71149,CFG_29c3378e155b,zp8,64,1
71150,CFG_755205a28938,zp8,64,1
71151,CFG_77c8b99b43d9,zp8,64,1
71152,CFG_bd6412fc68b0,zp8,64,1
71153,CFG_67b539d34471,zp8,64,1
71154,CFG_8bfc9d62299c,zp8,64,1
71155,CFG_77c8b99b43d9,zp8,64,1
71156,CFG_ffde3ea1b2e3,zp8,64,1
71157,CFG_77c8b99b43d9,zp8,64,1
71158,CFG_67b539d34471,zp8,64,1
71159,CFG_c94b44f1b2f9,zp8,64,1
71160,CFG_755205a28938,zp8,64,1
71161,CFG_ac213567a5a2,zp8,64,1
71162,CFG_77c8b99b43d9,zp8,64,1
71163,CFG_77c8b99b43d9,zp8,64,1
71164,CFG_77c8b99b43d9,zp8,64,1
71165,CFG_77c8b99b43d9,zp8,64,1
71166,CFG_77c8b99b43d9,zp8,64,1
71167,CFG_a34f76b67ef4,zp8,64,1
71168,CFG_77c8b99b43d9,zp8,64,1
71169,CFG_1738a11cbd49,zp8,64,1
71170,CFG_77c8b99b43d9,zp8,64,1
71171,CFG_67b539d34471,zp8,64,1
71172,CFG_77c8b99b43d9,zp8,64,1
71173,CFG_77c8b99b43d9,zp8,64,1
71174,CFG_29c3378e155b,zp8,64,1
71175,CFG_755205a28938,zp8,64,1
71176,CFG_77c8b99b43d9,zp8,64,1
71177,CFG_bd6412fc68b0,zp8,64,1
71178,CFG_67b539d34471,zp8,64,1
71179,CFG_8bfc9d62299c,zp8,64,1
71180,CFG_77c8b99b43d9,zp8,64,1
71181,CFG_ffde3ea1b2e3,zp8,64,1
71182,CFG_77c8b99b43d9,zp8,64,1
71183,CFG_ac213567a5a2,zp8,64,1
71184,CFG_be784e24b621,zp8,64,1
71185,CFG_59f154754573,zp8,64,1
71186,CFG_a292c20a75fd,zp8,64,1
71187,CFG_710c47edfbc8,zp8,64,1
71188,CFG_e3950fd94ca1,zp8,64,1
71189,CFG_1738a11cbd49,zp8,64,1
71190,CFG_1ec55dc0a2ff,zp8,64,1
71191,CFG_1ec55dc0a2ff,zp8,64,1
71192,CFG_f18488ce1456,zp8,64,1
71193,CFG_f18488ce1456,zp8,64,1
71194,CFG_deda15f4c4a8,zp8,64,1
71195,CFG_db37bdfe8c71,zp8,64,1
71196,CFG_5514d03a77b0,zp8,64,1
71197,CFG_b2a3cbb134c5,zp8,64,1
71198,CFG_67b539d34471,zp8,64,1
71199,CFG_9178f775d49a,zp8,64,1
71200,CFG_b2a3cbb134c5,zp8,64,1
71201,CFG_939ca62c69c2,zp8,64,1
71202,CFG_532891bb36ca,zp8,64,1
71203,CFG_9c659499047b,zp8,64,1
71204,CFG_bbea204eb2ac,zp8,64,1
71205,CFG_17620e2785dc,zp8,64,1
71206,CFG_77c8b99b43d9,zp8,64,1
71207,CFG_77c8b99b43d9,zp8,64,1
71208,CFG_77c8b99b43d9,zp8,64,1
71209,CFG_77c8b99b43d9,zp8,64,1
71210,CFG_77c8b99b43d9,zp8,64,1
71211,CFG_a34f76b67ef4,zp8,64,1
71212,CFG_77c8b99b43d9,zp8,64,1
71213,CFG_1738a11cbd49,zp8,64,1
71214,CFG_77c8b99b43d9,zp8,64,1
71215,CFG_67b539d34471,zp8,64,1
71216,CFG_77c8b99b43d9,zp8,64,1
71217,CFG_77c8b99b43d9,zp8,64,1
71218,CFG_29c3378e155b,zp8,64,1
71219,CFG_755205a28938,zp8,64,1
71220,CFG_77c8b99b43d9,zp8,64,1
71221,CFG_bd6412fc68b0,zp8,64,1
71222,CFG_67b539d34471,zp8,64,1
71223,CFG_8bfc9d62299c,zp8,64,1
71224,CFG_77c8b99b43d9,zp8,64,1
71225,CFG_ffde3ea1b2e3,zp8,64,1
71226,CFG_77c8b99b43d9,zp8,64,1
71227,CFG_67b539d34471,zp8,64,1
71228,CFG_c94b44f1b2f9,zp8,64,1
71229,CFG_755205a28938,zp8,64,1
71230,CFG_ac213567a5a2,zp8,64,1
71231,CFG_77c8b99b43d9,zp8,64,1
71232,CFG_77c8b99b43d9,zp8,64,1
71233,CFG_77c8b99b43d9,zp8,64,1
71234,CFG_77c8b99b43d9,zp8,64,1
71235,CFG_77c8b99b43d9,zp8,64,1
71236,CFG_a34f76b67ef4,zp8,64,1
71237,CFG_77c8b99b43d9,zp8,64,1
71238,CFG_1738a11cbd49,zp8,64,1
71239,CFG_77c8b99b43d9,zp8,64,1
71240,CFG_67b539d34471,zp8,64,1
71241,CFG_77c8b99b43d9,zp8,64,1
71242,CFG_77c8b99b43d9,zp8,64,1
71243,CFG_29c3378e155b,zp8,64,1
71244,CFG_755205a28938,zp8,64,1
71245,CFG_77c8b99b43d9,zp8,64,1
71246,CFG_bd6412fc68b0,zp8,64,1
71247,CFG_67b539d34471,zp8,64,1
71248,CFG_8bfc9d62299c,zp8,64,1
71249,CFG_77c8b99b43d9,zp8,64,1
71250,CFG_ffde3ea1b2e3,zp8,64,1
71251,CFG_77c8b99b43d9,zp8,64,1
71252,CFG_d96b0c9e44d0,zp8,64,1
71253,CFG_cf541d0f8a3a,zp8,64,1
71254,CFG_f18488ce1456,zp8,64,1
71255,CFG_67b539d34471,zp8,64,1
71256,CFG_5514d03a77b0,zp8,64,1
71257,CFG_a34f76b67ef4,zp8,64,1
71258,CFG_f18488ce1456,zp8,64,1
71259,CFG_1d0f84c0bb06,zp8,64,1
71260,CFG_1ec55dc0a2ff,zp8,64,1
71261,CFG_29c3378e155b,zp8,64,1
71262,CFG_f18488ce1456,zp8,64,1
71263,CFG_773ac98270b6,zp8,64,1
71264,CFG_77c8b99b43d9,zp8,64,1
71265,CFG_77c8b99b43d9,zp8,64,1
71266,CFG_77c8b99b43d9,zp8,64,1
71267,CFG_77c8b99b43d9,zp8,64,1
71268,CFG_77c8b99b43d9,zp8,64,1
71269,CFG_a34f76b67ef4,zp8,64,1
71270,CFG_77c8b99b43d9,zp8,64,1
71271,CFG_1738a11cbd49,zp8,64,1
71272,CFG_77c8b99b43d9,zp8,64,1
71273,CFG_67b539d34471,zp8,64,1
71274,CFG_77c8b99b43d9,zp8,64,1
71275,CFG_77c8b99b43d9,zp8,64,1
71276,CFG_29c3378e155b,zp8,64,1
71277,CFG_755205a28938,zp8,64,1
71278,CFG_77c8b99b43d9,zp8,64,1
71279,CFG_bd6412fc68b0,zp8,64,1
71280,CFG_67b539d34471,zp8,64,1
71281,CFG_8bfc9d62299c,zp8,64,1
71282,CFG_77c8b99b43d9,zp8,64,1
71283,CFG_ffde3ea1b2e3,zp8,64,1
71284,CFG_77c8b99b43d9,zp8,64,1
71285,CFG_67b539d34471,zp8,64,1
71286,CFG_c94b44f1b2f9,zp8,64,1
71287,CFG_755205a28938,zp8,64,1
71288,CFG_ac213567a5a2,zp8,64,1
71289,CFG_77c8b99b43d9,zp8,64,1
71290,CFG_77c8b99b43d9,zp8,64,1
71291,CFG_77c8b99b43d9,zp8,64,1
71292,CFG_77c8b99b43d9,zp8,64,1
71293,CFG_77c8b99b43d9,zp8,64,1
71294,CFG_a34f76b67ef4,zp8,64,1
71295,CFG_77c8b99b43d9,zp8,64,1
71296,CFG_1738a11cbd49,zp8,64,1
71297,CFG_77c8b99b43d9,zp8,64,1
71298,CFG_67b539d34471,zp8,64,1
71299,CFG_77c8b99b43d9,zp8,64,1
71300,CFG_77c8b99b43d9,zp8,64,1
71301,CFG_29c3378e155b,zp8,64,1
71302,CFG_755205a28938,zp8,64,1
71303,CFG_77c8b99b43d9,zp8,64,1
71304,CFG_bd6412fc68b0,zp8,64,1
71305,CFG_67b539d34471,zp8,64,1
71306,CFG_8bfc9d62299c,zp8,64,1
71307,CFG_77c8b99b43d9,zp8,64,1
71308,CFG_ffde3ea1b2e3,zp8,64,1
71309,CFG_77c8b99b43d9,zp8,64,1
71310,CFG_d39c77a1a4bf,zp8,64,1
71311,CFG_773ac98270b6,zp8,64,1
71312,CFG_f18488ce1456,zp8,64,1
71313,CFG_deda15f4c4a8,zp8,64,1
71314,CFG_e87513c8563d,zp8,64,1
71315,CFG_39fe645ba2f1,zp8,64,1
71316,CFG_9178f775d49a,zp8,64,1
71317,CFG_77c8b99b43d9,zp8,64,1
71318,CFG_77c8b99b43d9,zp8,64,1
71319,CFG_77c8b99b43d9,zp8,64,1
71320,CFG_77c8b99b43d9,zp8,64,1
71321,CFG_77c8b99b43d9,zp8,64,1
71322,CFG_a34f76b67ef4,zp8,64,1
71323,CFG_77c8b99b43d9,zp8,64,1
71324,CFG_1738a11cbd49,zp8,64,1
71325,CFG_77c8b99b43d9,zp8,64,1
71326,CFG_67b539d34471,zp8,64,1
71327,CFG_77c8b99b43d9,zp8,64,1
71328,CFG_77c8b99b43d9,zp8,64,1
71329,CFG_29c3378e155b,zp8,64,1
71330,CFG_755205a28938,zp8,64,1
71331,CFG_77c8b99b43d9,zp8,64,1
71332,CFG_bd6412fc68b0,zp8,64,1
71333,CFG_67b539d34471,zp8,64,1
71334,CFG_8bfc9d62299c,zp8,64,1
71335,CFG_77c8b99b43d9,zp8,64,1
71336,CFG_ffde3ea1b2e3,zp8,64,1
71337,CFG_77c8b99b43d9,zp8,64,1
71338,CFG_67b539d34471,zp8,64,1
71339,CFG_c94b44f1b2f9,zp8,64,1
71340,CFG_755205a28938,zp8,64,1
71341,CFG_ac213567a5a2,zp8,64,1
71342,CFG_77c8b99b43d9,zp8,64,1
71343,CFG_77c8b99b43d9,zp8,64,1
71344,CFG_77c8b99b43d9,zp8,64,1
71345,CFG_77c8b99b43d9,zp8,64,1
71346,CFG_77c8b99b43d9,zp8,64,1
71347,CFG_a34f76b67ef4,zp8,64,1
71348,CFG_77c8b99b43d9,zp8,64,1
71349,CFG_1738a11cbd49,zp8,64,1
71350,CFG_77c8b99b43d9,zp8,64,1
71351,CFG_67b539d34471,zp8,64,1
71352,CFG_77c8b99b43d9,zp8,64,1
71353,CFG_77c8b99b43d9,zp8,64,1
71354,CFG_29c3378e155b,zp8,64,1
71355,CFG_755205a28938,zp8,64,1
71356,CFG_77c8b99b43d9,zp8,64,1
71357,CFG_bd6412fc68b0,zp8,64,1
71358,CFG_67b539d34471,zp8,64,1
71359,CFG_8bfc9d62299c,zp8,64,1
71360,CFG_77c8b99b43d9,zp8,64,1
71361,CFG_ffde3ea1b2e3,zp8,64,1
71362,CFG_77c8b99b43d9,zp8,64,1
71363,CFG_bbea204eb2ac,zp8,64,1
71364,CFG_f18488ce1456,zp8,64,1
71365,CFG_36f82e31118f,zp8,64,1
71366,CFG_8bfc9d62299c,zp8,64,1
71367,CFG_8bfc9d62299c,zp8,64,1
71368,CFG_7cd4c6b023c5,zp8,64,1
71369,CFG_be784e24b621,zp8,64,1
71370,CFG_67b539d34471,zp8,64,1
71371,CFG_17620e2785dc,zp8,64,1
71372,CFG_275e4ca07248,zp8,64,1
71373,CFG_b2a3cbb134c5,zp8,64,1
71374,CFG_36f82e31118f,zp8,64,1
71375,CFG_1738a11cbd49,zp8,64,1
71376,CFG_5cd0c67d59bc,zp8,64,1
71377,CFG_3a3d7179fe0d,zp8,64,1
71378,CFG_939ca62c69c2,zp8,64,1
71379,CFG_755205a28938,zp8,64,1
71380,CFG_b2a3cbb134c5,zp8,64,1
71381,CFG_275e4ca07248,zp8,64,1
71382,CFG_f993a0fc6256,zp8,64,1
71383,CFG_939ca62c69c2,zp8,64,1
71384,CFG_5514d03a77b0,zp8,64,1
71385,CFG_f18488ce1456,zp8,64,1
71386,CFG_e3950fd94ca1,zp8,64,1
71387,CFG_8a51f93d684d,zp8,64,1
71388,CFG_7155e4ee7bdf,zp8,64,1
71389,CFG_1ec55dc0a2ff,zp8,64,1
71390,CFG_29c3378e155b,zp8,64,1
71391,CFG_3a3d7179fe0d,zp8,64,1
71392,CFG_67b539d34471,zp8,64,1
71393,CFG_b2a3cbb134c5,zp8,64,1
71394,CFG_532891bb36ca,zp8,64,1
71395,CFG_be784e24b621,zp8,64,1
71396,CFG_3e489afc8bfd,zp8,64,1
71397,CFG_b2a3cbb134c5,zp8,64,1
71398,CFG_b8e6a5652de1,zp8,64,1
71399,CFG_b0eabb76b70f,zp8,64,1
71400,CFG_36f82e31118f,zp8,64,1
71401,CFG_d96b0c9e44d0,zp8,64,1
71402,CFG_de29bb20eaa6,zp8,64,1
71403,CFG_b2a3cbb134c5,zp8,64,1
71404,CFG_dda2f907b868,zp8,64,1
71405,CFG_9c659499047b,zp8,64,1
71406,CFG_67b539d34471,zp8,64,1
71407,CFG_b04e3d146803,zp8,64,1
71408,CFG_e1e6e0c66c93,zp8,64,1
71409,CFG_deda15f4c4a8,zp8,64,1
71410,CFG_939ca62c69c2,zp8,64,1
71411,CFG_112bf773e97d,zp8,64,1
71412,CFG_3a3d7179fe0d,zp8,64,1
71413,CFG_773ac98270b6,zp8,64,1
71414,CFG_1ec55dc0a2ff,zp8,64,1
71415,CFG_5514d03a77b0,zp8,64,1
71416,CFG_6caaadb373ea,zp8,64,1
71417,CFG_710c47edfbc8,zp8,64,1
71418,CFG_b2a3cbb134c5,zp8,64,1
71419,CFG_2154b722e06b,zp8,64,1
71420,CFG_d96b0c9e44d0,zp8,64,1
71421,CFG_17620e2785dc,zp8,64,1
71422,CFG_e3386d946379,zp8,64,1
71423,CFG_be784e24b621,zp8,64,1
71424,CFG_deda15f4c4a8,zp8,64,1
71425,CFG_cf541d0f8a3a,zp8,64,1
71426,CFG_ffde3ea1b2e3,zp8,64,1
71427,CFG_59f154754573,zp8,64,1
71428,CFG_ffde3ea1b2e3,zp8,64,1
71429,CFG_99b4d8a9c762,zp8,64,1
71430,CFG_5be0533f7ebf,zp8,64,1
71431,CFG_d96b0c9e44d0,zp8,64,1
71432,CFG_be784e24b621,zp8,64,1
71433,CFG_be784e24b621,zp8,64,1
71434,CFG_5cd0c67d59bc,zp8,64,1
71435,CFG_3a3d7179fe0d,zp8,64,1
71436,CFG_2154b722e06b,zp8,64,1
71437,CFG_d96b0c9e44d0,zp8,64,1
71438,CFG_67b539d34471,zp8,64,1
71439,CFG_77c8b99b43d9,zp8,64,1
71440,CFG_77c8b99b43d9,zp8,64,1
71441,CFG_77c8b99b43d9,zp8,64,1
71442,CFG_77c8b99b43d9,zp8,64,1
71443,CFG_77c8b99b43d9,zp8,64,1
71444,CFG_a34f76b67ef4,zp8,64,1
71445,CFG_77c8b99b43d9,zp8,64,1
71446,CFG_1738a11cbd49,zp8,64,1
71447,CFG_77c8b99b43d9,zp8,64,1
71448,CFG_67b539d34471,zp8,64,1
71449,CFG_77c8b99b43d9,zp8,64,1
71450,CFG_77c8b99b43d9,zp8,64,1
71451,CFG_29c3378e155b,zp8,64,1
71452,CFG_755205a28938,zp8,64,1
71453,CFG_77c8b99b43d9,zp8,64,1
71454,CFG_bd6412fc68b0,zp8,64,1
71455,CFG_67b539d34471,zp8,64,1
71456,CFG_8bfc9d62299c,zp8,64,1
71457,CFG_77c8b99b43d9,zp8,64,1
71458,CFG_ffde3ea1b2e3,zp8,64,1
71459,CFG_77c8b99b43d9,zp8,64,1
71460,CFG_67b539d34471,zp8,64,1
71461,CFG_c94b44f1b2f9,zp8,64,1
71462,CFG_755205a28938,zp8,64,1
71463,CFG_ac213567a5a2,zp8,64,1
71464,CFG_77c8b99b43d9,zp8,64,1
71465,CFG_77c8b99b43d9,zp8,64,1
71466,CFG_77c8b99b43d9,zp8,64,1
71467,CFG_77c8b99b43d9,zp8,64,1
71468,CFG_77c8b99b43d9,zp8,64,1
71469,CFG_a34f76b67ef4,zp8,64,1
71470,CFG_77c8b99b43d9,zp8,64,1
71471,CFG_1738a11cbd49,zp8,64,1
71472,CFG_77c8b99b43d9,zp8,64,1
71473,CFG_67b539d34471,zp8,64,1
71474,CFG_77c8b99b43d9,zp8,64,1
71475,CFG_77c8b99b43d9,zp8,64,1
71476,CFG_29c3378e155b,zp8,64,1
71477,CFG_755205a28938,zp8,64,1
71478,CFG_77c8b99b43d9,zp8,64,1
71479,CFG_bd6412fc68b0,zp8,64,1
71480,CFG_67b539d34471,zp8,64,1
71481,CFG_8bfc9d62299c,zp8,64,1
71482,CFG_77c8b99b43d9,zp8,64,1
71483,CFG_ffde3ea1b2e3,zp8,64,1
71484,CFG_77c8b99b43d9,zp8,64,1
71485,CFG_d96b0c9e44d0,zp8,64,1
71486,CFG_cf541d0f8a3a,zp8,64,1
71487,CFG_f18488ce1456,zp8,64,1
71488,CFG_67b539d34471,zp8,64,1
71489,CFG_5514d03a77b0,zp8,64,1
71490,CFG_a34f76b67ef4,zp8,64,1
71491,CFG_f18488ce1456,zp8,64,1
71492,CFG_1d0f84c0bb06,zp8,64,1
71493,CFG_1ec55dc0a2ff,zp8,64,1
71494,CFG_29c3378e155b,zp8,64,1
71495,CFG_f18488ce1456,zp8,64,1
71496,CFG_773ac98270b6,zp8,64,1
71497,CFG_77c8b99b43d9,zp8,64,1
71498,CFG_77c8b99b43d9,zp8,64,1
71499,CFG_77c8b99b43d9,zp8,64,1
71500,CFG_77c8b99b43d9,zp8,64,1
71501,CFG_77c8b99b43d9,zp8,64,1
71502,CFG_a34f76b67ef4,zp8,64,1
71503,CFG_77c8b99b43d9,zp8,64,1
71504,CFG_1738a11cbd49,zp8,64,1
71505,CFG_77c8b99b43d9,zp8,64,1
71506,CFG_67b539d34471,zp8,64,1
71507,CFG_77c8b99b43d9,zp8,64,1
71508,CFG_77c8b99b43d9,zp8,64,1
71509,CFG_29c3378e155b,zp8,64,1
71510,CFG_755205a28938,zp8,64,1
71511,CFG_77c8b99b43d9,zp8,64,1
71512,CFG_bd6412fc68b0,zp8,64,1
71513,CFG_67b539d34471,zp8,64,1
71514,CFG_8bfc9d62299c,zp8,64,1
71515,CFG_77c8b99b43d9,zp8,64,1
71516,CFG_ffde3ea1b2e3,zp8,64,1
71517,CFG_77c8b99b43d9,zp8,64,1
71518,CFG_67b539d34471,zp8,64,1
71519,CFG_c94b44f1b2f9,zp8,64,1
71520,CFG_755205a28938,zp8,64,1
71521,CFG_ac213567a5a2,zp8,64,1
71522,CFG_77c8b99b43d9,zp8,64,1
71523,CFG_77c8b99b43d9,zp8,64,1
71524,CFG_77c8b99b43d9,zp8,64,1
71525,CFG_77c8b99b43d9,zp8,64,1
71526,CFG_77c8b99b43d9,zp8,64,1
71527,CFG_a34f76b67ef4,zp8,64,1
71528,CFG_77c8b99b43d9,zp8,64,1
71529,CFG_1738a11cbd49,zp8,64,1
71530,CFG_77c8b99b43d9,zp8,64,1
71531,CFG_67b539d34471,zp8,64,1
71532,CFG_77c8b99b43d9,zp8,64,1
71533,CFG_77c8b99b43d9,zp8,64,1
71534,CFG_29c3378e155b,zp8,64,1
71535,CFG_755205a28938,zp8,64,1
71536,CFG_77c8b99b43d9,zp8,64,1
71537,CFG_bd6412fc68b0,zp8,64,1
71538,CFG_67b539d34471,zp8,64,1
71539,CFG_8bfc9d62299c,zp8,64,1
71540,CFG_77c8b99b43d9,zp8,64,1
71541,CFG_ffde3ea1b2e3,zp8,64,1
71542,CFG_77c8b99b43d9,zp8,64,1
71543,CFG_d39c77a1a4bf,zp8,64,1
71544,CFG_773ac98270b6,zp8,64,1
71545,CFG_f18488ce1456,zp8,64,1
71546,CFG_deda15f4c4a8,zp8,64,1
71547,CFG_e87513c8563d,zp8,64,1
71548,CFG_39fe645ba2f1,zp8,64,1
71549,CFG_9178f775d49a,zp8,64,1
71550,CFG_77c8b99b43d9,zp8,64,1
71551,CFG_77c8b99b43d9,zp8,64,1
71552,CFG_77c8b99b43d9,zp8,64,1
71553,CFG_77c8b99b43d9,zp8,64,1
71554,CFG_77c8b99b43d9,zp8,64,1
71555,CFG_a34f76b67ef4,zp8,64,1
71556,CFG_77c8b99b43d9,zp8,64,1
71557,CFG_1738a11cbd49,zp8,64,1
71558,CFG_77c8b99b43d9,zp8,64,1
71559,CFG_67b539d34471,zp8,64,1
71560,CFG_77c8b99b43d9,zp8,64,1
71561,CFG_77c8b99b43d9,zp8,64,1
71562,CFG_29c3378e155b,zp8,64,1
71563,CFG_755205a28938,zp8,64,1
71564,CFG_77c8b99b43d9,zp8,64,1
71565,CFG_bd6412fc68b0,zp8,64,1
71566,CFG_67b539d34471,zp8,64,1
71567,CFG_8bfc9d62299c,zp8,64,1
71568,CFG_77c8b99b43d9,zp8,64,1
71569,CFG_ffde3ea1b2e3,zp8,64,1
71570,CFG_77c8b99b43d9,zp8,64,1
71571,CFG_67b539d34471,zp8,64,1
71572,CFG_c94b44f1b2f9,zp8,64,1
71573,CFG_755205a28938,zp8,64,1
71574,CFG_ac213567a5a2,zp8,64,1
71575,CFG_77c8b99b43d9,zp8,64,1
71576,CFG_77c8b99b43d9,zp8,64,1
71577,CFG_77c8b99b43d9,zp8,64,1
71578,CFG_77c8b99b43d9,zp8,64,1
71579,CFG_77c8b99b43d9,zp8,64,1
71580,CFG_a34f76b67ef4,zp8,64,1
71581,CFG_77c8b99b43d9,zp8,64,1
71582,CFG_1738a11cbd49,zp8,64,1
71583,CFG_77c8b99b43d9,zp8,64,1
71584,CFG_67b539d34471,zp8,64,1
71585,CFG_77c8b99b43d9,zp8,64,1
71586,CFG_77c8b99b43d9,zp8,64,1
71587,CFG_29c3378e155b,zp8,64,1
71588,CFG_755205a28938,zp8,64,1
71589,CFG_77c8b99b43d9,zp8,64,1
71590,CFG_bd6412fc68b0,zp8,64,1
71591,CFG_67b539d34471,zp8,64,1
71592,CFG_8bfc9d62299c,zp8,64,1
71593,CFG_77c8b99b43d9,zp8,64,1
71594,CFG_ffde3ea1b2e3,zp8,64,1
71595,CFG_77c8b99b43d9,zp8,64,1
71596,CFG_36f82e31118f,zp8,64,1
71597,CFG_5cd0c67d59bc,zp8,64,1
71598,CFG_f18488ce1456,zp8,64,1
71599,CFG_59aede929579,zp8,64,1
71600,CFG_e1e6e0c66c93,zp8,64,1
71601,CFG_112bf773e97d,zp8,64,1
71602,CFG_2154b722e06b,zp8,64,1
71603,CFG_625048fefa0b,zp8,64,1
71604,CFG_625048fefa0b,zp8,64,1
71605,CFG_be784e24b621,zp8,64,1
71606,CFG_5514d03a77b0,zp8,64,1
71607,CFG_9c659499047b,zp8,64,1
71608,CFG_be784e24b621,zp8,64,1
71609,CFG_db37bdfe8c71,zp8,64,1
71610,CFG_b8e6a5652de1,zp8,64,1
71611,CFG_7cd4c6b023c5,zp8,64,1
71612,CFG_cf541d0f8a3a,zp8,64,1
71613,CFG_29c3378e155b,zp8,64,1
71614,CFG_d0face5aa80d,zp8,64,1
71615,CFG_1ec55dc0a2ff,zp8,64,1
71616,CFG_be784e24b621,zp8,64,1
71617,CFG_112bf773e97d,zp8,64,1
71618,CFG_c910518048de,zp8,64,1
71619,CFG_a1ebd0490272,zp8,64,1
71620,CFG_ffde3ea1b2e3,zp8,64,1
71621,CFG_6caaadb373ea,zp8,64,1
71622,CFG_99b4d8a9c762,zp8,64,1
71623,CFG_8a3f0c7c09a9,zp8,64,1
71624,CFG_9c659499047b,zp8,64,1
71625,CFG_cc5bbb6e9d13,zp8,64,1
71626,CFG_e1e6e0c66c93,zp8,64,1
71627,CFG_6caaadb373ea,zp8,64,1
71628,CFG_755205a28938,zp8,64,1
71629,CFG_e1e6e0c66c93,zp8,64,1
71630,CFG_4cd2b98cde9e,zp8,64,1
71631,CFG_f18488ce1456,zp8,64,1
71632,CFG_8bfc9d62299c,zp8,64,1
71633,CFG_9178f775d49a,zp8,64,1
71634,CFG_8bfc9d62299c,zp8,64,1
71635,CFG_288ddbff7431,zp8,64,1
71636,CFG_67b539d34471,zp8,64,1
71637,CFG_e3950fd94ca1,zp8,64,1
71638,CFG_773ac98270b6,zp8,64,1
71639,CFG_275e4ca07248,zp8,64,1
71640,CFG_8a3f0c7c09a9,zp8,64,1
71641,CFG_b2a3cbb134c5,zp8,64,1
71642,CFG_db37bdfe8c71,zp8,64,1
71643,CFG_9178f775d49a,zp8,64,1
71644,CFG_f18488ce1456,zp8,64,1
71645,CFG_67b539d34471,zp8,64,1
71646,CFG_d96b0c9e44d0,zp8,64,1
71647,CFG_cf541d0f8a3a,zp8,64,1
71648,CFG_8a51f93d684d,zp8,64,1
71649,CFG_b2a3cbb134c5,zp8,64,1
71650,CFG_f18488ce1456,zp8,64,1
71651,CFG_b8e6a5652de1,zp8,64,1
71652,CFG_f993a0fc6256,zp8,64,1
71653,CFG_36f82e31118f,zp8,64,1
71654,CFG_d0face5aa80d,zp8,64,1
71655,CFG_8bfc9d62299c,zp8,64,1
71656,CFG_36f82e31118f,zp8,64,1
71657,CFG_67b539d34471,zp8,64,1
71658,CFG_d96b0c9e44d0,zp8,64,1
71659,CFG_b8e6a5652de1,zp8,64,1
71660,CFG_99b4d8a9c762,zp8,64,1
71661,CFG_755205a28938,zp8,64,1
71662,CFG_cf6528e23789,zp8,64,1
71663,CFG_17620e2785dc,zp8,64,1
71664,CFG_5cd0c67d59bc,zp8,64,1
71665,CFG_755205a28938,zp8,64,1
71666,CFG_d96b0c9e44d0,zp8,64,1
71667,CFG_a1d878e7d840,zp8,64,1
71668,CFG_ffde3ea1b2e3,zp8,64,1
71669,CFG_d0face5aa80d,zp8,64,1
71670,CFG_710c47edfbc8,zp8,64,1
71671,CFG_8bfc9d62299c,zp8,64,1
71672,CFG_65f78a36ed50,zp8,64,1
71673,CFG_29c3378e155b,zp8,64,1
71674,CFG_59f154754573,zp8,64,1
71675,CFG_3278d3379c8a,zp8,64,1
71676,CFG_dda2f907b868,zp8,64,1
71677,CFG_be784e24b621,zp8,64,1
71678,CFG_ffde3ea1b2e3,zp8,64,1
71679,CFG_e1e6e0c66c93,zp8,64,1
71680,CFG_29c3378e155b,zp8,64,1
71681,CFG_1e693796a40d,zp8,64,1
71682,CFG_1ec55dc0a2ff,zp8,64,1
71683,CFG_e3950fd94ca1,zp8,64,1
71684,CFG_9178f775d49a,zp8,64,1
71685,CFG_9178f775d49a,zp8,64,1
71686,CFG_d96b0c9e44d0,zp8,64,1
71687,CFG_3a3d7179fe0d,zp8,64,1
71688,CFG_b2a3cbb134c5,zp8,64,1
71689,CFG_29c3378e155b,zp8,64,1
71690,CFG_59f154754573,zp8,64,1
71691,CFG_f993a0fc6256,zp8,64,1
71692,CFG_67b539d34471,zp8,64,1
71693,CFG_deda15f4c4a8,zp8,64,1
71694,CFG_2534839bab0a,zp8,64,1
71695,CFG_67b539d34471,zp8,64,1
71696,CFG_e3950fd94ca1,zp8,64,1
71697,CFG_1738a11cbd49,zp8,64,1
71698,CFG_de29bb20eaa6,zp8,64,1
71699,CFG_8bfc9d62299c,zp8,64,1
71700,CFG_5cd0c67d59bc,zp8,64,1
71701,CFG_67b539d34471,zp8,64,1
71702,CFG_d96b0c9e44d0,zp8,64,1
71703,CFG_1ec55dc0a2ff,zp8,64,1
71704,CFG_8bfc9d62299c,zp8,64,1
71705,CFG_9178f775d49a,zp8,64,1
71706,CFG_9c659499047b,zp8,64,1
71707,CFG_e3950fd94ca1,zp8,64,1
71708,CFG_773ac98270b6,zp8,64,1
71709,CFG_9178f775d49a,zp8,64,1
71710,CFG_deda15f4c4a8,zp8,64,1
71711,CFG_b8e6a5652de1,zp8,64,1
71712,CFG_1ec55dc0a2ff,zp8,64,1
71713,CFG_36f82e31118f,zp8,64,1
71714,CFG_ceef49456daa,zp8,64,1
71715,CFG_b2a3cbb134c5,zp8,64,1
71716,CFG_3a3d7179fe0d,zp8,64,1
71717,CFG_637b6e72af93,zp8,64,1
71718,CFG_5cd0c67d59bc,zp8,64,1
71719,CFG_29c3378e155b,zp8,64,1
71720,CFG_77c8b99b43d9,zp8,64,1
71721,CFG_77c8b99b43d9,zp8,64,1
71722,CFG_77c8b99b43d9,zp8,64,1
71723,CFG_77c8b99b43d9,zp8,64,1
71724,CFG_77c8b99b43d9,zp8,64,1
71725,CFG_a34f76b67ef4,zp8,64,1
71726,CFG_77c8b99b43d9,zp8,64,1
71727,CFG_1738a11cbd49,zp8,64,1
71728,CFG_77c8b99b43d9,zp8,64,1
71729,CFG_67b539d34471,zp8,64,1
71730,CFG_77c8b99b43d9,zp8,64,1
71731,CFG_77c8b99b43d9,zp8,64,1
71732,CFG_29c3378e155b,zp8,64,1
71733,CFG_755205a28938,zp8,64,1
71734,CFG_77c8b99b43d9,zp8,64,1
71735,CFG_bd6412fc68b0,zp8,64,1
71736,CFG_67b539d34471,zp8,64,1
71737,CFG_8bfc9d62299c,zp8,64,1
71738,CFG_77c8b99b43d9,zp8,64,1
71739,CFG_ffde3ea1b2e3,zp8,64,1
71740,CFG_77c8b99b43d9,zp8,64,1
71741,CFG_67b539d34471,zp8,64,1
71742,CFG_c94b44f1b2f9,zp8,64,1
71743,CFG_755205a28938,zp8,64,1
71744,CFG_ac213567a5a2,zp8,64,1
71745,CFG_77c8b99b43d9,zp8,64,1
71746,CFG_77c8b99b43d9,zp8,64,1
71747,CFG_77c8b99b43d9,zp8,64,1
71748,CFG_77c8b99b43d9,zp8,64,1
71749,CFG_77c8b99b43d9,zp8,64,1
71750,CFG_a34f76b67ef4,zp8,64,1
71751,CFG_77c8b99b43d9,zp8,64,1
71752,CFG_1738a11cbd49,zp8,64,1
71753,CFG_77c8b99b43d9,zp8,64,1
71754,CFG_67b539d34471,zp8,64,1
71755,CFG_77c8b99b43d9,zp8,64,1
71756,CFG_77c8b99b43d9,zp8,64,1
71757,CFG_29c3378e155b,zp8,64,1
71758,CFG_755205a28938,zp8,64,1
71759,CFG_77c8b99b43d9,zp8,64,1
71760,CFG_bd6412fc68b0,zp8,64,1
71761,CFG_67b539d34471,zp8,64,1
71762,CFG_8bfc9d62299c,zp8,64,1
71763,CFG_77c8b99b43d9,zp8,64,1
71764,CFG_ffde3ea1b2e3,zp8,64,1
71765,CFG_77c8b99b43d9,zp8,64,1
71766,CFG_d96b0c9e44d0,zp8,64,1
71767,CFG_cf541d0f8a3a,zp8,64,1
71768,CFG_f18488ce1456,zp8,64,1
71769,CFG_67b539d34471,zp8,64,1
71770,CFG_5514d03a77b0,zp8,64,1
71771,CFG_a34f76b67ef4,zp8,64,1
71772,CFG_f18488ce1456,zp8,64,1
71773,CFG_1d0f84c0bb06,zp8,64,1
71774,CFG_1ec55dc0a2ff,zp8,64,1
71775,CFG_29c3378e155b,zp8,64,1
71776,CFG_f18488ce1456,zp8,64,1
71777,CFG_773ac98270b6,zp8,64,1
71778,CFG_77c8b99b43d9,zp8,64,1
71779,CFG_77c8b99b43d9,zp8,64,1
71780,CFG_77c8b99b43d9,zp8,64,1
71781,CFG_77c8b99b43d9,zp8,64,1
71782,CFG_77c8b99b43d9,zp8,64,1
71783,CFG_a34f76b67ef4,zp8,64,1
71784,CFG_77c8b99b43d9,zp8,64,1
71785,CFG_1738a11cbd49,zp8,64,1
71786,CFG_77c8b99b43d9,zp8,64,1
71787,CFG_67b539d34471,zp8,64,1
71788,CFG_77c8b99b43d9,zp8,64,1
71789,CFG_77c8b99b43d9,zp8,64,1
71790,CFG_29c3378e155b,zp8,64,1
71791,CFG_755205a28938,zp8,64,1
71792,CFG_77c8b99b43d9,zp8,64,1
71793,CFG_bd6412fc68b0,zp8,64,1
71794,CFG_67b539d34471,zp8,64,1
71795,CFG_8bfc9d62299c,zp8,64,1
71796,CFG_77c8b99b43d9,zp8,64,1
71797,CFG_ffde3ea1b2e3,zp8,64,1
71798,CFG_77c8b99b43d9,zp8,64,1
71799,CFG_67b539d34471,zp8,64,1
71800,CFG_c94b44f1b2f9,zp8,64,1
71801,CFG_755205a28938,zp8,64,1
71802,CFG_ac213567a5a2,zp8,64,1
71803,CFG_77c8b99b43d9,zp8,64,1
71804,CFG_77c8b99b43d9,zp8,64,1
71805,CFG_77c8b99b43d9,zp8,64,1
71806,CFG_77c8b99b43d9,zp8,64,1
71807,CFG_77c8b99b43d9,zp8,64,1
71808,CFG_a34f76b67ef4,zp8,64,1
71809,CFG_77c8b99b43d9,zp8,64,1
71810,CFG_1738a11cbd49,zp8,64,1
71811,CFG_77c8b99b43d9,zp8,64,1
71812,CFG_67b539d34471,zp8,64,1
71813,CFG_77c8b99b43d9,zp8,64,1
71814,CFG_77c8b99b43d9,zp8,64,1
71815,CFG_29c3378e155b,zp8,64,1
71816,CFG_755205a28938,zp8,64,1
71817,CFG_77c8b99b43d9,zp8,64,1
71818,CFG_bd6412fc68b0,zp8,64,1
71819,CFG_67b539d34471,zp8,64,1
71820,CFG_8bfc9d62299c,zp8,64,1
71821,CFG_77c8b99b43d9,zp8,64,1
71822,CFG_ffde3ea1b2e3,zp8,64,1
71823,CFG_77c8b99b43d9,zp8,64,1
71824,CFG_d39c77a1a4bf,zp8,64,1
71825,CFG_773ac98270b6,zp8,64,1
71826,CFG_f18488ce1456,zp8,64,1
71827,CFG_deda15f4c4a8,zp8,64,1
71828,CFG_e87513c8563d,zp8,64,1
71829,CFG_39fe645ba2f1,zp8,64,1
71830,CFG_9178f775d49a,zp8,64,1
71831,CFG_77c8b99b43d9,zp8,64,1
71832,CFG_77c8b99b43d9,zp8,64,1
71833,CFG_77c8b99b43d9,zp8,64,1
71834,CFG_77c8b99b43d9,zp8,64,1
71835,CFG_77c8b99b43d9,zp8,64,1
71836,CFG_a34f76b67ef4,zp8,64,1
71837,CFG_77c8b99b43d9,zp8,64,1
71838,CFG_1738a11cbd49,zp8,64,1
71839,CFG_77c8b99b43d9,zp8,64,1
71840,CFG_67b539d34471,zp8,64,1
71841,CFG_77c8b99b43d9,zp8,64,1
71842,CFG_77c8b99b43d9,zp8,64,1
71843,CFG_29c3378e155b,zp8,64,1
71844,CFG_755205a28938,zp8,64,1
71845,CFG_77c8b99b43d9,zp8,64,1
71846,CFG_bd6412fc68b0,zp8,64,1
71847,CFG_67b539d34471,zp8,64,1
71848,CFG_8bfc9d62299c,zp8,64,1
71849,CFG_77c8b99b43d9,zp8,64,1
71850,CFG_ffde3ea1b2e3,zp8,64,1
71851,CFG_77c8b99b43d9,zp8,64,1
71852,CFG_67b539d34471,zp8,64,1
71853,CFG_c94b44f1b2f9,zp8,64,1
71854,CFG_755205a28938,zp8,64,1
71855,CFG_ac213567a5a2,zp8,64,1
71856,CFG_77c8b99b43d9,zp8,64,1
71857,CFG_77c8b99b43d9,zp8,64,1
71858,CFG_77c8b99b43d9,zp8,64,1
71859,CFG_77c8b99b43d9,zp8,64,1
71860,CFG_77c8b99b43d9,zp8,64,1
71861,CFG_a34f76b67ef4,zp8,64,1
71862,CFG_77c8b99b43d9,zp8,64,1
71863,CFG_1738a11cbd49,zp8,64,1
71864,CFG_77c8b99b43d9,zp8,64,1
71865,CFG_67b539d34471,zp8,64,1
71866,CFG_77c8b99b43d9,zp8,64,1
71867,CFG_77c8b99b43d9,zp8,64,1
71868,CFG_29c3378e155b,zp8,64,1
71869,CFG_755205a28938,zp8,64,1
71870,CFG_77c8b99b43d9,zp8,64,1
71871,CFG_bd6412fc68b0,zp8,64,1
71872,CFG_67b539d34471,zp8,64,1
71873,CFG_8bfc9d62299c,zp8,64,1
71874,CFG_77c8b99b43d9,zp8,64,1
71875,CFG_ffde3ea1b2e3,zp8,64,1
71876,CFG_77c8b99b43d9,zp8,64,1
71877,CFG_be784e24b621,zp8,64,1
71878,CFG_cf541d0f8a3a,zp8,64,1
71879,CFG_77c8b99b43d9,zp8,64,1
71880,CFG_77c8b99b43d9,zp8,64,1
71881,CFG_77c8b99b43d9,zp8,64,1
71882,CFG_77c8b99b43d9,zp8,64,1
71883,CFG_77c8b99b43d9,zp8,64,1
71884,CFG_a34f76b67ef4,zp8,64,1
71885,CFG_77c8b99b43d9,zp8,64,1
71886,CFG_1738a11cbd49,zp8,64,1
71887,CFG_77c8b99b43d9,zp8,64,1
71888,CFG_67b539d34471,zp8,64,1
71889,CFG_77c8b99b43d9,zp8,64,1
71890,CFG_77c8b99b43d9,zp8,64,1
71891,CFG_29c3378e155b,zp8,64,1
71892,CFG_755205a28938,zp8,64,1
71893,CFG_77c8b99b43d9,zp8,64,1
71894,CFG_bd6412fc68b0,zp8,64,1
71895,CFG_67b539d34471,zp8,64,1
71896,CFG_8bfc9d62299c,zp8,64,1
71897,CFG_77c8b99b43d9,zp8,64,1
71898,CFG_ffde3ea1b2e3,zp8,64,1
71899,CFG_77c8b99b43d9,zp8,64,1
71900,CFG_67b539d34471,zp8,64,1
71901,CFG_c94b44f1b2f9,zp8,64,1
71902,CFG_755205a28938,zp8,64,1
71903,CFG_ac213567a5a2,zp8,64,1
71904,CFG_77c8b99b43d9,zp8,64,1
71905,CFG_77c8b99b43d9,zp8,64,1
71906,CFG_77c8b99b43d9,zp8,64,1
71907,CFG_77c8b99b43d9,zp8,64,1
71908,CFG_77c8b99b43d9,zp8,64,1
71909,CFG_a34f76b67ef4,zp8,64,1
71910,CFG_77c8b99b43d9,zp8,64,1
71911,CFG_1738a11cbd49,zp8,64,1
71912,CFG_77c8b99b43d9,zp8,64,1
71913,CFG_67b539d34471,zp8,64,1
71914,CFG_77c8b99b43d9,zp8,64,1
71915,CFG_77c8b99b43d9,zp8,64,1
71916,CFG_29c3378e155b,zp8,64,1
71917,CFG_755205a28938,zp8,64,1
71918,CFG_77c8b99b43d9,zp8,64,1
71919,CFG_bd6412fc68b0,zp8,64,1
71920,CFG_67b539d34471,zp8,64,1
71921,CFG_8bfc9d62299c,zp8,64,1
71922,CFG_77c8b99b43d9,zp8,64,1
71923,CFG_ffde3ea1b2e3,zp8,64,1
71924,CFG_77c8b99b43d9,zp8,64,1
71925,CFG_d96b0c9e44d0,zp8,64,1
71926,CFG_cf541d0f8a3a,zp8,64,1
71927,CFG_f18488ce1456,zp8,64,1
71928,CFG_67b539d34471,zp8,64,1
71929,CFG_5514d03a77b0,zp8,64,1
71930,CFG_a34f76b67ef4,zp8,64,1
71931,CFG_f18488ce1456,zp8,64,1
71932,CFG_1d0f84c0bb06,zp8,64,1
71933,CFG_1ec55dc0a2ff,zp8,64,1
71934,CFG_29c3378e155b,zp8,64,1
71935,CFG_f18488ce1456,zp8,64,1
71936,CFG_773ac98270b6,zp8,64,1
71937,CFG_77c8b99b43d9,zp8,64,1
71938,CFG_77c8b99b43d9,zp8,64,1
71939,CFG_77c8b99b43d9,zp8,64,1
71940,CFG_77c8b99b43d9,zp8,64,1
71941,CFG_77c8b99b43d9,zp8,64,1
71942,CFG_a34f76b67ef4,zp8,64,1
71943,CFG_77c8b99b43d9,zp8,64,1
71944,CFG_1738a11cbd49,zp8,64,1
71945,CFG_77c8b99b43d9,zp8,64,1
71946,CFG_67b539d34471,zp8,64,1
71947,CFG_77c8b99b43d9,zp8,64,1
71948,CFG_77c8b99b43d9,zp8,64,1
71949,CFG_29c3378e155b,zp8,64,1
71950,CFG_755205a28938,zp8,64,1
71951,CFG_77c8b99b43d9,zp8,64,1
71952,CFG_bd6412fc68b0,zp8,64,1
71953,CFG_67b539d34471,zp8,64,1
71954,CFG_8bfc9d62299c,zp8,64,1
71955,CFG_77c8b99b43d9,zp8,64,1
71956,CFG_ffde3ea1b2e3,zp8,64,1
71957,CFG_77c8b99b43d9,zp8,64,1
71958,CFG_67b539d34471,zp8,64,1
71959,CFG_c94b44f1b2f9,zp8,64,1
71960,CFG_755205a28938,zp8,64,1
71961,CFG_ac213567a5a2,zp8,64,1
71962,CFG_77c8b99b43d9,zp8,64,1
71963,CFG_77c8b99b43d9,zp8,64,1
71964,CFG_77c8b99b43d9,zp8,64,1
71965,CFG_77c8b99b43d9,zp8,64,1
71966,CFG_77c8b99b43d9,zp8,64,1
71967,CFG_a34f76b67ef4,zp8,64,1
71968,CFG_77c8b99b43d9,zp8,64,1
71969,CFG_1738a11cbd49,zp8,64,1
71970,CFG_77c8b99b43d9,zp8,64,1
71971,CFG_67b539d34471,zp8,64,1
71972,CFG_77c8b99b43d9,zp8,64,1
71973,CFG_77c8b99b43d9,zp8,64,1
71974,CFG_29c3378e155b,zp8,64,1
71975,CFG_755205a28938,zp8,64,1
71976,CFG_77c8b99b43d9,zp8,64,1
71977,CFG_bd6412fc68b0,zp8,64,1
71978,CFG_67b539d34471,zp8,64,1
71979,CFG_8bfc9d62299c,zp8,64,1
71980,CFG_77c8b99b43d9,zp8,64,1
71981,CFG_ffde3ea1b2e3,zp8,64,1
71982,CFG_77c8b99b43d9,zp8,64,1
71983,CFG_d39c77a1a4bf,zp8,64,1
71984,CFG_773ac98270b6,zp8,64,1
71985,CFG_f18488ce1456,zp8,64,1
71986,CFG_deda15f4c4a8,zp8,64,1
71987,CFG_e87513c8563d,zp8,64,1
71988,CFG_39fe645ba2f1,zp8,64,1
71989,CFG_9178f775d49a,zp8,64,1
71990,CFG_77c8b99b43d9,zp8,64,1
71991,CFG_77c8b99b43d9,zp8,64,1
71992,CFG_77c8b99b43d9,zp8,64,1
71993,CFG_77c8b99b43d9,zp8,64,1
71994,CFG_77c8b99b43d9,zp8,64,1
71995,CFG_a34f76b67ef4,zp8,64,1
71996,CFG_77c8b99b43d9,zp8,64,1
71997,CFG_1738a11cbd49,zp8,64,1
71998,CFG_77c8b99b43d9,zp8,64,1
71999,CFG_67b539d34471,zp8,64,1
72000,CFG_77c8b99b43d9,zp8,64,1
72001,CFG_77c8b99b43d9,zp8,65,1
72002,CFG_29c3378e155b,zp8,65,1
72003,CFG_755205a28938,zp8,65,1
72004,CFG_77c8b99b43d9,zp8,65,1
72005,CFG_bd6412fc68b0,zp8,65,1
72006,CFG_67b539d34471,zp8,65,1
72007,CFG_8bfc9d62299c,zp8,65,1
72008,CFG_77c8b99b43d9,zp8,65,1
72009,CFG_ffde3ea1b2e3,zp8,65,1
72010,CFG_77c8b99b43d9,zp8,65,1
72011,CFG_67b539d34471,zp8,65,1
72012,CFG_c94b44f1b2f9,zp8,65,1
72013,CFG_755205a28938,zp8,65,1
72014,CFG_ac213567a5a2,zp8,65,1
72015,CFG_77c8b99b43d9,zp8,65,1
72016,CFG_77c8b99b43d9,zp8,65,1
72017,CFG_77c8b99b43d9,zp8,65,1
72018,CFG_77c8b99b43d9,zp8,65,1
72019,CFG_77c8b99b43d9,zp8,65,1
72020,CFG_a34f76b67ef4,zp8,65,1
72021,CFG_77c8b99b43d9,zp8,65,1
72022,CFG_1738a11cbd49,zp8,65,1
72023,CFG_77c8b99b43d9,zp8,65,1
72024,CFG_67b539d34471,zp8,65,1
72025,CFG_77c8b99b43d9,zp8,65,1
72026,CFG_77c8b99b43d9,zp8,65,1
72027,CFG_29c3378e155b,zp8,65,1
72028,CFG_755205a28938,zp8,65,1
72029,CFG_77c8b99b43d9,zp8,65,1
72030,CFG_bd6412fc68b0,zp8,65,1
72031,CFG_67b539d34471,zp8,65,1
72032,CFG_8bfc9d62299c,zp8,65,1
72033,CFG_77c8b99b43d9,zp8,65,1
72034,CFG_ffde3ea1b2e3,zp8,65,1
72035,CFG_77c8b99b43d9,zp8,65,1
72036,CFG_59f154754573,zp8,65,1
72037,CFG_625048fefa0b,zp8,65,1
72038,CFG_d96b0c9e44d0,zp8,65,1
72039,CFG_3278d3379c8a,zp8,65,1
72040,CFG_9c659499047b,zp8,65,1
72041,CFG_1ec55dc0a2ff,zp8,65,1
72042,CFG_8a51f93d684d,zp8,65,1
72043,CFG_9178f775d49a,zp8,65,1
72044,CFG_8a51f93d684d,zp8,65,1
72045,CFG_802041076799,zp8,65,1
72046,CFG_cf541d0f8a3a,zp8,65,1
72047,CFG_1d0f84c0bb06,zp8,65,1
72048,CFG_3a3d7179fe0d,zp8,65,1
72049,CFG_7155e4ee7bdf,zp8,65,1
72050,CFG_dda2f907b868,zp8,65,1
72051,CFG_d96b0c9e44d0,zp8,65,1
72052,CFG_f18488ce1456,zp8,65,1
72053,CFG_9178f775d49a,zp8,65,1
72054,CFG_17620e2785dc,zp8,65,1
72055,CFG_bd6412fc68b0,zp8,65,1
72056,CFG_5cd0c67d59bc,zp8,65,1
72057,CFG_36f82e31118f,zp8,65,1
72058,CFG_9178f775d49a,zp8,65,1
72059,CFG_773ac98270b6,zp8,65,1
72060,CFG_5514d03a77b0,zp8,65,1
72061,CFG_9178f775d49a,zp8,65,1
72062,CFG_8bfc9d62299c,zp8,65,1
72063,CFG_d96b0c9e44d0,zp8,65,1
72064,CFG_e1e6e0c66c93,zp8,65,1
72065,CFG_f18488ce1456,zp8,65,1
72066,CFG_c910518048de,zp8,65,1
72067,CFG_8bfc9d62299c,zp8,65,1
72068,CFG_1ec55dc0a2ff,zp8,65,1
72069,CFG_e1e6e0c66c93,zp8,65,1
72070,CFG_5531dad98c69,zp8,65,1
72071,CFG_710c47edfbc8,zp8,65,1
72072,CFG_727914633b9e,zp8,65,1
72073,CFG_b8e6a5652de1,zp8,65,1
72074,CFG_710c47edfbc8,zp8,65,1
72075,CFG_8a51f93d684d,zp8,65,1
72076,CFG_939ca62c69c2,zp8,65,1
72077,CFG_cf541d0f8a3a,zp8,65,1
72078,CFG_f18488ce1456,zp8,65,1
72079,CFG_17620e2785dc,zp8,65,1
72080,CFG_2154b722e06b,zp8,65,1
72081,CFG_802041076799,zp8,65,1
72082,CFG_d39c77a1a4bf,zp8,65,1
72083,CFG_b2a3cbb134c5,zp8,65,1
72084,CFG_3a3d7179fe0d,zp8,65,1
72085,CFG_d96b0c9e44d0,zp8,65,1
72086,CFG_5cd0c67d59bc,zp8,65,1
72087,CFG_67b539d34471,zp8,65,1
72088,CFG_b2a3cbb134c5,zp8,65,1
72089,CFG_e3950fd94ca1,zp8,65,1
72090,CFG_e3950fd94ca1,zp8,65,1
72091,CFG_59aede929579,zp8,65,1
72092,CFG_9178f775d49a,zp8,65,1
72093,CFG_9c659499047b,zp8,65,1
72094,CFG_29c3378e155b,zp8,65,1
72095,CFG_939ca62c69c2,zp8,65,1
72096,CFG_8a51f93d684d,zp8,65,1
72097,CFG_a34f76b67ef4,zp8,65,1
72098,CFG_b04e3d146803,zp8,65,1
72099,CFG_5514d03a77b0,zp8,65,1
72100,CFG_f18488ce1456,zp8,65,1
72101,CFG_36f82e31118f,zp8,65,1
72102,CFG_5be0533f7ebf,zp8,65,1
72103,CFG_e3950fd94ca1,zp8,65,1
72104,CFG_9178f775d49a,zp8,65,1
72105,CFG_59f154754573,zp8,65,1
72106,CFG_b8e6a5652de1,zp8,65,1
72107,CFG_cf541d0f8a3a,zp8,65,1
72108,CFG_d96b0c9e44d0,zp8,65,1
72109,CFG_1ec55dc0a2ff,zp8,65,1
72110,CFG_59f154754573,zp8,65,1
72111,CFG_727914633b9e,zp8,65,1
72112,CFG_b8e6a5652de1,zp8,65,1
72113,CFG_d7aadf87f0b1,zp8,65,1
72114,CFG_f18488ce1456,zp8,65,1
72115,CFG_e3950fd94ca1,zp8,65,1
72116,CFG_67b539d34471,zp8,65,1
72117,CFG_67b539d34471,zp8,65,1
72118,CFG_8a51f93d684d,zp8,65,1
72119,CFG_3278d3379c8a,zp8,65,1
72120,CFG_ffde3ea1b2e3,zp8,65,1
72121,CFG_d96b0c9e44d0,zp8,65,1
72122,CFG_275e4ca07248,zp8,65,1
72123,CFG_be784e24b621,zp8,65,1
72124,CFG_1ec55dc0a2ff,zp8,65,1
72125,CFG_939ca62c69c2,zp8,65,1
72126,CFG_f18488ce1456,zp8,65,1
72127,CFG_112bf773e97d,zp8,65,1
72128,CFG_8a51f93d684d,zp8,65,1
72129,CFG_755205a28938,zp8,65,1
72130,CFG_710c47edfbc8,zp8,65,1
72131,CFG_d7aadf87f0b1,zp8,65,1
72132,CFG_65f78a36ed50,zp8,65,1
72133,CFG_f18488ce1456,zp8,65,1
72134,CFG_755205a28938,zp8,65,1
72135,CFG_59f154754573,zp8,65,1
72136,CFG_ce5b3e9775e9,zp8,65,1
72137,CFG_b2a3cbb134c5,zp8,65,1
72138,CFG_c910518048de,zp8,65,1
72139,CFG_f18488ce1456,zp8,65,1
72140,CFG_3a3d7179fe0d,zp8,65,1
72141,CFG_f18488ce1456,zp8,65,1
72142,CFG_275e4ca07248,zp8,65,1
72143,CFG_36f82e31118f,zp8,65,1
72144,CFG_cf541d0f8a3a,zp8,65,1
72145,CFG_2154b722e06b,zp8,65,1
72146,CFG_288ddbff7431,zp8,65,1
72147,CFG_b2a3cbb134c5,zp8,65,1
72148,CFG_939ca62c69c2,zp8,65,1
72149,CFG_9178f775d49a,zp8,65,1
72150,CFG_9178f775d49a,zp8,65,1
72151,CFG_773ac98270b6,zp8,65,1
72152,CFG_c94b44f1b2f9,zp8,65,1
72153,CFG_be784e24b621,zp8,65,1
72154,CFG_275e4ca07248,zp8,65,1
72155,CFG_67b539d34471,zp8,65,1
72156,CFG_1e693796a40d,zp8,65,1
72157,CFG_d39c77a1a4bf,zp8,65,1
72158,CFG_f18488ce1456,zp8,65,1
72159,CFG_8f2957e28805,zp8,65,1
72160,CFG_d96b0c9e44d0,zp8,65,1
72161,CFG_773ac98270b6,zp8,65,1
72162,CFG_67b539d34471,zp8,65,1
72163,CFG_9178f775d49a,zp8,65,1
72164,CFG_5514d03a77b0,zp8,65,1
72165,CFG_773ac98270b6,zp8,65,1
72166,CFG_db37bdfe8c71,zp8,65,1
72167,CFG_d96b0c9e44d0,zp8,65,1
72168,CFG_67b539d34471,zp8,65,1
72169,CFG_b2a3cbb134c5,zp8,65,1
72170,CFG_deda15f4c4a8,zp8,65,1
72171,CFG_2534839bab0a,zp8,65,1
72172,CFG_275e4ca07248,zp8,65,1
72173,CFG_3a3d7179fe0d,zp8,65,1
72174,CFG_2154b722e06b,zp8,65,1
72175,CFG_cf541d0f8a3a,zp8,65,1
72176,CFG_b2a3cbb134c5,zp8,65,1
72177,CFG_1ec55dc0a2ff,zp8,65,1
72178,CFG_e3950fd94ca1,zp8,65,1
72179,CFG_1ec55dc0a2ff,zp8,65,1
72180,CFG_1ec55dc0a2ff,zp8,65,1
72181,CFG_e87513c8563d,zp8,65,1
72182,CFG_f18488ce1456,zp8,65,1
72183,CFG_9c659499047b,zp8,65,1
72184,CFG_9c659499047b,zp8,65,1
72185,CFG_773ac98270b6,zp8,65,1
72186,CFG_59f154754573,zp8,65,1
72187,CFG_8bfc9d62299c,zp8,65,1
72188,CFG_59f154754573,zp8,65,1
72189,CFG_9c659499047b,zp8,65,1
72190,CFG_3a3d7179fe0d,zp8,65,1
72191,CFG_2154b722e06b,zp8,65,1
72192,CFG_802041076799,zp8,65,1
72193,CFG_d96b0c9e44d0,zp8,65,1
72194,CFG_802041076799,zp8,65,1
72195,CFG_a1d878e7d840,zp8,65,1
72196,CFG_de29bb20eaa6,zp8,65,1
72197,CFG_f18488ce1456,zp8,65,1
72198,CFG_de29bb20eaa6,zp8,65,1
72199,CFG_2534839bab0a,zp8,65,1
72200,CFG_99b4d8a9c762,zp8,65,1
72201,CFG_5514d03a77b0,zp8,65,1
72202,CFG_a292c20a75fd,zp8,65,1
72203,CFG_8a51f93d684d,zp8,65,1
72204,CFG_755205a28938,zp8,65,1
72205,CFG_b04e3d146803,zp8,65,1
72206,CFG_dda2f907b868,zp8,65,1
72207,CFG_67b539d34471,zp8,65,1
72208,CFG_59aede929579,zp8,65,1
72209,CFG_65f78a36ed50,zp8,65,1
72210,CFG_77c8b99b43d9,zp8,65,1
72211,CFG_c910518048de,zp8,65,1
72212,CFG_3a3d7179fe0d,zp8,65,1
72213,CFG_3a3d7179fe0d,zp8,65,1
72214,CFG_b8e6a5652de1,zp8,65,1
72215,CFG_a1ebd0490272,zp8,65,1
72216,CFG_c94b44f1b2f9,zp8,65,1
72217,CFG_deda15f4c4a8,zp8,65,1
72218,CFG_8bfc9d62299c,zp8,65,1
72219,CFG_67b539d34471,zp8,65,1
72220,CFG_5851809b712d,zp8,65,1
72221,CFG_29c3378e155b,zp8,65,1
72222,CFG_9c659499047b,zp8,65,1
72223,CFG_29c3378e155b,zp8,65,1
72224,CFG_65f78a36ed50,zp8,65,1
72225,CFG_deda15f4c4a8,zp8,65,1
72226,CFG_dda2f907b868,zp8,65,1
72227,CFG_7cd4c6b023c5,zp8,65,1
72228,CFG_288ddbff7431,zp8,65,1
72229,CFG_d96b0c9e44d0,zp8,65,1
72230,CFG_773ac98270b6,zp8,65,1
72231,CFG_275e4ca07248,zp8,65,1
72232,CFG_1738a11cbd49,zp8,65,1
72233,CFG_c910518048de,zp8,65,1
72234,CFG_17620e2785dc,zp8,65,1
72235,CFG_ffde3ea1b2e3,zp8,65,1
72236,CFG_f993a0fc6256,zp8,65,1
72237,CFG_be784e24b621,zp8,65,1
72238,CFG_9c659499047b,zp8,65,1
72239,CFG_b2a3cbb134c5,zp8,65,1
72240,CFG_67b539d34471,zp8,65,1
72241,CFG_710c47edfbc8,zp8,65,1
72242,CFG_f993a0fc6256,zp8,65,1
72243,CFG_a292c20a75fd,zp8,65,1
72244,CFG_710c47edfbc8,zp8,65,1
72245,CFG_275e4ca07248,zp8,65,1
72246,CFG_b04e3d146803,zp8,65,1
72247,CFG_e3950fd94ca1,zp8,65,1
72248,CFG_59aede929579,zp8,65,1
72249,CFG_6caaadb373ea,zp8,65,1
72250,CFG_f18488ce1456,zp8,65,1
72251,CFG_939ca62c69c2,zp8,65,1
72252,CFG_dda2f907b868,zp8,65,1
72253,CFG_36f82e31118f,zp8,65,1
72254,CFG_9178f775d49a,zp8,65,1
72255,CFG_f18488ce1456,zp8,65,1
72256,CFG_c94b44f1b2f9,zp8,65,1
72257,CFG_b2bb984b770a,zp8,65,1
72258,CFG_3a3d7179fe0d,zp8,65,1
72259,CFG_77c8b99b43d9,zp8,65,1
72260,CFG_e1e6e0c66c93,zp8,65,1
72261,CFG_be784e24b621,zp8,65,1
72262,CFG_a34f76b67ef4,zp8,65,1
72263,CFG_a34f76b67ef4,zp8,65,1
72264,CFG_1d1816b1d9d8,zp8,65,1
72265,CFG_3a3d7179fe0d,zp8,65,1
72266,CFG_67b539d34471,zp8,65,1
72267,CFG_67b539d34471,zp8,65,1
72268,CFG_17620e2785dc,zp8,65,1
72269,CFG_d39c77a1a4bf,zp8,65,1
72270,CFG_9178f775d49a,zp8,65,1
72271,CFG_c94b44f1b2f9,zp8,65,1
72272,CFG_755205a28938,zp8,65,1
72273,CFG_9c659499047b,zp8,65,1
72274,CFG_a1d878e7d840,zp8,65,1
72275,CFG_e1e6e0c66c93,zp8,65,1
72276,CFG_e3386d946379,zp8,65,1
72277,CFG_bbea204eb2ac,zp8,65,1
72278,CFG_939ca62c69c2,zp8,65,1
72279,CFG_d0face5aa80d,zp8,65,1
72280,CFG_ffde3ea1b2e3,zp8,65,1
72281,CFG_29c3378e155b,zp8,65,1
72282,CFG_29c3378e155b,zp8,65,1
72283,CFG_1d1816b1d9d8,zp8,65,1
72284,CFG_cc5bbb6e9d13,zp8,65,1
72285,CFG_17620e2785dc,zp8,65,1
72286,CFG_17620e2785dc,zp8,65,1
72287,CFG_e1e6e0c66c93,zp8,65,1
72288,CFG_1ec55dc0a2ff,zp8,65,1
72289,CFG_1ec55dc0a2ff,zp8,65,1
72290,CFG_5514d03a77b0,zp8,65,1
72291,CFG_8a51f93d684d,zp8,65,1
72292,CFG_939ca62c69c2,zp8,65,1
72293,CFG_7fa53b7ab3bf,zp8,65,1
72294,CFG_3697b100c401,zp8,65,1
72295,CFG_8a3f0c7c09a9,zp8,65,1
72296,CFG_3a3d7179fe0d,zp8,65,1
72297,CFG_17620e2785dc,zp8,65,1
72298,CFG_9178f775d49a,zp8,65,1
72299,CFG_5514d03a77b0,zp8,65,1
72300,CFG_5851809b712d,zp8,65,1
72301,CFG_36f82e31118f,zp8,65,1
72302,CFG_2534839bab0a,zp8,65,1
72303,CFG_ffde3ea1b2e3,zp8,65,1
72304,CFG_de29bb20eaa6,zp8,65,1
72305,CFG_5531dad98c69,zp8,65,1
72306,CFG_8bfc9d62299c,zp8,65,1
72307,CFG_d96b0c9e44d0,zp8,65,1
72308,CFG_deda15f4c4a8,zp8,65,1
72309,CFG_e3950fd94ca1,zp8,65,1
72310,CFG_ac213567a5a2,zp8,65,1
72311,CFG_d96b0c9e44d0,zp8,65,1
72312,CFG_275e4ca07248,zp8,65,1
72313,CFG_288ddbff7431,zp8,65,1
72314,CFG_9178f775d49a,zp8,65,1
72315,CFG_773ac98270b6,zp8,65,1
72316,CFG_275e4ca07248,zp8,65,1
72317,CFG_b2a3cbb134c5,zp8,65,1
72318,CFG_2534839bab0a,zp8,65,1
72319,CFG_802041076799,zp8,65,1
72320,CFG_67b539d34471,zp8,65,1
72321,CFG_4bec09598a98,zp8,65,1
72322,CFG_9c659499047b,zp8,65,1
72323,CFG_3a3d7179fe0d,zp8,65,1
72324,CFG_2534839bab0a,zp8,65,1
72325,CFG_d7aadf87f0b1,zp8,65,1
72326,CFG_29c3378e155b,zp8,65,1
72327,CFG_e1e6e0c66c93,zp8,65,1
72328,CFG_cf541d0f8a3a,zp8,65,1
72329,CFG_17620e2785dc,zp8,65,1
72330,CFG_17620e2785dc,zp8,65,1
72331,CFG_67b539d34471,zp8,65,1
72332,CFG_a292c20a75fd,zp8,65,1
72333,CFG_deda15f4c4a8,zp8,65,1
72334,CFG_1738a11cbd49,zp8,65,1
72335,CFG_be784e24b621,zp8,65,1
72336,CFG_9c659499047b,zp8,65,1
72337,CFG_275e4ca07248,zp8,65,1
72338,CFG_67b539d34471,zp8,65,1
72339,CFG_d96b0c9e44d0,zp8,65,1
72340,CFG_f993a0fc6256,zp8,65,1
72341,CFG_d39c77a1a4bf,zp8,65,1
72342,CFG_cf541d0f8a3a,zp8,65,1
72343,CFG_29c3378e155b,zp8,65,1
72344,CFG_5514d03a77b0,zp8,65,1
72345,CFG_1ec55dc0a2ff,zp8,65,1
72346,CFG_bd6412fc68b0,zp8,65,1
72347,CFG_1738a11cbd49,zp8,65,1
72348,CFG_1ec55dc0a2ff,zp8,65,1
72349,CFG_1ec55dc0a2ff,zp8,65,1
72350,CFG_9178f775d49a,zp8,65,1
72351,CFG_e3950fd94ca1,zp8,65,1
72352,CFG_b8e6a5652de1,zp8,65,1
72353,CFG_b2a3cbb134c5,zp8,65,1
72354,CFG_b2a3cbb134c5,zp8,65,1
72355,CFG_f18488ce1456,zp8,65,1
72356,CFG_3278d3379c8a,zp8,65,1
72357,CFG_1e693796a40d,zp8,65,1
72358,CFG_cf541d0f8a3a,zp8,65,1
72359,CFG_e1e6e0c66c93,zp8,65,1
72360,CFG_ac213567a5a2,zp8,65,1
72361,CFG_d7aadf87f0b1,zp8,65,1
72362,CFG_d7aadf87f0b1,zp8,65,1
72363,CFG_3278d3379c8a,zp8,65,1
72364,CFG_99b4d8a9c762,zp8,65,1
72365,CFG_1ec55dc0a2ff,zp8,65,1
72366,CFG_1ec55dc0a2ff,zp8,65,1
72367,CFG_b2a3cbb134c5,zp8,65,1
72368,CFG_8f2957e28805,zp8,65,1
72369,CFG_17620e2785dc,zp8,65,1
72370,CFG_1ec55dc0a2ff,zp8,65,1
72371,CFG_710c47edfbc8,zp8,65,1
72372,CFG_9178f775d49a,zp8,65,1
72373,CFG_b8e6a5652de1,zp8,65,1
72374,CFG_5cd0c67d59bc,zp8,65,1
72375,CFG_b2a3cbb134c5,zp8,65,1
72376,CFG_b2a3cbb134c5,zp8,65,1
72377,CFG_710c47edfbc8,zp8,65,1
72378,CFG_9c659499047b,zp8,65,1
72379,CFG_e3950fd94ca1,zp8,65,1
72380,CFG_1ec55dc0a2ff,zp8,65,1
72381,CFG_17620e2785dc,zp8,65,1
72382,CFG_8f2957e28805,zp8,65,1
72383,CFG_e3950fd94ca1,zp8,65,1
72384,CFG_cf541d0f8a3a,zp8,65,1
72385,CFG_532891bb36ca,zp8,65,1
72386,CFG_67b539d34471,zp8,65,1
72387,CFG_a34f76b67ef4,zp8,65,1
72388,CFG_a292c20a75fd,zp8,65,1
72389,CFG_9c659499047b,zp8,65,1
72390,CFG_deda15f4c4a8,zp8,65,1
72391,CFG_67b539d34471,zp8,65,1
72392,CFG_e87513c8563d,zp8,65,1
72393,CFG_b8e6a5652de1,zp8,65,1
72394,CFG_3278d3379c8a,zp8,65,1
72395,CFG_77c8b99b43d9,zp8,65,1
72396,CFG_cf541d0f8a3a,zp8,65,1
72397,CFG_b2a3cbb134c5,zp8,65,1
72398,CFG_e1e6e0c66c93,zp8,65,1
72399,CFG_c910518048de,zp8,65,1
72400,CFG_5514d03a77b0,zp8,65,1
72401,CFG_3a3d7179fe0d,zp8,65,1
72402,CFG_67b539d34471,zp8,65,1
72403,CFG_ffde3ea1b2e3,zp8,65,1
72404,CFG_b8e6a5652de1,zp8,65,1
72405,CFG_1738a11cbd49,zp8,65,1
72406,CFG_710c47edfbc8,zp8,65,1
72407,CFG_1ec55dc0a2ff,zp8,65,1
72408,CFG_1738a11cbd49,zp8,65,1
72409,CFG_802041076799,zp8,65,1
72410,CFG_cf541d0f8a3a,zp8,65,1
72411,CFG_29c3378e155b,zp8,65,1
72412,CFG_b8e6a5652de1,zp8,65,1
72413,CFG_77c8b99b43d9,zp8,65,1
72414,CFG_9178f775d49a,zp8,65,1
72415,CFG_9178f775d49a,zp8,65,1
72416,CFG_cf541d0f8a3a,zp8,65,1
72417,CFG_d39c77a1a4bf,zp8,65,1
72418,CFG_bd6412fc68b0,zp8,65,1
72419,CFG_b2a3cbb134c5,zp8,65,1
72420,CFG_773ac98270b6,zp8,65,1
72421,CFG_ac213567a5a2,zp8,65,1
72422,CFG_727914633b9e,zp8,65,1
72423,CFG_de29bb20eaa6,zp8,65,1
72424,CFG_59f154754573,zp8,65,1
72425,CFG_d96b0c9e44d0,zp8,65,1
72426,CFG_3697b100c401,zp8,65,1
72427,CFG_1ec55dc0a2ff,zp8,65,1
72428,CFG_9c659499047b,zp8,65,1
72429,CFG_f18488ce1456,zp8,65,1
72430,CFG_cc5bbb6e9d13,zp8,65,1
72431,CFG_e87513c8563d,zp8,65,1
72432,CFG_d39c77a1a4bf,zp8,65,1
72433,CFG_1738a11cbd49,zp8,65,1
72434,CFG_ac213567a5a2,zp8,65,1
72435,CFG_acabbc62a021,zp8,65,1
72436,CFG_d96b0c9e44d0,zp8,65,1
72437,CFG_e1e6e0c66c93,zp8,65,1
72438,CFG_1ec55dc0a2ff,zp8,65,1
72439,CFG_7fa53b7ab3bf,zp8,65,1
72440,CFG_bbea204eb2ac,zp8,65,1
72441,CFG_727914633b9e,zp8,65,1
72442,CFG_727914633b9e,zp8,65,1
72443,CFG_773ac98270b6,zp8,65,1
72444,CFG_1ec55dc0a2ff,zp8,65,1
72445,CFG_3278d3379c8a,zp8,65,1
72446,CFG_be784e24b621,zp8,65,1
72447,CFG_39fe645ba2f1,zp8,65,1
72448,CFG_1ec55dc0a2ff,zp8,65,1
72449,CFG_bd6412fc68b0,zp8,65,1
72450,CFG_1ec55dc0a2ff,zp8,65,1
72451,CFG_b8e6a5652de1,zp8,65,1
72452,CFG_532891bb36ca,zp8,65,1
72453,CFG_1ec55dc0a2ff,zp8,65,1
72454,CFG_b8e6a5652de1,zp8,65,1
72455,CFG_e87513c8563d,zp8,65,1
72456,CFG_773ac98270b6,zp8,65,1
72457,CFG_939ca62c69c2,zp8,65,1
72458,CFG_773ac98270b6,zp8,65,1
72459,CFG_f18488ce1456,zp8,65,1
72460,CFG_e3386d946379,zp8,65,1
72461,CFG_727914633b9e,zp8,65,1
72462,CFG_9c659499047b,zp8,65,1
72463,CFG_67b539d34471,zp8,65,1
72464,CFG_773ac98270b6,zp8,65,1
72465,CFG_d39c77a1a4bf,zp8,65,1
72466,CFG_f18488ce1456,zp8,65,1
72467,CFG_1ec55dc0a2ff,zp8,65,1
72468,CFG_773ac98270b6,zp8,65,1
72469,CFG_f18488ce1456,zp8,65,1
72470,CFG_9178f775d49a,zp8,65,1
72471,CFG_e3386d946379,zp8,65,1
72472,CFG_1ec55dc0a2ff,zp8,65,1
72473,CFG_17620e2785dc,zp8,65,1
72474,CFG_8a51f93d684d,zp8,65,1
72475,CFG_9c659499047b,zp8,65,1
72476,CFG_939ca62c69c2,zp8,65,1
72477,CFG_f993a0fc6256,zp8,65,1
72478,CFG_1ec55dc0a2ff,zp8,65,1
72479,CFG_8bfc9d62299c,zp8,65,1
72480,CFG_9178f775d49a,zp8,65,1
72481,CFG_d0face5aa80d,zp8,65,1
72482,CFG_5514d03a77b0,zp8,65,1
72483,CFG_deda15f4c4a8,zp8,65,1
72484,CFG_5cd0c67d59bc,zp8,65,1
72485,CFG_2154b722e06b,zp8,65,1
72486,CFG_9178f775d49a,zp8,65,1
72487,CFG_b2a3cbb134c5,zp8,65,1
72488,CFG_e1e6e0c66c93,zp8,65,1
72489,CFG_59f154754573,zp8,65,1
72490,CFG_17620e2785dc,zp8,65,1
72491,CFG_cf541d0f8a3a,zp8,65,1
72492,CFG_8bfc9d62299c,zp8,65,1
72493,CFG_b2a3cbb134c5,zp8,65,1
72494,CFG_59f154754573,zp8,65,1
72495,CFG_deda15f4c4a8,zp8,65,1
72496,CFG_deda15f4c4a8,zp8,65,1
72497,CFG_59aede929579,zp8,65,1
72498,CFG_ffde3ea1b2e3,zp8,65,1
72499,CFG_2534839bab0a,zp8,65,1
72500,CFG_773ac98270b6,zp8,65,1
72501,CFG_cf6528e23789,zp8,65,1
72502,CFG_8bfc9d62299c,zp8,65,1
72503,CFG_1e693796a40d,zp8,65,1
72504,CFG_773ac98270b6,zp8,65,1
72505,CFG_625048fefa0b,zp8,65,1
72506,CFG_755205a28938,zp8,65,1
72507,CFG_a34f76b67ef4,zp8,65,1
72508,CFG_5cd0c67d59bc,zp8,65,1
72509,CFG_1738a11cbd49,zp8,65,1
72510,CFG_d96b0c9e44d0,zp8,65,1
72511,CFG_d7aadf87f0b1,zp8,65,1
72512,CFG_67b539d34471,zp8,65,1
72513,CFG_8bfc9d62299c,zp8,65,1
72514,CFG_1ec55dc0a2ff,zp8,65,1
72515,CFG_67b539d34471,zp8,65,1
72516,CFG_d39c77a1a4bf,zp8,65,1
72517,CFG_d39c77a1a4bf,zp8,65,1
72518,CFG_1e693796a40d,zp8,65,1
72519,CFG_36f82e31118f,zp8,65,1
72520,CFG_59f154754573,zp8,65,1
72521,CFG_67b539d34471,zp8,65,1
72522,CFG_710c47edfbc8,zp8,65,1
72523,CFG_755205a28938,zp8,65,1
72524,CFG_59aede929579,zp8,65,1
72525,CFG_17620e2785dc,zp8,65,1
72526,CFG_5514d03a77b0,zp8,65,1
72527,CFG_773ac98270b6,zp8,65,1
72528,CFG_a34f76b67ef4,zp8,65,1
72529,CFG_1ec55dc0a2ff,zp8,65,1
72530,CFG_f18488ce1456,zp8,65,1
72531,CFG_f18488ce1456,zp8,65,1
72532,CFG_9178f775d49a,zp8,65,1
72533,CFG_9178f775d49a,zp8,65,1
72534,CFG_b2a3cbb134c5,zp8,65,1
72535,CFG_be784e24b621,zp8,65,1
72536,CFG_be784e24b621,zp8,65,1
72537,CFG_cf541d0f8a3a,zp8,65,1
72538,CFG_cf541d0f8a3a,zp8,65,1
72539,CFG_5514d03a77b0,zp8,65,1
72540,CFG_e87513c8563d,zp8,65,1
72541,CFG_5cd0c67d59bc,zp8,65,1
72542,CFG_cf541d0f8a3a,zp8,65,1
72543,CFG_f18488ce1456,zp8,65,1
72544,CFG_e3950fd94ca1,zp8,65,1
72545,CFG_ac213567a5a2,zp8,65,1
72546,CFG_d7aadf87f0b1,zp8,65,1
72547,CFG_cc5bbb6e9d13,zp8,65,1
72548,CFG_e3950fd94ca1,zp8,65,1
72549,CFG_d39c77a1a4bf,zp8,65,1
72550,CFG_b2a3cbb134c5,zp8,65,1
72551,CFG_5514d03a77b0,zp8,65,1
72552,CFG_b8e6a5652de1,zp8,65,1
72553,CFG_8bfc9d62299c,zp8,65,1
72554,CFG_b04e3d146803,zp8,65,1
72555,CFG_710c47edfbc8,zp8,65,1
72556,CFG_8bfc9d62299c,zp8,65,1
72557,CFG_1738a11cbd49,zp8,65,1
72558,CFG_b2a3cbb134c5,zp8,65,1
72559,CFG_755205a28938,zp8,65,1
72560,CFG_b2a3cbb134c5,zp8,65,1
72561,CFG_bbea204eb2ac,zp8,65,1
72562,CFG_f18488ce1456,zp8,65,1
72563,CFG_9c659499047b,zp8,65,1
72564,CFG_59aede929579,zp8,65,1
72565,CFG_be784e24b621,zp8,65,1
72566,CFG_d7aadf87f0b1,zp8,65,1
72567,CFG_9178f775d49a,zp8,65,1
72568,CFG_dda2f907b868,zp8,65,1
72569,CFG_67b539d34471,zp8,65,1
72570,CFG_f18488ce1456,zp8,65,1
72571,CFG_e3950fd94ca1,zp8,65,1
72572,CFG_8a51f93d684d,zp8,65,1
72573,CFG_9c659499047b,zp8,65,1
72574,CFG_8a51f93d684d,zp8,65,1
72575,CFG_e3950fd94ca1,zp8,65,1
72576,CFG_1738a11cbd49,zp8,65,1
72577,CFG_f18488ce1456,zp8,65,1
72578,CFG_deda15f4c4a8,zp8,65,1
72579,CFG_1738a11cbd49,zp8,65,1
72580,CFG_939ca62c69c2,zp8,65,1
72581,CFG_cf541d0f8a3a,zp8,65,1
72582,CFG_e1e6e0c66c93,zp8,65,1
72583,CFG_3697b100c401,zp8,65,1
72584,CFG_ffde3ea1b2e3,zp8,65,1
72585,CFG_e3950fd94ca1,zp8,65,1
72586,CFG_67b539d34471,zp8,65,1
72587,CFG_f18488ce1456,zp8,65,1
72588,CFG_8f2957e28805,zp8,65,1
72589,CFG_9178f775d49a,zp8,65,1
72590,CFG_8a51f93d684d,zp8,65,1
72591,CFG_cf541d0f8a3a,zp8,65,1
72592,CFG_d96b0c9e44d0,zp8,65,1
72593,CFG_e3386d946379,zp8,65,1
72594,CFG_a1ebd0490272,zp8,65,1
72595,CFG_e87513c8563d,zp8,65,1
72596,CFG_802041076799,zp8,65,1
72597,CFG_39fe645ba2f1,zp8,65,1
72598,CFG_be784e24b621,zp8,65,1
72599,CFG_29c3378e155b,zp8,65,1
72600,CFG_802041076799,zp8,65,1
72601,CFG_ceef49456daa,zp8,65,1
72602,CFG_29c3378e155b,zp8,65,1
72603,CFG_2534839bab0a,zp8,65,1
72604,CFG_67b539d34471,zp8,65,1
72605,CFG_e3950fd94ca1,zp8,65,1
72606,CFG_ffde3ea1b2e3,zp8,65,1
72607,CFG_532891bb36ca,zp8,65,1
72608,CFG_f18488ce1456,zp8,65,1
72609,CFG_b2a3cbb134c5,zp8,65,1
72610,CFG_b2a3cbb134c5,zp8,65,1
72611,CFG_ac213567a5a2,zp8,65,1
72612,CFG_8a51f93d684d,zp8,65,1
72613,CFG_81cab8befe03,zp8,65,1
72614,CFG_f18488ce1456,zp8,65,1
72615,CFG_29c3378e155b,zp8,65,1
72616,CFG_a1d878e7d840,zp8,65,1
72617,CFG_e3950fd94ca1,zp8,65,1
72618,CFG_8f2957e28805,zp8,65,1
72619,CFG_3a3d7179fe0d,zp8,65,1
72620,CFG_e3950fd94ca1,zp8,65,1
72621,CFG_39fe645ba2f1,zp8,65,1
72622,CFG_d0face5aa80d,zp8,65,1
72623,CFG_cf6528e23789,zp8,65,1
72624,CFG_67b539d34471,zp8,65,1
72625,CFG_d96b0c9e44d0,zp8,65,1
72626,CFG_39fe645ba2f1,zp8,65,1
72627,CFG_e1e6e0c66c93,zp8,65,1
72628,CFG_1738a11cbd49,zp8,65,1
72629,CFG_be784e24b621,zp8,65,1
72630,CFG_9c659499047b,zp8,65,1
72631,CFG_cc5bbb6e9d13,zp8,65,1
72632,CFG_a292c20a75fd,zp8,65,1
72633,CFG_939ca62c69c2,zp8,65,1
72634,CFG_a34f76b67ef4,zp8,65,1
72635,CFG_5cd0c67d59bc,zp8,65,1
72636,CFG_dda2f907b868,zp8,65,1
72637,CFG_7cd4c6b023c5,zp8,65,1
72638,CFG_f18488ce1456,zp8,65,1
72639,CFG_b8e6a5652de1,zp8,65,1
72640,CFG_5cd0c67d59bc,zp8,65,1
72641,CFG_de29bb20eaa6,zp8,65,1
72642,CFG_a292c20a75fd,zp8,65,1
72643,CFG_1738a11cbd49,zp8,65,1
72644,CFG_1e693796a40d,zp8,65,1
72645,CFG_3278d3379c8a,zp8,65,1
72646,CFG_67b539d34471,zp8,65,1
72647,CFG_1738a11cbd49,zp8,65,1
72648,CFG_be784e24b621,zp8,65,1
72649,CFG_1ec55dc0a2ff,zp8,65,1
72650,CFG_275e4ca07248,zp8,65,1
72651,CFG_29c3378e155b,zp8,65,1
72652,CFG_5cd0c67d59bc,zp8,65,1
72653,CFG_9c659499047b,zp8,65,1
72654,CFG_288ddbff7431,zp8,65,1
72655,CFG_8a51f93d684d,zp8,65,1
72656,CFG_f18488ce1456,zp8,65,1
72657,CFG_710c47edfbc8,zp8,65,1
72658,CFG_d96b0c9e44d0,zp8,65,1
72659,CFG_8a51f93d684d,zp8,65,1
72660,CFG_29c3378e155b,zp8,65,1
72661,CFG_1d1816b1d9d8,zp8,65,1
72662,CFG_ceef49456daa,zp8,65,1
72663,CFG_b2a3cbb134c5,zp8,65,1
72664,CFG_773ac98270b6,zp8,65,1
72665,CFG_755205a28938,zp8,65,1
72666,CFG_710c47edfbc8,zp8,65,1
72667,CFG_a292c20a75fd,zp8,65,1
72668,CFG_1738a11cbd49,zp8,65,1
72669,CFG_8bfc9d62299c,zp8,65,1
72670,CFG_5cd0c67d59bc,zp8,65,1
72671,CFG_755205a28938,zp8,65,1
72672,CFG_ffde3ea1b2e3,zp8,65,1
72673,CFG_5514d03a77b0,zp8,65,1
72674,CFG_f18488ce1456,zp8,65,1
72675,CFG_6caaadb373ea,zp8,65,1
72676,CFG_8a51f93d684d,zp8,65,1
72677,CFG_f993a0fc6256,zp8,65,1
72678,CFG_deda15f4c4a8,zp8,65,1
72679,CFG_710c47edfbc8,zp8,65,1
72680,CFG_3a3d7179fe0d,zp8,65,1
72681,CFG_b2a3cbb134c5,zp8,65,1
72682,CFG_67b539d34471,zp8,65,1
72683,CFG_8a51f93d684d,zp8,65,1
72684,CFG_3e489afc8bfd,zp8,65,1
72685,CFG_1d1816b1d9d8,zp8,65,1
72686,CFG_f18488ce1456,zp8,65,1
72687,CFG_8bfc9d62299c,zp8,65,1
72688,CFG_e1e6e0c66c93,zp8,65,1
72689,CFG_7fa53b7ab3bf,zp8,65,1
72690,CFG_755205a28938,zp8,65,1
72691,CFG_b8e6a5652de1,zp8,65,1
72692,CFG_d0face5aa80d,zp8,65,1
72693,CFG_5cd0c67d59bc,zp8,65,1
72694,CFG_cf541d0f8a3a,zp8,65,1
72695,CFG_17620e2785dc,zp8,65,1
72696,CFG_de29bb20eaa6,zp8,65,1
72697,CFG_29c3378e155b,zp8,65,1
72698,CFG_8a51f93d684d,zp8,65,1
72699,CFG_bd6412fc68b0,zp8,65,1
72700,CFG_a1d878e7d840,zp8,65,1
72701,CFG_8a51f93d684d,zp8,65,1
72702,CFG_f18488ce1456,zp8,65,1
72703,CFG_f18488ce1456,zp8,65,1
72704,CFG_e87513c8563d,zp8,65,1
72705,CFG_9178f775d49a,zp8,65,1
72706,CFG_8a51f93d684d,zp8,65,1
72707,CFG_ceef49456daa,zp8,65,1
72708,CFG_be784e24b621,zp8,65,1
72709,CFG_ceef49456daa,zp8,65,1
72710,CFG_1ec55dc0a2ff,zp8,65,1
72711,CFG_773ac98270b6,zp8,65,1
72712,CFG_3e489afc8bfd,zp8,65,1
72713,CFG_36f82e31118f,zp8,65,1
72714,CFG_b2a3cbb134c5,zp8,65,1
72715,CFG_2534839bab0a,zp8,65,1
72716,CFG_c94b44f1b2f9,zp8,65,1
72717,CFG_e1e6e0c66c93,zp8,65,1
72718,CFG_77c8b99b43d9,zp8,65,1
72719,CFG_b8e6a5652de1,zp8,65,1
72720,CFG_be784e24b621,zp8,65,1
72721,CFG_3a3d7179fe0d,zp8,65,1
72722,CFG_e1e6e0c66c93,zp8,65,1
72723,CFG_288ddbff7431,zp8,65,1
72724,CFG_710c47edfbc8,zp8,65,1
72725,CFG_9178f775d49a,zp8,65,1
72726,CFG_b8e6a5652de1,zp8,65,1
72727,CFG_3e489afc8bfd,zp8,65,1
72728,CFG_532891bb36ca,zp8,65,1
72729,CFG_17620e2785dc,zp8,65,1
72730,CFG_e3950fd94ca1,zp8,65,1
72731,CFG_939ca62c69c2,zp8,65,1
72732,CFG_9178f775d49a,zp8,65,1
72733,CFG_cf541d0f8a3a,zp8,65,1
72734,CFG_9c659499047b,zp8,65,1
72735,CFG_29c3378e155b,zp8,65,1
72736,CFG_9178f775d49a,zp8,65,1
72737,CFG_36f82e31118f,zp8,65,1
72738,CFG_de29bb20eaa6,zp8,65,1
72739,CFG_67b539d34471,zp8,65,1
72740,CFG_3e489afc8bfd,zp8,65,1
72741,CFG_3a3d7179fe0d,zp8,65,1
72742,CFG_9c659499047b,zp8,65,1
72743,CFG_f993a0fc6256,zp8,65,1
72744,CFG_ffde3ea1b2e3,zp8,65,1
72745,CFG_727914633b9e,zp8,65,1
72746,CFG_8a51f93d684d,zp8,65,1
72747,CFG_727914633b9e,zp8,65,1
72748,CFG_36f82e31118f,zp8,65,1
72749,CFG_b2a3cbb134c5,zp8,65,1
72750,CFG_17620e2785dc,zp8,65,1
72751,CFG_d96b0c9e44d0,zp8,65,1
72752,CFG_deda15f4c4a8,zp8,65,1
72753,CFG_773ac98270b6,zp8,65,1
72754,CFG_e3950fd94ca1,zp8,65,1
72755,CFG_deda15f4c4a8,zp8,65,1
72756,CFG_8a51f93d684d,zp8,65,1
72757,CFG_710c47edfbc8,zp8,65,1
72758,CFG_e1e6e0c66c93,zp8,65,1
72759,CFG_9178f775d49a,zp8,65,1
72760,CFG_7155e4ee7bdf,zp8,65,1
72761,CFG_67b539d34471,zp8,65,1
72762,CFG_cf541d0f8a3a,zp8,65,1
72763,CFG_77c8b99b43d9,zp8,65,1
72764,CFG_e3950fd94ca1,zp8,65,1
72765,CFG_deda15f4c4a8,zp8,65,1
72766,CFG_c94b44f1b2f9,zp8,65,1
72767,CFG_67b539d34471,zp8,65,1
72768,CFG_9c659499047b,zp8,65,1
72769,CFG_5cd0c67d59bc,zp8,65,1
72770,CFG_f18488ce1456,zp8,65,1
72771,CFG_755205a28938,zp8,65,1
72772,CFG_deda15f4c4a8,zp8,65,1
72773,CFG_112bf773e97d,zp8,65,1
72774,CFG_d7aadf87f0b1,zp8,65,1
72775,CFG_5cd0c67d59bc,zp8,65,1
72776,CFG_6caaadb373ea,zp8,65,1
72777,CFG_deda15f4c4a8,zp8,65,1
72778,CFG_a1d878e7d840,zp8,65,1
72779,CFG_773ac98270b6,zp8,65,1
72780,CFG_deda15f4c4a8,zp8,65,1
72781,CFG_17620e2785dc,zp8,65,1
72782,CFG_1ec55dc0a2ff,zp8,65,1
72783,CFG_1ec55dc0a2ff,zp8,65,1
72784,CFG_b2a3cbb134c5,zp8,65,1
72785,CFG_1d0f84c0bb06,zp8,65,1
72786,CFG_ffde3ea1b2e3,zp8,65,1
72787,CFG_f18488ce1456,zp8,65,1
72788,CFG_1e693796a40d,zp8,65,1
72789,CFG_deda15f4c4a8,zp8,65,1
72790,CFG_f18488ce1456,zp8,65,1
72791,CFG_5514d03a77b0,zp8,65,1
72792,CFG_3a3d7179fe0d,zp8,65,1
72793,CFG_b8e6a5652de1,zp8,65,1
72794,CFG_f18488ce1456,zp8,65,1
72795,CFG_3a3d7179fe0d,zp8,65,1
72796,CFG_e87513c8563d,zp8,65,1
72797,CFG_9178f775d49a,zp8,65,1
72798,CFG_1ec55dc0a2ff,zp8,65,1
72799,CFG_f18488ce1456,zp8,65,1
72800,CFG_ffde3ea1b2e3,zp8,65,1
72801,CFG_d96b0c9e44d0,zp8,65,1
72802,CFG_9c659499047b,zp8,65,1
72803,CFG_9178f775d49a,zp8,65,1
72804,CFG_d96b0c9e44d0,zp8,65,1
72805,CFG_b8e6a5652de1,zp8,65,1
72806,CFG_8bfc9d62299c,zp8,65,1
72807,CFG_1ec55dc0a2ff,zp8,65,1
72808,CFG_3278d3379c8a,zp8,65,1
72809,CFG_bbea204eb2ac,zp8,65,1
72810,CFG_755205a28938,zp8,65,1
72811,CFG_d7aadf87f0b1,zp8,65,1
72812,CFG_5cd0c67d59bc,zp8,65,1
72813,CFG_8a51f93d684d,zp8,65,1
72814,CFG_9178f775d49a,zp8,65,1
72815,CFG_ac213567a5a2,zp8,65,1
72816,CFG_8a51f93d684d,zp8,65,1
72817,CFG_8bfc9d62299c,zp8,65,1
72818,CFG_17620e2785dc,zp8,65,1
72819,CFG_cc5bbb6e9d13,zp8,65,1
72820,CFG_36f82e31118f,zp8,65,1
72821,CFG_59f154754573,zp8,65,1
72822,CFG_67b539d34471,zp8,65,1
72823,CFG_ffde3ea1b2e3,zp8,65,1
72824,CFG_9c659499047b,zp8,65,1
72825,CFG_939ca62c69c2,zp8,65,1
72826,CFG_773ac98270b6,zp8,65,1
72827,CFG_cf541d0f8a3a,zp8,65,1
72828,CFG_773ac98270b6,zp8,65,1
72829,CFG_d96b0c9e44d0,zp8,65,1
72830,CFG_1747d90ed031,zp8,65,1
72831,CFG_36f82e31118f,zp8,65,1
72832,CFG_8bfc9d62299c,zp8,65,1
72833,CFG_bd6412fc68b0,zp8,65,1
72834,CFG_288ddbff7431,zp8,65,1
72835,CFG_be784e24b621,zp8,65,1
72836,CFG_8a51f93d684d,zp8,65,1
72837,CFG_2534839bab0a,zp8,65,1
72838,CFG_cf6528e23789,zp8,65,1
72839,CFG_8a51f93d684d,zp8,65,1
72840,CFG_ceef49456daa,zp8,65,1
72841,CFG_f18488ce1456,zp8,65,1
72842,CFG_b04e3d146803,zp8,65,1
72843,CFG_ffde3ea1b2e3,zp8,65,1
72844,CFG_65f78a36ed50,zp8,65,1
72845,CFG_f18488ce1456,zp8,65,1
72846,CFG_e1e6e0c66c93,zp8,65,1
72847,CFG_1e693796a40d,zp8,65,1
72848,CFG_a34f76b67ef4,zp8,65,1
72849,CFG_b8e6a5652de1,zp8,65,1
72850,CFG_5cd0c67d59bc,zp8,65,1
72851,CFG_be784e24b621,zp8,65,1
72852,CFG_1ec55dc0a2ff,zp8,65,1
72853,CFG_cc5bbb6e9d13,zp8,65,1
72854,CFG_d96b0c9e44d0,zp8,65,1
72855,CFG_e3950fd94ca1,zp8,65,1
72856,CFG_1ec55dc0a2ff,zp8,65,1
72857,CFG_2534839bab0a,zp8,65,1
72858,CFG_deda15f4c4a8,zp8,65,1
72859,CFG_5514d03a77b0,zp8,65,1
72860,CFG_710c47edfbc8,zp8,65,1
72861,CFG_8bfc9d62299c,zp8,65,1
72862,CFG_cf6528e23789,zp8,65,1
72863,CFG_3278d3379c8a,zp8,65,1
72864,CFG_939ca62c69c2,zp8,65,1
72865,CFG_1ec55dc0a2ff,zp8,65,1
72866,CFG_8a51f93d684d,zp8,65,1
72867,CFG_58ae56c3ee5b,zp8,65,1
72868,CFG_d96b0c9e44d0,zp8,65,1
72869,CFG_db37bdfe8c71,zp8,65,1
72870,CFG_755205a28938,zp8,65,1
72871,CFG_36f82e31118f,zp8,65,1
72872,CFG_2534839bab0a,zp8,65,1
72873,CFG_9178f775d49a,zp8,65,1
72874,CFG_b2a3cbb134c5,zp8,65,1
72875,CFG_1e693796a40d,zp8,65,1
72876,CFG_3a3d7179fe0d,zp8,65,1
72877,CFG_e1e6e0c66c93,zp8,65,1
72878,CFG_f18488ce1456,zp8,65,1
72879,CFG_8a51f93d684d,zp8,65,1
72880,CFG_710c47edfbc8,zp8,65,1
72881,CFG_f18488ce1456,zp8,65,1
72882,CFG_802041076799,zp8,65,1
72883,CFG_3697b100c401,zp8,65,1
72884,CFG_17620e2785dc,zp8,65,1
72885,CFG_8a51f93d684d,zp8,65,1
72886,CFG_c910518048de,zp8,65,1
72887,CFG_8bfc9d62299c,zp8,65,1
72888,CFG_59f154754573,zp8,65,1
72889,CFG_8f2957e28805,zp8,65,1
72890,CFG_8a51f93d684d,zp8,65,1
72891,CFG_8a51f93d684d,zp8,65,1
72892,CFG_cf541d0f8a3a,zp8,65,1
72893,CFG_67b539d34471,zp8,65,1
72894,CFG_c910518048de,zp8,65,1
72895,CFG_3278d3379c8a,zp8,65,1
72896,CFG_f18488ce1456,zp8,65,1
72897,CFG_e1e6e0c66c93,zp8,65,1
72898,CFG_9c659499047b,zp8,65,1
72899,CFG_36f82e31118f,zp8,65,1
72900,CFG_c910518048de,zp8,65,1
72901,CFG_8a51f93d684d,zp8,65,1
72902,CFG_e3386d946379,zp8,65,1
72903,CFG_710c47edfbc8,zp8,65,1
72904,CFG_36f82e31118f,zp8,65,1
72905,CFG_773ac98270b6,zp8,65,1
72906,CFG_e87513c8563d,zp8,65,1
72907,CFG_f18488ce1456,zp8,65,1
72908,CFG_deda15f4c4a8,zp8,65,1
72909,CFG_8a3f0c7c09a9,zp8,65,1
72910,CFG_1e693796a40d,zp8,65,1
72911,CFG_67b539d34471,zp8,65,1
72912,CFG_d39c77a1a4bf,zp8,65,1
72913,CFG_3278d3379c8a,zp8,65,1
72914,CFG_3278d3379c8a,zp8,65,1
72915,CFG_f18488ce1456,zp8,65,1
72916,CFG_939ca62c69c2,zp8,65,1
72917,CFG_710c47edfbc8,zp8,65,1
72918,CFG_9178f775d49a,zp8,65,1
72919,CFG_710c47edfbc8,zp8,65,1
72920,CFG_9178f775d49a,zp8,65,1
72921,CFG_6caaadb373ea,zp8,65,1
72922,CFG_be784e24b621,zp8,65,1
72923,CFG_939ca62c69c2,zp8,65,1
72924,CFG_e3950fd94ca1,zp8,65,1
72925,CFG_3a3d7179fe0d,zp8,65,1
72926,CFG_c910518048de,zp8,65,1
72927,CFG_a1d878e7d840,zp8,65,1
72928,CFG_3a3d7179fe0d,zp8,65,1
72929,CFG_939ca62c69c2,zp8,65,1
72930,CFG_1e693796a40d,zp8,65,1
72931,CFG_59f154754573,zp8,65,1
72932,CFG_59f154754573,zp8,65,1
72933,CFG_ffde3ea1b2e3,zp8,65,1
72934,CFG_67b539d34471,zp8,65,1
72935,CFG_2534839bab0a,zp8,65,1
72936,CFG_deda15f4c4a8,zp8,65,1
72937,CFG_b8e6a5652de1,zp8,65,1
72938,CFG_d39c77a1a4bf,zp8,65,1
72939,CFG_e3950fd94ca1,zp8,65,1
72940,CFG_29c3378e155b,zp8,65,1
72941,CFG_b2a3cbb134c5,zp8,65,1
72942,CFG_9178f775d49a,zp8,65,1
72943,CFG_c910518048de,zp8,65,1
72944,CFG_67b539d34471,zp8,65,1
72945,CFG_29c3378e155b,zp8,65,1
72946,CFG_cf6528e23789,zp8,65,1
72947,CFG_e1e6e0c66c93,zp8,65,1
72948,CFG_77c8b99b43d9,zp8,65,1
72949,CFG_9c659499047b,zp8,65,1
72950,CFG_1738a11cbd49,zp8,65,1
72951,CFG_275e4ca07248,zp8,65,1
72952,CFG_8a51f93d684d,zp8,65,1
72953,CFG_5531dad98c69,zp8,65,1
72954,CFG_65f78a36ed50,zp8,65,1
72955,CFG_773ac98270b6,zp8,65,1
72956,CFG_e1e6e0c66c93,zp8,65,1
72957,CFG_f18488ce1456,zp8,65,1
72958,CFG_755205a28938,zp8,65,1
72959,CFG_773ac98270b6,zp8,65,1
72960,CFG_755205a28938,zp8,65,1
72961,CFG_a1d878e7d840,zp8,65,1
72962,CFG_755205a28938,zp8,65,1
72963,CFG_1ec55dc0a2ff,zp8,65,1
72964,CFG_67b539d34471,zp8,65,1
72965,CFG_17620e2785dc,zp8,65,1
72966,CFG_1738a11cbd49,zp8,65,1
72967,CFG_275e4ca07248,zp8,65,1
72968,CFG_3a3d7179fe0d,zp8,65,1
72969,CFG_5514d03a77b0,zp8,65,1
72970,CFG_1738a11cbd49,zp8,65,1
72971,CFG_e3386d946379,zp8,65,1
72972,CFG_f18488ce1456,zp8,65,1
72973,CFG_59aede929579,zp8,65,1
72974,CFG_3a3d7179fe0d,zp8,65,1
72975,CFG_1738a11cbd49,zp8,65,1
72976,CFG_b2bb984b770a,zp8,65,1
72977,CFG_b8e6a5652de1,zp8,65,1
72978,CFG_d39c77a1a4bf,zp8,65,1
72979,CFG_e3950fd94ca1,zp8,65,1
72980,CFG_39fe645ba2f1,zp8,65,1
72981,CFG_637b6e72af93,zp8,65,1
72982,CFG_8a51f93d684d,zp8,65,1
72983,CFG_67b539d34471,zp8,65,1
72984,CFG_67b539d34471,zp8,65,1
72985,CFG_9178f775d49a,zp8,65,1
72986,CFG_f18488ce1456,zp8,65,1
72987,CFG_e1e6e0c66c93,zp8,65,1
72988,CFG_17620e2785dc,zp8,65,1
72989,CFG_1ec55dc0a2ff,zp8,65,1
72990,CFG_7cd4c6b023c5,zp8,65,1
72991,CFG_17620e2785dc,zp8,65,1
72992,CFG_acabbc62a021,zp8,65,1
72993,CFG_532891bb36ca,zp8,65,1
72994,CFG_7fa53b7ab3bf,zp8,65,1
72995,CFG_2154b722e06b,zp8,65,1
72996,CFG_5cd0c67d59bc,zp8,65,1
72997,CFG_7cd4c6b023c5,zp8,65,1
72998,CFG_17620e2785dc,zp8,65,1
72999,CFG_1ec55dc0a2ff,zp8,65,1
73000,CFG_de29bb20eaa6,zp8,65,1
73001,CFG_17620e2785dc,zp8,65,1
73002,CFG_e87513c8563d,zp8,65,1
73003,CFG_99b4d8a9c762,zp8,65,1
73004,CFG_710c47edfbc8,zp8,65,1
73005,CFG_1738a11cbd49,zp8,65,1
73006,CFG_3a3d7179fe0d,zp8,65,1
73007,CFG_65f78a36ed50,zp8,65,1
73008,CFG_9178f775d49a,zp8,65,1
73009,CFG_773ac98270b6,zp8,65,1
73010,CFG_ffde3ea1b2e3,zp8,65,1
73011,CFG_f90a73d2a477,zp8,65,1
73012,CFG_ac213567a5a2,zp8,65,1
73013,CFG_8bfc9d62299c,zp8,65,1
73014,CFG_773ac98270b6,zp8,65,1
73015,CFG_db37bdfe8c71,zp8,65,1
73016,CFG_625048fefa0b,zp8,65,1
73017,CFG_773ac98270b6,zp8,65,1
73018,CFG_1738a11cbd49,zp8,65,1
73019,CFG_9178f775d49a,zp8,65,1
73020,CFG_17620e2785dc,zp8,65,1
73021,CFG_6caaadb373ea,zp8,65,1
73022,CFG_5514d03a77b0,zp8,65,1
73023,CFG_a34f76b67ef4,zp8,65,1
73024,CFG_c94b44f1b2f9,zp8,65,1
73025,CFG_be784e24b621,zp8,65,1
73026,CFG_3a3d7179fe0d,zp8,65,1
73027,CFG_9178f775d49a,zp8,65,1
73028,CFG_7fa53b7ab3bf,zp8,65,1
73029,CFG_755205a28938,zp8,65,1
73030,CFG_8a51f93d684d,zp8,65,1
73031,CFG_f18488ce1456,zp8,65,1
73032,CFG_be784e24b621,zp8,65,1
73033,CFG_77c8b99b43d9,zp8,65,1
73034,CFG_3a3d7179fe0d,zp8,65,1
73035,CFG_59f154754573,zp8,65,1
73036,CFG_bbea204eb2ac,zp8,65,1
73037,CFG_939ca62c69c2,zp8,65,1
73038,CFG_1e693796a40d,zp8,65,1
73039,CFG_67b539d34471,zp8,65,1
73040,CFG_36f82e31118f,zp8,65,1
73041,CFG_a9714f85f877,zp8,65,1
73042,CFG_9c659499047b,zp8,65,1
73043,CFG_ffde3ea1b2e3,zp8,65,1
73044,CFG_cf541d0f8a3a,zp8,65,1
73045,CFG_1d0f84c0bb06,zp8,65,1
73046,CFG_7155e4ee7bdf,zp8,65,1
73047,CFG_b8e6a5652de1,zp8,65,1
73048,CFG_275e4ca07248,zp8,65,1
73049,CFG_6caaadb373ea,zp8,65,1
73050,CFG_e1e6e0c66c93,zp8,65,1
73051,CFG_8a51f93d684d,zp8,65,1
73052,CFG_2154b722e06b,zp8,65,1
73053,CFG_be784e24b621,zp8,65,1
73054,CFG_cf6528e23789,zp8,65,1
73055,CFG_8bfc9d62299c,zp8,65,1
73056,CFG_e1e6e0c66c93,zp8,65,1
73057,CFG_8bfc9d62299c,zp8,65,1
73058,CFG_8bfc9d62299c,zp8,65,1
73059,CFG_d96b0c9e44d0,zp8,65,1
73060,CFG_5531dad98c69,zp8,65,1
73061,CFG_939ca62c69c2,zp8,65,1
73062,CFG_710c47edfbc8,zp8,65,1
73063,CFG_b2a3cbb134c5,zp8,65,1
73064,CFG_1ec55dc0a2ff,zp8,65,1
73065,CFG_59aede929579,zp8,65,1
73066,CFG_58ae56c3ee5b,zp8,65,1
73067,CFG_e1e6e0c66c93,zp8,65,1
73068,CFG_36f82e31118f,zp8,65,1
73069,CFG_7cd4c6b023c5,zp8,65,1
73070,CFG_3e489afc8bfd,zp8,65,1
73071,CFG_1738a11cbd49,zp8,65,1
73072,CFG_e1e6e0c66c93,zp8,65,1
73073,CFG_b04e3d146803,zp8,65,1
73074,CFG_36f82e31118f,zp8,65,1
73075,CFG_d7aadf87f0b1,zp8,65,1
73076,CFG_7155e4ee7bdf,zp8,65,1
73077,CFG_29c3378e155b,zp8,65,1
73078,CFG_1747d90ed031,zp8,65,1
73079,CFG_deda15f4c4a8,zp8,65,1
73080,CFG_e1e6e0c66c93,zp8,65,1
73081,CFG_7fa53b7ab3bf,zp8,65,1
73082,CFG_802041076799,zp8,65,1
73083,CFG_710c47edfbc8,zp8,65,1
73084,CFG_9c659499047b,zp8,65,1
73085,CFG_2154b722e06b,zp8,65,1
73086,CFG_f18488ce1456,zp8,65,1
73087,CFG_29c3378e155b,zp8,65,1
73088,CFG_c94b44f1b2f9,zp8,65,1
73089,CFG_288ddbff7431,zp8,65,1
73090,CFG_3697b100c401,zp8,65,1
73091,CFG_d0face5aa80d,zp8,65,1
73092,CFG_727914633b9e,zp8,65,1
73093,CFG_f18488ce1456,zp8,65,1
73094,CFG_6caaadb373ea,zp8,65,1
73095,CFG_8a51f93d684d,zp8,65,1
73096,CFG_29c3378e155b,zp8,65,1
73097,CFG_d96b0c9e44d0,zp8,65,1
73098,CFG_8a51f93d684d,zp8,65,1
73099,CFG_4bec09598a98,zp8,65,1
73100,CFG_773ac98270b6,zp8,65,1
73101,CFG_b2a3cbb134c5,zp8,65,1
73102,CFG_be784e24b621,zp8,65,1
73103,CFG_deda15f4c4a8,zp8,65,1
73104,CFG_b2a3cbb134c5,zp8,65,1
73105,CFG_1ec55dc0a2ff,zp8,65,1
73106,CFG_8a51f93d684d,zp8,65,1
73107,CFG_1738a11cbd49,zp8,65,1
73108,CFG_b0eabb76b70f,zp8,65,1
73109,CFG_deda15f4c4a8,zp8,65,1
73110,CFG_b8e6a5652de1,zp8,65,1
73111,CFG_29c3378e155b,zp8,65,1
73112,CFG_5cd0c67d59bc,zp8,65,1
73113,CFG_67b539d34471,zp8,65,1
73114,CFG_17620e2785dc,zp8,65,1
73115,CFG_288ddbff7431,zp8,65,1
73116,CFG_6caaadb373ea,zp8,65,1
73117,CFG_1ec55dc0a2ff,zp8,65,1
73118,CFG_b2a3cbb134c5,zp8,65,1
73119,CFG_5cd0c67d59bc,zp8,65,1
73120,CFG_bbea204eb2ac,zp8,65,1
73121,CFG_bbea204eb2ac,zp8,65,1
73122,CFG_773ac98270b6,zp8,65,1
73123,CFG_bbea204eb2ac,zp8,65,1
73124,CFG_db37bdfe8c71,zp8,65,1
73125,CFG_cf541d0f8a3a,zp8,65,1
73126,CFG_2534839bab0a,zp8,65,1
73127,CFG_9178f775d49a,zp8,65,1
73128,CFG_5cd0c67d59bc,zp8,65,1
73129,CFG_2534839bab0a,zp8,65,1
73130,CFG_755205a28938,zp8,65,1
73131,CFG_59aede929579,zp8,65,1
73132,CFG_7fa53b7ab3bf,zp8,65,1
73133,CFG_de29bb20eaa6,zp8,65,1
73134,CFG_5cd0c67d59bc,zp8,65,1
73135,CFG_ceef49456daa,zp8,65,1
73136,CFG_1e693796a40d,zp8,65,1
73137,CFG_b8e6a5652de1,zp8,65,1
73138,CFG_8a51f93d684d,zp8,65,1
73139,CFG_cf541d0f8a3a,zp8,65,1
73140,CFG_6ff9e417e386,zp8,65,1
73141,CFG_3a3d7179fe0d,zp8,65,1
73142,CFG_29c3378e155b,zp8,65,1
73143,CFG_5cd0c67d59bc,zp8,65,1
73144,CFG_8a51f93d684d,zp8,65,1
73145,CFG_9c659499047b,zp8,65,1
73146,CFG_9c659499047b,zp8,65,1
73147,CFG_1ec55dc0a2ff,zp8,65,1
73148,CFG_773ac98270b6,zp8,65,1
73149,CFG_b8e6a5652de1,zp8,65,1
73150,CFG_17620e2785dc,zp8,65,1
73151,CFG_9178f775d49a,zp8,65,1
73152,CFG_f18488ce1456,zp8,65,1
73153,CFG_59aede929579,zp8,65,1
73154,CFG_de29bb20eaa6,zp8,65,1
73155,CFG_e3950fd94ca1,zp8,65,1
73156,CFG_a1d878e7d840,zp8,65,1
73157,CFG_b04e3d146803,zp8,65,1
73158,CFG_f18488ce1456,zp8,65,1
73159,CFG_8bfc9d62299c,zp8,65,1
73160,CFG_8a51f93d684d,zp8,65,1
73161,CFG_3a3d7179fe0d,zp8,65,1
73162,CFG_b2a3cbb134c5,zp8,65,1
73163,CFG_f18488ce1456,zp8,65,1
73164,CFG_be784e24b621,zp8,65,1
73165,CFG_ac213567a5a2,zp8,65,1
73166,CFG_a1d878e7d840,zp8,65,1
73167,CFG_deda15f4c4a8,zp8,65,1
73168,CFG_2154b722e06b,zp8,65,1
73169,CFG_a292c20a75fd,zp8,65,1
73170,CFG_be784e24b621,zp8,65,1
73171,CFG_cf541d0f8a3a,zp8,65,1
73172,CFG_ffde3ea1b2e3,zp8,65,1
73173,CFG_a1d878e7d840,zp8,65,1
73174,CFG_d96b0c9e44d0,zp8,65,1
73175,CFG_3a3d7179fe0d,zp8,65,1
73176,CFG_ffde3ea1b2e3,zp8,65,1
73177,CFG_f18488ce1456,zp8,65,1
73178,CFG_99b4d8a9c762,zp8,65,1
73179,CFG_1e693796a40d,zp8,65,1
73180,CFG_f18488ce1456,zp8,65,1
73181,CFG_36f82e31118f,zp8,65,1
73182,CFG_36f82e31118f,zp8,65,1
73183,CFG_1ec55dc0a2ff,zp8,65,1
73184,CFG_939ca62c69c2,zp8,65,1
73185,CFG_deda15f4c4a8,zp8,65,1
73186,CFG_ffde3ea1b2e3,zp8,65,1
73187,CFG_d96b0c9e44d0,zp8,65,1
73188,CFG_29c3378e155b,zp8,65,1
73189,CFG_6caaadb373ea,zp8,65,1
73190,CFG_1738a11cbd49,zp8,65,1
73191,CFG_b8e6a5652de1,zp8,65,1
73192,CFG_67b539d34471,zp8,65,1
73193,CFG_8bfc9d62299c,zp8,65,1
73194,CFG_39fe645ba2f1,zp8,65,1
73195,CFG_b2a3cbb134c5,zp8,65,1
73196,CFG_b2a3cbb134c5,zp8,65,1
73197,CFG_bbea204eb2ac,zp8,65,1
73198,CFG_b2a3cbb134c5,zp8,65,1
73199,CFG_ffde3ea1b2e3,zp8,65,1
73200,CFG_f18488ce1456,zp8,65,1
73201,CFG_b2a3cbb134c5,zp8,65,1
73202,CFG_c910518048de,zp8,65,1
73203,CFG_b2a3cbb134c5,zp8,65,1
73204,CFG_710c47edfbc8,zp8,65,1
73205,CFG_59aede929579,zp8,65,1
73206,CFG_773ac98270b6,zp8,65,1
73207,CFG_532891bb36ca,zp8,65,1
73208,CFG_f18488ce1456,zp8,65,1
73209,CFG_b2a3cbb134c5,zp8,65,1
73210,CFG_cf541d0f8a3a,zp8,65,1
73211,CFG_773ac98270b6,zp8,65,1
73212,CFG_1ec55dc0a2ff,zp8,65,1
73213,CFG_be784e24b621,zp8,65,1
73214,CFG_a1d878e7d840,zp8,65,1
73215,CFG_cdb458536382,zp8,65,1
73216,CFG_d7aadf87f0b1,zp8,65,1
73217,CFG_be784e24b621,zp8,65,1
73218,CFG_755205a28938,zp8,65,1
73219,CFG_67b539d34471,zp8,65,1
73220,CFG_b2a3cbb134c5,zp8,65,1
73221,CFG_b8e6a5652de1,zp8,65,1
73222,CFG_a292c20a75fd,zp8,65,1
73223,CFG_a34f76b67ef4,zp8,65,1
73224,CFG_67b539d34471,zp8,65,1
73225,CFG_1e693796a40d,zp8,65,1
73226,CFG_9178f775d49a,zp8,65,1
73227,CFG_9178f775d49a,zp8,65,1
73228,CFG_8bfc9d62299c,zp8,65,1
73229,CFG_9178f775d49a,zp8,65,1
73230,CFG_59aede929579,zp8,65,1
73231,CFG_8bfc9d62299c,zp8,65,1
73232,CFG_f18488ce1456,zp8,65,1
73233,CFG_17620e2785dc,zp8,65,1
73234,CFG_7155e4ee7bdf,zp8,65,1
73235,CFG_ac213567a5a2,zp8,65,1
73236,CFG_ceef49456daa,zp8,65,1
73237,CFG_8a51f93d684d,zp8,65,1
73238,CFG_773ac98270b6,zp8,65,1
73239,CFG_db37bdfe8c71,zp8,65,1
73240,CFG_f18488ce1456,zp8,65,1
73241,CFG_8a51f93d684d,zp8,65,1
73242,CFG_5cd0c67d59bc,zp8,65,1
73243,CFG_288ddbff7431,zp8,65,1
73244,CFG_710c47edfbc8,zp8,65,1
73245,CFG_59aede929579,zp8,65,1
73246,CFG_e1e6e0c66c93,zp8,65,1
73247,CFG_f18488ce1456,zp8,65,1
73248,CFG_727914633b9e,zp8,65,1
73249,CFG_e1e6e0c66c93,zp8,65,1
73250,CFG_29c3378e155b,zp8,65,1
73251,CFG_b2a3cbb134c5,zp8,65,1
73252,CFG_ceef49456daa,zp8,65,1
73253,CFG_710c47edfbc8,zp8,65,1
73254,CFG_f18488ce1456,zp8,65,1
73255,CFG_cf541d0f8a3a,zp8,65,1
73256,CFG_a34f76b67ef4,zp8,65,1
73257,CFG_9178f775d49a,zp8,65,1
73258,CFG_5851809b712d,zp8,65,1
73259,CFG_b2a3cbb134c5,zp8,65,1
73260,CFG_db37bdfe8c71,zp8,65,1
73261,CFG_d96b0c9e44d0,zp8,65,1
73262,CFG_67b539d34471,zp8,65,1
73263,CFG_3278d3379c8a,zp8,65,1
73264,CFG_1ec55dc0a2ff,zp8,65,1
73265,CFG_2154b722e06b,zp8,65,1
73266,CFG_9178f775d49a,zp8,65,1
73267,CFG_1ec55dc0a2ff,zp8,65,1
73268,CFG_ffde3ea1b2e3,zp8,65,1
73269,CFG_67b539d34471,zp8,65,1
73270,CFG_3a3d7179fe0d,zp8,65,1
73271,CFG_67b539d34471,zp8,65,1
73272,CFG_a1ebd0490272,zp8,65,1
73273,CFG_8bfc9d62299c,zp8,65,1
73274,CFG_a1d878e7d840,zp8,65,1
73275,CFG_1ec55dc0a2ff,zp8,65,1
73276,CFG_5514d03a77b0,zp8,65,1
73277,CFG_d7aadf87f0b1,zp8,65,1
73278,CFG_acabbc62a021,zp8,65,1
73279,CFG_939ca62c69c2,zp8,65,1
73280,CFG_5514d03a77b0,zp8,65,1
73281,CFG_8a51f93d684d,zp8,65,1
73282,CFG_9c659499047b,zp8,65,1
73283,CFG_67b539d34471,zp8,65,1
73284,CFG_5cd0c67d59bc,zp8,65,1
73285,CFG_755205a28938,zp8,65,1
73286,CFG_939ca62c69c2,zp8,65,1
73287,CFG_e1e6e0c66c93,zp8,65,1
73288,CFG_755205a28938,zp8,65,1
73289,CFG_8bfc9d62299c,zp8,65,1
73290,CFG_a1ebd0490272,zp8,65,1
73291,CFG_1d1816b1d9d8,zp8,65,1
73292,CFG_77c8b99b43d9,zp8,65,1
73293,CFG_802041076799,zp8,65,1
73294,CFG_8a51f93d684d,zp8,65,1
73295,CFG_29c3378e155b,zp8,65,1
73296,CFG_3697b100c401,zp8,65,1
73297,CFG_d96b0c9e44d0,zp8,65,1
73298,CFG_a292c20a75fd,zp8,65,1
73299,CFG_a1d878e7d840,zp8,65,1
73300,CFG_8a3f0c7c09a9,zp8,65,1
73301,CFG_29c3378e155b,zp8,65,1
73302,CFG_5851809b712d,zp8,65,1
73303,CFG_77c8b99b43d9,zp8,65,1
73304,CFG_a34f76b67ef4,zp8,65,1
73305,CFG_2534839bab0a,zp8,65,1
73306,CFG_3278d3379c8a,zp8,65,1
73307,CFG_b2a3cbb134c5,zp8,65,1
73308,CFG_773ac98270b6,zp8,65,1
73309,CFG_f18488ce1456,zp8,65,1
73310,CFG_17620e2785dc,zp8,65,1
73311,CFG_db37bdfe8c71,zp8,65,1
73312,CFG_2154b722e06b,zp8,65,1
73313,CFG_8a51f93d684d,zp8,65,1
73314,CFG_532891bb36ca,zp8,65,1
73315,CFG_a34f76b67ef4,zp8,65,1
73316,CFG_e1e6e0c66c93,zp8,65,1
73317,CFG_17620e2785dc,zp8,65,1
73318,CFG_773ac98270b6,zp8,65,1
73319,CFG_9c659499047b,zp8,65,1
73320,CFG_e1e6e0c66c93,zp8,65,1
73321,CFG_17620e2785dc,zp8,65,1
73322,CFG_cf541d0f8a3a,zp8,65,1
73323,CFG_773ac98270b6,zp8,65,1
73324,CFG_d39c77a1a4bf,zp8,65,1
73325,CFG_36f82e31118f,zp8,65,1
73326,CFG_59f154754573,zp8,65,1
73327,CFG_b2a3cbb134c5,zp8,65,1
73328,CFG_b2a3cbb134c5,zp8,65,1
73329,CFG_755205a28938,zp8,65,1
73330,CFG_9c659499047b,zp8,65,1
73331,CFG_9178f775d49a,zp8,65,1
73332,CFG_1ec55dc0a2ff,zp8,65,1
73333,CFG_1ec55dc0a2ff,zp8,65,1
73334,CFG_cc5bbb6e9d13,zp8,65,1
73335,CFG_67b539d34471,zp8,65,1
73336,CFG_a1ebd0490272,zp8,65,1
73337,CFG_d96b0c9e44d0,zp8,65,1
73338,CFG_dda2f907b868,zp8,65,1
73339,CFG_2534839bab0a,zp8,65,1
73340,CFG_36f82e31118f,zp8,65,1
73341,CFG_b8e6a5652de1,zp8,65,1
73342,CFG_532891bb36ca,zp8,65,1
73343,CFG_17620e2785dc,zp8,65,1
73344,CFG_36f82e31118f,zp8,65,1
73345,CFG_939ca62c69c2,zp8,65,1
73346,CFG_f18488ce1456,zp8,65,1
73347,CFG_59aede929579,zp8,65,1
73348,CFG_1ec55dc0a2ff,zp8,65,1
73349,CFG_e3386d946379,zp8,65,1
73350,CFG_29c3378e155b,zp8,65,1
73351,CFG_29c3378e155b,zp8,65,1
73352,CFG_5be0533f7ebf,zp8,65,1
73353,CFG_f993a0fc6256,zp8,65,1
73354,CFG_b2a3cbb134c5,zp8,65,1
73355,CFG_1e693796a40d,zp8,65,1
73356,CFG_802041076799,zp8,65,1
73357,CFG_727914633b9e,zp8,65,1
73358,CFG_6ff9e417e386,zp8,65,1
73359,CFG_2534839bab0a,zp8,65,1
73360,CFG_29c3378e155b,zp8,65,1
73361,CFG_a34f76b67ef4,zp8,65,1
73362,CFG_773ac98270b6,zp8,65,1
73363,CFG_9178f775d49a,zp8,65,1
73364,CFG_cf541d0f8a3a,zp8,65,1
73365,CFG_2154b722e06b,zp8,65,1
73366,CFG_5cd0c67d59bc,zp8,65,1
73367,CFG_e1e6e0c66c93,zp8,65,1
73368,CFG_e3950fd94ca1,zp8,65,1
73369,CFG_8a51f93d684d,zp8,65,1
73370,CFG_e87513c8563d,zp8,65,1
73371,CFG_f18488ce1456,zp8,65,1
73372,CFG_b04e3d146803,zp8,65,1
73373,CFG_939ca62c69c2,zp8,65,1
73374,CFG_9178f775d49a,zp8,65,1
73375,CFG_939ca62c69c2,zp8,65,1
73376,CFG_ac213567a5a2,zp8,65,1
73377,CFG_67b539d34471,zp8,65,1
73378,CFG_bbea204eb2ac,zp8,65,1
73379,CFG_99b4d8a9c762,zp8,65,1
73380,CFG_6caaadb373ea,zp8,65,1
73381,CFG_b2a3cbb134c5,zp8,65,1
73382,CFG_bd6412fc68b0,zp8,65,1
73383,CFG_f18488ce1456,zp8,65,1
73384,CFG_3278d3379c8a,zp8,65,1
73385,CFG_d39c77a1a4bf,zp8,65,1
73386,CFG_802041076799,zp8,65,1
73387,CFG_ceef49456daa,zp8,65,1
73388,CFG_3a3d7179fe0d,zp8,65,1
73389,CFG_5531dad98c69,zp8,65,1
73390,CFG_9178f775d49a,zp8,65,1
73391,CFG_6caaadb373ea,zp8,65,1
73392,CFG_deda15f4c4a8,zp8,65,1
73393,CFG_3a3d7179fe0d,zp8,65,1
73394,CFG_773ac98270b6,zp8,65,1
73395,CFG_a9714f85f877,zp8,65,1
73396,CFG_1ec55dc0a2ff,zp8,65,1
73397,CFG_be784e24b621,zp8,65,1
73398,CFG_36f82e31118f,zp8,65,1
73399,CFG_67b539d34471,zp8,65,1
73400,CFG_6caaadb373ea,zp8,65,1
73401,CFG_b0eabb76b70f,zp8,65,1
73402,CFG_b2a3cbb134c5,zp8,65,1
73403,CFG_9178f775d49a,zp8,65,1
73404,CFG_8bfc9d62299c,zp8,65,1
73405,CFG_3697b100c401,zp8,65,1
73406,CFG_cf541d0f8a3a,zp8,65,1
73407,CFG_b2a3cbb134c5,zp8,65,1
73408,CFG_1d1816b1d9d8,zp8,65,1
73409,CFG_9178f775d49a,zp8,65,1
73410,CFG_1ec55dc0a2ff,zp8,65,1
73411,CFG_acabbc62a021,zp8,65,1
73412,CFG_3e489afc8bfd,zp8,65,1
73413,CFG_29c3378e155b,zp8,65,1
73414,CFG_cf541d0f8a3a,zp8,65,1
73415,CFG_710c47edfbc8,zp8,65,1
73416,CFG_ffde3ea1b2e3,zp8,65,1
73417,CFG_288ddbff7431,zp8,65,1
73418,CFG_5cd0c67d59bc,zp8,65,1
73419,CFG_939ca62c69c2,zp8,65,1
73420,CFG_b8e6a5652de1,zp8,65,1
73421,CFG_275e4ca07248,zp8,65,1
73422,CFG_d7aadf87f0b1,zp8,65,1
73423,CFG_67b539d34471,zp8,65,1
73424,CFG_67b539d34471,zp8,65,1
73425,CFG_d96b0c9e44d0,zp8,65,1
73426,CFG_f18488ce1456,zp8,65,1
73427,CFG_e87513c8563d,zp8,65,1
73428,CFG_a34f76b67ef4,zp8,65,1
73429,CFG_b2a3cbb134c5,zp8,65,1
73430,CFG_17620e2785dc,zp8,65,1
73431,CFG_7fa53b7ab3bf,zp8,65,1
73432,CFG_9c659499047b,zp8,65,1
73433,CFG_cf541d0f8a3a,zp8,65,1
73434,CFG_bbea204eb2ac,zp8,65,1
73435,CFG_b2a3cbb134c5,zp8,65,1
73436,CFG_36f82e31118f,zp8,65,1
73437,CFG_727914633b9e,zp8,65,1
73438,CFG_625048fefa0b,zp8,65,1
73439,CFG_5514d03a77b0,zp8,65,1
73440,CFG_59aede929579,zp8,65,1
73441,CFG_e87513c8563d,zp8,65,1
73442,CFG_be784e24b621,zp8,65,1
73443,CFG_17620e2785dc,zp8,65,1
73444,CFG_36f82e31118f,zp8,65,1
73445,CFG_29c3378e155b,zp8,65,1
73446,CFG_773ac98270b6,zp8,65,1
73447,CFG_939ca62c69c2,zp8,65,1
73448,CFG_939ca62c69c2,zp8,65,1
73449,CFG_67b539d34471,zp8,65,1
73450,CFG_5514d03a77b0,zp8,65,1
73451,CFG_d7aadf87f0b1,zp8,65,1
73452,CFG_67b539d34471,zp8,65,1
73453,CFG_e1e6e0c66c93,zp8,65,1
73454,CFG_8a51f93d684d,zp8,65,1
73455,CFG_2154b722e06b,zp8,65,1
73456,CFG_d96b0c9e44d0,zp8,65,1
73457,CFG_17620e2785dc,zp8,65,1
73458,CFG_b8e6a5652de1,zp8,65,1
73459,CFG_17620e2785dc,zp8,65,1
73460,CFG_b8e6a5652de1,zp8,65,1
73461,CFG_e3950fd94ca1,zp8,65,1
73462,CFG_b2a3cbb134c5,zp8,65,1
73463,CFG_d7aadf87f0b1,zp8,65,1
73464,CFG_5514d03a77b0,zp8,65,1
73465,CFG_710c47edfbc8,zp8,65,1
73466,CFG_1e693796a40d,zp8,65,1
73467,CFG_deda15f4c4a8,zp8,65,1
73468,CFG_ffde3ea1b2e3,zp8,65,1
73469,CFG_b8e6a5652de1,zp8,65,1
73470,CFG_1738a11cbd49,zp8,65,1
73471,CFG_9178f775d49a,zp8,65,1
73472,CFG_65f78a36ed50,zp8,65,1
73473,CFG_755205a28938,zp8,65,1
73474,CFG_39fe645ba2f1,zp8,65,1
73475,CFG_67b539d34471,zp8,65,1
73476,CFG_f18488ce1456,zp8,65,1
73477,CFG_3697b100c401,zp8,65,1
73478,CFG_773ac98270b6,zp8,65,1
73479,CFG_ffde3ea1b2e3,zp8,65,1
73480,CFG_a34f76b67ef4,zp8,65,1
73481,CFG_8a51f93d684d,zp8,65,1
73482,CFG_8a51f93d684d,zp8,65,1
73483,CFG_bd6412fc68b0,zp8,65,1
73484,CFG_f18488ce1456,zp8,65,1
73485,CFG_939ca62c69c2,zp8,65,1
73486,CFG_710c47edfbc8,zp8,65,1
73487,CFG_773ac98270b6,zp8,65,1
73488,CFG_1738a11cbd49,zp8,65,1
73489,CFG_acabbc62a021,zp8,65,1
73490,CFG_5cd0c67d59bc,zp8,65,1
73491,CFG_637b6e72af93,zp8,65,1
73492,CFG_ceef49456daa,zp8,65,1
73493,CFG_bd6412fc68b0,zp8,65,1
73494,CFG_288ddbff7431,zp8,65,1
73495,CFG_773ac98270b6,zp8,65,1
73496,CFG_b2bb984b770a,zp8,65,1
73497,CFG_8a51f93d684d,zp8,65,1
73498,CFG_f18488ce1456,zp8,65,1
73499,CFG_3a3d7179fe0d,zp8,65,1
73500,CFG_1ec55dc0a2ff,zp8,65,1
73501,CFG_8a51f93d684d,zp8,65,1
73502,CFG_bd6412fc68b0,zp8,65,1
73503,CFG_e87513c8563d,zp8,65,1
73504,CFG_b8e6a5652de1,zp8,65,1
73505,CFG_36f82e31118f,zp8,65,1
73506,CFG_acabbc62a021,zp8,65,1
73507,CFG_d96b0c9e44d0,zp8,65,1
73508,CFG_a292c20a75fd,zp8,65,1
73509,CFG_5851809b712d,zp8,65,1
73510,CFG_d39c77a1a4bf,zp8,65,1
73511,CFG_755205a28938,zp8,65,1
73512,CFG_f90a73d2a477,zp8,65,1
73513,CFG_1ec55dc0a2ff,zp8,65,1
73514,CFG_727914633b9e,zp8,65,1
73515,CFG_e87513c8563d,zp8,65,1
73516,CFG_f18488ce1456,zp8,65,1
73517,CFG_b2a3cbb134c5,zp8,65,1
73518,CFG_1738a11cbd49,zp8,65,1
73519,CFG_36f82e31118f,zp8,65,1
73520,CFG_8a51f93d684d,zp8,65,1
73521,CFG_be784e24b621,zp8,65,1
73522,CFG_acabbc62a021,zp8,65,1
73523,CFG_f18488ce1456,zp8,65,1
73524,CFG_3a3d7179fe0d,zp8,65,1
73525,CFG_939ca62c69c2,zp8,65,1
73526,CFG_67b539d34471,zp8,65,1
73527,CFG_8bfc9d62299c,zp8,65,1
73528,CFG_532891bb36ca,zp8,65,1
73529,CFG_d96b0c9e44d0,zp8,65,1
73530,CFG_7acc0fd451e2,zp8,65,1
73531,CFG_deda15f4c4a8,zp8,65,1
73532,CFG_3697b100c401,zp8,65,1
73533,CFG_5cd0c67d59bc,zp8,65,1
73534,CFG_b2a3cbb134c5,zp8,65,1
73535,CFG_65f78a36ed50,zp8,65,1
73536,CFG_b2a3cbb134c5,zp8,65,1
73537,CFG_36f82e31118f,zp8,65,1
73538,CFG_5851809b712d,zp8,65,1
73539,CFG_3697b100c401,zp8,65,1
73540,CFG_5cd0c67d59bc,zp8,65,1
73541,CFG_65f78a36ed50,zp8,65,1
73542,CFG_59aede929579,zp8,65,1
73543,CFG_5531dad98c69,zp8,65,1
73544,CFG_f18488ce1456,zp8,65,1
73545,CFG_59f154754573,zp8,65,1
73546,CFG_9178f775d49a,zp8,65,1
73547,CFG_65f78a36ed50,zp8,65,1
73548,CFG_e3386d946379,zp8,65,1
73549,CFG_939ca62c69c2,zp8,65,1
73550,CFG_8bfc9d62299c,zp8,65,1
73551,CFG_36f82e31118f,zp8,65,1
73552,CFG_a1d878e7d840,zp8,65,1
73553,CFG_ac213567a5a2,zp8,65,1
73554,CFG_3278d3379c8a,zp8,65,1
73555,CFG_e1e6e0c66c93,zp8,65,1
73556,CFG_36f82e31118f,zp8,65,1
73557,CFG_939ca62c69c2,zp8,65,1
73558,CFG_59aede929579,zp8,65,1
73559,CFG_d0face5aa80d,zp8,65,1
73560,CFG_9c659499047b,zp8,65,1
73561,CFG_67b539d34471,zp8,65,1
73562,CFG_f18488ce1456,zp8,65,1
73563,CFG_1738a11cbd49,zp8,65,1
73564,CFG_f18488ce1456,zp8,65,1
73565,CFG_36f82e31118f,zp8,65,1
73566,CFG_3278d3379c8a,zp8,65,1
73567,CFG_7fa53b7ab3bf,zp8,65,1
73568,CFG_f18488ce1456,zp8,65,1
73569,CFG_2534839bab0a,zp8,65,1
73570,CFG_bd6412fc68b0,zp8,65,1
73571,CFG_f18488ce1456,zp8,65,1
73572,CFG_9c659499047b,zp8,65,1
73573,CFG_532891bb36ca,zp8,65,1
73574,CFG_f18488ce1456,zp8,65,1
73575,CFG_cf541d0f8a3a,zp8,65,1
73576,CFG_a34f76b67ef4,zp8,65,1
73577,CFG_5cd0c67d59bc,zp8,65,1
73578,CFG_8a51f93d684d,zp8,65,1
73579,CFG_e1e6e0c66c93,zp8,65,1
73580,CFG_36f82e31118f,zp8,65,1
73581,CFG_5514d03a77b0,zp8,65,1
73582,CFG_b2a3cbb134c5,zp8,65,1
73583,CFG_ffde3ea1b2e3,zp8,65,1
73584,CFG_ffde3ea1b2e3,zp8,65,1
73585,CFG_939ca62c69c2,zp8,65,1
73586,CFG_ceef49456daa,zp8,65,1
73587,CFG_8a51f93d684d,zp8,65,1
73588,CFG_c94b44f1b2f9,zp8,65,1
73589,CFG_8a51f93d684d,zp8,65,1
73590,CFG_1738a11cbd49,zp8,65,1
73591,CFG_5514d03a77b0,zp8,65,1
73592,CFG_939ca62c69c2,zp8,65,1
73593,CFG_5cd0c67d59bc,zp8,65,1
73594,CFG_de29bb20eaa6,zp8,65,1
73595,CFG_f18488ce1456,zp8,65,1
73596,CFG_ceef49456daa,zp8,65,1
73597,CFG_cf541d0f8a3a,zp8,65,1
73598,CFG_e1e6e0c66c93,zp8,65,1
73599,CFG_1738a11cbd49,zp8,65,1
73600,CFG_9c659499047b,zp8,65,1
73601,CFG_939ca62c69c2,zp8,65,1
73602,CFG_deda15f4c4a8,zp8,65,1
73603,CFG_29c3378e155b,zp8,65,1
73604,CFG_29c3378e155b,zp8,65,1
73605,CFG_c910518048de,zp8,65,1
73606,CFG_8bfc9d62299c,zp8,65,1
73607,CFG_67b539d34471,zp8,65,1
73608,CFG_e1e6e0c66c93,zp8,65,1
73609,CFG_bd6412fc68b0,zp8,65,1
73610,CFG_b8e6a5652de1,zp8,65,1
73611,CFG_bbea204eb2ac,zp8,65,1
73612,CFG_59f154754573,zp8,65,1
73613,CFG_1ec55dc0a2ff,zp8,65,1
73614,CFG_3a3d7179fe0d,zp8,65,1
73615,CFG_710c47edfbc8,zp8,65,1
73616,CFG_59f154754573,zp8,65,1
73617,CFG_939ca62c69c2,zp8,65,1
73618,CFG_1ec55dc0a2ff,zp8,65,1
73619,CFG_f18488ce1456,zp8,65,1
73620,CFG_29c3378e155b,zp8,65,1
73621,CFG_6caaadb373ea,zp8,65,1
73622,CFG_de29bb20eaa6,zp8,65,1
73623,CFG_b2a3cbb134c5,zp8,65,1
73624,CFG_d7aadf87f0b1,zp8,65,1
73625,CFG_a1ebd0490272,zp8,65,1
73626,CFG_710c47edfbc8,zp8,65,1
73627,CFG_ceef49456daa,zp8,65,1
73628,CFG_67b539d34471,zp8,65,1
73629,CFG_1ec55dc0a2ff,zp8,65,1
73630,CFG_deda15f4c4a8,zp8,65,1
73631,CFG_36f82e31118f,zp8,65,1
73632,CFG_8bfc9d62299c,zp8,65,1
73633,CFG_8bfc9d62299c,zp8,65,1
73634,CFG_39fe645ba2f1,zp8,65,1
73635,CFG_3278d3379c8a,zp8,65,1
73636,CFG_9178f775d49a,zp8,65,1
73637,CFG_939ca62c69c2,zp8,65,1
73638,CFG_29c3378e155b,zp8,65,1
73639,CFG_1738a11cbd49,zp8,65,1
73640,CFG_1ec55dc0a2ff,zp8,65,1
73641,CFG_36f82e31118f,zp8,65,1
73642,CFG_2154b722e06b,zp8,65,1
73643,CFG_f18488ce1456,zp8,65,1
73644,CFG_8bfc9d62299c,zp8,65,1
73645,CFG_deda15f4c4a8,zp8,65,1
73646,CFG_773ac98270b6,zp8,65,1
73647,CFG_e1e6e0c66c93,zp8,65,1
73648,CFG_a292c20a75fd,zp8,65,1
73649,CFG_67b539d34471,zp8,65,1
73650,CFG_1ec55dc0a2ff,zp8,65,1
73651,CFG_39fe645ba2f1,zp8,65,1
73652,CFG_29c3378e155b,zp8,65,1
73653,CFG_e1e6e0c66c93,zp8,65,1
73654,CFG_5cd0c67d59bc,zp8,65,1
73655,CFG_b8e6a5652de1,zp8,65,1
73656,CFG_8a51f93d684d,zp8,65,1
73657,CFG_1738a11cbd49,zp8,65,1
73658,CFG_d96b0c9e44d0,zp8,65,1
73659,CFG_67b539d34471,zp8,65,1
73660,CFG_9c659499047b,zp8,65,1
73661,CFG_b8e6a5652de1,zp8,65,1
73662,CFG_7155e4ee7bdf,zp8,65,1
73663,CFG_58ae56c3ee5b,zp8,65,1
73664,CFG_d96b0c9e44d0,zp8,65,1
73665,CFG_29c3378e155b,zp8,65,1
73666,CFG_9178f775d49a,zp8,65,1
73667,CFG_99b4d8a9c762,zp8,65,1
73668,CFG_7fa53b7ab3bf,zp8,65,1
73669,CFG_9c659499047b,zp8,65,1
73670,CFG_5be0533f7ebf,zp8,65,1
73671,CFG_5cd0c67d59bc,zp8,65,1
73672,CFG_c910518048de,zp8,65,1
73673,CFG_99b4d8a9c762,zp8,65,1
73674,CFG_59aede929579,zp8,65,1
73675,CFG_f18488ce1456,zp8,65,1
73676,CFG_727914633b9e,zp8,65,1
73677,CFG_cf541d0f8a3a,zp8,65,1
73678,CFG_b2a3cbb134c5,zp8,65,1
73679,CFG_a1ebd0490272,zp8,65,1
73680,CFG_2534839bab0a,zp8,65,1
73681,CFG_3a3d7179fe0d,zp8,65,1
73682,CFG_9c659499047b,zp8,65,1
73683,CFG_5cd0c67d59bc,zp8,65,1
73684,CFG_f18488ce1456,zp8,65,1
73685,CFG_288ddbff7431,zp8,65,1
73686,CFG_5cd0c67d59bc,zp8,65,1
73687,CFG_36f82e31118f,zp8,65,1
73688,CFG_665857420cb6,zp8,65,1
73689,CFG_9c659499047b,zp8,65,1
73690,CFG_b2a3cbb134c5,zp8,65,1
73691,CFG_be784e24b621,zp8,65,1
73692,CFG_ffde3ea1b2e3,zp8,65,1
73693,CFG_275e4ca07248,zp8,65,1
73694,CFG_665857420cb6,zp8,65,1
73695,CFG_9178f775d49a,zp8,65,1
73696,CFG_939ca62c69c2,zp8,65,1
73697,CFG_9c659499047b,zp8,65,1
73698,CFG_9c659499047b,zp8,65,1
73699,CFG_8a51f93d684d,zp8,65,1
73700,CFG_e87513c8563d,zp8,65,1
73701,CFG_b2a3cbb134c5,zp8,65,1
73702,CFG_9c659499047b,zp8,65,1
73703,CFG_8a51f93d684d,zp8,65,1
73704,CFG_59aede929579,zp8,65,1
73705,CFG_9178f775d49a,zp8,65,1
73706,CFG_d7aadf87f0b1,zp8,65,1
73707,CFG_1e693796a40d,zp8,65,1
73708,CFG_2534839bab0a,zp8,65,1
73709,CFG_f18488ce1456,zp8,65,1
73710,CFG_cc5bbb6e9d13,zp8,65,1
73711,CFG_710c47edfbc8,zp8,65,1
73712,CFG_17620e2785dc,zp8,65,1
73713,CFG_5cd0c67d59bc,zp8,65,1
73714,CFG_9c659499047b,zp8,65,1
73715,CFG_d96b0c9e44d0,zp8,65,1
73716,CFG_cf6528e23789,zp8,65,1
73717,CFG_b8e6a5652de1,zp8,65,1
73718,CFG_d39c77a1a4bf,zp8,65,1
73719,CFG_77c8b99b43d9,zp8,65,1
73720,CFG_f18488ce1456,zp8,65,1
73721,CFG_cf541d0f8a3a,zp8,65,1
73722,CFG_b0eabb76b70f,zp8,65,1
73723,CFG_9178f775d49a,zp8,65,1
73724,CFG_f18488ce1456,zp8,65,1
73725,CFG_e1e6e0c66c93,zp8,65,1
73726,CFG_cc5bbb6e9d13,zp8,65,1
73727,CFG_f18488ce1456,zp8,65,1
73728,CFG_17620e2785dc,zp8,65,1
73729,CFG_b2a3cbb134c5,zp8,65,1
73730,CFG_a34f76b67ef4,zp8,65,1
73731,CFG_f993a0fc6256,zp8,65,1
73732,CFG_59aede929579,zp8,65,1
73733,CFG_5514d03a77b0,zp8,65,1
73734,CFG_3e489afc8bfd,zp8,65,1
73735,CFG_f18488ce1456,zp8,65,1
73736,CFG_1ec55dc0a2ff,zp8,65,1
73737,CFG_29c3378e155b,zp8,65,1
73738,CFG_710c47edfbc8,zp8,65,1
73739,CFG_29c3378e155b,zp8,65,1
73740,CFG_b04e3d146803,zp8,65,1
73741,CFG_625048fefa0b,zp8,65,1
73742,CFG_c94b44f1b2f9,zp8,65,1
73743,CFG_cf541d0f8a3a,zp8,65,1
73744,CFG_755205a28938,zp8,65,1
73745,CFG_59aede929579,zp8,65,1
73746,CFG_7fa53b7ab3bf,zp8,65,1
73747,CFG_3a3d7179fe0d,zp8,65,1
73748,CFG_5514d03a77b0,zp8,65,1
73749,CFG_17620e2785dc,zp8,65,1
73750,CFG_9178f775d49a,zp8,65,1
73751,CFG_bd6412fc68b0,zp8,65,1
73752,CFG_f18488ce1456,zp8,65,1
73753,CFG_f18488ce1456,zp8,65,1
73754,CFG_cf541d0f8a3a,zp8,65,1
73755,CFG_8bfc9d62299c,zp8,65,1
73756,CFG_9c659499047b,zp8,65,1
73757,CFG_1e693796a40d,zp8,65,1
73758,CFG_3278d3379c8a,zp8,65,1
73759,CFG_1738a11cbd49,zp8,65,1
73760,CFG_f18488ce1456,zp8,65,1
73761,CFG_7cd4c6b023c5,zp8,65,1
73762,CFG_275e4ca07248,zp8,65,1
73763,CFG_3a3d7179fe0d,zp8,65,1
73764,CFG_3a3d7179fe0d,zp8,65,1
73765,CFG_59aede929579,zp8,65,1
73766,CFG_99b4d8a9c762,zp8,65,1
73767,CFG_9c659499047b,zp8,65,1
73768,CFG_3697b100c401,zp8,65,1
73769,CFG_5cd0c67d59bc,zp8,65,1
73770,CFG_a34f76b67ef4,zp8,65,1
73771,CFG_be784e24b621,zp8,65,1
73772,CFG_8a51f93d684d,zp8,65,1
73773,CFG_99b4d8a9c762,zp8,65,1
73774,CFG_8bfc9d62299c,zp8,65,1
73775,CFG_9c659499047b,zp8,65,1
73776,CFG_d96b0c9e44d0,zp8,65,1
73777,CFG_67b539d34471,zp8,65,1
73778,CFG_f18488ce1456,zp8,65,1
73779,CFG_7155e4ee7bdf,zp8,65,1
73780,CFG_710c47edfbc8,zp8,65,1
73781,CFG_bbea204eb2ac,zp8,65,1
73782,CFG_17620e2785dc,zp8,65,1
73783,CFG_727914633b9e,zp8,65,1
73784,CFG_9c659499047b,zp8,65,1
73785,CFG_59f154754573,zp8,65,1
73786,CFG_773ac98270b6,zp8,65,1
73787,CFG_a1d878e7d840,zp8,65,1
73788,CFG_7fa53b7ab3bf,zp8,65,1
73789,CFG_ffde3ea1b2e3,zp8,65,1
73790,CFG_f18488ce1456,zp8,65,1
73791,CFG_9178f775d49a,zp8,65,1
73792,CFG_e3950fd94ca1,zp8,65,1
73793,CFG_f18488ce1456,zp8,65,1
73794,CFG_deda15f4c4a8,zp8,65,1
73795,CFG_710c47edfbc8,zp8,65,1
73796,CFG_b2a3cbb134c5,zp8,65,1
73797,CFG_c910518048de,zp8,65,1
73798,CFG_9178f775d49a,zp8,65,1
73799,CFG_36f82e31118f,zp8,65,1
73800,CFG_39fe645ba2f1,zp8,65,1
73801,CFG_bbea204eb2ac,zp8,65,1
73802,CFG_67b539d34471,zp8,65,1
73803,CFG_f18488ce1456,zp8,65,1
73804,CFG_3a3d7179fe0d,zp8,65,1
73805,CFG_9178f775d49a,zp8,65,1
73806,CFG_a292c20a75fd,zp8,65,1
73807,CFG_9178f775d49a,zp8,65,1
73808,CFG_e1e6e0c66c93,zp8,65,1
73809,CFG_e1e6e0c66c93,zp8,65,1
73810,CFG_acabbc62a021,zp8,65,1
73811,CFG_3278d3379c8a,zp8,65,1
73812,CFG_17620e2785dc,zp8,65,1
73813,CFG_3a3d7179fe0d,zp8,65,1
73814,CFG_deda15f4c4a8,zp8,65,1
73815,CFG_ffde3ea1b2e3,zp8,65,1
73816,CFG_3278d3379c8a,zp8,65,1
73817,CFG_8bfc9d62299c,zp8,65,1
73818,CFG_9178f775d49a,zp8,65,1
73819,CFG_de29bb20eaa6,zp8,65,1
73820,CFG_8a51f93d684d,zp8,65,1
73821,CFG_a1d878e7d840,zp8,65,1
73822,CFG_9178f775d49a,zp8,65,1
73823,CFG_5514d03a77b0,zp8,65,1
73824,CFG_99b4d8a9c762,zp8,65,1
73825,CFG_8a51f93d684d,zp8,65,1
73826,CFG_a1d878e7d840,zp8,65,1
73827,CFG_1ec55dc0a2ff,zp8,65,1
73828,CFG_1738a11cbd49,zp8,65,1
73829,CFG_1ec55dc0a2ff,zp8,65,1
73830,CFG_a34f76b67ef4,zp8,65,1
73831,CFG_939ca62c69c2,zp8,65,1
73832,CFG_36f82e31118f,zp8,65,1
73833,CFG_be784e24b621,zp8,65,1
73834,CFG_deda15f4c4a8,zp8,65,1
73835,CFG_e3950fd94ca1,zp8,65,1
73836,CFG_a1d878e7d840,zp8,65,1
73837,CFG_17620e2785dc,zp8,65,1
73838,CFG_c94b44f1b2f9,zp8,65,1
73839,CFG_deda15f4c4a8,zp8,65,1
73840,CFG_de29bb20eaa6,zp8,65,1
73841,CFG_710c47edfbc8,zp8,65,1
73842,CFG_cf541d0f8a3a,zp8,65,1
73843,CFG_be784e24b621,zp8,65,1
73844,CFG_a34f76b67ef4,zp8,65,1
73845,CFG_1ec55dc0a2ff,zp8,65,1
73846,CFG_b2a3cbb134c5,zp8,65,1
73847,CFG_67b539d34471,zp8,65,1
73848,CFG_ffde3ea1b2e3,zp8,65,1
73849,CFG_5cd0c67d59bc,zp8,65,1
73850,CFG_f18488ce1456,zp8,65,1
73851,CFG_d39c77a1a4bf,zp8,65,1
73852,CFG_b8e6a5652de1,zp8,65,1
73853,CFG_1738a11cbd49,zp8,65,1
73854,CFG_f18488ce1456,zp8,65,1
73855,CFG_2154b722e06b,zp8,65,1
73856,CFG_e3386d946379,zp8,65,1
73857,CFG_b8e6a5652de1,zp8,65,1
73858,CFG_f18488ce1456,zp8,65,1
73859,CFG_5851809b712d,zp8,65,1
73860,CFG_1e693796a40d,zp8,65,1
73861,CFG_ceef49456daa,zp8,65,1
73862,CFG_cf541d0f8a3a,zp8,65,1
73863,CFG_f18488ce1456,zp8,65,1
73864,CFG_b2a3cbb134c5,zp8,65,1
73865,CFG_275e4ca07248,zp8,65,1
73866,CFG_8bfc9d62299c,zp8,65,1
73867,CFG_e1e6e0c66c93,zp8,65,1
73868,CFG_710c47edfbc8,zp8,65,1
73869,CFG_3e489afc8bfd,zp8,65,1
73870,CFG_65f78a36ed50,zp8,65,1
73871,CFG_b2a3cbb134c5,zp8,65,1
73872,CFG_b8e6a5652de1,zp8,65,1
73873,CFG_755205a28938,zp8,65,1
73874,CFG_67b539d34471,zp8,65,1
73875,CFG_2154b722e06b,zp8,65,1
73876,CFG_1738a11cbd49,zp8,65,1
73877,CFG_6caaadb373ea,zp8,65,1
73878,CFG_a1d878e7d840,zp8,65,1
73879,CFG_5cd0c67d59bc,zp8,65,1
73880,CFG_1d0f84c0bb06,zp8,65,1
73881,CFG_9178f775d49a,zp8,65,1
73882,CFG_8bfc9d62299c,zp8,65,1
73883,CFG_f18488ce1456,zp8,65,1
73884,CFG_be784e24b621,zp8,65,1
73885,CFG_f18488ce1456,zp8,65,1
73886,CFG_3a3d7179fe0d,zp8,65,1
73887,CFG_7155e4ee7bdf,zp8,65,1
73888,CFG_e1e6e0c66c93,zp8,65,1
73889,CFG_939ca62c69c2,zp8,65,1
73890,CFG_773ac98270b6,zp8,65,1
73891,CFG_29c3378e155b,zp8,65,1
73892,CFG_deda15f4c4a8,zp8,65,1
73893,CFG_db37bdfe8c71,zp8,65,1
73894,CFG_e1e6e0c66c93,zp8,65,1
73895,CFG_5be0533f7ebf,zp8,65,1
73896,CFG_d39c77a1a4bf,zp8,65,1
73897,CFG_8a51f93d684d,zp8,65,1
73898,CFG_a1d878e7d840,zp8,65,1
73899,CFG_ffde3ea1b2e3,zp8,65,1
73900,CFG_d96b0c9e44d0,zp8,65,1
73901,CFG_9178f775d49a,zp8,65,1
73902,CFG_ac213567a5a2,zp8,65,1
73903,CFG_cf6528e23789,zp8,65,1
73904,CFG_17620e2785dc,zp8,65,1
73905,CFG_a34f76b67ef4,zp8,65,1
73906,CFG_cf541d0f8a3a,zp8,65,1
73907,CFG_59f154754573,zp8,65,1
73908,CFG_5514d03a77b0,zp8,65,1
73909,CFG_8a51f93d684d,zp8,65,1
73910,CFG_e3950fd94ca1,zp8,65,1
73911,CFG_773ac98270b6,zp8,65,1
73912,CFG_5cd0c67d59bc,zp8,65,1
73913,CFG_e1e6e0c66c93,zp8,65,1
73914,CFG_5514d03a77b0,zp8,65,1
73915,CFG_3a3d7179fe0d,zp8,65,1
73916,CFG_b8e6a5652de1,zp8,65,1
73917,CFG_f993a0fc6256,zp8,65,1
73918,CFG_ffde3ea1b2e3,zp8,65,1
73919,CFG_b2a3cbb134c5,zp8,65,1
73920,CFG_7cd4c6b023c5,zp8,65,1
73921,CFG_b8e6a5652de1,zp8,65,1
73922,CFG_8a51f93d684d,zp8,65,1
73923,CFG_8a51f93d684d,zp8,65,1
73924,CFG_a292c20a75fd,zp8,65,1
73925,CFG_be784e24b621,zp8,65,1
73926,CFG_9178f775d49a,zp8,65,1
73927,CFG_a1ebd0490272,zp8,65,1
73928,CFG_5cd0c67d59bc,zp8,65,1
73929,CFG_939ca62c69c2,zp8,65,1
73930,CFG_99b4d8a9c762,zp8,65,1
73931,CFG_b2a3cbb134c5,zp8,65,1
73932,CFG_a1d878e7d840,zp8,65,1
73933,CFG_dda2f907b868,zp8,65,1
73934,CFG_ffde3ea1b2e3,zp8,65,1
73935,CFG_67b539d34471,zp8,65,1
73936,CFG_e1e6e0c66c93,zp8,65,1
73937,CFG_e1e6e0c66c93,zp8,65,1
73938,CFG_5cd0c67d59bc,zp8,65,1
73939,CFG_deda15f4c4a8,zp8,65,1
73940,CFG_d7aadf87f0b1,zp8,65,1
73941,CFG_36f82e31118f,zp8,65,1
73942,CFG_1ec55dc0a2ff,zp8,65,1
73943,CFG_29c3378e155b,zp8,65,1
73944,CFG_cf541d0f8a3a,zp8,65,1
73945,CFG_1738a11cbd49,zp8,65,1
73946,CFG_e1e6e0c66c93,zp8,65,1
73947,CFG_8f2957e28805,zp8,65,1
73948,CFG_de29bb20eaa6,zp8,65,1
73949,CFG_b04e3d146803,zp8,65,1
73950,CFG_1e693796a40d,zp8,65,1
73951,CFG_3a3d7179fe0d,zp8,65,1
73952,CFG_67b539d34471,zp8,65,1
73953,CFG_8a51f93d684d,zp8,65,1
73954,CFG_1e693796a40d,zp8,65,1
73955,CFG_67b539d34471,zp8,65,1
73956,CFG_773ac98270b6,zp8,65,1
73957,CFG_59aede929579,zp8,65,1
73958,CFG_9178f775d49a,zp8,65,1
73959,CFG_773ac98270b6,zp8,65,1
73960,CFG_deda15f4c4a8,zp8,65,1
73961,CFG_8bfc9d62299c,zp8,65,1
73962,CFG_1ec55dc0a2ff,zp8,65,1
73963,CFG_f18488ce1456,zp8,65,1
73964,CFG_39fe645ba2f1,zp8,65,1
73965,CFG_5514d03a77b0,zp8,65,1
73966,CFG_b2a3cbb134c5,zp8,65,1
73967,CFG_939ca62c69c2,zp8,65,1
73968,CFG_f18488ce1456,zp8,65,1
73969,CFG_17620e2785dc,zp8,65,1
73970,CFG_1e693796a40d,zp8,65,1
73971,CFG_b2a3cbb134c5,zp8,65,1
73972,CFG_f18488ce1456,zp8,65,1
73973,CFG_710c47edfbc8,zp8,65,1
73974,CFG_be784e24b621,zp8,65,1
73975,CFG_773ac98270b6,zp8,65,1
73976,CFG_f18488ce1456,zp8,65,1
73977,CFG_625048fefa0b,zp8,65,1
73978,CFG_a34f76b67ef4,zp8,65,1
73979,CFG_e1e6e0c66c93,zp8,65,1
73980,CFG_1ec55dc0a2ff,zp8,65,1
73981,CFG_8a51f93d684d,zp8,65,1
73982,CFG_e87513c8563d,zp8,65,1
73983,CFG_773ac98270b6,zp8,65,1
73984,CFG_f18488ce1456,zp8,65,1
73985,CFG_8bfc9d62299c,zp8,65,1
73986,CFG_bbea204eb2ac,zp8,65,1
73987,CFG_17620e2785dc,zp8,65,1
73988,CFG_bbea204eb2ac,zp8,65,1
73989,CFG_e3950fd94ca1,zp8,65,1
73990,CFG_3a3d7179fe0d,zp8,65,1
73991,CFG_39fe645ba2f1,zp8,65,1
73992,CFG_b2a3cbb134c5,zp8,65,1
73993,CFG_7155e4ee7bdf,zp8,65,1
73994,CFG_a1d878e7d840,zp8,65,1
73995,CFG_b2a3cbb134c5,zp8,65,1
73996,CFG_755205a28938,zp8,65,1
73997,CFG_39fe645ba2f1,zp8,65,1
73998,CFG_2154b722e06b,zp8,65,1
73999,CFG_17620e2785dc,zp8,65,1
74000,CFG_ac213567a5a2,zp8,65,1
74001,CFG_939ca62c69c2,zp8,66,1
74002,CFG_ffde3ea1b2e3,zp8,66,1
74003,CFG_d7aadf87f0b1,zp8,66,1
74004,CFG_1d1816b1d9d8,zp8,66,1
74005,CFG_db37bdfe8c71,zp8,66,1
74006,CFG_773ac98270b6,zp8,66,1
74007,CFG_b2a3cbb134c5,zp8,66,1
74008,CFG_e1e6e0c66c93,zp8,66,1
74009,CFG_be784e24b621,zp8,66,1
74010,CFG_b2a3cbb134c5,zp8,66,1
74011,CFG_8a51f93d684d,zp8,66,1
74012,CFG_7155e4ee7bdf,zp8,66,1
74013,CFG_1738a11cbd49,zp8,66,1
74014,CFG_f18488ce1456,zp8,66,1
74015,CFG_1d0f84c0bb06,zp8,66,1
74016,CFG_a34f76b67ef4,zp8,66,1
74017,CFG_1e693796a40d,zp8,66,1
74018,CFG_b2a3cbb134c5,zp8,66,1
74019,CFG_b2a3cbb134c5,zp8,66,1
74020,CFG_b2a3cbb134c5,zp8,66,1
74021,CFG_36f82e31118f,zp8,66,1
74022,CFG_39fe645ba2f1,zp8,66,1
74023,CFG_de29bb20eaa6,zp8,66,1
74024,CFG_b2a3cbb134c5,zp8,66,1
74025,CFG_8bfc9d62299c,zp8,66,1
74026,CFG_288ddbff7431,zp8,66,1
74027,CFG_5cd0c67d59bc,zp8,66,1
74028,CFG_e3950fd94ca1,zp8,66,1
74029,CFG_1ec55dc0a2ff,zp8,66,1
74030,CFG_c910518048de,zp8,66,1
74031,CFG_2534839bab0a,zp8,66,1
74032,CFG_8a51f93d684d,zp8,66,1
74033,CFG_8a51f93d684d,zp8,66,1
74034,CFG_8bfc9d62299c,zp8,66,1
74035,CFG_b04e3d146803,zp8,66,1
74036,CFG_b2a3cbb134c5,zp8,66,1
74037,CFG_1ec55dc0a2ff,zp8,66,1
74038,CFG_a1ebd0490272,zp8,66,1
74039,CFG_f18488ce1456,zp8,66,1
74040,CFG_e3950fd94ca1,zp8,66,1
74041,CFG_d96b0c9e44d0,zp8,66,1
74042,CFG_9178f775d49a,zp8,66,1
74043,CFG_d96b0c9e44d0,zp8,66,1
74044,CFG_39fe645ba2f1,zp8,66,1
74045,CFG_cf541d0f8a3a,zp8,66,1
74046,CFG_1ec55dc0a2ff,zp8,66,1
74047,CFG_773ac98270b6,zp8,66,1
74048,CFG_36f82e31118f,zp8,66,1
74049,CFG_f18488ce1456,zp8,66,1
74050,CFG_9c659499047b,zp8,66,1
74051,CFG_b8e6a5652de1,zp8,66,1
74052,CFG_9178f775d49a,zp8,66,1
74053,CFG_59f154754573,zp8,66,1
74054,CFG_c910518048de,zp8,66,1
74055,CFG_ffde3ea1b2e3,zp8,66,1
74056,CFG_773ac98270b6,zp8,66,1
74057,CFG_773ac98270b6,zp8,66,1
74058,CFG_f18488ce1456,zp8,66,1
74059,CFG_9c659499047b,zp8,66,1
74060,CFG_8a51f93d684d,zp8,66,1
74061,CFG_29c3378e155b,zp8,66,1
74062,CFG_59aede929579,zp8,66,1
74063,CFG_ffde3ea1b2e3,zp8,66,1
74064,CFG_7155e4ee7bdf,zp8,66,1
74065,CFG_b2a3cbb134c5,zp8,66,1
74066,CFG_d39c77a1a4bf,zp8,66,1
74067,CFG_29c3378e155b,zp8,66,1
74068,CFG_5cd0c67d59bc,zp8,66,1
74069,CFG_8a51f93d684d,zp8,66,1
74070,CFG_17620e2785dc,zp8,66,1
74071,CFG_b2a3cbb134c5,zp8,66,1
74072,CFG_ac213567a5a2,zp8,66,1
74073,CFG_802041076799,zp8,66,1
74074,CFG_8bfc9d62299c,zp8,66,1
74075,CFG_b2a3cbb134c5,zp8,66,1
74076,CFG_b04e3d146803,zp8,66,1
74077,CFG_36f82e31118f,zp8,66,1
74078,CFG_be784e24b621,zp8,66,1
74079,CFG_3a3d7179fe0d,zp8,66,1
74080,CFG_deda15f4c4a8,zp8,66,1
74081,CFG_f18488ce1456,zp8,66,1
74082,CFG_b2a3cbb134c5,zp8,66,1
74083,CFG_f18488ce1456,zp8,66,1
74084,CFG_9178f775d49a,zp8,66,1
74085,CFG_b2a3cbb134c5,zp8,66,1
74086,CFG_cf541d0f8a3a,zp8,66,1
74087,CFG_36f82e31118f,zp8,66,1
74088,CFG_b8e6a5652de1,zp8,66,1
74089,CFG_710c47edfbc8,zp8,66,1
74090,CFG_773ac98270b6,zp8,66,1
74091,CFG_8bfc9d62299c,zp8,66,1
74092,CFG_be784e24b621,zp8,66,1
74093,CFG_5be0533f7ebf,zp8,66,1
74094,CFG_de29bb20eaa6,zp8,66,1
74095,CFG_f18488ce1456,zp8,66,1
74096,CFG_5cd0c67d59bc,zp8,66,1
74097,CFG_cc5bbb6e9d13,zp8,66,1
74098,CFG_1ec55dc0a2ff,zp8,66,1
74099,CFG_532891bb36ca,zp8,66,1
74100,CFG_9c659499047b,zp8,66,1
74101,CFG_deda15f4c4a8,zp8,66,1
74102,CFG_7155e4ee7bdf,zp8,66,1
74103,CFG_b2a3cbb134c5,zp8,66,1
74104,CFG_f18488ce1456,zp8,66,1
74105,CFG_1738a11cbd49,zp8,66,1
74106,CFG_f18488ce1456,zp8,66,1
74107,CFG_3a3d7179fe0d,zp8,66,1
74108,CFG_59f154754573,zp8,66,1
74109,CFG_2154b722e06b,zp8,66,1
74110,CFG_e3950fd94ca1,zp8,66,1
74111,CFG_39fe645ba2f1,zp8,66,1
74112,CFG_59aede929579,zp8,66,1
74113,CFG_9178f775d49a,zp8,66,1
74114,CFG_cf541d0f8a3a,zp8,66,1
74115,CFG_5514d03a77b0,zp8,66,1
74116,CFG_710c47edfbc8,zp8,66,1
74117,CFG_99b4d8a9c762,zp8,66,1
74118,CFG_d96b0c9e44d0,zp8,66,1
74119,CFG_710c47edfbc8,zp8,66,1
74120,CFG_f18488ce1456,zp8,66,1
74121,CFG_3a3d7179fe0d,zp8,66,1
74122,CFG_1738a11cbd49,zp8,66,1
74123,CFG_939ca62c69c2,zp8,66,1
74124,CFG_d39c77a1a4bf,zp8,66,1
74125,CFG_e3950fd94ca1,zp8,66,1
74126,CFG_275e4ca07248,zp8,66,1
74127,CFG_f18488ce1456,zp8,66,1
74128,CFG_e3950fd94ca1,zp8,66,1
74129,CFG_e1e6e0c66c93,zp8,66,1
74130,CFG_710c47edfbc8,zp8,66,1
74131,CFG_a1d878e7d840,zp8,66,1
74132,CFG_deda15f4c4a8,zp8,66,1
74133,CFG_cf541d0f8a3a,zp8,66,1
74134,CFG_9c659499047b,zp8,66,1
74135,CFG_9c659499047b,zp8,66,1
74136,CFG_67b539d34471,zp8,66,1
74137,CFG_9178f775d49a,zp8,66,1
74138,CFG_8bfc9d62299c,zp8,66,1
74139,CFG_d7aadf87f0b1,zp8,66,1
74140,CFG_67b539d34471,zp8,66,1
74141,CFG_f18488ce1456,zp8,66,1
74142,CFG_c910518048de,zp8,66,1
74143,CFG_cf541d0f8a3a,zp8,66,1
74144,CFG_ac213567a5a2,zp8,66,1
74145,CFG_5cd0c67d59bc,zp8,66,1
74146,CFG_a1d878e7d840,zp8,66,1
74147,CFG_8a51f93d684d,zp8,66,1
74148,CFG_d7aadf87f0b1,zp8,66,1
74149,CFG_1747d90ed031,zp8,66,1
74150,CFG_1ec55dc0a2ff,zp8,66,1
74151,CFG_f18488ce1456,zp8,66,1
74152,CFG_67b539d34471,zp8,66,1
74153,CFG_773ac98270b6,zp8,66,1
74154,CFG_59aede929579,zp8,66,1
74155,CFG_e3950fd94ca1,zp8,66,1
74156,CFG_d96b0c9e44d0,zp8,66,1
74157,CFG_cf541d0f8a3a,zp8,66,1
74158,CFG_9178f775d49a,zp8,66,1
74159,CFG_d39c77a1a4bf,zp8,66,1
74160,CFG_e3950fd94ca1,zp8,66,1
74161,CFG_710c47edfbc8,zp8,66,1
74162,CFG_67b539d34471,zp8,66,1
74163,CFG_ffde3ea1b2e3,zp8,66,1
74164,CFG_755205a28938,zp8,66,1
74165,CFG_2154b722e06b,zp8,66,1
74166,CFG_e87513c8563d,zp8,66,1
74167,CFG_2534839bab0a,zp8,66,1
74168,CFG_f993a0fc6256,zp8,66,1
74169,CFG_a1d878e7d840,zp8,66,1
74170,CFG_3a3d7179fe0d,zp8,66,1
74171,CFG_36f82e31118f,zp8,66,1
74172,CFG_9178f775d49a,zp8,66,1
74173,CFG_3a3d7179fe0d,zp8,66,1
74174,CFG_f18488ce1456,zp8,66,1
74175,CFG_59f154754573,zp8,66,1
74176,CFG_1ec55dc0a2ff,zp8,66,1
74177,CFG_755205a28938,zp8,66,1
74178,CFG_802041076799,zp8,66,1
74179,CFG_3a3d7179fe0d,zp8,66,1
74180,CFG_67b539d34471,zp8,66,1
74181,CFG_17620e2785dc,zp8,66,1
74182,CFG_1ec55dc0a2ff,zp8,66,1
74183,CFG_b2a3cbb134c5,zp8,66,1
74184,CFG_e3950fd94ca1,zp8,66,1
74185,CFG_8bfc9d62299c,zp8,66,1
74186,CFG_939ca62c69c2,zp8,66,1
74187,CFG_67b539d34471,zp8,66,1
74188,CFG_773ac98270b6,zp8,66,1
74189,CFG_1ec55dc0a2ff,zp8,66,1
74190,CFG_3a3d7179fe0d,zp8,66,1
74191,CFG_f18488ce1456,zp8,66,1
74192,CFG_b2a3cbb134c5,zp8,66,1
74193,CFG_773ac98270b6,zp8,66,1
74194,CFG_8a51f93d684d,zp8,66,1
74195,CFG_9178f775d49a,zp8,66,1
74196,CFG_773ac98270b6,zp8,66,1
74197,CFG_e1e6e0c66c93,zp8,66,1
74198,CFG_f18488ce1456,zp8,66,1
74199,CFG_8a51f93d684d,zp8,66,1
74200,CFG_773ac98270b6,zp8,66,1
74201,CFG_a1d878e7d840,zp8,66,1
74202,CFG_17620e2785dc,zp8,66,1
74203,CFG_4cd2b98cde9e,zp8,66,1
74204,CFG_727914633b9e,zp8,66,1
74205,CFG_8a51f93d684d,zp8,66,1
74206,CFG_17620e2785dc,zp8,66,1
74207,CFG_5514d03a77b0,zp8,66,1
74208,CFG_cf541d0f8a3a,zp8,66,1
74209,CFG_7fa53b7ab3bf,zp8,66,1
74210,CFG_36f82e31118f,zp8,66,1
74211,CFG_3a3d7179fe0d,zp8,66,1
74212,CFG_67b539d34471,zp8,66,1
74213,CFG_a292c20a75fd,zp8,66,1
74214,CFG_755205a28938,zp8,66,1
74215,CFG_1ec55dc0a2ff,zp8,66,1
74216,CFG_d96b0c9e44d0,zp8,66,1
74217,CFG_7fa53b7ab3bf,zp8,66,1
74218,CFG_de29bb20eaa6,zp8,66,1
74219,CFG_b8e6a5652de1,zp8,66,1
74220,CFG_67b539d34471,zp8,66,1
74221,CFG_ceef49456daa,zp8,66,1
74222,CFG_59aede929579,zp8,66,1
74223,CFG_36f82e31118f,zp8,66,1
74224,CFG_deda15f4c4a8,zp8,66,1
74225,CFG_9c659499047b,zp8,66,1
74226,CFG_1747d90ed031,zp8,66,1
74227,CFG_9178f775d49a,zp8,66,1
74228,CFG_2534839bab0a,zp8,66,1
74229,CFG_99b4d8a9c762,zp8,66,1
74230,CFG_67b539d34471,zp8,66,1
74231,CFG_36f82e31118f,zp8,66,1
74232,CFG_b0eabb76b70f,zp8,66,1
74233,CFG_e3950fd94ca1,zp8,66,1
74234,CFG_a292c20a75fd,zp8,66,1
74235,CFG_9178f775d49a,zp8,66,1
74236,CFG_3278d3379c8a,zp8,66,1
74237,CFG_59aede929579,zp8,66,1
74238,CFG_deda15f4c4a8,zp8,66,1
74239,CFG_36f82e31118f,zp8,66,1
74240,CFG_be784e24b621,zp8,66,1
74241,CFG_8a51f93d684d,zp8,66,1
74242,CFG_9178f775d49a,zp8,66,1
74243,CFG_9178f775d49a,zp8,66,1
74244,CFG_f18488ce1456,zp8,66,1
74245,CFG_17620e2785dc,zp8,66,1
74246,CFG_d7aadf87f0b1,zp8,66,1
74247,CFG_e3950fd94ca1,zp8,66,1
74248,CFG_be784e24b621,zp8,66,1
74249,CFG_ffde3ea1b2e3,zp8,66,1
74250,CFG_8a51f93d684d,zp8,66,1
74251,CFG_755205a28938,zp8,66,1
74252,CFG_ceef49456daa,zp8,66,1
74253,CFG_a1ebd0490272,zp8,66,1
74254,CFG_a1d878e7d840,zp8,66,1
74255,CFG_cc5bbb6e9d13,zp8,66,1
74256,CFG_773ac98270b6,zp8,66,1
74257,CFG_755205a28938,zp8,66,1
74258,CFG_f18488ce1456,zp8,66,1
74259,CFG_36f82e31118f,zp8,66,1
74260,CFG_773ac98270b6,zp8,66,1
74261,CFG_d96b0c9e44d0,zp8,66,1
74262,CFG_deda15f4c4a8,zp8,66,1
74263,CFG_f18488ce1456,zp8,66,1
74264,CFG_1738a11cbd49,zp8,66,1
74265,CFG_be784e24b621,zp8,66,1
74266,CFG_773ac98270b6,zp8,66,1
74267,CFG_39fe645ba2f1,zp8,66,1
74268,CFG_275e4ca07248,zp8,66,1
74269,CFG_773ac98270b6,zp8,66,1
74270,CFG_b8e6a5652de1,zp8,66,1
74271,CFG_710c47edfbc8,zp8,66,1
74272,CFG_b2a3cbb134c5,zp8,66,1
74273,CFG_8a51f93d684d,zp8,66,1
74274,CFG_f18488ce1456,zp8,66,1
74275,CFG_9178f775d49a,zp8,66,1
74276,CFG_f18488ce1456,zp8,66,1
74277,CFG_5851809b712d,zp8,66,1
74278,CFG_d7aadf87f0b1,zp8,66,1
74279,CFG_bbea204eb2ac,zp8,66,1
74280,CFG_939ca62c69c2,zp8,66,1
74281,CFG_8a51f93d684d,zp8,66,1
74282,CFG_b2a3cbb134c5,zp8,66,1
74283,CFG_755205a28938,zp8,66,1
74284,CFG_deda15f4c4a8,zp8,66,1
74285,CFG_755205a28938,zp8,66,1
74286,CFG_5cd0c67d59bc,zp8,66,1
74287,CFG_773ac98270b6,zp8,66,1
74288,CFG_d96b0c9e44d0,zp8,66,1
74289,CFG_755205a28938,zp8,66,1
74290,CFG_a1d878e7d840,zp8,66,1
74291,CFG_29c3378e155b,zp8,66,1
74292,CFG_59aede929579,zp8,66,1
74293,CFG_d7aadf87f0b1,zp8,66,1
74294,CFG_be784e24b621,zp8,66,1
74295,CFG_29c3378e155b,zp8,66,1
74296,CFG_a1ebd0490272,zp8,66,1
74297,CFG_9c659499047b,zp8,66,1
74298,CFG_b8e6a5652de1,zp8,66,1
74299,CFG_cf541d0f8a3a,zp8,66,1
74300,CFG_a292c20a75fd,zp8,66,1
74301,CFG_ac213567a5a2,zp8,66,1
74302,CFG_b8e6a5652de1,zp8,66,1
74303,CFG_7fa53b7ab3bf,zp8,66,1
74304,CFG_8a51f93d684d,zp8,66,1
74305,CFG_59f154754573,zp8,66,1
74306,CFG_1ec55dc0a2ff,zp8,66,1
74307,CFG_f18488ce1456,zp8,66,1
74308,CFG_2154b722e06b,zp8,66,1
74309,CFG_b2a3cbb134c5,zp8,66,1
74310,CFG_59f154754573,zp8,66,1
74311,CFG_939ca62c69c2,zp8,66,1
74312,CFG_5514d03a77b0,zp8,66,1
74313,CFG_727914633b9e,zp8,66,1
74314,CFG_b2a3cbb134c5,zp8,66,1
74315,CFG_d0face5aa80d,zp8,66,1
74316,CFG_8bfc9d62299c,zp8,66,1
74317,CFG_b2a3cbb134c5,zp8,66,1
74318,CFG_36f82e31118f,zp8,66,1
74319,CFG_59f154754573,zp8,66,1
74320,CFG_cf541d0f8a3a,zp8,66,1
74321,CFG_e1e6e0c66c93,zp8,66,1
74322,CFG_e1e6e0c66c93,zp8,66,1
74323,CFG_1738a11cbd49,zp8,66,1
74324,CFG_1ec55dc0a2ff,zp8,66,1
74325,CFG_3a3d7179fe0d,zp8,66,1
74326,CFG_36f82e31118f,zp8,66,1
74327,CFG_deda15f4c4a8,zp8,66,1
74328,CFG_1d1816b1d9d8,zp8,66,1
74329,CFG_b2a3cbb134c5,zp8,66,1
74330,CFG_bbea204eb2ac,zp8,66,1
74331,CFG_710c47edfbc8,zp8,66,1
74332,CFG_9178f775d49a,zp8,66,1
74333,CFG_cf541d0f8a3a,zp8,66,1
74334,CFG_9178f775d49a,zp8,66,1
74335,CFG_cf541d0f8a3a,zp8,66,1
74336,CFG_3a3d7179fe0d,zp8,66,1
74337,CFG_17620e2785dc,zp8,66,1
74338,CFG_f18488ce1456,zp8,66,1
74339,CFG_b2a3cbb134c5,zp8,66,1
74340,CFG_67b539d34471,zp8,66,1
74341,CFG_67b539d34471,zp8,66,1
74342,CFG_59f154754573,zp8,66,1
74343,CFG_b2a3cbb134c5,zp8,66,1
74344,CFG_2154b722e06b,zp8,66,1
74345,CFG_9178f775d49a,zp8,66,1
74346,CFG_625048fefa0b,zp8,66,1
74347,CFG_288ddbff7431,zp8,66,1
74348,CFG_8a51f93d684d,zp8,66,1
74349,CFG_77c8b99b43d9,zp8,66,1
74350,CFG_67b539d34471,zp8,66,1
74351,CFG_637b6e72af93,zp8,66,1
74352,CFG_d7aadf87f0b1,zp8,66,1
74353,CFG_a34f76b67ef4,zp8,66,1
74354,CFG_e87513c8563d,zp8,66,1
74355,CFG_cf541d0f8a3a,zp8,66,1
74356,CFG_b2a3cbb134c5,zp8,66,1
74357,CFG_773ac98270b6,zp8,66,1
74358,CFG_d39c77a1a4bf,zp8,66,1
74359,CFG_cf541d0f8a3a,zp8,66,1
74360,CFG_b2a3cbb134c5,zp8,66,1
74361,CFG_a1d878e7d840,zp8,66,1
74362,CFG_cf541d0f8a3a,zp8,66,1
74363,CFG_3697b100c401,zp8,66,1
74364,CFG_755205a28938,zp8,66,1
74365,CFG_59f154754573,zp8,66,1
74366,CFG_36f82e31118f,zp8,66,1
74367,CFG_65f78a36ed50,zp8,66,1
74368,CFG_755205a28938,zp8,66,1
74369,CFG_29c3378e155b,zp8,66,1
74370,CFG_59f154754573,zp8,66,1
74371,CFG_cf541d0f8a3a,zp8,66,1
74372,CFG_ffde3ea1b2e3,zp8,66,1
74373,CFG_773ac98270b6,zp8,66,1
74374,CFG_d0face5aa80d,zp8,66,1
74375,CFG_cf541d0f8a3a,zp8,66,1
74376,CFG_3697b100c401,zp8,66,1
74377,CFG_5851809b712d,zp8,66,1
74378,CFG_cf541d0f8a3a,zp8,66,1
74379,CFG_be784e24b621,zp8,66,1
74380,CFG_17620e2785dc,zp8,66,1
74381,CFG_9178f775d49a,zp8,66,1
74382,CFG_deda15f4c4a8,zp8,66,1
74383,CFG_f18488ce1456,zp8,66,1
74384,CFG_f18488ce1456,zp8,66,1
74385,CFG_b2a3cbb134c5,zp8,66,1
74386,CFG_be784e24b621,zp8,66,1
74387,CFG_f18488ce1456,zp8,66,1
74388,CFG_de29bb20eaa6,zp8,66,1
74389,CFG_67b539d34471,zp8,66,1
74390,CFG_773ac98270b6,zp8,66,1
74391,CFG_f18488ce1456,zp8,66,1
74392,CFG_ceef49456daa,zp8,66,1
74393,CFG_9178f775d49a,zp8,66,1
74394,CFG_a34f76b67ef4,zp8,66,1
74395,CFG_39fe645ba2f1,zp8,66,1
74396,CFG_9178f775d49a,zp8,66,1
74397,CFG_9c659499047b,zp8,66,1
74398,CFG_e87513c8563d,zp8,66,1
74399,CFG_5514d03a77b0,zp8,66,1
74400,CFG_3324700714f1,zp8,66,1
74401,CFG_bbea204eb2ac,zp8,66,1
74402,CFG_5851809b712d,zp8,66,1
74403,CFG_b2a3cbb134c5,zp8,66,1
74404,CFG_67b539d34471,zp8,66,1
74405,CFG_7fa53b7ab3bf,zp8,66,1
74406,CFG_2534839bab0a,zp8,66,1
74407,CFG_b2bb984b770a,zp8,66,1
74408,CFG_7fa53b7ab3bf,zp8,66,1
74409,CFG_e3950fd94ca1,zp8,66,1
74410,CFG_5514d03a77b0,zp8,66,1
74411,CFG_5cd0c67d59bc,zp8,66,1
74412,CFG_67b539d34471,zp8,66,1
74413,CFG_39fe645ba2f1,zp8,66,1
74414,CFG_cf541d0f8a3a,zp8,66,1
74415,CFG_67b539d34471,zp8,66,1
74416,CFG_b2a3cbb134c5,zp8,66,1
74417,CFG_cf541d0f8a3a,zp8,66,1
74418,CFG_939ca62c69c2,zp8,66,1
74419,CFG_f18488ce1456,zp8,66,1
74420,CFG_d39c77a1a4bf,zp8,66,1
74421,CFG_1d0f84c0bb06,zp8,66,1
74422,CFG_1ec55dc0a2ff,zp8,66,1
74423,CFG_9c659499047b,zp8,66,1
74424,CFG_3a3d7179fe0d,zp8,66,1
74425,CFG_9c659499047b,zp8,66,1
74426,CFG_7cd4c6b023c5,zp8,66,1
74427,CFG_db37bdfe8c71,zp8,66,1
74428,CFG_e1e6e0c66c93,zp8,66,1
74429,CFG_36f82e31118f,zp8,66,1
74430,CFG_6caaadb373ea,zp8,66,1
74431,CFG_1738a11cbd49,zp8,66,1
74432,CFG_e1e6e0c66c93,zp8,66,1
74433,CFG_9178f775d49a,zp8,66,1
74434,CFG_d96b0c9e44d0,zp8,66,1
74435,CFG_f18488ce1456,zp8,66,1
74436,CFG_cf541d0f8a3a,zp8,66,1
74437,CFG_7fa53b7ab3bf,zp8,66,1
74438,CFG_67b539d34471,zp8,66,1
74439,CFG_5cd0c67d59bc,zp8,66,1
74440,CFG_ffde3ea1b2e3,zp8,66,1
74441,CFG_d7aadf87f0b1,zp8,66,1
74442,CFG_d39c77a1a4bf,zp8,66,1
74443,CFG_deda15f4c4a8,zp8,66,1
74444,CFG_8bfc9d62299c,zp8,66,1
74445,CFG_755205a28938,zp8,66,1
74446,CFG_39fe645ba2f1,zp8,66,1
74447,CFG_ceef49456daa,zp8,66,1
74448,CFG_5514d03a77b0,zp8,66,1
74449,CFG_59f154754573,zp8,66,1
74450,CFG_625048fefa0b,zp8,66,1
74451,CFG_d96b0c9e44d0,zp8,66,1
74452,CFG_67b539d34471,zp8,66,1
74453,CFG_727914633b9e,zp8,66,1
74454,CFG_773ac98270b6,zp8,66,1
74455,CFG_d0face5aa80d,zp8,66,1
74456,CFG_ffde3ea1b2e3,zp8,66,1
74457,CFG_a1d878e7d840,zp8,66,1
74458,CFG_b2a3cbb134c5,zp8,66,1
74459,CFG_36f82e31118f,zp8,66,1
74460,CFG_9178f775d49a,zp8,66,1
74461,CFG_773ac98270b6,zp8,66,1
74462,CFG_e1e6e0c66c93,zp8,66,1
74463,CFG_9178f775d49a,zp8,66,1
74464,CFG_8a51f93d684d,zp8,66,1
74465,CFG_8a51f93d684d,zp8,66,1
74466,CFG_67b539d34471,zp8,66,1
74467,CFG_625048fefa0b,zp8,66,1
74468,CFG_e87513c8563d,zp8,66,1
74469,CFG_be784e24b621,zp8,66,1
74470,CFG_8bfc9d62299c,zp8,66,1
74471,CFG_e3386d946379,zp8,66,1
74472,CFG_deda15f4c4a8,zp8,66,1
74473,CFG_773ac98270b6,zp8,66,1
74474,CFG_6ff9e417e386,zp8,66,1
74475,CFG_2534839bab0a,zp8,66,1
74476,CFG_b2a3cbb134c5,zp8,66,1
74477,CFG_8a51f93d684d,zp8,66,1
74478,CFG_773ac98270b6,zp8,66,1
74479,CFG_59aede929579,zp8,66,1
74480,CFG_ffde3ea1b2e3,zp8,66,1
74481,CFG_b8e6a5652de1,zp8,66,1
74482,CFG_727914633b9e,zp8,66,1
74483,CFG_939ca62c69c2,zp8,66,1
74484,CFG_5cd0c67d59bc,zp8,66,1
74485,CFG_a1d878e7d840,zp8,66,1
74486,CFG_ffde3ea1b2e3,zp8,66,1
74487,CFG_1e693796a40d,zp8,66,1
74488,CFG_cf541d0f8a3a,zp8,66,1
74489,CFG_b2a3cbb134c5,zp8,66,1
74490,CFG_deda15f4c4a8,zp8,66,1
74491,CFG_ceef49456daa,zp8,66,1
74492,CFG_3a3d7179fe0d,zp8,66,1
74493,CFG_bbea204eb2ac,zp8,66,1
74494,CFG_288ddbff7431,zp8,66,1
74495,CFG_f18488ce1456,zp8,66,1
74496,CFG_bbea204eb2ac,zp8,66,1
74497,CFG_1ec55dc0a2ff,zp8,66,1
74498,CFG_d96b0c9e44d0,zp8,66,1
74499,CFG_e3950fd94ca1,zp8,66,1
74500,CFG_17620e2785dc,zp8,66,1
74501,CFG_3278d3379c8a,zp8,66,1
74502,CFG_17620e2785dc,zp8,66,1
74503,CFG_39fe645ba2f1,zp8,66,1
74504,CFG_1738a11cbd49,zp8,66,1
74505,CFG_ac213567a5a2,zp8,66,1
74506,CFG_773ac98270b6,zp8,66,1
74507,CFG_e87513c8563d,zp8,66,1
74508,CFG_1ec55dc0a2ff,zp8,66,1
74509,CFG_67b539d34471,zp8,66,1
74510,CFG_39fe645ba2f1,zp8,66,1
74511,CFG_2534839bab0a,zp8,66,1
74512,CFG_b8e6a5652de1,zp8,66,1
74513,CFG_7cd4c6b023c5,zp8,66,1
74514,CFG_39fe645ba2f1,zp8,66,1
74515,CFG_5851809b712d,zp8,66,1
74516,CFG_59aede929579,zp8,66,1
74517,CFG_b8e6a5652de1,zp8,66,1
74518,CFG_710c47edfbc8,zp8,66,1
74519,CFG_e3950fd94ca1,zp8,66,1
74520,CFG_9c659499047b,zp8,66,1
74521,CFG_de29bb20eaa6,zp8,66,1
74522,CFG_a1d878e7d840,zp8,66,1
74523,CFG_b8e6a5652de1,zp8,66,1
74524,CFG_9178f775d49a,zp8,66,1
74525,CFG_17620e2785dc,zp8,66,1
74526,CFG_deda15f4c4a8,zp8,66,1
74527,CFG_39fe645ba2f1,zp8,66,1
74528,CFG_e1e6e0c66c93,zp8,66,1
74529,CFG_710c47edfbc8,zp8,66,1
74530,CFG_8bfc9d62299c,zp8,66,1
74531,CFG_b2a3cbb134c5,zp8,66,1
74532,CFG_1738a11cbd49,zp8,66,1
74533,CFG_59f154754573,zp8,66,1
74534,CFG_d96b0c9e44d0,zp8,66,1
74535,CFG_9178f775d49a,zp8,66,1
74536,CFG_67b539d34471,zp8,66,1
74537,CFG_99b4d8a9c762,zp8,66,1
74538,CFG_f18488ce1456,zp8,66,1
74539,CFG_f18488ce1456,zp8,66,1
74540,CFG_c94b44f1b2f9,zp8,66,1
74541,CFG_ffde3ea1b2e3,zp8,66,1
74542,CFG_9178f775d49a,zp8,66,1
74543,CFG_8bfc9d62299c,zp8,66,1
74544,CFG_ceef49456daa,zp8,66,1
74545,CFG_b8e6a5652de1,zp8,66,1
74546,CFG_e3950fd94ca1,zp8,66,1
74547,CFG_e87513c8563d,zp8,66,1
74548,CFG_17620e2785dc,zp8,66,1
74549,CFG_59f154754573,zp8,66,1
74550,CFG_bbea204eb2ac,zp8,66,1
74551,CFG_3a3d7179fe0d,zp8,66,1
74552,CFG_1738a11cbd49,zp8,66,1
74553,CFG_9c659499047b,zp8,66,1
74554,CFG_1ec55dc0a2ff,zp8,66,1
74555,CFG_a34f76b67ef4,zp8,66,1
74556,CFG_67b539d34471,zp8,66,1
74557,CFG_ac213567a5a2,zp8,66,1
74558,CFG_8a51f93d684d,zp8,66,1
74559,CFG_2154b722e06b,zp8,66,1
74560,CFG_a1ebd0490272,zp8,66,1
74561,CFG_1ec55dc0a2ff,zp8,66,1
74562,CFG_8bfc9d62299c,zp8,66,1
74563,CFG_9c659499047b,zp8,66,1
74564,CFG_39fe645ba2f1,zp8,66,1
74565,CFG_99b4d8a9c762,zp8,66,1
74566,CFG_8a51f93d684d,zp8,66,1
74567,CFG_b8e6a5652de1,zp8,66,1
74568,CFG_3a3d7179fe0d,zp8,66,1
74569,CFG_f18488ce1456,zp8,66,1
74570,CFG_17620e2785dc,zp8,66,1
74571,CFG_e87513c8563d,zp8,66,1
74572,CFG_1ec55dc0a2ff,zp8,66,1
74573,CFG_f18488ce1456,zp8,66,1
74574,CFG_59aede929579,zp8,66,1
74575,CFG_5cd0c67d59bc,zp8,66,1
74576,CFG_755205a28938,zp8,66,1
74577,CFG_d39c77a1a4bf,zp8,66,1
74578,CFG_3a3d7179fe0d,zp8,66,1
74579,CFG_2534839bab0a,zp8,66,1
74580,CFG_9c659499047b,zp8,66,1
74581,CFG_f18488ce1456,zp8,66,1
74582,CFG_773ac98270b6,zp8,66,1
74583,CFG_3697b100c401,zp8,66,1
74584,CFG_e1e6e0c66c93,zp8,66,1
74585,CFG_be784e24b621,zp8,66,1
74586,CFG_755205a28938,zp8,66,1
74587,CFG_cf541d0f8a3a,zp8,66,1
74588,CFG_8a51f93d684d,zp8,66,1
74589,CFG_5cd0c67d59bc,zp8,66,1
74590,CFG_d96b0c9e44d0,zp8,66,1
74591,CFG_f18488ce1456,zp8,66,1
74592,CFG_939ca62c69c2,zp8,66,1
74593,CFG_710c47edfbc8,zp8,66,1
74594,CFG_be784e24b621,zp8,66,1
74595,CFG_b2a3cbb134c5,zp8,66,1
74596,CFG_65f78a36ed50,zp8,66,1
74597,CFG_36f82e31118f,zp8,66,1
74598,CFG_9178f775d49a,zp8,66,1
74599,CFG_deda15f4c4a8,zp8,66,1
74600,CFG_a34f76b67ef4,zp8,66,1
74601,CFG_7cd4c6b023c5,zp8,66,1
74602,CFG_f18488ce1456,zp8,66,1
74603,CFG_e1e6e0c66c93,zp8,66,1
74604,CFG_7155e4ee7bdf,zp8,66,1
74605,CFG_17620e2785dc,zp8,66,1
74606,CFG_de29bb20eaa6,zp8,66,1
74607,CFG_8a51f93d684d,zp8,66,1
74608,CFG_cf541d0f8a3a,zp8,66,1
74609,CFG_29c3378e155b,zp8,66,1
74610,CFG_727914633b9e,zp8,66,1
74611,CFG_f18488ce1456,zp8,66,1
74612,CFG_deda15f4c4a8,zp8,66,1
74613,CFG_7cd4c6b023c5,zp8,66,1
74614,CFG_b2a3cbb134c5,zp8,66,1
74615,CFG_1ec55dc0a2ff,zp8,66,1
74616,CFG_9178f775d49a,zp8,66,1
74617,CFG_9178f775d49a,zp8,66,1
74618,CFG_db37bdfe8c71,zp8,66,1
74619,CFG_cc5bbb6e9d13,zp8,66,1
74620,CFG_ffde3ea1b2e3,zp8,66,1
74621,CFG_deda15f4c4a8,zp8,66,1
74622,CFG_773ac98270b6,zp8,66,1
74623,CFG_710c47edfbc8,zp8,66,1
74624,CFG_1ec55dc0a2ff,zp8,66,1
74625,CFG_e3950fd94ca1,zp8,66,1
74626,CFG_1ec55dc0a2ff,zp8,66,1
74627,CFG_773ac98270b6,zp8,66,1
74628,CFG_7fa53b7ab3bf,zp8,66,1
74629,CFG_be784e24b621,zp8,66,1
74630,CFG_8bfc9d62299c,zp8,66,1
74631,CFG_deda15f4c4a8,zp8,66,1
74632,CFG_be784e24b621,zp8,66,1
74633,CFG_f18488ce1456,zp8,66,1
74634,CFG_de29bb20eaa6,zp8,66,1
74635,CFG_939ca62c69c2,zp8,66,1
74636,CFG_be784e24b621,zp8,66,1
74637,CFG_a34f76b67ef4,zp8,66,1
74638,CFG_9c659499047b,zp8,66,1
74639,CFG_67b539d34471,zp8,66,1
74640,CFG_67b539d34471,zp8,66,1
74641,CFG_d7aadf87f0b1,zp8,66,1
74642,CFG_5be0533f7ebf,zp8,66,1
74643,CFG_710c47edfbc8,zp8,66,1
74644,CFG_1738a11cbd49,zp8,66,1
74645,CFG_f18488ce1456,zp8,66,1
74646,CFG_a9714f85f877,zp8,66,1
74647,CFG_67b539d34471,zp8,66,1
74648,CFG_773ac98270b6,zp8,66,1
74649,CFG_bbea204eb2ac,zp8,66,1
74650,CFG_275e4ca07248,zp8,66,1
74651,CFG_b2a3cbb134c5,zp8,66,1
74652,CFG_a1d878e7d840,zp8,66,1
74653,CFG_773ac98270b6,zp8,66,1
74654,CFG_9c659499047b,zp8,66,1
74655,CFG_be784e24b621,zp8,66,1
74656,CFG_6caaadb373ea,zp8,66,1
74657,CFG_bbea204eb2ac,zp8,66,1
74658,CFG_deda15f4c4a8,zp8,66,1
74659,CFG_e3386d946379,zp8,66,1
74660,CFG_59aede929579,zp8,66,1
74661,CFG_d7aadf87f0b1,zp8,66,1
74662,CFG_1738a11cbd49,zp8,66,1
74663,CFG_59aede929579,zp8,66,1
74664,CFG_c94b44f1b2f9,zp8,66,1
74665,CFG_e3950fd94ca1,zp8,66,1
74666,CFG_59aede929579,zp8,66,1
74667,CFG_1e693796a40d,zp8,66,1
74668,CFG_d39c77a1a4bf,zp8,66,1
74669,CFG_9178f775d49a,zp8,66,1
74670,CFG_5514d03a77b0,zp8,66,1
74671,CFG_7fa53b7ab3bf,zp8,66,1
74672,CFG_59f154754573,zp8,66,1
74673,CFG_3e489afc8bfd,zp8,66,1
74674,CFG_ac213567a5a2,zp8,66,1
74675,CFG_710c47edfbc8,zp8,66,1
74676,CFG_67b539d34471,zp8,66,1
74677,CFG_3a3d7179fe0d,zp8,66,1
74678,CFG_e1e6e0c66c93,zp8,66,1
74679,CFG_8a51f93d684d,zp8,66,1
74680,CFG_a292c20a75fd,zp8,66,1
74681,CFG_755205a28938,zp8,66,1
74682,CFG_deda15f4c4a8,zp8,66,1
74683,CFG_e87513c8563d,zp8,66,1
74684,CFG_67b539d34471,zp8,66,1
74685,CFG_59f154754573,zp8,66,1
74686,CFG_8a51f93d684d,zp8,66,1
74687,CFG_3a3d7179fe0d,zp8,66,1
74688,CFG_2534839bab0a,zp8,66,1
74689,CFG_ffde3ea1b2e3,zp8,66,1
74690,CFG_1ec55dc0a2ff,zp8,66,1
74691,CFG_e1e6e0c66c93,zp8,66,1
74692,CFG_7fa53b7ab3bf,zp8,66,1
74693,CFG_9178f775d49a,zp8,66,1
74694,CFG_db37bdfe8c71,zp8,66,1
74695,CFG_ffde3ea1b2e3,zp8,66,1
74696,CFG_c910518048de,zp8,66,1
74697,CFG_939ca62c69c2,zp8,66,1
74698,CFG_755205a28938,zp8,66,1
74699,CFG_dda2f907b868,zp8,66,1
74700,CFG_1ec55dc0a2ff,zp8,66,1
74701,CFG_ffde3ea1b2e3,zp8,66,1
74702,CFG_9178f775d49a,zp8,66,1
74703,CFG_d96b0c9e44d0,zp8,66,1
74704,CFG_65f78a36ed50,zp8,66,1
74705,CFG_d39c77a1a4bf,zp8,66,1
74706,CFG_d96b0c9e44d0,zp8,66,1
74707,CFG_67b539d34471,zp8,66,1
74708,CFG_532891bb36ca,zp8,66,1
74709,CFG_9c659499047b,zp8,66,1
74710,CFG_755205a28938,zp8,66,1
74711,CFG_a292c20a75fd,zp8,66,1
74712,CFG_9c659499047b,zp8,66,1
74713,CFG_deda15f4c4a8,zp8,66,1
74714,CFG_67b539d34471,zp8,66,1
74715,CFG_8a51f93d684d,zp8,66,1
74716,CFG_288ddbff7431,zp8,66,1
74717,CFG_36f82e31118f,zp8,66,1
74718,CFG_9178f775d49a,zp8,66,1
74719,CFG_773ac98270b6,zp8,66,1
74720,CFG_9178f775d49a,zp8,66,1
74721,CFG_1738a11cbd49,zp8,66,1
74722,CFG_29c3378e155b,zp8,66,1
74723,CFG_773ac98270b6,zp8,66,1
74724,CFG_8bfc9d62299c,zp8,66,1
74725,CFG_f18488ce1456,zp8,66,1
74726,CFG_8bfc9d62299c,zp8,66,1
74727,CFG_7fa53b7ab3bf,zp8,66,1
74728,CFG_e1e6e0c66c93,zp8,66,1
74729,CFG_e1e6e0c66c93,zp8,66,1
74730,CFG_f993a0fc6256,zp8,66,1
74731,CFG_773ac98270b6,zp8,66,1
74732,CFG_a1d878e7d840,zp8,66,1
74733,CFG_cf6528e23789,zp8,66,1
74734,CFG_f18488ce1456,zp8,66,1
74735,CFG_ffde3ea1b2e3,zp8,66,1
74736,CFG_2154b722e06b,zp8,66,1
74737,CFG_e3386d946379,zp8,66,1
74738,CFG_1ec55dc0a2ff,zp8,66,1
74739,CFG_755205a28938,zp8,66,1
74740,CFG_5cd0c67d59bc,zp8,66,1
74741,CFG_67b539d34471,zp8,66,1
74742,CFG_b8e6a5652de1,zp8,66,1
74743,CFG_755205a28938,zp8,66,1
74744,CFG_1ec55dc0a2ff,zp8,66,1
74745,CFG_939ca62c69c2,zp8,66,1
74746,CFG_d96b0c9e44d0,zp8,66,1
74747,CFG_65f78a36ed50,zp8,66,1
74748,CFG_67b539d34471,zp8,66,1
74749,CFG_8a51f93d684d,zp8,66,1
74750,CFG_3a3d7179fe0d,zp8,66,1
74751,CFG_b2a3cbb134c5,zp8,66,1
74752,CFG_3e489afc8bfd,zp8,66,1
74753,CFG_8bfc9d62299c,zp8,66,1
74754,CFG_e3950fd94ca1,zp8,66,1
74755,CFG_9178f775d49a,zp8,66,1
74756,CFG_cf541d0f8a3a,zp8,66,1
74757,CFG_d96b0c9e44d0,zp8,66,1
74758,CFG_9c659499047b,zp8,66,1
74759,CFG_bbea204eb2ac,zp8,66,1
74760,CFG_cf541d0f8a3a,zp8,66,1
74761,CFG_1e693796a40d,zp8,66,1
74762,CFG_29c3378e155b,zp8,66,1
74763,CFG_3278d3379c8a,zp8,66,1
74764,CFG_b2a3cbb134c5,zp8,66,1
74765,CFG_f18488ce1456,zp8,66,1
74766,CFG_9178f775d49a,zp8,66,1
74767,CFG_dda2f907b868,zp8,66,1
74768,CFG_9178f775d49a,zp8,66,1
74769,CFG_9178f775d49a,zp8,66,1
74770,CFG_1ec55dc0a2ff,zp8,66,1
74771,CFG_288ddbff7431,zp8,66,1
74772,CFG_f18488ce1456,zp8,66,1
74773,CFG_4bec09598a98,zp8,66,1
74774,CFG_b04e3d146803,zp8,66,1
74775,CFG_b8e6a5652de1,zp8,66,1
74776,CFG_625048fefa0b,zp8,66,1
74777,CFG_36f82e31118f,zp8,66,1
74778,CFG_cf541d0f8a3a,zp8,66,1
74779,CFG_be784e24b621,zp8,66,1
74780,CFG_ceef49456daa,zp8,66,1
74781,CFG_36f82e31118f,zp8,66,1
74782,CFG_f18488ce1456,zp8,66,1
74783,CFG_9178f775d49a,zp8,66,1
74784,CFG_8f2957e28805,zp8,66,1
74785,CFG_3a3d7179fe0d,zp8,66,1
74786,CFG_d7aadf87f0b1,zp8,66,1
74787,CFG_1ec55dc0a2ff,zp8,66,1
74788,CFG_1738a11cbd49,zp8,66,1
74789,CFG_67b539d34471,zp8,66,1
74790,CFG_58ae56c3ee5b,zp8,66,1
74791,CFG_67b539d34471,zp8,66,1
74792,CFG_9178f775d49a,zp8,66,1
74793,CFG_9178f775d49a,zp8,66,1
74794,CFG_8bfc9d62299c,zp8,66,1
74795,CFG_f18488ce1456,zp8,66,1
74796,CFG_5514d03a77b0,zp8,66,1
74797,CFG_773ac98270b6,zp8,66,1
74798,CFG_f18488ce1456,zp8,66,1
74799,CFG_f18488ce1456,zp8,66,1
74800,CFG_1738a11cbd49,zp8,66,1
74801,CFG_3697b100c401,zp8,66,1
74802,CFG_939ca62c69c2,zp8,66,1
74803,CFG_8a51f93d684d,zp8,66,1
74804,CFG_1738a11cbd49,zp8,66,1
74805,CFG_b2a3cbb134c5,zp8,66,1
74806,CFG_acabbc62a021,zp8,66,1
74807,CFG_bd6412fc68b0,zp8,66,1
74808,CFG_67b539d34471,zp8,66,1
74809,CFG_59f154754573,zp8,66,1
74810,CFG_f18488ce1456,zp8,66,1
74811,CFG_3a3d7179fe0d,zp8,66,1
74812,CFG_e3950fd94ca1,zp8,66,1
74813,CFG_1ec55dc0a2ff,zp8,66,1
74814,CFG_5cd0c67d59bc,zp8,66,1
74815,CFG_c910518048de,zp8,66,1
74816,CFG_36f82e31118f,zp8,66,1
74817,CFG_710c47edfbc8,zp8,66,1
74818,CFG_1ec55dc0a2ff,zp8,66,1
74819,CFG_3278d3379c8a,zp8,66,1
74820,CFG_1ec55dc0a2ff,zp8,66,1
74821,CFG_625048fefa0b,zp8,66,1
74822,CFG_2154b722e06b,zp8,66,1
74823,CFG_acabbc62a021,zp8,66,1
74824,CFG_3e489afc8bfd,zp8,66,1
74825,CFG_9178f775d49a,zp8,66,1
74826,CFG_deda15f4c4a8,zp8,66,1
74827,CFG_36f82e31118f,zp8,66,1
74828,CFG_3a3d7179fe0d,zp8,66,1
74829,CFG_710c47edfbc8,zp8,66,1
74830,CFG_cf541d0f8a3a,zp8,66,1
74831,CFG_8a51f93d684d,zp8,66,1
74832,CFG_67b539d34471,zp8,66,1
74833,CFG_710c47edfbc8,zp8,66,1
74834,CFG_f764ab45c11f,zp8,66,1
74835,CFG_755205a28938,zp8,66,1
74836,CFG_f18488ce1456,zp8,66,1
74837,CFG_f18488ce1456,zp8,66,1
74838,CFG_f18488ce1456,zp8,66,1
74839,CFG_de29bb20eaa6,zp8,66,1
74840,CFG_17620e2785dc,zp8,66,1
74841,CFG_b2a3cbb134c5,zp8,66,1
74842,CFG_5cd0c67d59bc,zp8,66,1
74843,CFG_a34f76b67ef4,zp8,66,1
74844,CFG_b2a3cbb134c5,zp8,66,1
74845,CFG_1e693796a40d,zp8,66,1
74846,CFG_ceef49456daa,zp8,66,1
74847,CFG_f18488ce1456,zp8,66,1
74848,CFG_939ca62c69c2,zp8,66,1
74849,CFG_3a3d7179fe0d,zp8,66,1
74850,CFG_17620e2785dc,zp8,66,1
74851,CFG_e1e6e0c66c93,zp8,66,1
74852,CFG_288ddbff7431,zp8,66,1
74853,CFG_773ac98270b6,zp8,66,1
74854,CFG_d7aadf87f0b1,zp8,66,1
74855,CFG_6caaadb373ea,zp8,66,1
74856,CFG_9178f775d49a,zp8,66,1
74857,CFG_e3950fd94ca1,zp8,66,1
74858,CFG_dda2f907b868,zp8,66,1
74859,CFG_59f154754573,zp8,66,1
74860,CFG_3a3d7179fe0d,zp8,66,1
74861,CFG_1738a11cbd49,zp8,66,1
74862,CFG_8a51f93d684d,zp8,66,1
74863,CFG_7cd4c6b023c5,zp8,66,1
74864,CFG_d7aadf87f0b1,zp8,66,1
74865,CFG_8bfc9d62299c,zp8,66,1
74866,CFG_710c47edfbc8,zp8,66,1
74867,CFG_1ec55dc0a2ff,zp8,66,1
74868,CFG_acabbc62a021,zp8,66,1
74869,CFG_ceef49456daa,zp8,66,1
74870,CFG_29c3378e155b,zp8,66,1
74871,CFG_b2a3cbb134c5,zp8,66,1
74872,CFG_5cd0c67d59bc,zp8,66,1
74873,CFG_d0face5aa80d,zp8,66,1
74874,CFG_7cd4c6b023c5,zp8,66,1
74875,CFG_b2a3cbb134c5,zp8,66,1
74876,CFG_1ec55dc0a2ff,zp8,66,1
74877,CFG_db37bdfe8c71,zp8,66,1
74878,CFG_9c659499047b,zp8,66,1
74879,CFG_1e693796a40d,zp8,66,1
74880,CFG_f18488ce1456,zp8,66,1
74881,CFG_b2a3cbb134c5,zp8,66,1
74882,CFG_36f82e31118f,zp8,66,1
74883,CFG_59aede929579,zp8,66,1
74884,CFG_710c47edfbc8,zp8,66,1
74885,CFG_e3950fd94ca1,zp8,66,1
74886,CFG_f90a73d2a477,zp8,66,1
74887,CFG_99b4d8a9c762,zp8,66,1
74888,CFG_ceef49456daa,zp8,66,1
74889,CFG_5cd0c67d59bc,zp8,66,1
74890,CFG_2534839bab0a,zp8,66,1
74891,CFG_59aede929579,zp8,66,1
74892,CFG_1738a11cbd49,zp8,66,1
74893,CFG_be784e24b621,zp8,66,1
74894,CFG_1738a11cbd49,zp8,66,1
74895,CFG_de29bb20eaa6,zp8,66,1
74896,CFG_939ca62c69c2,zp8,66,1
74897,CFG_1ec55dc0a2ff,zp8,66,1
74898,CFG_29c3378e155b,zp8,66,1
74899,CFG_1ec55dc0a2ff,zp8,66,1
74900,CFG_cf541d0f8a3a,zp8,66,1
74901,CFG_be784e24b621,zp8,66,1
74902,CFG_b0eabb76b70f,zp8,66,1
74903,CFG_b2a3cbb134c5,zp8,66,1
74904,CFG_b2a3cbb134c5,zp8,66,1
74905,CFG_be784e24b621,zp8,66,1
74906,CFG_a292c20a75fd,zp8,66,1
74907,CFG_7cd4c6b023c5,zp8,66,1
74908,CFG_be784e24b621,zp8,66,1
74909,CFG_59aede929579,zp8,66,1
74910,CFG_7155e4ee7bdf,zp8,66,1
74911,CFG_29c3378e155b,zp8,66,1
74912,CFG_625048fefa0b,zp8,66,1
74913,CFG_3a3d7179fe0d,zp8,66,1
74914,CFG_755205a28938,zp8,66,1
74915,CFG_7fa53b7ab3bf,zp8,66,1
74916,CFG_9c659499047b,zp8,66,1
74917,CFG_1e693796a40d,zp8,66,1
74918,CFG_b2a3cbb134c5,zp8,66,1
74919,CFG_29c3378e155b,zp8,66,1
74920,CFG_5cd0c67d59bc,zp8,66,1
74921,CFG_1ec55dc0a2ff,zp8,66,1
74922,CFG_deda15f4c4a8,zp8,66,1
74923,CFG_8a51f93d684d,zp8,66,1
74924,CFG_8a51f93d684d,zp8,66,1
74925,CFG_67b539d34471,zp8,66,1
74926,CFG_3a3d7179fe0d,zp8,66,1
74927,CFG_939ca62c69c2,zp8,66,1
74928,CFG_1ec55dc0a2ff,zp8,66,1
74929,CFG_1738a11cbd49,zp8,66,1
74930,CFG_cf541d0f8a3a,zp8,66,1
74931,CFG_773ac98270b6,zp8,66,1
74932,CFG_67b539d34471,zp8,66,1
74933,CFG_b2a3cbb134c5,zp8,66,1
74934,CFG_be784e24b621,zp8,66,1
74935,CFG_2534839bab0a,zp8,66,1
74936,CFG_be784e24b621,zp8,66,1
74937,CFG_f18488ce1456,zp8,66,1
74938,CFG_939ca62c69c2,zp8,66,1
74939,CFG_773ac98270b6,zp8,66,1
74940,CFG_1ec55dc0a2ff,zp8,66,1
74941,CFG_a9714f85f877,zp8,66,1
74942,CFG_b2a3cbb134c5,zp8,66,1
74943,CFG_e3950fd94ca1,zp8,66,1
74944,CFG_7cd4c6b023c5,zp8,66,1
74945,CFG_f18488ce1456,zp8,66,1
74946,CFG_e3386d946379,zp8,66,1
74947,CFG_deda15f4c4a8,zp8,66,1
74948,CFG_17620e2785dc,zp8,66,1
74949,CFG_f18488ce1456,zp8,66,1
74950,CFG_3697b100c401,zp8,66,1
74951,CFG_1738a11cbd49,zp8,66,1
74952,CFG_17620e2785dc,zp8,66,1
74953,CFG_be784e24b621,zp8,66,1
74954,CFG_a1ebd0490272,zp8,66,1
74955,CFG_625048fefa0b,zp8,66,1
74956,CFG_7fa53b7ab3bf,zp8,66,1
74957,CFG_7155e4ee7bdf,zp8,66,1
74958,CFG_625048fefa0b,zp8,66,1
74959,CFG_8a51f93d684d,zp8,66,1
74960,CFG_e3386d946379,zp8,66,1
74961,CFG_8a51f93d684d,zp8,66,1
74962,CFG_deda15f4c4a8,zp8,66,1
74963,CFG_a1d878e7d840,zp8,66,1
74964,CFG_b8e6a5652de1,zp8,66,1
74965,CFG_1738a11cbd49,zp8,66,1
74966,CFG_3a3d7179fe0d,zp8,66,1
74967,CFG_9c659499047b,zp8,66,1
74968,CFG_8a51f93d684d,zp8,66,1
74969,CFG_36f82e31118f,zp8,66,1
74970,CFG_be784e24b621,zp8,66,1
74971,CFG_deda15f4c4a8,zp8,66,1
74972,CFG_3a3d7179fe0d,zp8,66,1
74973,CFG_e1e6e0c66c93,zp8,66,1
74974,CFG_a1d878e7d840,zp8,66,1
74975,CFG_e87513c8563d,zp8,66,1
74976,CFG_8bfc9d62299c,zp8,66,1
74977,CFG_67b539d34471,zp8,66,1
74978,CFG_2534839bab0a,zp8,66,1
74979,CFG_36f82e31118f,zp8,66,1
74980,CFG_275e4ca07248,zp8,66,1
74981,CFG_773ac98270b6,zp8,66,1
74982,CFG_cc5bbb6e9d13,zp8,66,1
74983,CFG_637b6e72af93,zp8,66,1
74984,CFG_5514d03a77b0,zp8,66,1
74985,CFG_deda15f4c4a8,zp8,66,1
74986,CFG_1e693796a40d,zp8,66,1
74987,CFG_4bec09598a98,zp8,66,1
74988,CFG_59f154754573,zp8,66,1
74989,CFG_3a3d7179fe0d,zp8,66,1
74990,CFG_a1ebd0490272,zp8,66,1
74991,CFG_939ca62c69c2,zp8,66,1
74992,CFG_5514d03a77b0,zp8,66,1
74993,CFG_a1d878e7d840,zp8,66,1
74994,CFG_4cd2b98cde9e,zp8,66,1
74995,CFG_9178f775d49a,zp8,66,1
74996,CFG_b2a3cbb134c5,zp8,66,1
74997,CFG_3278d3379c8a,zp8,66,1
74998,CFG_727914633b9e,zp8,66,1
74999,CFG_4cd2b98cde9e,zp8,66,1
75000,CFG_17620e2785dc,zp8,66,1
75001,CFG_773ac98270b6,zp8,66,1
75002,CFG_773ac98270b6,zp8,66,1
75003,CFG_a9714f85f877,zp8,66,1
75004,CFG_1738a11cbd49,zp8,66,1
75005,CFG_1ec55dc0a2ff,zp8,66,1
75006,CFG_a1d878e7d840,zp8,66,1
75007,CFG_f993a0fc6256,zp8,66,1
75008,CFG_9c659499047b,zp8,66,1
75009,CFG_b2a3cbb134c5,zp8,66,1
75010,CFG_3278d3379c8a,zp8,66,1
75011,CFG_a292c20a75fd,zp8,66,1
75012,CFG_6ff9e417e386,zp8,66,1
75013,CFG_dda2f907b868,zp8,66,1
75014,CFG_2154b722e06b,zp8,66,1
75015,CFG_b2a3cbb134c5,zp8,66,1
75016,CFG_99b4d8a9c762,zp8,66,1
75017,CFG_755205a28938,zp8,66,1
75018,CFG_8a51f93d684d,zp8,66,1
75019,CFG_9c659499047b,zp8,66,1
75020,CFG_67b539d34471,zp8,66,1
75021,CFG_1738a11cbd49,zp8,66,1
75022,CFG_d7aadf87f0b1,zp8,66,1
75023,CFG_5514d03a77b0,zp8,66,1
75024,CFG_5cd0c67d59bc,zp8,66,1
75025,CFG_755205a28938,zp8,66,1
75026,CFG_8a51f93d684d,zp8,66,1
75027,CFG_8a51f93d684d,zp8,66,1
75028,CFG_755205a28938,zp8,66,1
75029,CFG_17620e2785dc,zp8,66,1
75030,CFG_e1e6e0c66c93,zp8,66,1
75031,CFG_5cd0c67d59bc,zp8,66,1
75032,CFG_8a51f93d684d,zp8,66,1
75033,CFG_db37bdfe8c71,zp8,66,1
75034,CFG_802041076799,zp8,66,1
75035,CFG_acabbc62a021,zp8,66,1
75036,CFG_b2a3cbb134c5,zp8,66,1
75037,CFG_cf541d0f8a3a,zp8,66,1
75038,CFG_5514d03a77b0,zp8,66,1
75039,CFG_39fe645ba2f1,zp8,66,1
75040,CFG_67b539d34471,zp8,66,1
75041,CFG_de29bb20eaa6,zp8,66,1
75042,CFG_39fe645ba2f1,zp8,66,1
75043,CFG_e1e6e0c66c93,zp8,66,1
75044,CFG_67b539d34471,zp8,66,1
75045,CFG_939ca62c69c2,zp8,66,1
75046,CFG_7155e4ee7bdf,zp8,66,1
75047,CFG_9178f775d49a,zp8,66,1
75048,CFG_be784e24b621,zp8,66,1
75049,CFG_77c8b99b43d9,zp8,66,1
75050,CFG_939ca62c69c2,zp8,66,1
75051,CFG_be784e24b621,zp8,66,1
75052,CFG_c94b44f1b2f9,zp8,66,1
75053,CFG_6caaadb373ea,zp8,66,1
75054,CFG_b2a3cbb134c5,zp8,66,1
75055,CFG_9c659499047b,zp8,66,1
75056,CFG_29c3378e155b,zp8,66,1
75057,CFG_3e489afc8bfd,zp8,66,1
75058,CFG_c910518048de,zp8,66,1
75059,CFG_939ca62c69c2,zp8,66,1
75060,CFG_cf541d0f8a3a,zp8,66,1
75061,CFG_1738a11cbd49,zp8,66,1
75062,CFG_58ae56c3ee5b,zp8,66,1
75063,CFG_cf541d0f8a3a,zp8,66,1
75064,CFG_8bfc9d62299c,zp8,66,1
75065,CFG_8bfc9d62299c,zp8,66,1
75066,CFG_3a3d7179fe0d,zp8,66,1
75067,CFG_939ca62c69c2,zp8,66,1
75068,CFG_36f82e31118f,zp8,66,1
75069,CFG_cf541d0f8a3a,zp8,66,1
75070,CFG_5514d03a77b0,zp8,66,1
75071,CFG_cf541d0f8a3a,zp8,66,1
75072,CFG_8a51f93d684d,zp8,66,1
75073,CFG_f18488ce1456,zp8,66,1
75074,CFG_b8e6a5652de1,zp8,66,1
75075,CFG_773ac98270b6,zp8,66,1
75076,CFG_cf541d0f8a3a,zp8,66,1
75077,CFG_e1e6e0c66c93,zp8,66,1
75078,CFG_f18488ce1456,zp8,66,1
75079,CFG_8bfc9d62299c,zp8,66,1
75080,CFG_9178f775d49a,zp8,66,1
75081,CFG_a1ebd0490272,zp8,66,1
75082,CFG_be784e24b621,zp8,66,1
75083,CFG_e1e6e0c66c93,zp8,66,1
75084,CFG_d0face5aa80d,zp8,66,1
75085,CFG_be784e24b621,zp8,66,1
75086,CFG_deda15f4c4a8,zp8,66,1
75087,CFG_b2a3cbb134c5,zp8,66,1
75088,CFG_36f82e31118f,zp8,66,1
75089,CFG_bd6412fc68b0,zp8,66,1
75090,CFG_17620e2785dc,zp8,66,1
75091,CFG_deda15f4c4a8,zp8,66,1
75092,CFG_773ac98270b6,zp8,66,1
75093,CFG_5514d03a77b0,zp8,66,1
75094,CFG_ceef49456daa,zp8,66,1
75095,CFG_8a51f93d684d,zp8,66,1
75096,CFG_5531dad98c69,zp8,66,1
75097,CFG_7fa53b7ab3bf,zp8,66,1
75098,CFG_cf541d0f8a3a,zp8,66,1
75099,CFG_a292c20a75fd,zp8,66,1
75100,CFG_f18488ce1456,zp8,66,1
75101,CFG_3e489afc8bfd,zp8,66,1
75102,CFG_be784e24b621,zp8,66,1
75103,CFG_8a51f93d684d,zp8,66,1
75104,CFG_b2a3cbb134c5,zp8,66,1
75105,CFG_e3950fd94ca1,zp8,66,1
75106,CFG_bd6412fc68b0,zp8,66,1
75107,CFG_db37bdfe8c71,zp8,66,1
75108,CFG_e3386d946379,zp8,66,1
75109,CFG_2154b722e06b,zp8,66,1
75110,CFG_f18488ce1456,zp8,66,1
75111,CFG_59f154754573,zp8,66,1
75112,CFG_be784e24b621,zp8,66,1
75113,CFG_755205a28938,zp8,66,1
75114,CFG_59aede929579,zp8,66,1
75115,CFG_7fa53b7ab3bf,zp8,66,1
75116,CFG_7155e4ee7bdf,zp8,66,1
75117,CFG_773ac98270b6,zp8,66,1
75118,CFG_f18488ce1456,zp8,66,1
75119,CFG_3278d3379c8a,zp8,66,1
75120,CFG_d0face5aa80d,zp8,66,1
75121,CFG_deda15f4c4a8,zp8,66,1
75122,CFG_5514d03a77b0,zp8,66,1
75123,CFG_1738a11cbd49,zp8,66,1
75124,CFG_637b6e72af93,zp8,66,1
75125,CFG_1e693796a40d,zp8,66,1
75126,CFG_773ac98270b6,zp8,66,1
75127,CFG_59aede929579,zp8,66,1
75128,CFG_9178f775d49a,zp8,66,1
75129,CFG_d96b0c9e44d0,zp8,66,1
75130,CFG_773ac98270b6,zp8,66,1
75131,CFG_727914633b9e,zp8,66,1
75132,CFG_939ca62c69c2,zp8,66,1
75133,CFG_b8e6a5652de1,zp8,66,1
75134,CFG_802041076799,zp8,66,1
75135,CFG_1747d90ed031,zp8,66,1
75136,CFG_3a3d7179fe0d,zp8,66,1
75137,CFG_755205a28938,zp8,66,1
75138,CFG_9c659499047b,zp8,66,1
75139,CFG_67b539d34471,zp8,66,1
75140,CFG_1ec55dc0a2ff,zp8,66,1
75141,CFG_58ae56c3ee5b,zp8,66,1
75142,CFG_7acc0fd451e2,zp8,66,1
75143,CFG_dda2f907b868,zp8,66,1
75144,CFG_1ec55dc0a2ff,zp8,66,1
75145,CFG_be784e24b621,zp8,66,1
75146,CFG_8a51f93d684d,zp8,66,1
75147,CFG_1d0f84c0bb06,zp8,66,1
75148,CFG_f18488ce1456,zp8,66,1
75149,CFG_a1d878e7d840,zp8,66,1
75150,CFG_f90a73d2a477,zp8,66,1
75151,CFG_cf541d0f8a3a,zp8,66,1
75152,CFG_b8e6a5652de1,zp8,66,1
75153,CFG_67b539d34471,zp8,66,1
75154,CFG_939ca62c69c2,zp8,66,1
75155,CFG_773ac98270b6,zp8,66,1
75156,CFG_e3950fd94ca1,zp8,66,1
75157,CFG_be784e24b621,zp8,66,1
75158,CFG_ffde3ea1b2e3,zp8,66,1
75159,CFG_ceef49456daa,zp8,66,1
75160,CFG_b2a3cbb134c5,zp8,66,1
75161,CFG_773ac98270b6,zp8,66,1
75162,CFG_58ae56c3ee5b,zp8,66,1
75163,CFG_532891bb36ca,zp8,66,1
75164,CFG_bbea204eb2ac,zp8,66,1
75165,CFG_8bfc9d62299c,zp8,66,1
75166,CFG_deda15f4c4a8,zp8,66,1
75167,CFG_deda15f4c4a8,zp8,66,1
75168,CFG_5531dad98c69,zp8,66,1
75169,CFG_9c659499047b,zp8,66,1
75170,CFG_cf541d0f8a3a,zp8,66,1
75171,CFG_d96b0c9e44d0,zp8,66,1
75172,CFG_67b539d34471,zp8,66,1
75173,CFG_773ac98270b6,zp8,66,1
75174,CFG_8a51f93d684d,zp8,66,1
75175,CFG_ac213567a5a2,zp8,66,1
75176,CFG_7fa53b7ab3bf,zp8,66,1
75177,CFG_773ac98270b6,zp8,66,1
75178,CFG_77c8b99b43d9,zp8,66,1
75179,CFG_9c659499047b,zp8,66,1
75180,CFG_939ca62c69c2,zp8,66,1
75181,CFG_deda15f4c4a8,zp8,66,1
75182,CFG_f18488ce1456,zp8,66,1
75183,CFG_3a3d7179fe0d,zp8,66,1
75184,CFG_be784e24b621,zp8,66,1
75185,CFG_deda15f4c4a8,zp8,66,1
75186,CFG_7fa53b7ab3bf,zp8,66,1
75187,CFG_17620e2785dc,zp8,66,1
75188,CFG_ffde3ea1b2e3,zp8,66,1
75189,CFG_1ec55dc0a2ff,zp8,66,1
75190,CFG_727914633b9e,zp8,66,1
75191,CFG_9c659499047b,zp8,66,1
75192,CFG_29c3378e155b,zp8,66,1
75193,CFG_710c47edfbc8,zp8,66,1
75194,CFG_3e489afc8bfd,zp8,66,1
75195,CFG_b04e3d146803,zp8,66,1
75196,CFG_3278d3379c8a,zp8,66,1
75197,CFG_59f154754573,zp8,66,1
75198,CFG_1ec55dc0a2ff,zp8,66,1
75199,CFG_9c659499047b,zp8,66,1
75200,CFG_b2a3cbb134c5,zp8,66,1
75201,CFG_b2a3cbb134c5,zp8,66,1
75202,CFG_cf541d0f8a3a,zp8,66,1
75203,CFG_deda15f4c4a8,zp8,66,1
75204,CFG_b2a3cbb134c5,zp8,66,1
75205,CFG_7cd4c6b023c5,zp8,66,1
75206,CFG_cc5bbb6e9d13,zp8,66,1
75207,CFG_b04e3d146803,zp8,66,1
75208,CFG_bbea204eb2ac,zp8,66,1
75209,CFG_7fa53b7ab3bf,zp8,66,1
75210,CFG_17620e2785dc,zp8,66,1
75211,CFG_99b4d8a9c762,zp8,66,1
75212,CFG_802041076799,zp8,66,1
75213,CFG_7acc0fd451e2,zp8,66,1
75214,CFG_710c47edfbc8,zp8,66,1
75215,CFG_6caaadb373ea,zp8,66,1
75216,CFG_9c659499047b,zp8,66,1
75217,CFG_b2a3cbb134c5,zp8,66,1
75218,CFG_9178f775d49a,zp8,66,1
75219,CFG_b0eabb76b70f,zp8,66,1
75220,CFG_755205a28938,zp8,66,1
75221,CFG_2534839bab0a,zp8,66,1
75222,CFG_773ac98270b6,zp8,66,1
75223,CFG_2534839bab0a,zp8,66,1
75224,CFG_7fa53b7ab3bf,zp8,66,1
75225,CFG_cf541d0f8a3a,zp8,66,1
75226,CFG_d96b0c9e44d0,zp8,66,1
75227,CFG_e3386d946379,zp8,66,1
75228,CFG_5514d03a77b0,zp8,66,1
75229,CFG_7fa53b7ab3bf,zp8,66,1
75230,CFG_755205a28938,zp8,66,1
75231,CFG_cf541d0f8a3a,zp8,66,1
75232,CFG_e1e6e0c66c93,zp8,66,1
75233,CFG_deda15f4c4a8,zp8,66,1
75234,CFG_2534839bab0a,zp8,66,1
75235,CFG_f18488ce1456,zp8,66,1
75236,CFG_f18488ce1456,zp8,66,1
75237,CFG_d96b0c9e44d0,zp8,66,1
75238,CFG_be784e24b621,zp8,66,1
75239,CFG_773ac98270b6,zp8,66,1
75240,CFG_5531dad98c69,zp8,66,1
75241,CFG_db37bdfe8c71,zp8,66,1
75242,CFG_65f78a36ed50,zp8,66,1
75243,CFG_9178f775d49a,zp8,66,1
75244,CFG_acabbc62a021,zp8,66,1
75245,CFG_802041076799,zp8,66,1
75246,CFG_a1d878e7d840,zp8,66,1
75247,CFG_727914633b9e,zp8,66,1
75248,CFG_f18488ce1456,zp8,66,1
75249,CFG_b8e6a5652de1,zp8,66,1
75250,CFG_2154b722e06b,zp8,66,1
75251,CFG_d7aadf87f0b1,zp8,66,1
75252,CFG_cf541d0f8a3a,zp8,66,1
75253,CFG_67b539d34471,zp8,66,1
75254,CFG_9c659499047b,zp8,66,1
75255,CFG_3697b100c401,zp8,66,1
75256,CFG_8bfc9d62299c,zp8,66,1
75257,CFG_1e693796a40d,zp8,66,1
75258,CFG_bd6412fc68b0,zp8,66,1
75259,CFG_ffde3ea1b2e3,zp8,66,1
75260,CFG_755205a28938,zp8,66,1
75261,CFG_1ec55dc0a2ff,zp8,66,1
75262,CFG_39fe645ba2f1,zp8,66,1
75263,CFG_acabbc62a021,zp8,66,1
75264,CFG_f18488ce1456,zp8,66,1
75265,CFG_625048fefa0b,zp8,66,1
75266,CFG_b2a3cbb134c5,zp8,66,1
75267,CFG_36f82e31118f,zp8,66,1
75268,CFG_e1e6e0c66c93,zp8,66,1
75269,CFG_1738a11cbd49,zp8,66,1
75270,CFG_e87513c8563d,zp8,66,1
75271,CFG_f90a73d2a477,zp8,66,1
75272,CFG_835bac03bc4f,zp8,66,1
75273,CFG_1d0f84c0bb06,zp8,66,1
75274,CFG_67b539d34471,zp8,66,1
75275,CFG_e3386d946379,zp8,66,1
75276,CFG_1ec55dc0a2ff,zp8,66,1
75277,CFG_a292c20a75fd,zp8,66,1
75278,CFG_cf541d0f8a3a,zp8,66,1
75279,CFG_f18488ce1456,zp8,66,1
75280,CFG_17620e2785dc,zp8,66,1
75281,CFG_9178f775d49a,zp8,66,1
75282,CFG_9178f775d49a,zp8,66,1
75283,CFG_7155e4ee7bdf,zp8,66,1
75284,CFG_2154b722e06b,zp8,66,1
75285,CFG_e1e6e0c66c93,zp8,66,1
75286,CFG_5851809b712d,zp8,66,1
75287,CFG_1ec55dc0a2ff,zp8,66,1
75288,CFG_773ac98270b6,zp8,66,1
75289,CFG_e3950fd94ca1,zp8,66,1
75290,CFG_cf541d0f8a3a,zp8,66,1
75291,CFG_be784e24b621,zp8,66,1
75292,CFG_1ec55dc0a2ff,zp8,66,1
75293,CFG_8a51f93d684d,zp8,66,1
75294,CFG_a1ebd0490272,zp8,66,1
75295,CFG_cdb458536382,zp8,66,1
75296,CFG_e3950fd94ca1,zp8,66,1
75297,CFG_939ca62c69c2,zp8,66,1
75298,CFG_3a3d7179fe0d,zp8,66,1
75299,CFG_5851809b712d,zp8,66,1
75300,CFG_ceef49456daa,zp8,66,1
75301,CFG_9178f775d49a,zp8,66,1
75302,CFG_59aede929579,zp8,66,1
75303,CFG_17620e2785dc,zp8,66,1
75304,CFG_b2a3cbb134c5,zp8,66,1
75305,CFG_3e489afc8bfd,zp8,66,1
75306,CFG_f993a0fc6256,zp8,66,1
75307,CFG_1ec55dc0a2ff,zp8,66,1
75308,CFG_727914633b9e,zp8,66,1
75309,CFG_e1e6e0c66c93,zp8,66,1
75310,CFG_58ae56c3ee5b,zp8,66,1
75311,CFG_d96b0c9e44d0,zp8,66,1
75312,CFG_b2a3cbb134c5,zp8,66,1
75313,CFG_acabbc62a021,zp8,66,1
75314,CFG_5cd0c67d59bc,zp8,66,1
75315,CFG_e3950fd94ca1,zp8,66,1
75316,CFG_bd6412fc68b0,zp8,66,1
75317,CFG_b8e6a5652de1,zp8,66,1
75318,CFG_77c8b99b43d9,zp8,66,1
75319,CFG_3278d3379c8a,zp8,66,1
75320,CFG_532891bb36ca,zp8,66,1
75321,CFG_b2a3cbb134c5,zp8,66,1
75322,CFG_dda2f907b868,zp8,66,1
75323,CFG_7cd4c6b023c5,zp8,66,1
75324,CFG_1ec55dc0a2ff,zp8,66,1
75325,CFG_1ec55dc0a2ff,zp8,66,1
75326,CFG_3e489afc8bfd,zp8,66,1
75327,CFG_4cd2b98cde9e,zp8,66,1
75328,CFG_deda15f4c4a8,zp8,66,1
75329,CFG_9c659499047b,zp8,66,1
75330,CFG_a292c20a75fd,zp8,66,1
75331,CFG_3e489afc8bfd,zp8,66,1
75332,CFG_1ec55dc0a2ff,zp8,66,1
75333,CFG_1ec55dc0a2ff,zp8,66,1
75334,CFG_802041076799,zp8,66,1
75335,CFG_7fa53b7ab3bf,zp8,66,1
75336,CFG_755205a28938,zp8,66,1
75337,CFG_b2a3cbb134c5,zp8,66,1
75338,CFG_773ac98270b6,zp8,66,1
75339,CFG_1738a11cbd49,zp8,66,1
75340,CFG_e1e6e0c66c93,zp8,66,1
75341,CFG_cc5bbb6e9d13,zp8,66,1
75342,CFG_3a3d7179fe0d,zp8,66,1
75343,CFG_e1e6e0c66c93,zp8,66,1
75344,CFG_b2a3cbb134c5,zp8,66,1
75345,CFG_e1e6e0c66c93,zp8,66,1
75346,CFG_2154b722e06b,zp8,66,1
75347,CFG_9c659499047b,zp8,66,1
75348,CFG_1738a11cbd49,zp8,66,1
75349,CFG_b2a3cbb134c5,zp8,66,1
75350,CFG_17620e2785dc,zp8,66,1
75351,CFG_36f82e31118f,zp8,66,1
75352,CFG_ac213567a5a2,zp8,66,1
75353,CFG_5514d03a77b0,zp8,66,1
75354,CFG_17620e2785dc,zp8,66,1
75355,CFG_5514d03a77b0,zp8,66,1
75356,CFG_1ec55dc0a2ff,zp8,66,1
75357,CFG_8bfc9d62299c,zp8,66,1
75358,CFG_17620e2785dc,zp8,66,1
75359,CFG_a9714f85f877,zp8,66,1
75360,CFG_275e4ca07248,zp8,66,1
75361,CFG_d96b0c9e44d0,zp8,66,1
75362,CFG_d96b0c9e44d0,zp8,66,1
75363,CFG_773ac98270b6,zp8,66,1
75364,CFG_773ac98270b6,zp8,66,1
75365,CFG_cf541d0f8a3a,zp8,66,1
75366,CFG_cf541d0f8a3a,zp8,66,1
75367,CFG_ffde3ea1b2e3,zp8,66,1
75368,CFG_275e4ca07248,zp8,66,1
75369,CFG_9178f775d49a,zp8,66,1
75370,CFG_d39c77a1a4bf,zp8,66,1
75371,CFG_d96b0c9e44d0,zp8,66,1
75372,CFG_59aede929579,zp8,66,1
75373,CFG_a1d878e7d840,zp8,66,1
75374,CFG_532891bb36ca,zp8,66,1
75375,CFG_f18488ce1456,zp8,66,1
75376,CFG_5cd0c67d59bc,zp8,66,1
75377,CFG_1ec55dc0a2ff,zp8,66,1
75378,CFG_d7aadf87f0b1,zp8,66,1
75379,CFG_c910518048de,zp8,66,1
75380,CFG_3e489afc8bfd,zp8,66,1
75381,CFG_ffde3ea1b2e3,zp8,66,1
75382,CFG_59f154754573,zp8,66,1
75383,CFG_cf541d0f8a3a,zp8,66,1
75384,CFG_67b539d34471,zp8,66,1
75385,CFG_8a51f93d684d,zp8,66,1
75386,CFG_8a51f93d684d,zp8,66,1
75387,CFG_be784e24b621,zp8,66,1
75388,CFG_8bfc9d62299c,zp8,66,1
75389,CFG_773ac98270b6,zp8,66,1
75390,CFG_939ca62c69c2,zp8,66,1
75391,CFG_cf541d0f8a3a,zp8,66,1
75392,CFG_59aede929579,zp8,66,1
75393,CFG_710c47edfbc8,zp8,66,1
75394,CFG_9d161c4fa884,zp8,66,1
75395,CFG_f18488ce1456,zp8,66,1
75396,CFG_cf541d0f8a3a,zp8,66,1
75397,CFG_1ec55dc0a2ff,zp8,66,1
75398,CFG_99b4d8a9c762,zp8,66,1
75399,CFG_b2a3cbb134c5,zp8,66,1
75400,CFG_1738a11cbd49,zp8,66,1
75401,CFG_ffde3ea1b2e3,zp8,66,1
75402,CFG_67b539d34471,zp8,66,1
75403,CFG_deda15f4c4a8,zp8,66,1
75404,CFG_755205a28938,zp8,66,1
75405,CFG_f18488ce1456,zp8,66,1
75406,CFG_a1ebd0490272,zp8,66,1
75407,CFG_1ec55dc0a2ff,zp8,66,1
75408,CFG_ac213567a5a2,zp8,66,1
75409,CFG_773ac98270b6,zp8,66,1
75410,CFG_ffde3ea1b2e3,zp8,66,1
75411,CFG_36f82e31118f,zp8,66,1
75412,CFG_acabbc62a021,zp8,66,1
75413,CFG_b2a3cbb134c5,zp8,66,1
75414,CFG_65f78a36ed50,zp8,66,1
75415,CFG_d39c77a1a4bf,zp8,66,1
75416,CFG_9c659499047b,zp8,66,1
75417,CFG_bd6412fc68b0,zp8,66,1
75418,CFG_17620e2785dc,zp8,66,1
75419,CFG_5514d03a77b0,zp8,66,1
75420,CFG_67b539d34471,zp8,66,1
75421,CFG_f18488ce1456,zp8,66,1
75422,CFG_f18488ce1456,zp8,66,1
75423,CFG_17620e2785dc,zp8,66,1
75424,CFG_2154b722e06b,zp8,66,1
75425,CFG_36f82e31118f,zp8,66,1
75426,CFG_7cd4c6b023c5,zp8,66,1
75427,CFG_939ca62c69c2,zp8,66,1
75428,CFG_ac213567a5a2,zp8,66,1
75429,CFG_d96b0c9e44d0,zp8,66,1
75430,CFG_802041076799,zp8,66,1
75431,CFG_773ac98270b6,zp8,66,1
75432,CFG_6caaadb373ea,zp8,66,1
75433,CFG_3a3d7179fe0d,zp8,66,1
75434,CFG_8bfc9d62299c,zp8,66,1
75435,CFG_d96b0c9e44d0,zp8,66,1
75436,CFG_5cd0c67d59bc,zp8,66,1
75437,CFG_8a51f93d684d,zp8,66,1
75438,CFG_1ec55dc0a2ff,zp8,66,1
75439,CFG_8bfc9d62299c,zp8,66,1
75440,CFG_b2a3cbb134c5,zp8,66,1
75441,CFG_b8e6a5652de1,zp8,66,1
75442,CFG_773ac98270b6,zp8,66,1
75443,CFG_b2a3cbb134c5,zp8,66,1
75444,CFG_532891bb36ca,zp8,66,1
75445,CFG_d96b0c9e44d0,zp8,66,1
75446,CFG_deda15f4c4a8,zp8,66,1
75447,CFG_d96b0c9e44d0,zp8,66,1
75448,CFG_7fa53b7ab3bf,zp8,66,1
75449,CFG_5514d03a77b0,zp8,66,1
75450,CFG_4cd2b98cde9e,zp8,66,1
75451,CFG_b2a3cbb134c5,zp8,66,1
75452,CFG_a34f76b67ef4,zp8,66,1
75453,CFG_deda15f4c4a8,zp8,66,1
75454,CFG_e3950fd94ca1,zp8,66,1
75455,CFG_1ec55dc0a2ff,zp8,66,1
75456,CFG_59f154754573,zp8,66,1
75457,CFG_9178f775d49a,zp8,66,1
75458,CFG_b04e3d146803,zp8,66,1
75459,CFG_1738a11cbd49,zp8,66,1
75460,CFG_3a3d7179fe0d,zp8,66,1
75461,CFG_939ca62c69c2,zp8,66,1
75462,CFG_8f2957e28805,zp8,66,1
75463,CFG_1738a11cbd49,zp8,66,1
75464,CFG_a1d878e7d840,zp8,66,1
75465,CFG_cf541d0f8a3a,zp8,66,1
75466,CFG_f18488ce1456,zp8,66,1
75467,CFG_939ca62c69c2,zp8,66,1
75468,CFG_2154b722e06b,zp8,66,1
75469,CFG_ffde3ea1b2e3,zp8,66,1
75470,CFG_dda2f907b868,zp8,66,1
75471,CFG_3a3d7179fe0d,zp8,66,1
75472,CFG_ffde3ea1b2e3,zp8,66,1
75473,CFG_36f82e31118f,zp8,66,1
75474,CFG_f18488ce1456,zp8,66,1
75475,CFG_532891bb36ca,zp8,66,1
75476,CFG_5cd0c67d59bc,zp8,66,1
75477,CFG_f18488ce1456,zp8,66,1
75478,CFG_ffde3ea1b2e3,zp8,66,1
75479,CFG_be784e24b621,zp8,66,1
75480,CFG_cf541d0f8a3a,zp8,66,1
75481,CFG_77c8b99b43d9,zp8,66,1
75482,CFG_3278d3379c8a,zp8,66,1
75483,CFG_9c659499047b,zp8,66,1
75484,CFG_f18488ce1456,zp8,66,1
75485,CFG_f993a0fc6256,zp8,66,1
75486,CFG_1ec55dc0a2ff,zp8,66,1
75487,CFG_1e693796a40d,zp8,66,1
75488,CFG_b8e6a5652de1,zp8,66,1
75489,CFG_5cd0c67d59bc,zp8,66,1
75490,CFG_9c659499047b,zp8,66,1
75491,CFG_5cd0c67d59bc,zp8,66,1
75492,CFG_36f82e31118f,zp8,66,1
75493,CFG_ceef49456daa,zp8,66,1
75494,CFG_67b539d34471,zp8,66,1
75495,CFG_b2a3cbb134c5,zp8,66,1
75496,CFG_727914633b9e,zp8,66,1
75497,CFG_1ec55dc0a2ff,zp8,66,1
75498,CFG_e1e6e0c66c93,zp8,66,1
75499,CFG_1d0f84c0bb06,zp8,66,1
75500,CFG_1738a11cbd49,zp8,66,1
75501,CFG_8bfc9d62299c,zp8,66,1
75502,CFG_ffde3ea1b2e3,zp8,66,1
75503,CFG_deda15f4c4a8,zp8,66,1
75504,CFG_9c659499047b,zp8,66,1
75505,CFG_cdb458536382,zp8,66,1
75506,CFG_dda2f907b868,zp8,66,1
75507,CFG_755205a28938,zp8,66,1
75508,CFG_6caaadb373ea,zp8,66,1
75509,CFG_29c3378e155b,zp8,66,1
75510,CFG_8a51f93d684d,zp8,66,1
75511,CFG_7155e4ee7bdf,zp8,66,1
75512,CFG_d0face5aa80d,zp8,66,1
75513,CFG_b2a3cbb134c5,zp8,66,1
75514,CFG_1e693796a40d,zp8,66,1
75515,CFG_939ca62c69c2,zp8,66,1
75516,CFG_1ec55dc0a2ff,zp8,66,1
75517,CFG_67b539d34471,zp8,66,1
75518,CFG_59f154754573,zp8,66,1
75519,CFG_17620e2785dc,zp8,66,1
75520,CFG_29c3378e155b,zp8,66,1
75521,CFG_b2a3cbb134c5,zp8,66,1
75522,CFG_36f82e31118f,zp8,66,1
75523,CFG_755205a28938,zp8,66,1
75524,CFG_e1e6e0c66c93,zp8,66,1
75525,CFG_ac213567a5a2,zp8,66,1
75526,CFG_773ac98270b6,zp8,66,1
75527,CFG_a34f76b67ef4,zp8,66,1
75528,CFG_deda15f4c4a8,zp8,66,1
75529,CFG_59f154754573,zp8,66,1
75530,CFG_1e693796a40d,zp8,66,1
75531,CFG_773ac98270b6,zp8,66,1
75532,CFG_59aede929579,zp8,66,1
75533,CFG_d0face5aa80d,zp8,66,1
75534,CFG_9c659499047b,zp8,66,1
75535,CFG_17620e2785dc,zp8,66,1
75536,CFG_17620e2785dc,zp8,66,1
75537,CFG_1738a11cbd49,zp8,66,1
75538,CFG_f18488ce1456,zp8,66,1
75539,CFG_59f154754573,zp8,66,1
75540,CFG_1ec55dc0a2ff,zp8,66,1
75541,CFG_be784e24b621,zp8,66,1
75542,CFG_be784e24b621,zp8,66,1
75543,CFG_be784e24b621,zp8,66,1
75544,CFG_8bfc9d62299c,zp8,66,1
75545,CFG_3a3d7179fe0d,zp8,66,1
75546,CFG_3278d3379c8a,zp8,66,1
75547,CFG_5cd0c67d59bc,zp8,66,1
75548,CFG_67b539d34471,zp8,66,1
75549,CFG_77c8b99b43d9,zp8,66,1
75550,CFG_3278d3379c8a,zp8,66,1
75551,CFG_3e489afc8bfd,zp8,66,1
75552,CFG_1ec55dc0a2ff,zp8,66,1
75553,CFG_1ec55dc0a2ff,zp8,66,1
75554,CFG_b2a3cbb134c5,zp8,66,1
75555,CFG_59aede929579,zp8,66,1
75556,CFG_710c47edfbc8,zp8,66,1
75557,CFG_a1d878e7d840,zp8,66,1
75558,CFG_b2a3cbb134c5,zp8,66,1
75559,CFG_2534839bab0a,zp8,66,1
75560,CFG_d39c77a1a4bf,zp8,66,1
75561,CFG_9178f775d49a,zp8,66,1
75562,CFG_cf541d0f8a3a,zp8,66,1
75563,CFG_be784e24b621,zp8,66,1
75564,CFG_5cd0c67d59bc,zp8,66,1
75565,CFG_b2a3cbb134c5,zp8,66,1
75566,CFG_67b539d34471,zp8,66,1
75567,CFG_b2a3cbb134c5,zp8,66,1
75568,CFG_802041076799,zp8,66,1
75569,CFG_2154b722e06b,zp8,66,1
75570,CFG_f18488ce1456,zp8,66,1
75571,CFG_7acc0fd451e2,zp8,66,1
75572,CFG_8a51f93d684d,zp8,66,1
75573,CFG_2154b722e06b,zp8,66,1
75574,CFG_de29bb20eaa6,zp8,66,1
75575,CFG_36f82e31118f,zp8,66,1
75576,CFG_755205a28938,zp8,66,1
75577,CFG_5cd0c67d59bc,zp8,66,1
75578,CFG_cf541d0f8a3a,zp8,66,1
75579,CFG_de29bb20eaa6,zp8,66,1
75580,CFG_deda15f4c4a8,zp8,66,1
75581,CFG_67b539d34471,zp8,66,1
75582,CFG_17620e2785dc,zp8,66,1
75583,CFG_59aede929579,zp8,66,1
75584,CFG_2154b722e06b,zp8,66,1
75585,CFG_d96b0c9e44d0,zp8,66,1
75586,CFG_67b539d34471,zp8,66,1
75587,CFG_b2a3cbb134c5,zp8,66,1
75588,CFG_b8e6a5652de1,zp8,66,1
75589,CFG_cf6528e23789,zp8,66,1
75590,CFG_3a3d7179fe0d,zp8,66,1
75591,CFG_1738a11cbd49,zp8,66,1
75592,CFG_8bfc9d62299c,zp8,66,1
75593,CFG_8a51f93d684d,zp8,66,1
75594,CFG_ac213567a5a2,zp8,66,1
75595,CFG_a1d878e7d840,zp8,66,1
75596,CFG_f18488ce1456,zp8,66,1
75597,CFG_8bfc9d62299c,zp8,66,1
75598,CFG_29c3378e155b,zp8,66,1
75599,CFG_17620e2785dc,zp8,66,1
75600,CFG_1ec55dc0a2ff,zp8,66,1
75601,CFG_cf541d0f8a3a,zp8,66,1
75602,CFG_939ca62c69c2,zp8,66,1
75603,CFG_17620e2785dc,zp8,66,1
75604,CFG_7cd4c6b023c5,zp8,66,1
75605,CFG_773ac98270b6,zp8,66,1
75606,CFG_be784e24b621,zp8,66,1
75607,CFG_9178f775d49a,zp8,66,1
75608,CFG_2154b722e06b,zp8,66,1
75609,CFG_65f78a36ed50,zp8,66,1
75610,CFG_773ac98270b6,zp8,66,1
75611,CFG_3697b100c401,zp8,66,1
75612,CFG_65f78a36ed50,zp8,66,1
75613,CFG_b04e3d146803,zp8,66,1
75614,CFG_9c659499047b,zp8,66,1
75615,CFG_67b539d34471,zp8,66,1
75616,CFG_f18488ce1456,zp8,66,1
75617,CFG_755205a28938,zp8,66,1
75618,CFG_b2a3cbb134c5,zp8,66,1
75619,CFG_637b6e72af93,zp8,66,1
75620,CFG_7fa53b7ab3bf,zp8,66,1
75621,CFG_3278d3379c8a,zp8,66,1
75622,CFG_9c659499047b,zp8,66,1
75623,CFG_f18488ce1456,zp8,66,1
75624,CFG_7cd4c6b023c5,zp8,66,1
75625,CFG_755205a28938,zp8,66,1
75626,CFG_8a51f93d684d,zp8,66,1
75627,CFG_8bfc9d62299c,zp8,66,1
75628,CFG_288ddbff7431,zp8,66,1
75629,CFG_5514d03a77b0,zp8,66,1
75630,CFG_67b539d34471,zp8,66,1
75631,CFG_d0face5aa80d,zp8,66,1
75632,CFG_8a51f93d684d,zp8,66,1
75633,CFG_29c3378e155b,zp8,66,1
75634,CFG_d96b0c9e44d0,zp8,66,1
75635,CFG_9178f775d49a,zp8,66,1
75636,CFG_f18488ce1456,zp8,66,1
75637,CFG_b2a3cbb134c5,zp8,66,1
75638,CFG_f18488ce1456,zp8,66,1
75639,CFG_773ac98270b6,zp8,66,1
75640,CFG_ac213567a5a2,zp8,66,1
75641,CFG_ffde3ea1b2e3,zp8,66,1
75642,CFG_be784e24b621,zp8,66,1
75643,CFG_d96b0c9e44d0,zp8,66,1
75644,CFG_773ac98270b6,zp8,66,1
75645,CFG_deda15f4c4a8,zp8,66,1
75646,CFG_2154b722e06b,zp8,66,1
75647,CFG_36f82e31118f,zp8,66,1
75648,CFG_3a3d7179fe0d,zp8,66,1
75649,CFG_727914633b9e,zp8,66,1
75650,CFG_532891bb36ca,zp8,66,1
75651,CFG_710c47edfbc8,zp8,66,1
75652,CFG_36f82e31118f,zp8,66,1
75653,CFG_5514d03a77b0,zp8,66,1
75654,CFG_deda15f4c4a8,zp8,66,1
75655,CFG_65f78a36ed50,zp8,66,1
75656,CFG_2154b722e06b,zp8,66,1
75657,CFG_cf541d0f8a3a,zp8,66,1
75658,CFG_9c659499047b,zp8,66,1
75659,CFG_e1e6e0c66c93,zp8,66,1
75660,CFG_5514d03a77b0,zp8,66,1
75661,CFG_dda2f907b868,zp8,66,1
75662,CFG_ac213567a5a2,zp8,66,1
75663,CFG_773ac98270b6,zp8,66,1
75664,CFG_8a51f93d684d,zp8,66,1
75665,CFG_1e693796a40d,zp8,66,1
75666,CFG_36f82e31118f,zp8,66,1
75667,CFG_d39c77a1a4bf,zp8,66,1
75668,CFG_755205a28938,zp8,66,1
75669,CFG_f18488ce1456,zp8,66,1
75670,CFG_a1d878e7d840,zp8,66,1
75671,CFG_b2a3cbb134c5,zp8,66,1
75672,CFG_e1e6e0c66c93,zp8,66,1
75673,CFG_3a3d7179fe0d,zp8,66,1
75674,CFG_8a51f93d684d,zp8,66,1
75675,CFG_ffde3ea1b2e3,zp8,66,1
75676,CFG_deda15f4c4a8,zp8,66,1
75677,CFG_cf541d0f8a3a,zp8,66,1
75678,CFG_802041076799,zp8,66,1
75679,CFG_5851809b712d,zp8,66,1
75680,CFG_d96b0c9e44d0,zp8,66,1
75681,CFG_cf541d0f8a3a,zp8,66,1
75682,CFG_c94b44f1b2f9,zp8,66,1
75683,CFG_d0face5aa80d,zp8,66,1
75684,CFG_b2a3cbb134c5,zp8,66,1
75685,CFG_288ddbff7431,zp8,66,1
75686,CFG_2154b722e06b,zp8,66,1
75687,CFG_59f154754573,zp8,66,1
75688,CFG_f993a0fc6256,zp8,66,1
75689,CFG_1ec55dc0a2ff,zp8,66,1
75690,CFG_be784e24b621,zp8,66,1
75691,CFG_1d1816b1d9d8,zp8,66,1
75692,CFG_deda15f4c4a8,zp8,66,1
75693,CFG_77c8b99b43d9,zp8,66,1
75694,CFG_9c659499047b,zp8,66,1
75695,CFG_1e693796a40d,zp8,66,1
75696,CFG_1ec55dc0a2ff,zp8,66,1
75697,CFG_727914633b9e,zp8,66,1
75698,CFG_b8e6a5652de1,zp8,66,1
75699,CFG_9c659499047b,zp8,66,1
75700,CFG_bbea204eb2ac,zp8,66,1
75701,CFG_939ca62c69c2,zp8,66,1
75702,CFG_de29bb20eaa6,zp8,66,1
75703,CFG_e1e6e0c66c93,zp8,66,1
75704,CFG_b2a3cbb134c5,zp8,66,1
75705,CFG_59f154754573,zp8,66,1
75706,CFG_2154b722e06b,zp8,66,1
75707,CFG_f18488ce1456,zp8,66,1
75708,CFG_d39c77a1a4bf,zp8,66,1
75709,CFG_acabbc62a021,zp8,66,1
75710,CFG_2154b722e06b,zp8,66,1
75711,CFG_7fa53b7ab3bf,zp8,66,1
75712,CFG_67b539d34471,zp8,66,1
75713,CFG_9c659499047b,zp8,66,1
75714,CFG_cf541d0f8a3a,zp8,66,1
75715,CFG_9c659499047b,zp8,66,1
75716,CFG_c94b44f1b2f9,zp8,66,1
75717,CFG_f18488ce1456,zp8,66,1
75718,CFG_17620e2785dc,zp8,66,1
75719,CFG_773ac98270b6,zp8,66,1
75720,CFG_710c47edfbc8,zp8,66,1
75721,CFG_8a51f93d684d,zp8,66,1
75722,CFG_939ca62c69c2,zp8,66,1
75723,CFG_9c659499047b,zp8,66,1
75724,CFG_755205a28938,zp8,66,1
75725,CFG_3a3d7179fe0d,zp8,66,1
75726,CFG_29c3378e155b,zp8,66,1
75727,CFG_b2a3cbb134c5,zp8,66,1
75728,CFG_f18488ce1456,zp8,66,1
75729,CFG_7acc0fd451e2,zp8,66,1
75730,CFG_1738a11cbd49,zp8,66,1
75731,CFG_9c659499047b,zp8,66,1
75732,CFG_773ac98270b6,zp8,66,1
75733,CFG_cf541d0f8a3a,zp8,66,1
75734,CFG_b8e6a5652de1,zp8,66,1
75735,CFG_8a51f93d684d,zp8,66,1
75736,CFG_710c47edfbc8,zp8,66,1
75737,CFG_d7aadf87f0b1,zp8,66,1
75738,CFG_67b539d34471,zp8,66,1
75739,CFG_a292c20a75fd,zp8,66,1
75740,CFG_b8e6a5652de1,zp8,66,1
75741,CFG_cf541d0f8a3a,zp8,66,1
75742,CFG_f18488ce1456,zp8,66,1
75743,CFG_f18488ce1456,zp8,66,1
75744,CFG_ffde3ea1b2e3,zp8,66,1
75745,CFG_c910518048de,zp8,66,1
75746,CFG_1ec55dc0a2ff,zp8,66,1
75747,CFG_be784e24b621,zp8,66,1
75748,CFG_1ec55dc0a2ff,zp8,66,1
75749,CFG_17620e2785dc,zp8,66,1
75750,CFG_67b539d34471,zp8,66,1
75751,CFG_773ac98270b6,zp8,66,1
75752,CFG_1d0f84c0bb06,zp8,66,1
75753,CFG_59f154754573,zp8,66,1
75754,CFG_727914633b9e,zp8,66,1
75755,CFG_f18488ce1456,zp8,66,1
75756,CFG_a1d878e7d840,zp8,66,1
75757,CFG_ffde3ea1b2e3,zp8,66,1
75758,CFG_67b539d34471,zp8,66,1
75759,CFG_e1e6e0c66c93,zp8,66,1
75760,CFG_36f82e31118f,zp8,66,1
75761,CFG_8a51f93d684d,zp8,66,1
75762,CFG_67b539d34471,zp8,66,1
75763,CFG_8a51f93d684d,zp8,66,1
75764,CFG_67b539d34471,zp8,66,1
75765,CFG_9178f775d49a,zp8,66,1
75766,CFG_4cd2b98cde9e,zp8,66,1
75767,CFG_2154b722e06b,zp8,66,1
75768,CFG_1ec55dc0a2ff,zp8,66,1
75769,CFG_b2a3cbb134c5,zp8,66,1
75770,CFG_67b539d34471,zp8,66,1
75771,CFG_f18488ce1456,zp8,66,1
75772,CFG_755205a28938,zp8,66,1
75773,CFG_b2a3cbb134c5,zp8,66,1
75774,CFG_be784e24b621,zp8,66,1
75775,CFG_36f82e31118f,zp8,66,1
75776,CFG_deda15f4c4a8,zp8,66,1
75777,CFG_e3950fd94ca1,zp8,66,1
75778,CFG_5cd0c67d59bc,zp8,66,1
75779,CFG_36f82e31118f,zp8,66,1
75780,CFG_67b539d34471,zp8,66,1
75781,CFG_cf6528e23789,zp8,66,1
75782,CFG_e3950fd94ca1,zp8,66,1
75783,CFG_2154b722e06b,zp8,66,1
75784,CFG_67b539d34471,zp8,66,1
75785,CFG_710c47edfbc8,zp8,66,1
75786,CFG_9c659499047b,zp8,66,1
75787,CFG_deda15f4c4a8,zp8,66,1
75788,CFG_77c8b99b43d9,zp8,66,1
75789,CFG_8a51f93d684d,zp8,66,1
75790,CFG_bbea204eb2ac,zp8,66,1
75791,CFG_b2a3cbb134c5,zp8,66,1
75792,CFG_b2a3cbb134c5,zp8,66,1
75793,CFG_6caaadb373ea,zp8,66,1
75794,CFG_2534839bab0a,zp8,66,1
75795,CFG_3a3d7179fe0d,zp8,66,1
75796,CFG_39fe645ba2f1,zp8,66,1
75797,CFG_773ac98270b6,zp8,66,1
75798,CFG_a34f76b67ef4,zp8,66,1
75799,CFG_532891bb36ca,zp8,66,1
75800,CFG_5531dad98c69,zp8,66,1
75801,CFG_f18488ce1456,zp8,66,1
75802,CFG_ffde3ea1b2e3,zp8,66,1
75803,CFG_deda15f4c4a8,zp8,66,1
75804,CFG_d96b0c9e44d0,zp8,66,1
75805,CFG_de29bb20eaa6,zp8,66,1
75806,CFG_d39c77a1a4bf,zp8,66,1
75807,CFG_b2a3cbb134c5,zp8,66,1
75808,CFG_36f82e31118f,zp8,66,1
75809,CFG_39fe645ba2f1,zp8,66,1
75810,CFG_17620e2785dc,zp8,66,1
75811,CFG_1738a11cbd49,zp8,66,1
75812,CFG_e1e6e0c66c93,zp8,66,1
75813,CFG_cc5bbb6e9d13,zp8,66,1
75814,CFG_9178f775d49a,zp8,66,1
75815,CFG_cc5bbb6e9d13,zp8,66,1
75816,CFG_f18488ce1456,zp8,66,1
75817,CFG_7155e4ee7bdf,zp8,66,1
75818,CFG_773ac98270b6,zp8,66,1
75819,CFG_17620e2785dc,zp8,66,1
75820,CFG_f993a0fc6256,zp8,66,1
75821,CFG_f18488ce1456,zp8,66,1
75822,CFG_29c3378e155b,zp8,66,1
75823,CFG_a1d878e7d840,zp8,66,1
75824,CFG_cf541d0f8a3a,zp8,66,1
75825,CFG_1ec55dc0a2ff,zp8,66,1
75826,CFG_67b539d34471,zp8,66,1
75827,CFG_288ddbff7431,zp8,66,1
75828,CFG_1ec55dc0a2ff,zp8,66,1
75829,CFG_3a3d7179fe0d,zp8,66,1
75830,CFG_c94b44f1b2f9,zp8,66,1
75831,CFG_8a51f93d684d,zp8,66,1
75832,CFG_1ec55dc0a2ff,zp8,66,1
75833,CFG_cf541d0f8a3a,zp8,66,1
75834,CFG_9c659499047b,zp8,66,1
75835,CFG_e3386d946379,zp8,66,1
75836,CFG_cc5bbb6e9d13,zp8,66,1
75837,CFG_f90a73d2a477,zp8,66,1
75838,CFG_5514d03a77b0,zp8,66,1
75839,CFG_b2a3cbb134c5,zp8,66,1
75840,CFG_8bfc9d62299c,zp8,66,1
75841,CFG_ceef49456daa,zp8,66,1
75842,CFG_db37bdfe8c71,zp8,66,1
75843,CFG_b04e3d146803,zp8,66,1
75844,CFG_29c3378e155b,zp8,66,1
75845,CFG_2154b722e06b,zp8,66,1
75846,CFG_b2a3cbb134c5,zp8,66,1
75847,CFG_710c47edfbc8,zp8,66,1
75848,CFG_802041076799,zp8,66,1
75849,CFG_5cd0c67d59bc,zp8,66,1
75850,CFG_9c659499047b,zp8,66,1
75851,CFG_727914633b9e,zp8,66,1
75852,CFG_59aede929579,zp8,66,1
75853,CFG_3a3d7179fe0d,zp8,66,1
75854,CFG_5cd0c67d59bc,zp8,66,1
75855,CFG_cf541d0f8a3a,zp8,66,1
75856,CFG_9178f775d49a,zp8,66,1
75857,CFG_710c47edfbc8,zp8,66,1
75858,CFG_755205a28938,zp8,66,1
75859,CFG_ac213567a5a2,zp8,66,1
75860,CFG_c910518048de,zp8,66,1
75861,CFG_be784e24b621,zp8,66,1
75862,CFG_9c659499047b,zp8,66,1
75863,CFG_275e4ca07248,zp8,66,1
75864,CFG_67b539d34471,zp8,66,1
75865,CFG_e3950fd94ca1,zp8,66,1
75866,CFG_d39c77a1a4bf,zp8,66,1
75867,CFG_a1d878e7d840,zp8,66,1
75868,CFG_bd6412fc68b0,zp8,66,1
75869,CFG_67b539d34471,zp8,66,1
75870,CFG_a34f76b67ef4,zp8,66,1
75871,CFG_d39c77a1a4bf,zp8,66,1
75872,CFG_f18488ce1456,zp8,66,1
75873,CFG_d39c77a1a4bf,zp8,66,1
75874,CFG_2534839bab0a,zp8,66,1
75875,CFG_b2a3cbb134c5,zp8,66,1
75876,CFG_b2a3cbb134c5,zp8,66,1
75877,CFG_2154b722e06b,zp8,66,1
75878,CFG_b2a3cbb134c5,zp8,66,1
75879,CFG_1ec55dc0a2ff,zp8,66,1
75880,CFG_d7aadf87f0b1,zp8,66,1
75881,CFG_36f82e31118f,zp8,66,1
75882,CFG_8bfc9d62299c,zp8,66,1
75883,CFG_9178f775d49a,zp8,66,1
75884,CFG_ffde3ea1b2e3,zp8,66,1
75885,CFG_8a51f93d684d,zp8,66,1
75886,CFG_8bfc9d62299c,zp8,66,1
75887,CFG_d96b0c9e44d0,zp8,66,1
75888,CFG_cf541d0f8a3a,zp8,66,1
75889,CFG_532891bb36ca,zp8,66,1
75890,CFG_f18488ce1456,zp8,66,1
75891,CFG_773ac98270b6,zp8,66,1
75892,CFG_b2a3cbb134c5,zp8,66,1
75893,CFG_b2a3cbb134c5,zp8,66,1
75894,CFG_1ec55dc0a2ff,zp8,66,1
75895,CFG_b2a3cbb134c5,zp8,66,1
75896,CFG_773ac98270b6,zp8,66,1
75897,CFG_67b539d34471,zp8,66,1
75898,CFG_710c47edfbc8,zp8,66,1
75899,CFG_e1e6e0c66c93,zp8,66,1
75900,CFG_773ac98270b6,zp8,66,1
75901,CFG_bd6412fc68b0,zp8,66,1
75902,CFG_6caaadb373ea,zp8,66,1
75903,CFG_29c3378e155b,zp8,66,1
75904,CFG_1e693796a40d,zp8,66,1
75905,CFG_17620e2785dc,zp8,66,1
75906,CFG_cf541d0f8a3a,zp8,66,1
75907,CFG_59f154754573,zp8,66,1
75908,CFG_d39c77a1a4bf,zp8,66,1
75909,CFG_17620e2785dc,zp8,66,1
75910,CFG_67b539d34471,zp8,66,1
75911,CFG_755205a28938,zp8,66,1
75912,CFG_8f2957e28805,zp8,66,1
75913,CFG_67b539d34471,zp8,66,1
75914,CFG_b2a3cbb134c5,zp8,66,1
75915,CFG_9c659499047b,zp8,66,1
75916,CFG_a34f76b67ef4,zp8,66,1
75917,CFG_f18488ce1456,zp8,66,1
75918,CFG_36f82e31118f,zp8,66,1
75919,CFG_275e4ca07248,zp8,66,1
75920,CFG_2154b722e06b,zp8,66,1
75921,CFG_5cd0c67d59bc,zp8,66,1
75922,CFG_8a51f93d684d,zp8,66,1
75923,CFG_77c8b99b43d9,zp8,66,1
75924,CFG_8a51f93d684d,zp8,66,1
75925,CFG_e1e6e0c66c93,zp8,66,1
75926,CFG_625048fefa0b,zp8,66,1
75927,CFG_deda15f4c4a8,zp8,66,1
75928,CFG_8bfc9d62299c,zp8,66,1
75929,CFG_a1d878e7d840,zp8,66,1
75930,CFG_f18488ce1456,zp8,66,1
75931,CFG_b2a3cbb134c5,zp8,66,1
75932,CFG_8a51f93d684d,zp8,66,1
75933,CFG_8a51f93d684d,zp8,66,1
75934,CFG_36f82e31118f,zp8,66,1
75935,CFG_5514d03a77b0,zp8,66,1
75936,CFG_9178f775d49a,zp8,66,1
75937,CFG_9178f775d49a,zp8,66,1
75938,CFG_39fe645ba2f1,zp8,66,1
75939,CFG_36f82e31118f,zp8,66,1
75940,CFG_cf541d0f8a3a,zp8,66,1
75941,CFG_f18488ce1456,zp8,66,1
75942,CFG_a1d878e7d840,zp8,66,1
75943,CFG_d96b0c9e44d0,zp8,66,1
75944,CFG_d39c77a1a4bf,zp8,66,1
75945,CFG_3278d3379c8a,zp8,66,1
75946,CFG_b2a3cbb134c5,zp8,66,1
75947,CFG_ffde3ea1b2e3,zp8,66,1
75948,CFG_288ddbff7431,zp8,66,1
75949,CFG_1ec55dc0a2ff,zp8,66,1
75950,CFG_17620e2785dc,zp8,66,1
75951,CFG_e3950fd94ca1,zp8,66,1
75952,CFG_e3950fd94ca1,zp8,66,1
75953,CFG_59f154754573,zp8,66,1
75954,CFG_be784e24b621,zp8,66,1
75955,CFG_77c8b99b43d9,zp8,66,1
75956,CFG_2154b722e06b,zp8,66,1
75957,CFG_29c3378e155b,zp8,66,1
75958,CFG_d96b0c9e44d0,zp8,66,1
75959,CFG_ffde3ea1b2e3,zp8,66,1
75960,CFG_8a51f93d684d,zp8,66,1
75961,CFG_77c8b99b43d9,zp8,66,1
75962,CFG_e3950fd94ca1,zp8,66,1
75963,CFG_8a51f93d684d,zp8,66,1
75964,CFG_e1e6e0c66c93,zp8,66,1
75965,CFG_de29bb20eaa6,zp8,66,1
75966,CFG_275e4ca07248,zp8,66,1
75967,CFG_8bfc9d62299c,zp8,66,1
75968,CFG_cf541d0f8a3a,zp8,66,1
75969,CFG_275e4ca07248,zp8,66,1
75970,CFG_cf541d0f8a3a,zp8,66,1
75971,CFG_3a3d7179fe0d,zp8,66,1
75972,CFG_29c3378e155b,zp8,66,1
75973,CFG_1738a11cbd49,zp8,66,1
75974,CFG_f90a73d2a477,zp8,66,1
75975,CFG_ffde3ea1b2e3,zp8,66,1
75976,CFG_6caaadb373ea,zp8,66,1
75977,CFG_ffde3ea1b2e3,zp8,66,1
75978,CFG_8a51f93d684d,zp8,66,1
75979,CFG_ceef49456daa,zp8,66,1
75980,CFG_755205a28938,zp8,66,1
75981,CFG_deda15f4c4a8,zp8,66,1
75982,CFG_d96b0c9e44d0,zp8,66,1
75983,CFG_8a51f93d684d,zp8,66,1
75984,CFG_8bfc9d62299c,zp8,66,1
75985,CFG_8a51f93d684d,zp8,66,1
75986,CFG_b8e6a5652de1,zp8,66,1
75987,CFG_deda15f4c4a8,zp8,66,1
75988,CFG_755205a28938,zp8,66,1
75989,CFG_2154b722e06b,zp8,66,1
75990,CFG_29c3378e155b,zp8,66,1
75991,CFG_b8e6a5652de1,zp8,66,1
75992,CFG_d39c77a1a4bf,zp8,66,1
75993,CFG_ffde3ea1b2e3,zp8,66,1
75994,CFG_59aede929579,zp8,66,1
75995,CFG_8a51f93d684d,zp8,66,1
75996,CFG_8a51f93d684d,zp8,66,1
75997,CFG_1ec55dc0a2ff,zp8,66,1
75998,CFG_f993a0fc6256,zp8,66,1
75999,CFG_deda15f4c4a8,zp8,66,1
76000,CFG_9178f775d49a,zp8,66,1
76001,CFG_710c47edfbc8,zp8,67,1
76002,CFG_be784e24b621,zp8,67,1
76003,CFG_17620e2785dc,zp8,67,1
76004,CFG_1ec55dc0a2ff,zp8,67,1
76005,CFG_d39c77a1a4bf,zp8,67,1
76006,CFG_59f154754573,zp8,67,1
76007,CFG_939ca62c69c2,zp8,67,1
76008,CFG_e3950fd94ca1,zp8,67,1
76009,CFG_1738a11cbd49,zp8,67,1
76010,CFG_532891bb36ca,zp8,67,1
76011,CFG_db37bdfe8c71,zp8,67,1
76012,CFG_4cd2b98cde9e,zp8,67,1
76013,CFG_8a51f93d684d,zp8,67,1
76014,CFG_a34f76b67ef4,zp8,67,1
76015,CFG_3a3d7179fe0d,zp8,67,1
76016,CFG_773ac98270b6,zp8,67,1
76017,CFG_d96b0c9e44d0,zp8,67,1
76018,CFG_d96b0c9e44d0,zp8,67,1
76019,CFG_e1e6e0c66c93,zp8,67,1
76020,CFG_9178f775d49a,zp8,67,1
76021,CFG_deda15f4c4a8,zp8,67,1
76022,CFG_773ac98270b6,zp8,67,1
76023,CFG_deda15f4c4a8,zp8,67,1
76024,CFG_cf541d0f8a3a,zp8,67,1
76025,CFG_77c8b99b43d9,zp8,67,1
76026,CFG_67b539d34471,zp8,67,1
76027,CFG_77c8b99b43d9,zp8,67,1
76028,CFG_77c8b99b43d9,zp8,67,1
76029,CFG_29c3378e155b,zp8,67,1
76030,CFG_755205a28938,zp8,67,1
76031,CFG_77c8b99b43d9,zp8,67,1
76032,CFG_bd6412fc68b0,zp8,67,1
76033,CFG_67b539d34471,zp8,67,1
76034,CFG_8bfc9d62299c,zp8,67,1
76035,CFG_77c8b99b43d9,zp8,67,1
76036,CFG_ffde3ea1b2e3,zp8,67,1
76037,CFG_77c8b99b43d9,zp8,67,1
76038,CFG_67b539d34471,zp8,67,1
76039,CFG_c94b44f1b2f9,zp8,67,1
76040,CFG_755205a28938,zp8,67,1
76041,CFG_ac213567a5a2,zp8,67,1
76042,CFG_77c8b99b43d9,zp8,67,1
76043,CFG_77c8b99b43d9,zp8,67,1
76044,CFG_77c8b99b43d9,zp8,67,1
76045,CFG_77c8b99b43d9,zp8,67,1
76046,CFG_77c8b99b43d9,zp8,67,1
76047,CFG_a34f76b67ef4,zp8,67,1
76048,CFG_77c8b99b43d9,zp8,67,1
76049,CFG_1738a11cbd49,zp8,67,1
76050,CFG_77c8b99b43d9,zp8,67,1
76051,CFG_67b539d34471,zp8,67,1
76052,CFG_77c8b99b43d9,zp8,67,1
76053,CFG_77c8b99b43d9,zp8,67,1
76054,CFG_29c3378e155b,zp8,67,1
76055,CFG_755205a28938,zp8,67,1
76056,CFG_77c8b99b43d9,zp8,67,1
76057,CFG_bd6412fc68b0,zp8,67,1
76058,CFG_67b539d34471,zp8,67,1
76059,CFG_8bfc9d62299c,zp8,67,1
76060,CFG_77c8b99b43d9,zp8,67,1
76061,CFG_ffde3ea1b2e3,zp8,67,1
76062,CFG_77c8b99b43d9,zp8,67,1
76063,CFG_d96b0c9e44d0,zp8,67,1
76064,CFG_cf541d0f8a3a,zp8,67,1
76065,CFG_f18488ce1456,zp8,67,1
76066,CFG_67b539d34471,zp8,67,1
76067,CFG_5514d03a77b0,zp8,67,1
76068,CFG_a34f76b67ef4,zp8,67,1
76069,CFG_f18488ce1456,zp8,67,1
76070,CFG_1d0f84c0bb06,zp8,67,1
76071,CFG_1ec55dc0a2ff,zp8,67,1
76072,CFG_29c3378e155b,zp8,67,1
76073,CFG_f18488ce1456,zp8,67,1
76074,CFG_773ac98270b6,zp8,67,1
76075,CFG_77c8b99b43d9,zp8,67,1
76076,CFG_77c8b99b43d9,zp8,67,1
76077,CFG_77c8b99b43d9,zp8,67,1
76078,CFG_77c8b99b43d9,zp8,67,1
76079,CFG_77c8b99b43d9,zp8,67,1
76080,CFG_a34f76b67ef4,zp8,67,1
76081,CFG_77c8b99b43d9,zp8,67,1
76082,CFG_1738a11cbd49,zp8,67,1
76083,CFG_77c8b99b43d9,zp8,67,1
76084,CFG_67b539d34471,zp8,67,1
76085,CFG_77c8b99b43d9,zp8,67,1
76086,CFG_77c8b99b43d9,zp8,67,1
76087,CFG_29c3378e155b,zp8,67,1
76088,CFG_755205a28938,zp8,67,1
76089,CFG_77c8b99b43d9,zp8,67,1
76090,CFG_bd6412fc68b0,zp8,67,1
76091,CFG_67b539d34471,zp8,67,1
76092,CFG_8bfc9d62299c,zp8,67,1
76093,CFG_77c8b99b43d9,zp8,67,1
76094,CFG_ffde3ea1b2e3,zp8,67,1
76095,CFG_77c8b99b43d9,zp8,67,1
76096,CFG_67b539d34471,zp8,67,1
76097,CFG_c94b44f1b2f9,zp8,67,1
76098,CFG_755205a28938,zp8,67,1
76099,CFG_ac213567a5a2,zp8,67,1
76100,CFG_77c8b99b43d9,zp8,67,1
76101,CFG_77c8b99b43d9,zp8,67,1
76102,CFG_77c8b99b43d9,zp8,67,1
76103,CFG_77c8b99b43d9,zp8,67,1
76104,CFG_77c8b99b43d9,zp8,67,1
76105,CFG_a34f76b67ef4,zp8,67,1
76106,CFG_77c8b99b43d9,zp8,67,1
76107,CFG_1738a11cbd49,zp8,67,1
76108,CFG_77c8b99b43d9,zp8,67,1
76109,CFG_67b539d34471,zp8,67,1
76110,CFG_77c8b99b43d9,zp8,67,1
76111,CFG_77c8b99b43d9,zp8,67,1
76112,CFG_29c3378e155b,zp8,67,1
76113,CFG_755205a28938,zp8,67,1
76114,CFG_77c8b99b43d9,zp8,67,1
76115,CFG_bd6412fc68b0,zp8,67,1
76116,CFG_67b539d34471,zp8,67,1
76117,CFG_8bfc9d62299c,zp8,67,1
76118,CFG_77c8b99b43d9,zp8,67,1
76119,CFG_ffde3ea1b2e3,zp8,67,1
76120,CFG_77c8b99b43d9,zp8,67,1
76121,CFG_d39c77a1a4bf,zp8,67,1
76122,CFG_773ac98270b6,zp8,67,1
76123,CFG_f18488ce1456,zp8,67,1
76124,CFG_deda15f4c4a8,zp8,67,1
76125,CFG_e87513c8563d,zp8,67,1
76126,CFG_39fe645ba2f1,zp8,67,1
76127,CFG_9178f775d49a,zp8,67,1
76128,CFG_77c8b99b43d9,zp8,67,1
76129,CFG_77c8b99b43d9,zp8,67,1
76130,CFG_77c8b99b43d9,zp8,67,1
76131,CFG_77c8b99b43d9,zp8,67,1
76132,CFG_77c8b99b43d9,zp8,67,1
76133,CFG_a34f76b67ef4,zp8,67,1
76134,CFG_77c8b99b43d9,zp8,67,1
76135,CFG_1738a11cbd49,zp8,67,1
76136,CFG_77c8b99b43d9,zp8,67,1
76137,CFG_67b539d34471,zp8,67,1
76138,CFG_77c8b99b43d9,zp8,67,1
76139,CFG_77c8b99b43d9,zp8,67,1
76140,CFG_29c3378e155b,zp8,67,1
76141,CFG_755205a28938,zp8,67,1
76142,CFG_77c8b99b43d9,zp8,67,1
76143,CFG_bd6412fc68b0,zp8,67,1
76144,CFG_67b539d34471,zp8,67,1
76145,CFG_8bfc9d62299c,zp8,67,1
76146,CFG_77c8b99b43d9,zp8,67,1
76147,CFG_ffde3ea1b2e3,zp8,67,1
76148,CFG_77c8b99b43d9,zp8,67,1
76149,CFG_67b539d34471,zp8,67,1
76150,CFG_c94b44f1b2f9,zp8,67,1
76151,CFG_755205a28938,zp8,67,1
76152,CFG_ac213567a5a2,zp8,67,1
76153,CFG_77c8b99b43d9,zp8,67,1
76154,CFG_77c8b99b43d9,zp8,67,1
76155,CFG_77c8b99b43d9,zp8,67,1
76156,CFG_77c8b99b43d9,zp8,67,1
76157,CFG_77c8b99b43d9,zp8,67,1
76158,CFG_a34f76b67ef4,zp8,67,1
76159,CFG_77c8b99b43d9,zp8,67,1
76160,CFG_1738a11cbd49,zp8,67,1
76161,CFG_77c8b99b43d9,zp8,67,1
76162,CFG_67b539d34471,zp8,67,1
76163,CFG_77c8b99b43d9,zp8,67,1
76164,CFG_77c8b99b43d9,zp8,67,1
76165,CFG_29c3378e155b,zp8,67,1
76166,CFG_755205a28938,zp8,67,1
76167,CFG_77c8b99b43d9,zp8,67,1
76168,CFG_bd6412fc68b0,zp8,67,1
76169,CFG_67b539d34471,zp8,67,1
76170,CFG_8bfc9d62299c,zp8,67,1
76171,CFG_77c8b99b43d9,zp8,67,1
76172,CFG_ffde3ea1b2e3,zp8,67,1
76173,CFG_77c8b99b43d9,zp8,67,1
76174,CFG_ac213567a5a2,zp8,67,1
76175,CFG_be784e24b621,zp8,67,1
76176,CFG_59f154754573,zp8,67,1
76177,CFG_a292c20a75fd,zp8,67,1
76178,CFG_710c47edfbc8,zp8,67,1
76179,CFG_e3950fd94ca1,zp8,67,1
76180,CFG_1738a11cbd49,zp8,67,1
76181,CFG_1ec55dc0a2ff,zp8,67,1
76182,CFG_1ec55dc0a2ff,zp8,67,1
76183,CFG_f18488ce1456,zp8,67,1
76184,CFG_f18488ce1456,zp8,67,1
76185,CFG_deda15f4c4a8,zp8,67,1
76186,CFG_db37bdfe8c71,zp8,67,1
76187,CFG_5514d03a77b0,zp8,67,1
76188,CFG_b2a3cbb134c5,zp8,67,1
76189,CFG_67b539d34471,zp8,67,1
76190,CFG_9178f775d49a,zp8,67,1
76191,CFG_b2a3cbb134c5,zp8,67,1
76192,CFG_939ca62c69c2,zp8,67,1
76193,CFG_532891bb36ca,zp8,67,1
76194,CFG_9c659499047b,zp8,67,1
76195,CFG_bbea204eb2ac,zp8,67,1
76196,CFG_17620e2785dc,zp8,67,1
76197,CFG_77c8b99b43d9,zp8,67,1
76198,CFG_77c8b99b43d9,zp8,67,1
76199,CFG_77c8b99b43d9,zp8,67,1
76200,CFG_77c8b99b43d9,zp8,67,1
76201,CFG_77c8b99b43d9,zp8,67,1
76202,CFG_a34f76b67ef4,zp8,67,1
76203,CFG_77c8b99b43d9,zp8,67,1
76204,CFG_1738a11cbd49,zp8,67,1
76205,CFG_77c8b99b43d9,zp8,67,1
76206,CFG_67b539d34471,zp8,67,1
76207,CFG_77c8b99b43d9,zp8,67,1
76208,CFG_77c8b99b43d9,zp8,67,1
76209,CFG_29c3378e155b,zp8,67,1
76210,CFG_755205a28938,zp8,67,1
76211,CFG_77c8b99b43d9,zp8,67,1
76212,CFG_bd6412fc68b0,zp8,67,1
76213,CFG_67b539d34471,zp8,67,1
76214,CFG_8bfc9d62299c,zp8,67,1
76215,CFG_77c8b99b43d9,zp8,67,1
76216,CFG_ffde3ea1b2e3,zp8,67,1
76217,CFG_77c8b99b43d9,zp8,67,1
76218,CFG_67b539d34471,zp8,67,1
76219,CFG_c94b44f1b2f9,zp8,67,1
76220,CFG_755205a28938,zp8,67,1
76221,CFG_ac213567a5a2,zp8,67,1
76222,CFG_77c8b99b43d9,zp8,67,1
76223,CFG_77c8b99b43d9,zp8,67,1
76224,CFG_77c8b99b43d9,zp8,67,1
76225,CFG_77c8b99b43d9,zp8,67,1
76226,CFG_77c8b99b43d9,zp8,67,1
76227,CFG_a34f76b67ef4,zp8,67,1
76228,CFG_77c8b99b43d9,zp8,67,1
76229,CFG_1738a11cbd49,zp8,67,1
76230,CFG_77c8b99b43d9,zp8,67,1
76231,CFG_67b539d34471,zp8,67,1
76232,CFG_77c8b99b43d9,zp8,67,1
76233,CFG_77c8b99b43d9,zp8,67,1
76234,CFG_29c3378e155b,zp8,67,1
76235,CFG_755205a28938,zp8,67,1
76236,CFG_77c8b99b43d9,zp8,67,1
76237,CFG_bd6412fc68b0,zp8,67,1
76238,CFG_67b539d34471,zp8,67,1
76239,CFG_8bfc9d62299c,zp8,67,1
76240,CFG_77c8b99b43d9,zp8,67,1
76241,CFG_ffde3ea1b2e3,zp8,67,1
76242,CFG_77c8b99b43d9,zp8,67,1
76243,CFG_d96b0c9e44d0,zp8,67,1
76244,CFG_cf541d0f8a3a,zp8,67,1
76245,CFG_f18488ce1456,zp8,67,1
76246,CFG_67b539d34471,zp8,67,1
76247,CFG_5514d03a77b0,zp8,67,1
76248,CFG_a34f76b67ef4,zp8,67,1
76249,CFG_f18488ce1456,zp8,67,1
76250,CFG_1d0f84c0bb06,zp8,67,1
76251,CFG_1ec55dc0a2ff,zp8,67,1
76252,CFG_29c3378e155b,zp8,67,1
76253,CFG_f18488ce1456,zp8,67,1
76254,CFG_773ac98270b6,zp8,67,1
76255,CFG_77c8b99b43d9,zp8,67,1
76256,CFG_77c8b99b43d9,zp8,67,1
76257,CFG_77c8b99b43d9,zp8,67,1
76258,CFG_77c8b99b43d9,zp8,67,1
76259,CFG_77c8b99b43d9,zp8,67,1
76260,CFG_a34f76b67ef4,zp8,67,1
76261,CFG_77c8b99b43d9,zp8,67,1
76262,CFG_1738a11cbd49,zp8,67,1
76263,CFG_77c8b99b43d9,zp8,67,1
76264,CFG_67b539d34471,zp8,67,1
76265,CFG_77c8b99b43d9,zp8,67,1
76266,CFG_77c8b99b43d9,zp8,67,1
76267,CFG_29c3378e155b,zp8,67,1
76268,CFG_755205a28938,zp8,67,1
76269,CFG_77c8b99b43d9,zp8,67,1
76270,CFG_bd6412fc68b0,zp8,67,1
76271,CFG_67b539d34471,zp8,67,1
76272,CFG_8bfc9d62299c,zp8,67,1
76273,CFG_77c8b99b43d9,zp8,67,1
76274,CFG_ffde3ea1b2e3,zp8,67,1
76275,CFG_77c8b99b43d9,zp8,67,1
76276,CFG_67b539d34471,zp8,67,1
76277,CFG_c94b44f1b2f9,zp8,67,1
76278,CFG_755205a28938,zp8,67,1
76279,CFG_ac213567a5a2,zp8,67,1
76280,CFG_77c8b99b43d9,zp8,67,1
76281,CFG_77c8b99b43d9,zp8,67,1
76282,CFG_77c8b99b43d9,zp8,67,1
76283,CFG_77c8b99b43d9,zp8,67,1
76284,CFG_77c8b99b43d9,zp8,67,1
76285,CFG_a34f76b67ef4,zp8,67,1
76286,CFG_77c8b99b43d9,zp8,67,1
76287,CFG_1738a11cbd49,zp8,67,1
76288,CFG_77c8b99b43d9,zp8,67,1
76289,CFG_67b539d34471,zp8,67,1
76290,CFG_77c8b99b43d9,zp8,67,1
76291,CFG_77c8b99b43d9,zp8,67,1
76292,CFG_29c3378e155b,zp8,67,1
76293,CFG_755205a28938,zp8,67,1
76294,CFG_77c8b99b43d9,zp8,67,1
76295,CFG_bd6412fc68b0,zp8,67,1
76296,CFG_67b539d34471,zp8,67,1
76297,CFG_8bfc9d62299c,zp8,67,1
76298,CFG_77c8b99b43d9,zp8,67,1
76299,CFG_ffde3ea1b2e3,zp8,67,1
76300,CFG_77c8b99b43d9,zp8,67,1
76301,CFG_d39c77a1a4bf,zp8,67,1
76302,CFG_773ac98270b6,zp8,67,1
76303,CFG_f18488ce1456,zp8,67,1
76304,CFG_deda15f4c4a8,zp8,67,1
76305,CFG_e87513c8563d,zp8,67,1
76306,CFG_39fe645ba2f1,zp8,67,1
76307,CFG_9178f775d49a,zp8,67,1
76308,CFG_77c8b99b43d9,zp8,67,1
76309,CFG_77c8b99b43d9,zp8,67,1
76310,CFG_77c8b99b43d9,zp8,67,1
76311,CFG_77c8b99b43d9,zp8,67,1
76312,CFG_77c8b99b43d9,zp8,67,1
76313,CFG_a34f76b67ef4,zp8,67,1
76314,CFG_77c8b99b43d9,zp8,67,1
76315,CFG_1738a11cbd49,zp8,67,1
76316,CFG_77c8b99b43d9,zp8,67,1
76317,CFG_67b539d34471,zp8,67,1
76318,CFG_77c8b99b43d9,zp8,67,1
76319,CFG_77c8b99b43d9,zp8,67,1
76320,CFG_29c3378e155b,zp8,67,1
76321,CFG_755205a28938,zp8,67,1
76322,CFG_77c8b99b43d9,zp8,67,1
76323,CFG_bd6412fc68b0,zp8,67,1
76324,CFG_67b539d34471,zp8,67,1
76325,CFG_8bfc9d62299c,zp8,67,1
76326,CFG_77c8b99b43d9,zp8,67,1
76327,CFG_ffde3ea1b2e3,zp8,67,1
76328,CFG_77c8b99b43d9,zp8,67,1
76329,CFG_67b539d34471,zp8,67,1
76330,CFG_c94b44f1b2f9,zp8,67,1
76331,CFG_755205a28938,zp8,67,1
76332,CFG_ac213567a5a2,zp8,67,1
76333,CFG_77c8b99b43d9,zp8,67,1
76334,CFG_77c8b99b43d9,zp8,67,1
76335,CFG_77c8b99b43d9,zp8,67,1
76336,CFG_77c8b99b43d9,zp8,67,1
76337,CFG_77c8b99b43d9,zp8,67,1
76338,CFG_a34f76b67ef4,zp8,67,1
76339,CFG_77c8b99b43d9,zp8,67,1
76340,CFG_1738a11cbd49,zp8,67,1
76341,CFG_77c8b99b43d9,zp8,67,1
76342,CFG_67b539d34471,zp8,67,1
76343,CFG_77c8b99b43d9,zp8,67,1
76344,CFG_77c8b99b43d9,zp8,67,1
76345,CFG_29c3378e155b,zp8,67,1
76346,CFG_755205a28938,zp8,67,1
76347,CFG_77c8b99b43d9,zp8,67,1
76348,CFG_bd6412fc68b0,zp8,67,1
76349,CFG_67b539d34471,zp8,67,1
76350,CFG_8bfc9d62299c,zp8,67,1
76351,CFG_77c8b99b43d9,zp8,67,1
76352,CFG_ffde3ea1b2e3,zp8,67,1
76353,CFG_77c8b99b43d9,zp8,67,1
76354,CFG_bbea204eb2ac,zp8,67,1
76355,CFG_f18488ce1456,zp8,67,1
76356,CFG_36f82e31118f,zp8,67,1
76357,CFG_8bfc9d62299c,zp8,67,1
76358,CFG_8bfc9d62299c,zp8,67,1
76359,CFG_7cd4c6b023c5,zp8,67,1
76360,CFG_be784e24b621,zp8,67,1
76361,CFG_67b539d34471,zp8,67,1
76362,CFG_17620e2785dc,zp8,67,1
76363,CFG_275e4ca07248,zp8,67,1
76364,CFG_b2a3cbb134c5,zp8,67,1
76365,CFG_36f82e31118f,zp8,67,1
76366,CFG_1738a11cbd49,zp8,67,1
76367,CFG_5cd0c67d59bc,zp8,67,1
76368,CFG_3a3d7179fe0d,zp8,67,1
76369,CFG_939ca62c69c2,zp8,67,1
76370,CFG_755205a28938,zp8,67,1
76371,CFG_b2a3cbb134c5,zp8,67,1
76372,CFG_275e4ca07248,zp8,67,1
76373,CFG_f993a0fc6256,zp8,67,1
76374,CFG_939ca62c69c2,zp8,67,1
76375,CFG_5514d03a77b0,zp8,67,1
76376,CFG_f18488ce1456,zp8,67,1
76377,CFG_e3950fd94ca1,zp8,67,1
76378,CFG_8a51f93d684d,zp8,67,1
76379,CFG_7155e4ee7bdf,zp8,67,1
76380,CFG_1ec55dc0a2ff,zp8,67,1
76381,CFG_29c3378e155b,zp8,67,1
76382,CFG_3a3d7179fe0d,zp8,67,1
76383,CFG_67b539d34471,zp8,67,1
76384,CFG_b2a3cbb134c5,zp8,67,1
76385,CFG_532891bb36ca,zp8,67,1
76386,CFG_be784e24b621,zp8,67,1
76387,CFG_3e489afc8bfd,zp8,67,1
76388,CFG_b2a3cbb134c5,zp8,67,1
76389,CFG_b8e6a5652de1,zp8,67,1
76390,CFG_b0eabb76b70f,zp8,67,1
76391,CFG_36f82e31118f,zp8,67,1
76392,CFG_d96b0c9e44d0,zp8,67,1
76393,CFG_de29bb20eaa6,zp8,67,1
76394,CFG_b2a3cbb134c5,zp8,67,1
76395,CFG_dda2f907b868,zp8,67,1
76396,CFG_9c659499047b,zp8,67,1
76397,CFG_67b539d34471,zp8,67,1
76398,CFG_b04e3d146803,zp8,67,1
76399,CFG_e1e6e0c66c93,zp8,67,1
76400,CFG_deda15f4c4a8,zp8,67,1
76401,CFG_939ca62c69c2,zp8,67,1
76402,CFG_112bf773e97d,zp8,67,1
76403,CFG_3a3d7179fe0d,zp8,67,1
76404,CFG_773ac98270b6,zp8,67,1
76405,CFG_1ec55dc0a2ff,zp8,67,1
76406,CFG_5514d03a77b0,zp8,67,1
76407,CFG_6caaadb373ea,zp8,67,1
76408,CFG_710c47edfbc8,zp8,67,1
76409,CFG_b2a3cbb134c5,zp8,67,1
76410,CFG_2154b722e06b,zp8,67,1
76411,CFG_d96b0c9e44d0,zp8,67,1
76412,CFG_17620e2785dc,zp8,67,1
76413,CFG_e3386d946379,zp8,67,1
76414,CFG_be784e24b621,zp8,67,1
76415,CFG_deda15f4c4a8,zp8,67,1
76416,CFG_cf541d0f8a3a,zp8,67,1
76417,CFG_ffde3ea1b2e3,zp8,67,1
76418,CFG_59f154754573,zp8,67,1
76419,CFG_ffde3ea1b2e3,zp8,67,1
76420,CFG_99b4d8a9c762,zp8,67,1
76421,CFG_5be0533f7ebf,zp8,67,1
76422,CFG_d96b0c9e44d0,zp8,67,1
76423,CFG_be784e24b621,zp8,67,1
76424,CFG_be784e24b621,zp8,67,1
76425,CFG_5cd0c67d59bc,zp8,67,1
76426,CFG_3a3d7179fe0d,zp8,67,1
76427,CFG_2154b722e06b,zp8,67,1
76428,CFG_d96b0c9e44d0,zp8,67,1
76429,CFG_67b539d34471,zp8,67,1
76430,CFG_77c8b99b43d9,zp8,67,1
76431,CFG_77c8b99b43d9,zp8,67,1
76432,CFG_77c8b99b43d9,zp8,67,1
76433,CFG_77c8b99b43d9,zp8,67,1
76434,CFG_77c8b99b43d9,zp8,67,1
76435,CFG_a34f76b67ef4,zp8,67,1
76436,CFG_77c8b99b43d9,zp8,67,1
76437,CFG_1738a11cbd49,zp8,67,1
76438,CFG_77c8b99b43d9,zp8,67,1
76439,CFG_67b539d34471,zp8,67,1
76440,CFG_77c8b99b43d9,zp8,67,1
76441,CFG_77c8b99b43d9,zp8,67,1
76442,CFG_29c3378e155b,zp8,67,1
76443,CFG_755205a28938,zp8,67,1
76444,CFG_77c8b99b43d9,zp8,67,1
76445,CFG_bd6412fc68b0,zp8,67,1
76446,CFG_67b539d34471,zp8,67,1
76447,CFG_8bfc9d62299c,zp8,67,1
76448,CFG_77c8b99b43d9,zp8,67,1
76449,CFG_ffde3ea1b2e3,zp8,67,1
76450,CFG_77c8b99b43d9,zp8,67,1
76451,CFG_67b539d34471,zp8,67,1
76452,CFG_c94b44f1b2f9,zp8,67,1
76453,CFG_755205a28938,zp8,67,1
76454,CFG_ac213567a5a2,zp8,67,1
76455,CFG_77c8b99b43d9,zp8,67,1
76456,CFG_77c8b99b43d9,zp8,67,1
76457,CFG_77c8b99b43d9,zp8,67,1
76458,CFG_77c8b99b43d9,zp8,67,1
76459,CFG_77c8b99b43d9,zp8,67,1
76460,CFG_a34f76b67ef4,zp8,67,1
76461,CFG_77c8b99b43d9,zp8,67,1
76462,CFG_1738a11cbd49,zp8,67,1
76463,CFG_77c8b99b43d9,zp8,67,1
76464,CFG_67b539d34471,zp8,67,1
76465,CFG_77c8b99b43d9,zp8,67,1
76466,CFG_77c8b99b43d9,zp8,67,1
76467,CFG_29c3378e155b,zp8,67,1
76468,CFG_755205a28938,zp8,67,1
76469,CFG_77c8b99b43d9,zp8,67,1
76470,CFG_bd6412fc68b0,zp8,67,1
76471,CFG_67b539d34471,zp8,67,1
76472,CFG_8bfc9d62299c,zp8,67,1
76473,CFG_77c8b99b43d9,zp8,67,1
76474,CFG_ffde3ea1b2e3,zp8,67,1
76475,CFG_77c8b99b43d9,zp8,67,1
76476,CFG_d96b0c9e44d0,zp8,67,1
76477,CFG_cf541d0f8a3a,zp8,67,1
76478,CFG_f18488ce1456,zp8,67,1
76479,CFG_67b539d34471,zp8,67,1
76480,CFG_5514d03a77b0,zp8,67,1
76481,CFG_a34f76b67ef4,zp8,67,1
76482,CFG_f18488ce1456,zp8,67,1
76483,CFG_1d0f84c0bb06,zp8,67,1
76484,CFG_1ec55dc0a2ff,zp8,67,1
76485,CFG_29c3378e155b,zp8,67,1
76486,CFG_f18488ce1456,zp8,67,1
76487,CFG_773ac98270b6,zp8,67,1
76488,CFG_77c8b99b43d9,zp8,67,1
76489,CFG_77c8b99b43d9,zp8,67,1
76490,CFG_77c8b99b43d9,zp8,67,1
76491,CFG_77c8b99b43d9,zp8,67,1
76492,CFG_77c8b99b43d9,zp8,67,1
76493,CFG_a34f76b67ef4,zp8,67,1
76494,CFG_77c8b99b43d9,zp8,67,1
76495,CFG_1738a11cbd49,zp8,67,1
76496,CFG_77c8b99b43d9,zp8,67,1
76497,CFG_67b539d34471,zp8,67,1
76498,CFG_77c8b99b43d9,zp8,67,1
76499,CFG_77c8b99b43d9,zp8,67,1
76500,CFG_29c3378e155b,zp8,67,1
76501,CFG_755205a28938,zp8,67,1
76502,CFG_77c8b99b43d9,zp8,67,1
76503,CFG_bd6412fc68b0,zp8,67,1
76504,CFG_67b539d34471,zp8,67,1
76505,CFG_8bfc9d62299c,zp8,67,1
76506,CFG_77c8b99b43d9,zp8,67,1
76507,CFG_ffde3ea1b2e3,zp8,67,1
76508,CFG_77c8b99b43d9,zp8,67,1
76509,CFG_67b539d34471,zp8,67,1
76510,CFG_c94b44f1b2f9,zp8,67,1
76511,CFG_755205a28938,zp8,67,1
76512,CFG_ac213567a5a2,zp8,67,1
76513,CFG_77c8b99b43d9,zp8,67,1
76514,CFG_77c8b99b43d9,zp8,67,1
76515,CFG_77c8b99b43d9,zp8,67,1
76516,CFG_77c8b99b43d9,zp8,67,1
76517,CFG_77c8b99b43d9,zp8,67,1
76518,CFG_a34f76b67ef4,zp8,67,1
76519,CFG_77c8b99b43d9,zp8,67,1
76520,CFG_1738a11cbd49,zp8,67,1
76521,CFG_77c8b99b43d9,zp8,67,1
76522,CFG_67b539d34471,zp8,67,1
76523,CFG_77c8b99b43d9,zp8,67,1
76524,CFG_77c8b99b43d9,zp8,67,1
76525,CFG_29c3378e155b,zp8,67,1
76526,CFG_755205a28938,zp8,67,1
76527,CFG_77c8b99b43d9,zp8,67,1
76528,CFG_bd6412fc68b0,zp8,67,1
76529,CFG_67b539d34471,zp8,67,1
76530,CFG_8bfc9d62299c,zp8,67,1
76531,CFG_77c8b99b43d9,zp8,67,1
76532,CFG_ffde3ea1b2e3,zp8,67,1
76533,CFG_77c8b99b43d9,zp8,67,1
76534,CFG_d39c77a1a4bf,zp8,67,1
76535,CFG_773ac98270b6,zp8,67,1
76536,CFG_f18488ce1456,zp8,67,1
76537,CFG_deda15f4c4a8,zp8,67,1
76538,CFG_e87513c8563d,zp8,67,1
76539,CFG_39fe645ba2f1,zp8,67,1
76540,CFG_9178f775d49a,zp8,67,1
76541,CFG_77c8b99b43d9,zp8,67,1
76542,CFG_77c8b99b43d9,zp8,67,1
76543,CFG_77c8b99b43d9,zp8,67,1
76544,CFG_77c8b99b43d9,zp8,67,1
76545,CFG_77c8b99b43d9,zp8,67,1
76546,CFG_a34f76b67ef4,zp8,67,1
76547,CFG_77c8b99b43d9,zp8,67,1
76548,CFG_1738a11cbd49,zp8,67,1
76549,CFG_77c8b99b43d9,zp8,67,1
76550,CFG_67b539d34471,zp8,67,1
76551,CFG_77c8b99b43d9,zp8,67,1
76552,CFG_77c8b99b43d9,zp8,67,1
76553,CFG_29c3378e155b,zp8,67,1
76554,CFG_755205a28938,zp8,67,1
76555,CFG_77c8b99b43d9,zp8,67,1
76556,CFG_bd6412fc68b0,zp8,67,1
76557,CFG_67b539d34471,zp8,67,1
76558,CFG_8bfc9d62299c,zp8,67,1
76559,CFG_77c8b99b43d9,zp8,67,1
76560,CFG_ffde3ea1b2e3,zp8,67,1
76561,CFG_77c8b99b43d9,zp8,67,1
76562,CFG_67b539d34471,zp8,67,1
76563,CFG_c94b44f1b2f9,zp8,67,1
76564,CFG_755205a28938,zp8,67,1
76565,CFG_ac213567a5a2,zp8,67,1
76566,CFG_77c8b99b43d9,zp8,67,1
76567,CFG_77c8b99b43d9,zp8,67,1
76568,CFG_77c8b99b43d9,zp8,67,1
76569,CFG_77c8b99b43d9,zp8,67,1
76570,CFG_77c8b99b43d9,zp8,67,1
76571,CFG_a34f76b67ef4,zp8,67,1
76572,CFG_77c8b99b43d9,zp8,67,1
76573,CFG_1738a11cbd49,zp8,67,1
76574,CFG_77c8b99b43d9,zp8,67,1
76575,CFG_67b539d34471,zp8,67,1
76576,CFG_77c8b99b43d9,zp8,67,1
76577,CFG_77c8b99b43d9,zp8,67,1
76578,CFG_29c3378e155b,zp8,67,1
76579,CFG_755205a28938,zp8,67,1
76580,CFG_77c8b99b43d9,zp8,67,1
76581,CFG_bd6412fc68b0,zp8,67,1
76582,CFG_67b539d34471,zp8,67,1
76583,CFG_8bfc9d62299c,zp8,67,1
76584,CFG_77c8b99b43d9,zp8,67,1
76585,CFG_ffde3ea1b2e3,zp8,67,1
76586,CFG_77c8b99b43d9,zp8,67,1
76587,CFG_36f82e31118f,zp8,67,1
76588,CFG_5cd0c67d59bc,zp8,67,1
76589,CFG_f18488ce1456,zp8,67,1
76590,CFG_59aede929579,zp8,67,1
76591,CFG_e1e6e0c66c93,zp8,67,1
76592,CFG_112bf773e97d,zp8,67,1
76593,CFG_2154b722e06b,zp8,67,1
76594,CFG_625048fefa0b,zp8,67,1
76595,CFG_625048fefa0b,zp8,67,1
76596,CFG_be784e24b621,zp8,67,1
76597,CFG_5514d03a77b0,zp8,67,1
76598,CFG_9c659499047b,zp8,67,1
76599,CFG_be784e24b621,zp8,67,1
76600,CFG_db37bdfe8c71,zp8,67,1
76601,CFG_b8e6a5652de1,zp8,67,1
76602,CFG_7cd4c6b023c5,zp8,67,1
76603,CFG_cf541d0f8a3a,zp8,67,1
76604,CFG_29c3378e155b,zp8,67,1
76605,CFG_d0face5aa80d,zp8,67,1
76606,CFG_1ec55dc0a2ff,zp8,67,1
76607,CFG_be784e24b621,zp8,67,1
76608,CFG_112bf773e97d,zp8,67,1
76609,CFG_c910518048de,zp8,67,1
76610,CFG_a1ebd0490272,zp8,67,1
76611,CFG_ffde3ea1b2e3,zp8,67,1
76612,CFG_6caaadb373ea,zp8,67,1
76613,CFG_99b4d8a9c762,zp8,67,1
76614,CFG_8a3f0c7c09a9,zp8,67,1
76615,CFG_9c659499047b,zp8,67,1
76616,CFG_cc5bbb6e9d13,zp8,67,1
76617,CFG_e1e6e0c66c93,zp8,67,1
76618,CFG_6caaadb373ea,zp8,67,1
76619,CFG_755205a28938,zp8,67,1
76620,CFG_e1e6e0c66c93,zp8,67,1
76621,CFG_4cd2b98cde9e,zp8,67,1
76622,CFG_f18488ce1456,zp8,67,1
76623,CFG_8bfc9d62299c,zp8,67,1
76624,CFG_9178f775d49a,zp8,67,1
76625,CFG_8bfc9d62299c,zp8,67,1
76626,CFG_288ddbff7431,zp8,67,1
76627,CFG_67b539d34471,zp8,67,1
76628,CFG_e3950fd94ca1,zp8,67,1
76629,CFG_773ac98270b6,zp8,67,1
76630,CFG_275e4ca07248,zp8,67,1
76631,CFG_8a3f0c7c09a9,zp8,67,1
76632,CFG_b2a3cbb134c5,zp8,67,1
76633,CFG_db37bdfe8c71,zp8,67,1
76634,CFG_9178f775d49a,zp8,67,1
76635,CFG_f18488ce1456,zp8,67,1
76636,CFG_67b539d34471,zp8,67,1
76637,CFG_d96b0c9e44d0,zp8,67,1
76638,CFG_cf541d0f8a3a,zp8,67,1
76639,CFG_8a51f93d684d,zp8,67,1
76640,CFG_b2a3cbb134c5,zp8,67,1
76641,CFG_f18488ce1456,zp8,67,1
76642,CFG_b8e6a5652de1,zp8,67,1
76643,CFG_f993a0fc6256,zp8,67,1
76644,CFG_36f82e31118f,zp8,67,1
76645,CFG_d0face5aa80d,zp8,67,1
76646,CFG_8bfc9d62299c,zp8,67,1
76647,CFG_36f82e31118f,zp8,67,1
76648,CFG_67b539d34471,zp8,67,1
76649,CFG_d96b0c9e44d0,zp8,67,1
76650,CFG_b8e6a5652de1,zp8,67,1
76651,CFG_99b4d8a9c762,zp8,67,1
76652,CFG_755205a28938,zp8,67,1
76653,CFG_cf6528e23789,zp8,67,1
76654,CFG_17620e2785dc,zp8,67,1
76655,CFG_5cd0c67d59bc,zp8,67,1
76656,CFG_755205a28938,zp8,67,1
76657,CFG_d96b0c9e44d0,zp8,67,1
76658,CFG_a1d878e7d840,zp8,67,1
76659,CFG_ffde3ea1b2e3,zp8,67,1
76660,CFG_d0face5aa80d,zp8,67,1
76661,CFG_710c47edfbc8,zp8,67,1
76662,CFG_8bfc9d62299c,zp8,67,1
76663,CFG_65f78a36ed50,zp8,67,1
76664,CFG_29c3378e155b,zp8,67,1
76665,CFG_59f154754573,zp8,67,1
76666,CFG_3278d3379c8a,zp8,67,1
76667,CFG_dda2f907b868,zp8,67,1
76668,CFG_be784e24b621,zp8,67,1
76669,CFG_ffde3ea1b2e3,zp8,67,1
76670,CFG_e1e6e0c66c93,zp8,67,1
76671,CFG_29c3378e155b,zp8,67,1
76672,CFG_1e693796a40d,zp8,67,1
76673,CFG_1ec55dc0a2ff,zp8,67,1
76674,CFG_e3950fd94ca1,zp8,67,1
76675,CFG_9178f775d49a,zp8,67,1
76676,CFG_9178f775d49a,zp8,67,1
76677,CFG_d96b0c9e44d0,zp8,67,1
76678,CFG_3a3d7179fe0d,zp8,67,1
76679,CFG_b2a3cbb134c5,zp8,67,1
76680,CFG_29c3378e155b,zp8,67,1
76681,CFG_59f154754573,zp8,67,1
76682,CFG_f993a0fc6256,zp8,67,1
76683,CFG_67b539d34471,zp8,67,1
76684,CFG_deda15f4c4a8,zp8,67,1
76685,CFG_2534839bab0a,zp8,67,1
76686,CFG_67b539d34471,zp8,67,1
76687,CFG_e3950fd94ca1,zp8,67,1
76688,CFG_1738a11cbd49,zp8,67,1
76689,CFG_de29bb20eaa6,zp8,67,1
76690,CFG_8bfc9d62299c,zp8,67,1
76691,CFG_5cd0c67d59bc,zp8,67,1
76692,CFG_67b539d34471,zp8,67,1
76693,CFG_d96b0c9e44d0,zp8,67,1
76694,CFG_1ec55dc0a2ff,zp8,67,1
76695,CFG_8bfc9d62299c,zp8,67,1
76696,CFG_9178f775d49a,zp8,67,1
76697,CFG_9c659499047b,zp8,67,1
76698,CFG_e3950fd94ca1,zp8,67,1
76699,CFG_773ac98270b6,zp8,67,1
76700,CFG_9178f775d49a,zp8,67,1
76701,CFG_deda15f4c4a8,zp8,67,1
76702,CFG_b8e6a5652de1,zp8,67,1
76703,CFG_1ec55dc0a2ff,zp8,67,1
76704,CFG_36f82e31118f,zp8,67,1
76705,CFG_ceef49456daa,zp8,67,1
76706,CFG_b2a3cbb134c5,zp8,67,1
76707,CFG_3a3d7179fe0d,zp8,67,1
76708,CFG_637b6e72af93,zp8,67,1
76709,CFG_5cd0c67d59bc,zp8,67,1
76710,CFG_29c3378e155b,zp8,67,1
76711,CFG_77c8b99b43d9,zp8,67,1
76712,CFG_77c8b99b43d9,zp8,67,1
76713,CFG_77c8b99b43d9,zp8,67,1
76714,CFG_77c8b99b43d9,zp8,67,1
76715,CFG_77c8b99b43d9,zp8,67,1
76716,CFG_a34f76b67ef4,zp8,67,1
76717,CFG_77c8b99b43d9,zp8,67,1
76718,CFG_1738a11cbd49,zp8,67,1
76719,CFG_77c8b99b43d9,zp8,67,1
76720,CFG_67b539d34471,zp8,67,1
76721,CFG_77c8b99b43d9,zp8,67,1
76722,CFG_77c8b99b43d9,zp8,67,1
76723,CFG_29c3378e155b,zp8,67,1
76724,CFG_755205a28938,zp8,67,1
76725,CFG_77c8b99b43d9,zp8,67,1
76726,CFG_bd6412fc68b0,zp8,67,1
76727,CFG_67b539d34471,zp8,67,1
76728,CFG_8bfc9d62299c,zp8,67,1
76729,CFG_77c8b99b43d9,zp8,67,1
76730,CFG_ffde3ea1b2e3,zp8,67,1
76731,CFG_77c8b99b43d9,zp8,67,1
76732,CFG_67b539d34471,zp8,67,1
76733,CFG_c94b44f1b2f9,zp8,67,1
76734,CFG_755205a28938,zp8,67,1
76735,CFG_ac213567a5a2,zp8,67,1
76736,CFG_77c8b99b43d9,zp8,67,1
76737,CFG_77c8b99b43d9,zp8,67,1
76738,CFG_77c8b99b43d9,zp8,67,1
76739,CFG_77c8b99b43d9,zp8,67,1
76740,CFG_77c8b99b43d9,zp8,67,1
76741,CFG_a34f76b67ef4,zp8,67,1
76742,CFG_77c8b99b43d9,zp8,67,1
76743,CFG_1738a11cbd49,zp8,67,1
76744,CFG_77c8b99b43d9,zp8,67,1
76745,CFG_67b539d34471,zp8,67,1
76746,CFG_77c8b99b43d9,zp8,67,1
76747,CFG_77c8b99b43d9,zp8,67,1
76748,CFG_29c3378e155b,zp8,67,1
76749,CFG_755205a28938,zp8,67,1
76750,CFG_77c8b99b43d9,zp8,67,1
76751,CFG_bd6412fc68b0,zp8,67,1
76752,CFG_67b539d34471,zp8,67,1
76753,CFG_8bfc9d62299c,zp8,67,1
76754,CFG_77c8b99b43d9,zp8,67,1
76755,CFG_ffde3ea1b2e3,zp8,67,1
76756,CFG_77c8b99b43d9,zp8,67,1
76757,CFG_d96b0c9e44d0,zp8,67,1
76758,CFG_cf541d0f8a3a,zp8,67,1
76759,CFG_f18488ce1456,zp8,67,1
76760,CFG_67b539d34471,zp8,67,1
76761,CFG_5514d03a77b0,zp8,67,1
76762,CFG_a34f76b67ef4,zp8,67,1
76763,CFG_f18488ce1456,zp8,67,1
76764,CFG_1d0f84c0bb06,zp8,67,1
76765,CFG_1ec55dc0a2ff,zp8,67,1
76766,CFG_29c3378e155b,zp8,67,1
76767,CFG_f18488ce1456,zp8,67,1
76768,CFG_773ac98270b6,zp8,67,1
76769,CFG_77c8b99b43d9,zp8,67,1
76770,CFG_77c8b99b43d9,zp8,67,1
76771,CFG_77c8b99b43d9,zp8,67,1
76772,CFG_77c8b99b43d9,zp8,67,1
76773,CFG_77c8b99b43d9,zp8,67,1
76774,CFG_a34f76b67ef4,zp8,67,1
76775,CFG_77c8b99b43d9,zp8,67,1
76776,CFG_1738a11cbd49,zp8,67,1
76777,CFG_77c8b99b43d9,zp8,67,1
76778,CFG_67b539d34471,zp8,67,1
76779,CFG_77c8b99b43d9,zp8,67,1
76780,CFG_77c8b99b43d9,zp8,67,1
76781,CFG_29c3378e155b,zp8,67,1
76782,CFG_755205a28938,zp8,67,1
76783,CFG_77c8b99b43d9,zp8,67,1
76784,CFG_bd6412fc68b0,zp8,67,1
76785,CFG_67b539d34471,zp8,67,1
76786,CFG_8bfc9d62299c,zp8,67,1
76787,CFG_77c8b99b43d9,zp8,67,1
76788,CFG_ffde3ea1b2e3,zp8,67,1
76789,CFG_77c8b99b43d9,zp8,67,1
76790,CFG_67b539d34471,zp8,67,1
76791,CFG_c94b44f1b2f9,zp8,67,1
76792,CFG_755205a28938,zp8,67,1
76793,CFG_ac213567a5a2,zp8,67,1
76794,CFG_77c8b99b43d9,zp8,67,1
76795,CFG_77c8b99b43d9,zp8,67,1
76796,CFG_77c8b99b43d9,zp8,67,1
76797,CFG_77c8b99b43d9,zp8,67,1
76798,CFG_77c8b99b43d9,zp8,67,1
76799,CFG_a34f76b67ef4,zp8,67,1
76800,CFG_77c8b99b43d9,zp8,67,1
76801,CFG_1738a11cbd49,zp8,67,1
76802,CFG_77c8b99b43d9,zp8,67,1
76803,CFG_67b539d34471,zp8,67,1
76804,CFG_77c8b99b43d9,zp8,67,1
76805,CFG_77c8b99b43d9,zp8,67,1
76806,CFG_29c3378e155b,zp8,67,1
76807,CFG_755205a28938,zp8,67,1
76808,CFG_77c8b99b43d9,zp8,67,1
76809,CFG_bd6412fc68b0,zp8,67,1
76810,CFG_67b539d34471,zp8,67,1
76811,CFG_8bfc9d62299c,zp8,67,1
76812,CFG_77c8b99b43d9,zp8,67,1
76813,CFG_ffde3ea1b2e3,zp8,67,1
76814,CFG_77c8b99b43d9,zp8,67,1
76815,CFG_d39c77a1a4bf,zp8,67,1
76816,CFG_773ac98270b6,zp8,67,1
76817,CFG_f18488ce1456,zp8,67,1
76818,CFG_deda15f4c4a8,zp8,67,1
76819,CFG_e87513c8563d,zp8,67,1
76820,CFG_39fe645ba2f1,zp8,67,1
76821,CFG_9178f775d49a,zp8,67,1
76822,CFG_77c8b99b43d9,zp8,67,1
76823,CFG_77c8b99b43d9,zp8,67,1
76824,CFG_77c8b99b43d9,zp8,67,1
76825,CFG_77c8b99b43d9,zp8,67,1
76826,CFG_77c8b99b43d9,zp8,67,1
76827,CFG_a34f76b67ef4,zp8,67,1
76828,CFG_77c8b99b43d9,zp8,67,1
76829,CFG_1738a11cbd49,zp8,67,1
76830,CFG_77c8b99b43d9,zp8,67,1
76831,CFG_67b539d34471,zp8,67,1
76832,CFG_77c8b99b43d9,zp8,67,1
76833,CFG_77c8b99b43d9,zp8,67,1
76834,CFG_29c3378e155b,zp8,67,1
76835,CFG_755205a28938,zp8,67,1
76836,CFG_77c8b99b43d9,zp8,67,1
76837,CFG_bd6412fc68b0,zp8,67,1
76838,CFG_67b539d34471,zp8,67,1
76839,CFG_8bfc9d62299c,zp8,67,1
76840,CFG_77c8b99b43d9,zp8,67,1
76841,CFG_ffde3ea1b2e3,zp8,67,1
76842,CFG_77c8b99b43d9,zp8,67,1
76843,CFG_67b539d34471,zp8,67,1
76844,CFG_c94b44f1b2f9,zp8,67,1
76845,CFG_755205a28938,zp8,67,1
76846,CFG_ac213567a5a2,zp8,67,1
76847,CFG_77c8b99b43d9,zp8,67,1
76848,CFG_77c8b99b43d9,zp8,67,1
76849,CFG_77c8b99b43d9,zp8,67,1
76850,CFG_77c8b99b43d9,zp8,67,1
76851,CFG_77c8b99b43d9,zp8,67,1
76852,CFG_a34f76b67ef4,zp8,67,1
76853,CFG_77c8b99b43d9,zp8,67,1
76854,CFG_1738a11cbd49,zp8,67,1
76855,CFG_77c8b99b43d9,zp8,67,1
76856,CFG_67b539d34471,zp8,67,1
76857,CFG_77c8b99b43d9,zp8,67,1
76858,CFG_77c8b99b43d9,zp8,67,1
76859,CFG_29c3378e155b,zp8,67,1
76860,CFG_755205a28938,zp8,67,1
76861,CFG_77c8b99b43d9,zp8,67,1
76862,CFG_bd6412fc68b0,zp8,67,1
76863,CFG_67b539d34471,zp8,67,1
76864,CFG_8bfc9d62299c,zp8,67,1
76865,CFG_77c8b99b43d9,zp8,67,1
76866,CFG_ffde3ea1b2e3,zp8,67,1
76867,CFG_77c8b99b43d9,zp8,67,1
76868,CFG_be784e24b621,zp8,67,1
76869,CFG_cf541d0f8a3a,zp8,67,1
76870,CFG_77c8b99b43d9,zp8,67,1
76871,CFG_77c8b99b43d9,zp8,67,1
76872,CFG_77c8b99b43d9,zp8,67,1
76873,CFG_77c8b99b43d9,zp8,67,1
76874,CFG_77c8b99b43d9,zp8,67,1
76875,CFG_a34f76b67ef4,zp8,67,1
76876,CFG_77c8b99b43d9,zp8,67,1
76877,CFG_1738a11cbd49,zp8,67,1
76878,CFG_77c8b99b43d9,zp8,67,1
76879,CFG_67b539d34471,zp8,67,1
76880,CFG_77c8b99b43d9,zp8,67,1
76881,CFG_77c8b99b43d9,zp8,67,1
76882,CFG_29c3378e155b,zp8,67,1
76883,CFG_755205a28938,zp8,67,1
76884,CFG_77c8b99b43d9,zp8,67,1
76885,CFG_bd6412fc68b0,zp8,67,1
76886,CFG_67b539d34471,zp8,67,1
76887,CFG_8bfc9d62299c,zp8,67,1
76888,CFG_77c8b99b43d9,zp8,67,1
76889,CFG_ffde3ea1b2e3,zp8,67,1
76890,CFG_77c8b99b43d9,zp8,67,1
76891,CFG_67b539d34471,zp8,67,1
76892,CFG_c94b44f1b2f9,zp8,67,1
76893,CFG_755205a28938,zp8,67,1
76894,CFG_ac213567a5a2,zp8,67,1
76895,CFG_77c8b99b43d9,zp8,67,1
76896,CFG_77c8b99b43d9,zp8,67,1
76897,CFG_77c8b99b43d9,zp8,67,1
76898,CFG_77c8b99b43d9,zp8,67,1
76899,CFG_77c8b99b43d9,zp8,67,1
76900,CFG_a34f76b67ef4,zp8,67,1
76901,CFG_77c8b99b43d9,zp8,67,1
76902,CFG_1738a11cbd49,zp8,67,1
76903,CFG_77c8b99b43d9,zp8,67,1
76904,CFG_67b539d34471,zp8,67,1
76905,CFG_77c8b99b43d9,zp8,67,1
76906,CFG_77c8b99b43d9,zp8,67,1
76907,CFG_29c3378e155b,zp8,67,1
76908,CFG_755205a28938,zp8,67,1
76909,CFG_77c8b99b43d9,zp8,67,1
76910,CFG_bd6412fc68b0,zp8,67,1
76911,CFG_67b539d34471,zp8,67,1
76912,CFG_8bfc9d62299c,zp8,67,1
76913,CFG_77c8b99b43d9,zp8,67,1
76914,CFG_ffde3ea1b2e3,zp8,67,1
76915,CFG_77c8b99b43d9,zp8,67,1
76916,CFG_d96b0c9e44d0,zp8,67,1
76917,CFG_cf541d0f8a3a,zp8,67,1
76918,CFG_f18488ce1456,zp8,67,1
76919,CFG_67b539d34471,zp8,67,1
76920,CFG_5514d03a77b0,zp8,67,1
76921,CFG_a34f76b67ef4,zp8,67,1
76922,CFG_f18488ce1456,zp8,67,1
76923,CFG_1d0f84c0bb06,zp8,67,1
76924,CFG_1ec55dc0a2ff,zp8,67,1
76925,CFG_29c3378e155b,zp8,67,1
76926,CFG_f18488ce1456,zp8,67,1
76927,CFG_773ac98270b6,zp8,67,1
76928,CFG_77c8b99b43d9,zp8,67,1
76929,CFG_77c8b99b43d9,zp8,67,1
76930,CFG_77c8b99b43d9,zp8,67,1
76931,CFG_77c8b99b43d9,zp8,67,1
76932,CFG_77c8b99b43d9,zp8,67,1
76933,CFG_a34f76b67ef4,zp8,67,1
76934,CFG_77c8b99b43d9,zp8,67,1
76935,CFG_1738a11cbd49,zp8,67,1
76936,CFG_77c8b99b43d9,zp8,67,1
76937,CFG_67b539d34471,zp8,67,1
76938,CFG_77c8b99b43d9,zp8,67,1
76939,CFG_77c8b99b43d9,zp8,67,1
76940,CFG_29c3378e155b,zp8,67,1
76941,CFG_755205a28938,zp8,67,1
76942,CFG_77c8b99b43d9,zp8,67,1
76943,CFG_bd6412fc68b0,zp8,67,1
76944,CFG_67b539d34471,zp8,67,1
76945,CFG_8bfc9d62299c,zp8,67,1
76946,CFG_77c8b99b43d9,zp8,67,1
76947,CFG_ffde3ea1b2e3,zp8,67,1
76948,CFG_77c8b99b43d9,zp8,67,1
76949,CFG_67b539d34471,zp8,67,1
76950,CFG_c94b44f1b2f9,zp8,67,1
76951,CFG_755205a28938,zp8,67,1
76952,CFG_ac213567a5a2,zp8,67,1
76953,CFG_77c8b99b43d9,zp8,67,1
76954,CFG_77c8b99b43d9,zp8,67,1
76955,CFG_77c8b99b43d9,zp8,67,1
76956,CFG_77c8b99b43d9,zp8,67,1
76957,CFG_77c8b99b43d9,zp8,67,1
76958,CFG_a34f76b67ef4,zp8,67,1
76959,CFG_77c8b99b43d9,zp8,67,1
76960,CFG_1738a11cbd49,zp8,67,1
76961,CFG_77c8b99b43d9,zp8,67,1
76962,CFG_67b539d34471,zp8,67,1
76963,CFG_77c8b99b43d9,zp8,67,1
76964,CFG_77c8b99b43d9,zp8,67,1
76965,CFG_29c3378e155b,zp8,67,1
76966,CFG_755205a28938,zp8,67,1
76967,CFG_77c8b99b43d9,zp8,67,1
76968,CFG_bd6412fc68b0,zp8,67,1
76969,CFG_67b539d34471,zp8,67,1
76970,CFG_8bfc9d62299c,zp8,67,1
76971,CFG_77c8b99b43d9,zp8,67,1
76972,CFG_ffde3ea1b2e3,zp8,67,1
76973,CFG_77c8b99b43d9,zp8,67,1
76974,CFG_d39c77a1a4bf,zp8,67,1
76975,CFG_773ac98270b6,zp8,67,1
76976,CFG_f18488ce1456,zp8,67,1
76977,CFG_deda15f4c4a8,zp8,67,1
76978,CFG_e87513c8563d,zp8,67,1
76979,CFG_39fe645ba2f1,zp8,67,1
76980,CFG_9178f775d49a,zp8,67,1
76981,CFG_77c8b99b43d9,zp8,67,1
76982,CFG_77c8b99b43d9,zp8,67,1
76983,CFG_77c8b99b43d9,zp8,67,1
76984,CFG_77c8b99b43d9,zp8,67,1
76985,CFG_77c8b99b43d9,zp8,67,1
76986,CFG_a34f76b67ef4,zp8,67,1
76987,CFG_77c8b99b43d9,zp8,67,1
76988,CFG_1738a11cbd49,zp8,67,1
76989,CFG_77c8b99b43d9,zp8,67,1
76990,CFG_67b539d34471,zp8,67,1
76991,CFG_77c8b99b43d9,zp8,67,1
76992,CFG_77c8b99b43d9,zp8,67,1
76993,CFG_29c3378e155b,zp8,67,1
76994,CFG_755205a28938,zp8,67,1
76995,CFG_77c8b99b43d9,zp8,67,1
76996,CFG_bd6412fc68b0,zp8,67,1
76997,CFG_67b539d34471,zp8,67,1
76998,CFG_8bfc9d62299c,zp8,67,1
76999,CFG_77c8b99b43d9,zp8,67,1
77000,CFG_ffde3ea1b2e3,zp8,67,1
77001,CFG_77c8b99b43d9,zp8,67,1
77002,CFG_67b539d34471,zp8,67,1
77003,CFG_c94b44f1b2f9,zp8,67,1
77004,CFG_755205a28938,zp8,67,1
77005,CFG_ac213567a5a2,zp8,67,1
77006,CFG_77c8b99b43d9,zp8,67,1
77007,CFG_77c8b99b43d9,zp8,67,1
77008,CFG_77c8b99b43d9,zp8,67,1
77009,CFG_77c8b99b43d9,zp8,67,1
77010,CFG_77c8b99b43d9,zp8,67,1
77011,CFG_a34f76b67ef4,zp8,67,1
77012,CFG_77c8b99b43d9,zp8,67,1
77013,CFG_1738a11cbd49,zp8,67,1
77014,CFG_77c8b99b43d9,zp8,67,1
77015,CFG_67b539d34471,zp8,67,1
77016,CFG_77c8b99b43d9,zp8,67,1
77017,CFG_77c8b99b43d9,zp8,67,1
77018,CFG_29c3378e155b,zp8,67,1
77019,CFG_755205a28938,zp8,67,1
77020,CFG_77c8b99b43d9,zp8,67,1
77021,CFG_bd6412fc68b0,zp8,67,1
77022,CFG_67b539d34471,zp8,67,1
77023,CFG_8bfc9d62299c,zp8,67,1
77024,CFG_77c8b99b43d9,zp8,67,1
77025,CFG_ffde3ea1b2e3,zp8,67,1
77026,CFG_77c8b99b43d9,zp8,67,1
77027,CFG_1738a11cbd49,zp8,67,1
77028,CFG_9178f775d49a,zp8,67,1
77029,CFG_deda15f4c4a8,zp8,67,1
77030,CFG_755205a28938,zp8,67,1
77031,CFG_5851809b712d,zp8,67,1
77032,CFG_39fe645ba2f1,zp8,67,1
77033,CFG_b2a3cbb134c5,zp8,67,1
77034,CFG_d96b0c9e44d0,zp8,67,1
77035,CFG_d96b0c9e44d0,zp8,67,1
77036,CFG_59f154754573,zp8,67,1
77037,CFG_288ddbff7431,zp8,67,1
77038,CFG_a1ebd0490272,zp8,67,1
77039,CFG_b2a3cbb134c5,zp8,67,1
77040,CFG_1ec55dc0a2ff,zp8,67,1
77041,CFG_de29bb20eaa6,zp8,67,1
77042,CFG_9178f775d49a,zp8,67,1
77043,CFG_67b539d34471,zp8,67,1
77044,CFG_1738a11cbd49,zp8,67,1
77045,CFG_2154b722e06b,zp8,67,1
77046,CFG_1ec55dc0a2ff,zp8,67,1
77047,CFG_9c659499047b,zp8,67,1
77048,CFG_b2a3cbb134c5,zp8,67,1
77049,CFG_f18488ce1456,zp8,67,1
77050,CFG_8bfc9d62299c,zp8,67,1
77051,CFG_ac213567a5a2,zp8,67,1
77052,CFG_b2a3cbb134c5,zp8,67,1
77053,CFG_e3950fd94ca1,zp8,67,1
77054,CFG_59aede929579,zp8,67,1
77055,CFG_cf541d0f8a3a,zp8,67,1
77056,CFG_9178f775d49a,zp8,67,1
77057,CFG_1ec55dc0a2ff,zp8,67,1
77058,CFG_e3386d946379,zp8,67,1
77059,CFG_9178f775d49a,zp8,67,1
77060,CFG_3278d3379c8a,zp8,67,1
77061,CFG_8bfc9d62299c,zp8,67,1
77062,CFG_1ec55dc0a2ff,zp8,67,1
77063,CFG_a1d878e7d840,zp8,67,1
77064,CFG_9178f775d49a,zp8,67,1
77065,CFG_b2a3cbb134c5,zp8,67,1
77066,CFG_1ec55dc0a2ff,zp8,67,1
77067,CFG_36f82e31118f,zp8,67,1
77068,CFG_a34f76b67ef4,zp8,67,1
77069,CFG_755205a28938,zp8,67,1
77070,CFG_b2a3cbb134c5,zp8,67,1
77071,CFG_7155e4ee7bdf,zp8,67,1
77072,CFG_67b539d34471,zp8,67,1
77073,CFG_be784e24b621,zp8,67,1
77074,CFG_773ac98270b6,zp8,67,1
77075,CFG_ceef49456daa,zp8,67,1
77076,CFG_29c3378e155b,zp8,67,1
77077,CFG_deda15f4c4a8,zp8,67,1
77078,CFG_3a3d7179fe0d,zp8,67,1
77079,CFG_8a51f93d684d,zp8,67,1
77080,CFG_9c659499047b,zp8,67,1
77081,CFG_f18488ce1456,zp8,67,1
77082,CFG_59aede929579,zp8,67,1
77083,CFG_3278d3379c8a,zp8,67,1
77084,CFG_ffde3ea1b2e3,zp8,67,1
77085,CFG_5cd0c67d59bc,zp8,67,1
77086,CFG_d39c77a1a4bf,zp8,67,1
77087,CFG_8a51f93d684d,zp8,67,1
77088,CFG_1ec55dc0a2ff,zp8,67,1
77089,CFG_5be0533f7ebf,zp8,67,1
77090,CFG_802041076799,zp8,67,1
77091,CFG_755205a28938,zp8,67,1
77092,CFG_59aede929579,zp8,67,1
77093,CFG_f18488ce1456,zp8,67,1
77094,CFG_a292c20a75fd,zp8,67,1
77095,CFG_acabbc62a021,zp8,67,1
77096,CFG_29c3378e155b,zp8,67,1
77097,CFG_a34f76b67ef4,zp8,67,1
77098,CFG_f18488ce1456,zp8,67,1
77099,CFG_288ddbff7431,zp8,67,1
77100,CFG_ac213567a5a2,zp8,67,1
77101,CFG_e3950fd94ca1,zp8,67,1
77102,CFG_5be0533f7ebf,zp8,67,1
77103,CFG_1ec55dc0a2ff,zp8,67,1
77104,CFG_36f82e31118f,zp8,67,1
77105,CFG_9178f775d49a,zp8,67,1
77106,CFG_a34f76b67ef4,zp8,67,1
77107,CFG_7fa53b7ab3bf,zp8,67,1
77108,CFG_67b539d34471,zp8,67,1
77109,CFG_8a51f93d684d,zp8,67,1
77110,CFG_67b539d34471,zp8,67,1
77111,CFG_b2a3cbb134c5,zp8,67,1
77112,CFG_36f82e31118f,zp8,67,1
77113,CFG_b2a3cbb134c5,zp8,67,1
77114,CFG_773ac98270b6,zp8,67,1
77115,CFG_275e4ca07248,zp8,67,1
77116,CFG_9178f775d49a,zp8,67,1
77117,CFG_59f154754573,zp8,67,1
77118,CFG_cf6528e23789,zp8,67,1
77119,CFG_e3950fd94ca1,zp8,67,1
77120,CFG_3697b100c401,zp8,67,1
77121,CFG_2154b722e06b,zp8,67,1
77122,CFG_cc5bbb6e9d13,zp8,67,1
77123,CFG_e87513c8563d,zp8,67,1
77124,CFG_b2a3cbb134c5,zp8,67,1
77125,CFG_8a51f93d684d,zp8,67,1
77126,CFG_f18488ce1456,zp8,67,1
77127,CFG_1ec55dc0a2ff,zp8,67,1
77128,CFG_3a3d7179fe0d,zp8,67,1
77129,CFG_f18488ce1456,zp8,67,1
77130,CFG_a1d878e7d840,zp8,67,1
77131,CFG_39fe645ba2f1,zp8,67,1
77132,CFG_dda2f907b868,zp8,67,1
77133,CFG_f18488ce1456,zp8,67,1
77134,CFG_710c47edfbc8,zp8,67,1
77135,CFG_9c659499047b,zp8,67,1
77136,CFG_de29bb20eaa6,zp8,67,1
77137,CFG_e3950fd94ca1,zp8,67,1
77138,CFG_d7aadf87f0b1,zp8,67,1
77139,CFG_c94b44f1b2f9,zp8,67,1
77140,CFG_8a51f93d684d,zp8,67,1
77141,CFG_17620e2785dc,zp8,67,1
77142,CFG_59f154754573,zp8,67,1
77143,CFG_d0face5aa80d,zp8,67,1
77144,CFG_8a51f93d684d,zp8,67,1
77145,CFG_288ddbff7431,zp8,67,1
77146,CFG_be784e24b621,zp8,67,1
77147,CFG_d96b0c9e44d0,zp8,67,1
77148,CFG_7fa53b7ab3bf,zp8,67,1
77149,CFG_939ca62c69c2,zp8,67,1
77150,CFG_773ac98270b6,zp8,67,1
77151,CFG_9178f775d49a,zp8,67,1
77152,CFG_773ac98270b6,zp8,67,1
77153,CFG_a1d878e7d840,zp8,67,1
77154,CFG_727914633b9e,zp8,67,1
77155,CFG_e3386d946379,zp8,67,1
77156,CFG_deda15f4c4a8,zp8,67,1
77157,CFG_b2a3cbb134c5,zp8,67,1
77158,CFG_be784e24b621,zp8,67,1
77159,CFG_2154b722e06b,zp8,67,1
77160,CFG_9178f775d49a,zp8,67,1
77161,CFG_e1e6e0c66c93,zp8,67,1
77162,CFG_deda15f4c4a8,zp8,67,1
77163,CFG_7cd4c6b023c5,zp8,67,1
77164,CFG_f18488ce1456,zp8,67,1
77165,CFG_7cd4c6b023c5,zp8,67,1
77166,CFG_c94b44f1b2f9,zp8,67,1
77167,CFG_b2a3cbb134c5,zp8,67,1
77168,CFG_3a3d7179fe0d,zp8,67,1
77169,CFG_d7aadf87f0b1,zp8,67,1
77170,CFG_939ca62c69c2,zp8,67,1
77171,CFG_f18488ce1456,zp8,67,1
77172,CFG_8a51f93d684d,zp8,67,1
77173,CFG_7fa53b7ab3bf,zp8,67,1
77174,CFG_b2a3cbb134c5,zp8,67,1
77175,CFG_727914633b9e,zp8,67,1
77176,CFG_36f82e31118f,zp8,67,1
77177,CFG_773ac98270b6,zp8,67,1
77178,CFG_939ca62c69c2,zp8,67,1
77179,CFG_3a3d7179fe0d,zp8,67,1
77180,CFG_3a3d7179fe0d,zp8,67,1
77181,CFG_d7aadf87f0b1,zp8,67,1
77182,CFG_c910518048de,zp8,67,1
77183,CFG_9178f775d49a,zp8,67,1
77184,CFG_f18488ce1456,zp8,67,1
77185,CFG_b2a3cbb134c5,zp8,67,1
77186,CFG_1e693796a40d,zp8,67,1
77187,CFG_f18488ce1456,zp8,67,1
77188,CFG_8bfc9d62299c,zp8,67,1
77189,CFG_773ac98270b6,zp8,67,1
77190,CFG_802041076799,zp8,67,1
77191,CFG_a1d878e7d840,zp8,67,1
77192,CFG_65f78a36ed50,zp8,67,1
77193,CFG_36f82e31118f,zp8,67,1
77194,CFG_9178f775d49a,zp8,67,1
77195,CFG_a292c20a75fd,zp8,67,1
77196,CFG_9178f775d49a,zp8,67,1
77197,CFG_bbea204eb2ac,zp8,67,1
77198,CFG_9178f775d49a,zp8,67,1
77199,CFG_8bfc9d62299c,zp8,67,1
77200,CFG_e3950fd94ca1,zp8,67,1
77201,CFG_f18488ce1456,zp8,67,1
77202,CFG_5851809b712d,zp8,67,1
77203,CFG_be784e24b621,zp8,67,1
77204,CFG_7fa53b7ab3bf,zp8,67,1
77205,CFG_17620e2785dc,zp8,67,1
77206,CFG_b2a3cbb134c5,zp8,67,1
77207,CFG_5514d03a77b0,zp8,67,1
77208,CFG_3a3d7179fe0d,zp8,67,1
77209,CFG_3e489afc8bfd,zp8,67,1
77210,CFG_b04e3d146803,zp8,67,1
77211,CFG_e3950fd94ca1,zp8,67,1
77212,CFG_1ec55dc0a2ff,zp8,67,1
77213,CFG_c910518048de,zp8,67,1
77214,CFG_9c659499047b,zp8,67,1
77215,CFG_f18488ce1456,zp8,67,1
77216,CFG_5cd0c67d59bc,zp8,67,1
77217,CFG_cf541d0f8a3a,zp8,67,1
77218,CFG_288ddbff7431,zp8,67,1
77219,CFG_c910518048de,zp8,67,1
77220,CFG_f18488ce1456,zp8,67,1
77221,CFG_9178f775d49a,zp8,67,1
77222,CFG_e87513c8563d,zp8,67,1
77223,CFG_b2a3cbb134c5,zp8,67,1
77224,CFG_be784e24b621,zp8,67,1
77225,CFG_9c659499047b,zp8,67,1
77226,CFG_1738a11cbd49,zp8,67,1
77227,CFG_17620e2785dc,zp8,67,1
77228,CFG_d7aadf87f0b1,zp8,67,1
77229,CFG_1738a11cbd49,zp8,67,1
77230,CFG_e1e6e0c66c93,zp8,67,1
77231,CFG_dda2f907b868,zp8,67,1
77232,CFG_9c659499047b,zp8,67,1
77233,CFG_67b539d34471,zp8,67,1
77234,CFG_8bfc9d62299c,zp8,67,1
77235,CFG_5851809b712d,zp8,67,1
77236,CFG_9c659499047b,zp8,67,1
77237,CFG_773ac98270b6,zp8,67,1
77238,CFG_3a3d7179fe0d,zp8,67,1
77239,CFG_ac213567a5a2,zp8,67,1
77240,CFG_9178f775d49a,zp8,67,1
77241,CFG_bbea204eb2ac,zp8,67,1
77242,CFG_8a51f93d684d,zp8,67,1
77243,CFG_8a51f93d684d,zp8,67,1
77244,CFG_710c47edfbc8,zp8,67,1
77245,CFG_e1e6e0c66c93,zp8,67,1
77246,CFG_77c8b99b43d9,zp8,67,1
77247,CFG_d96b0c9e44d0,zp8,67,1
77248,CFG_b2a3cbb134c5,zp8,67,1
77249,CFG_59aede929579,zp8,67,1
77250,CFG_d96b0c9e44d0,zp8,67,1
77251,CFG_3a3d7179fe0d,zp8,67,1
77252,CFG_b8e6a5652de1,zp8,67,1
77253,CFG_ffde3ea1b2e3,zp8,67,1
77254,CFG_b2a3cbb134c5,zp8,67,1
77255,CFG_ceef49456daa,zp8,67,1
77256,CFG_9c659499047b,zp8,67,1
77257,CFG_5514d03a77b0,zp8,67,1
77258,CFG_8a51f93d684d,zp8,67,1
77259,CFG_9178f775d49a,zp8,67,1
77260,CFG_939ca62c69c2,zp8,67,1
77261,CFG_e1e6e0c66c93,zp8,67,1
77262,CFG_755205a28938,zp8,67,1
77263,CFG_275e4ca07248,zp8,67,1
77264,CFG_b2a3cbb134c5,zp8,67,1
77265,CFG_f18488ce1456,zp8,67,1
77266,CFG_acabbc62a021,zp8,67,1
77267,CFG_939ca62c69c2,zp8,67,1
77268,CFG_39fe645ba2f1,zp8,67,1
77269,CFG_e1e6e0c66c93,zp8,67,1
77270,CFG_b8e6a5652de1,zp8,67,1
77271,CFG_c94b44f1b2f9,zp8,67,1
77272,CFG_ffde3ea1b2e3,zp8,67,1
77273,CFG_9c659499047b,zp8,67,1
77274,CFG_a34f76b67ef4,zp8,67,1
77275,CFG_d96b0c9e44d0,zp8,67,1
77276,CFG_1ec55dc0a2ff,zp8,67,1
77277,CFG_39fe645ba2f1,zp8,67,1
77278,CFG_9178f775d49a,zp8,67,1
77279,CFG_59aede929579,zp8,67,1
77280,CFG_9178f775d49a,zp8,67,1
77281,CFG_9c659499047b,zp8,67,1
77282,CFG_3a3d7179fe0d,zp8,67,1
77283,CFG_8a51f93d684d,zp8,67,1
77284,CFG_9178f775d49a,zp8,67,1
77285,CFG_9c659499047b,zp8,67,1
77286,CFG_b2a3cbb134c5,zp8,67,1
77287,CFG_b2a3cbb134c5,zp8,67,1
77288,CFG_39fe645ba2f1,zp8,67,1
77289,CFG_d39c77a1a4bf,zp8,67,1
77290,CFG_5cd0c67d59bc,zp8,67,1
77291,CFG_b2a3cbb134c5,zp8,67,1
77292,CFG_d7aadf87f0b1,zp8,67,1
77293,CFG_6caaadb373ea,zp8,67,1
77294,CFG_e3950fd94ca1,zp8,67,1
77295,CFG_67b539d34471,zp8,67,1
77296,CFG_1ec55dc0a2ff,zp8,67,1
77297,CFG_36f82e31118f,zp8,67,1
77298,CFG_8a51f93d684d,zp8,67,1
77299,CFG_f18488ce1456,zp8,67,1
77300,CFG_9178f775d49a,zp8,67,1
77301,CFG_8a51f93d684d,zp8,67,1
77302,CFG_e3950fd94ca1,zp8,67,1
77303,CFG_d39c77a1a4bf,zp8,67,1
77304,CFG_e87513c8563d,zp8,67,1
77305,CFG_ac213567a5a2,zp8,67,1
77306,CFG_d7aadf87f0b1,zp8,67,1
77307,CFG_bbea204eb2ac,zp8,67,1
77308,CFG_9178f775d49a,zp8,67,1
77309,CFG_deda15f4c4a8,zp8,67,1
77310,CFG_d96b0c9e44d0,zp8,67,1
77311,CFG_36f82e31118f,zp8,67,1
77312,CFG_1ec55dc0a2ff,zp8,67,1
77313,CFG_be784e24b621,zp8,67,1
77314,CFG_39fe645ba2f1,zp8,67,1
77315,CFG_8a51f93d684d,zp8,67,1
77316,CFG_f993a0fc6256,zp8,67,1
77317,CFG_cf541d0f8a3a,zp8,67,1
77318,CFG_275e4ca07248,zp8,67,1
77319,CFG_b8e6a5652de1,zp8,67,1
77320,CFG_7acc0fd451e2,zp8,67,1
77321,CFG_f90a73d2a477,zp8,67,1
77322,CFG_727914633b9e,zp8,67,1
77323,CFG_288ddbff7431,zp8,67,1
77324,CFG_7155e4ee7bdf,zp8,67,1
77325,CFG_b2a3cbb134c5,zp8,67,1
77326,CFG_2534839bab0a,zp8,67,1
77327,CFG_39fe645ba2f1,zp8,67,1
77328,CFG_39fe645ba2f1,zp8,67,1
77329,CFG_36f82e31118f,zp8,67,1
77330,CFG_5cd0c67d59bc,zp8,67,1
77331,CFG_773ac98270b6,zp8,67,1
77332,CFG_cf541d0f8a3a,zp8,67,1
77333,CFG_59f154754573,zp8,67,1
77334,CFG_5514d03a77b0,zp8,67,1
77335,CFG_939ca62c69c2,zp8,67,1
77336,CFG_c910518048de,zp8,67,1
77337,CFG_67b539d34471,zp8,67,1
77338,CFG_59f154754573,zp8,67,1
77339,CFG_f18488ce1456,zp8,67,1
77340,CFG_b2a3cbb134c5,zp8,67,1
77341,CFG_b8e6a5652de1,zp8,67,1
77342,CFG_939ca62c69c2,zp8,67,1
77343,CFG_deda15f4c4a8,zp8,67,1
77344,CFG_e3386d946379,zp8,67,1
77345,CFG_e3386d946379,zp8,67,1
77346,CFG_db37bdfe8c71,zp8,67,1
77347,CFG_b2a3cbb134c5,zp8,67,1
77348,CFG_58ae56c3ee5b,zp8,67,1
77349,CFG_d96b0c9e44d0,zp8,67,1
77350,CFG_deda15f4c4a8,zp8,67,1
77351,CFG_1d1816b1d9d8,zp8,67,1
77352,CFG_5531dad98c69,zp8,67,1
77353,CFG_f18488ce1456,zp8,67,1
77354,CFG_ac213567a5a2,zp8,67,1
77355,CFG_1738a11cbd49,zp8,67,1
77356,CFG_2154b722e06b,zp8,67,1
77357,CFG_710c47edfbc8,zp8,67,1
77358,CFG_29c3378e155b,zp8,67,1
77359,CFG_be784e24b621,zp8,67,1
77360,CFG_7acc0fd451e2,zp8,67,1
77361,CFG_67b539d34471,zp8,67,1
77362,CFG_deda15f4c4a8,zp8,67,1
77363,CFG_f18488ce1456,zp8,67,1
77364,CFG_b2a3cbb134c5,zp8,67,1
77365,CFG_2534839bab0a,zp8,67,1
77366,CFG_7fa53b7ab3bf,zp8,67,1
77367,CFG_275e4ca07248,zp8,67,1
77368,CFG_de29bb20eaa6,zp8,67,1
77369,CFG_e1e6e0c66c93,zp8,67,1
77370,CFG_17620e2785dc,zp8,67,1
77371,CFG_5be0533f7ebf,zp8,67,1
77372,CFG_f18488ce1456,zp8,67,1
77373,CFG_275e4ca07248,zp8,67,1
77374,CFG_9178f775d49a,zp8,67,1
77375,CFG_e3950fd94ca1,zp8,67,1
77376,CFG_b2a3cbb134c5,zp8,67,1
77377,CFG_f18488ce1456,zp8,67,1
77378,CFG_de29bb20eaa6,zp8,67,1
77379,CFG_b2a3cbb134c5,zp8,67,1
77380,CFG_d0face5aa80d,zp8,67,1
77381,CFG_b2a3cbb134c5,zp8,67,1
77382,CFG_710c47edfbc8,zp8,67,1
77383,CFG_67b539d34471,zp8,67,1
77384,CFG_e87513c8563d,zp8,67,1
77385,CFG_5cd0c67d59bc,zp8,67,1
77386,CFG_710c47edfbc8,zp8,67,1
77387,CFG_77c8b99b43d9,zp8,67,1
77388,CFG_cc5bbb6e9d13,zp8,67,1
77389,CFG_8bfc9d62299c,zp8,67,1
77390,CFG_db37bdfe8c71,zp8,67,1
77391,CFG_773ac98270b6,zp8,67,1
77392,CFG_b8e6a5652de1,zp8,67,1
77393,CFG_625048fefa0b,zp8,67,1
77394,CFG_1738a11cbd49,zp8,67,1
77395,CFG_939ca62c69c2,zp8,67,1
77396,CFG_d96b0c9e44d0,zp8,67,1
77397,CFG_d7aadf87f0b1,zp8,67,1
77398,CFG_5514d03a77b0,zp8,67,1
77399,CFG_b04e3d146803,zp8,67,1
77400,CFG_5cd0c67d59bc,zp8,67,1
77401,CFG_1ec55dc0a2ff,zp8,67,1
77402,CFG_8a51f93d684d,zp8,67,1
77403,CFG_b2a3cbb134c5,zp8,67,1
77404,CFG_e1e6e0c66c93,zp8,67,1
77405,CFG_b04e3d146803,zp8,67,1
77406,CFG_e3386d946379,zp8,67,1
77407,CFG_e1e6e0c66c93,zp8,67,1
77408,CFG_de29bb20eaa6,zp8,67,1
77409,CFG_d96b0c9e44d0,zp8,67,1
77410,CFG_1738a11cbd49,zp8,67,1
77411,CFG_b2a3cbb134c5,zp8,67,1
77412,CFG_17620e2785dc,zp8,67,1
77413,CFG_de29bb20eaa6,zp8,67,1
77414,CFG_755205a28938,zp8,67,1
77415,CFG_ffde3ea1b2e3,zp8,67,1
77416,CFG_1738a11cbd49,zp8,67,1
77417,CFG_1ec55dc0a2ff,zp8,67,1
77418,CFG_755205a28938,zp8,67,1
77419,CFG_9178f775d49a,zp8,67,1
77420,CFG_b0eabb76b70f,zp8,67,1
77421,CFG_39fe645ba2f1,zp8,67,1
77422,CFG_f18488ce1456,zp8,67,1
77423,CFG_b8e6a5652de1,zp8,67,1
77424,CFG_db37bdfe8c71,zp8,67,1
77425,CFG_b2a3cbb134c5,zp8,67,1
77426,CFG_1ec55dc0a2ff,zp8,67,1
77427,CFG_939ca62c69c2,zp8,67,1
77428,CFG_6caaadb373ea,zp8,67,1
77429,CFG_29c3378e155b,zp8,67,1
77430,CFG_1ec55dc0a2ff,zp8,67,1
77431,CFG_3697b100c401,zp8,67,1
77432,CFG_b2a3cbb134c5,zp8,67,1
77433,CFG_d0face5aa80d,zp8,67,1
77434,CFG_b2a3cbb134c5,zp8,67,1
77435,CFG_e87513c8563d,zp8,67,1
77436,CFG_7cd4c6b023c5,zp8,67,1
77437,CFG_9178f775d49a,zp8,67,1
77438,CFG_b2a3cbb134c5,zp8,67,1
77439,CFG_727914633b9e,zp8,67,1
77440,CFG_29c3378e155b,zp8,67,1
77441,CFG_e1e6e0c66c93,zp8,67,1
77442,CFG_e1e6e0c66c93,zp8,67,1
77443,CFG_9c659499047b,zp8,67,1
77444,CFG_67b539d34471,zp8,67,1
77445,CFG_1738a11cbd49,zp8,67,1
77446,CFG_802041076799,zp8,67,1
77447,CFG_cc5bbb6e9d13,zp8,67,1
77448,CFG_8a51f93d684d,zp8,67,1
77449,CFG_e3950fd94ca1,zp8,67,1
77450,CFG_288ddbff7431,zp8,67,1
77451,CFG_d7aadf87f0b1,zp8,67,1
77452,CFG_5514d03a77b0,zp8,67,1
77453,CFG_de29bb20eaa6,zp8,67,1
77454,CFG_5be0533f7ebf,zp8,67,1
77455,CFG_cf541d0f8a3a,zp8,67,1
77456,CFG_5cd0c67d59bc,zp8,67,1
77457,CFG_67b539d34471,zp8,67,1
77458,CFG_b2a3cbb134c5,zp8,67,1
77459,CFG_7cd4c6b023c5,zp8,67,1
77460,CFG_f18488ce1456,zp8,67,1
77461,CFG_77c8b99b43d9,zp8,67,1
77462,CFG_2154b722e06b,zp8,67,1
77463,CFG_1d0f84c0bb06,zp8,67,1
77464,CFG_e1e6e0c66c93,zp8,67,1
77465,CFG_3a3d7179fe0d,zp8,67,1
77466,CFG_c94b44f1b2f9,zp8,67,1
77467,CFG_e3386d946379,zp8,67,1
77468,CFG_3697b100c401,zp8,67,1
77469,CFG_b8e6a5652de1,zp8,67,1
77470,CFG_1ec55dc0a2ff,zp8,67,1
77471,CFG_b04e3d146803,zp8,67,1
77472,CFG_e1e6e0c66c93,zp8,67,1
77473,CFG_1ec55dc0a2ff,zp8,67,1
77474,CFG_67b539d34471,zp8,67,1
77475,CFG_29c3378e155b,zp8,67,1
77476,CFG_17620e2785dc,zp8,67,1
77477,CFG_1738a11cbd49,zp8,67,1
77478,CFG_deda15f4c4a8,zp8,67,1
77479,CFG_deda15f4c4a8,zp8,67,1
77480,CFG_2154b722e06b,zp8,67,1
77481,CFG_ceef49456daa,zp8,67,1
77482,CFG_8bfc9d62299c,zp8,67,1
77483,CFG_1e693796a40d,zp8,67,1
77484,CFG_1ec55dc0a2ff,zp8,67,1
77485,CFG_9c659499047b,zp8,67,1
77486,CFG_cc5bbb6e9d13,zp8,67,1
77487,CFG_59f154754573,zp8,67,1
77488,CFG_939ca62c69c2,zp8,67,1
77489,CFG_8bfc9d62299c,zp8,67,1
77490,CFG_a292c20a75fd,zp8,67,1
77491,CFG_8bfc9d62299c,zp8,67,1
77492,CFG_b8e6a5652de1,zp8,67,1
77493,CFG_1ec55dc0a2ff,zp8,67,1
77494,CFG_1738a11cbd49,zp8,67,1
77495,CFG_9178f775d49a,zp8,67,1
77496,CFG_67b539d34471,zp8,67,1
77497,CFG_a34f76b67ef4,zp8,67,1
77498,CFG_36f82e31118f,zp8,67,1
77499,CFG_29c3378e155b,zp8,67,1
77500,CFG_8a51f93d684d,zp8,67,1
77501,CFG_be784e24b621,zp8,67,1
77502,CFG_b8e6a5652de1,zp8,67,1
77503,CFG_3278d3379c8a,zp8,67,1
77504,CFG_1e693796a40d,zp8,67,1
77505,CFG_939ca62c69c2,zp8,67,1
77506,CFG_f18488ce1456,zp8,67,1
77507,CFG_b2a3cbb134c5,zp8,67,1
77508,CFG_67b539d34471,zp8,67,1
77509,CFG_f18488ce1456,zp8,67,1
77510,CFG_1ec55dc0a2ff,zp8,67,1
77511,CFG_1ec55dc0a2ff,zp8,67,1
77512,CFG_9178f775d49a,zp8,67,1
77513,CFG_29c3378e155b,zp8,67,1
77514,CFG_17620e2785dc,zp8,67,1
77515,CFG_939ca62c69c2,zp8,67,1
77516,CFG_9178f775d49a,zp8,67,1
77517,CFG_f18488ce1456,zp8,67,1
77518,CFG_d96b0c9e44d0,zp8,67,1
77519,CFG_b2a3cbb134c5,zp8,67,1
77520,CFG_3a3d7179fe0d,zp8,67,1
77521,CFG_bd6412fc68b0,zp8,67,1
77522,CFG_7fa53b7ab3bf,zp8,67,1
77523,CFG_f18488ce1456,zp8,67,1
77524,CFG_3a3d7179fe0d,zp8,67,1
77525,CFG_deda15f4c4a8,zp8,67,1
77526,CFG_ffde3ea1b2e3,zp8,67,1
77527,CFG_8bfc9d62299c,zp8,67,1
77528,CFG_9178f775d49a,zp8,67,1
77529,CFG_9178f775d49a,zp8,67,1
77530,CFG_755205a28938,zp8,67,1
77531,CFG_d7aadf87f0b1,zp8,67,1
77532,CFG_7cd4c6b023c5,zp8,67,1
77533,CFG_802041076799,zp8,67,1
77534,CFG_2154b722e06b,zp8,67,1
77535,CFG_59f154754573,zp8,67,1
77536,CFG_8a51f93d684d,zp8,67,1
77537,CFG_bbea204eb2ac,zp8,67,1
77538,CFG_d96b0c9e44d0,zp8,67,1
77539,CFG_1738a11cbd49,zp8,67,1
77540,CFG_59f154754573,zp8,67,1
77541,CFG_deda15f4c4a8,zp8,67,1
77542,CFG_710c47edfbc8,zp8,67,1
77543,CFG_9c659499047b,zp8,67,1
77544,CFG_d39c77a1a4bf,zp8,67,1
77545,CFG_773ac98270b6,zp8,67,1
77546,CFG_a34f76b67ef4,zp8,67,1
77547,CFG_ffde3ea1b2e3,zp8,67,1
77548,CFG_3697b100c401,zp8,67,1
77549,CFG_77c8b99b43d9,zp8,67,1
77550,CFG_a34f76b67ef4,zp8,67,1
77551,CFG_e3950fd94ca1,zp8,67,1
77552,CFG_1738a11cbd49,zp8,67,1
77553,CFG_1d0f84c0bb06,zp8,67,1
77554,CFG_3278d3379c8a,zp8,67,1
77555,CFG_e1e6e0c66c93,zp8,67,1
77556,CFG_deda15f4c4a8,zp8,67,1
77557,CFG_d7aadf87f0b1,zp8,67,1
77558,CFG_e87513c8563d,zp8,67,1
77559,CFG_f18488ce1456,zp8,67,1
77560,CFG_a1d878e7d840,zp8,67,1
77561,CFG_1ec55dc0a2ff,zp8,67,1
77562,CFG_8bfc9d62299c,zp8,67,1
77563,CFG_2534839bab0a,zp8,67,1
77564,CFG_a1ebd0490272,zp8,67,1
77565,CFG_36f82e31118f,zp8,67,1
77566,CFG_36f82e31118f,zp8,67,1
77567,CFG_b2a3cbb134c5,zp8,67,1
77568,CFG_1e693796a40d,zp8,67,1
77569,CFG_d39c77a1a4bf,zp8,67,1
77570,CFG_59f154754573,zp8,67,1
77571,CFG_773ac98270b6,zp8,67,1
77572,CFG_a292c20a75fd,zp8,67,1
77573,CFG_5cd0c67d59bc,zp8,67,1
77574,CFG_be784e24b621,zp8,67,1
77575,CFG_710c47edfbc8,zp8,67,1
77576,CFG_9c659499047b,zp8,67,1
77577,CFG_288ddbff7431,zp8,67,1
77578,CFG_3a3d7179fe0d,zp8,67,1
77579,CFG_755205a28938,zp8,67,1
77580,CFG_939ca62c69c2,zp8,67,1
77581,CFG_1ec55dc0a2ff,zp8,67,1
77582,CFG_1e693796a40d,zp8,67,1
77583,CFG_59f154754573,zp8,67,1
77584,CFG_be784e24b621,zp8,67,1
77585,CFG_9178f775d49a,zp8,67,1
77586,CFG_f18488ce1456,zp8,67,1
77587,CFG_36f82e31118f,zp8,67,1
77588,CFG_be784e24b621,zp8,67,1
77589,CFG_59f154754573,zp8,67,1
77590,CFG_6ff9e417e386,zp8,67,1
77591,CFG_36f82e31118f,zp8,67,1
77592,CFG_39fe645ba2f1,zp8,67,1
77593,CFG_9178f775d49a,zp8,67,1
77594,CFG_727914633b9e,zp8,67,1
77595,CFG_3a3d7179fe0d,zp8,67,1
77596,CFG_3a3d7179fe0d,zp8,67,1
77597,CFG_710c47edfbc8,zp8,67,1
77598,CFG_2154b722e06b,zp8,67,1
77599,CFG_5851809b712d,zp8,67,1
77600,CFG_67b539d34471,zp8,67,1
77601,CFG_9178f775d49a,zp8,67,1
77602,CFG_f18488ce1456,zp8,67,1
77603,CFG_59f154754573,zp8,67,1
77604,CFG_9178f775d49a,zp8,67,1
77605,CFG_b04e3d146803,zp8,67,1
77606,CFG_e3950fd94ca1,zp8,67,1
77607,CFG_deda15f4c4a8,zp8,67,1
77608,CFG_1d1816b1d9d8,zp8,67,1
77609,CFG_8a51f93d684d,zp8,67,1
77610,CFG_b2a3cbb134c5,zp8,67,1
77611,CFG_59aede929579,zp8,67,1
77612,CFG_f993a0fc6256,zp8,67,1
77613,CFG_ac213567a5a2,zp8,67,1
77614,CFG_de29bb20eaa6,zp8,67,1
77615,CFG_5cd0c67d59bc,zp8,67,1
77616,CFG_939ca62c69c2,zp8,67,1
77617,CFG_db37bdfe8c71,zp8,67,1
77618,CFG_939ca62c69c2,zp8,67,1
77619,CFG_7155e4ee7bdf,zp8,67,1
77620,CFG_a1d878e7d840,zp8,67,1
77621,CFG_9178f775d49a,zp8,67,1
77622,CFG_755205a28938,zp8,67,1
77623,CFG_cf541d0f8a3a,zp8,67,1
77624,CFG_8a51f93d684d,zp8,67,1
77625,CFG_67b539d34471,zp8,67,1
77626,CFG_755205a28938,zp8,67,1
77627,CFG_acabbc62a021,zp8,67,1
77628,CFG_755205a28938,zp8,67,1
77629,CFG_67b539d34471,zp8,67,1
77630,CFG_cf541d0f8a3a,zp8,67,1
77631,CFG_9178f775d49a,zp8,67,1
77632,CFG_939ca62c69c2,zp8,67,1
77633,CFG_9178f775d49a,zp8,67,1
77634,CFG_cf541d0f8a3a,zp8,67,1
77635,CFG_ac213567a5a2,zp8,67,1
77636,CFG_e1e6e0c66c93,zp8,67,1
77637,CFG_a292c20a75fd,zp8,67,1
77638,CFG_be784e24b621,zp8,67,1
77639,CFG_be784e24b621,zp8,67,1
77640,CFG_8a51f93d684d,zp8,67,1
77641,CFG_8a51f93d684d,zp8,67,1
77642,CFG_9178f775d49a,zp8,67,1
77643,CFG_d96b0c9e44d0,zp8,67,1
77644,CFG_727914633b9e,zp8,67,1
77645,CFG_275e4ca07248,zp8,67,1
77646,CFG_6caaadb373ea,zp8,67,1
77647,CFG_39fe645ba2f1,zp8,67,1
77648,CFG_a1ebd0490272,zp8,67,1
77649,CFG_1ec55dc0a2ff,zp8,67,1
77650,CFG_8a51f93d684d,zp8,67,1
77651,CFG_bbea204eb2ac,zp8,67,1
77652,CFG_59f154754573,zp8,67,1
77653,CFG_cf541d0f8a3a,zp8,67,1
77654,CFG_7fa53b7ab3bf,zp8,67,1
77655,CFG_773ac98270b6,zp8,67,1
77656,CFG_b8e6a5652de1,zp8,67,1
77657,CFG_5514d03a77b0,zp8,67,1
77658,CFG_d96b0c9e44d0,zp8,67,1
77659,CFG_802041076799,zp8,67,1
77660,CFG_36f82e31118f,zp8,67,1
77661,CFG_d96b0c9e44d0,zp8,67,1
77662,CFG_939ca62c69c2,zp8,67,1
77663,CFG_755205a28938,zp8,67,1
77664,CFG_67b539d34471,zp8,67,1
77665,CFG_e3950fd94ca1,zp8,67,1
77666,CFG_1e693796a40d,zp8,67,1
77667,CFG_39fe645ba2f1,zp8,67,1
77668,CFG_67b539d34471,zp8,67,1
77669,CFG_939ca62c69c2,zp8,67,1
77670,CFG_a1d878e7d840,zp8,67,1
77671,CFG_710c47edfbc8,zp8,67,1
77672,CFG_8a51f93d684d,zp8,67,1
77673,CFG_3a3d7179fe0d,zp8,67,1
77674,CFG_9178f775d49a,zp8,67,1
77675,CFG_8a51f93d684d,zp8,67,1
77676,CFG_1ec55dc0a2ff,zp8,67,1
77677,CFG_a1d878e7d840,zp8,67,1
77678,CFG_59f154754573,zp8,67,1
77679,CFG_f18488ce1456,zp8,67,1
77680,CFG_17620e2785dc,zp8,67,1
77681,CFG_9c659499047b,zp8,67,1
77682,CFG_8bfc9d62299c,zp8,67,1
77683,CFG_b8e6a5652de1,zp8,67,1
77684,CFG_7fa53b7ab3bf,zp8,67,1
77685,CFG_1ec55dc0a2ff,zp8,67,1
77686,CFG_8a51f93d684d,zp8,67,1
77687,CFG_59f154754573,zp8,67,1
77688,CFG_de29bb20eaa6,zp8,67,1
77689,CFG_b2a3cbb134c5,zp8,67,1
77690,CFG_5cd0c67d59bc,zp8,67,1
77691,CFG_d39c77a1a4bf,zp8,67,1
77692,CFG_cf541d0f8a3a,zp8,67,1
77693,CFG_275e4ca07248,zp8,67,1
77694,CFG_755205a28938,zp8,67,1
77695,CFG_d0face5aa80d,zp8,67,1
77696,CFG_637b6e72af93,zp8,67,1
77697,CFG_a1d878e7d840,zp8,67,1
77698,CFG_e3950fd94ca1,zp8,67,1
77699,CFG_1738a11cbd49,zp8,67,1
77700,CFG_17620e2785dc,zp8,67,1
77701,CFG_29c3378e155b,zp8,67,1
77702,CFG_e1e6e0c66c93,zp8,67,1
77703,CFG_59aede929579,zp8,67,1
77704,CFG_ac213567a5a2,zp8,67,1
77705,CFG_755205a28938,zp8,67,1
77706,CFG_65f78a36ed50,zp8,67,1
77707,CFG_b8e6a5652de1,zp8,67,1
77708,CFG_939ca62c69c2,zp8,67,1
77709,CFG_9178f775d49a,zp8,67,1
77710,CFG_e1e6e0c66c93,zp8,67,1
77711,CFG_bbea204eb2ac,zp8,67,1
77712,CFG_b2a3cbb134c5,zp8,67,1
77713,CFG_710c47edfbc8,zp8,67,1
77714,CFG_bbea204eb2ac,zp8,67,1
77715,CFG_ffde3ea1b2e3,zp8,67,1
77716,CFG_59aede929579,zp8,67,1
77717,CFG_67b539d34471,zp8,67,1
77718,CFG_39fe645ba2f1,zp8,67,1
77719,CFG_9178f775d49a,zp8,67,1
77720,CFG_8a51f93d684d,zp8,67,1
77721,CFG_e1e6e0c66c93,zp8,67,1
77722,CFG_67b539d34471,zp8,67,1
77723,CFG_755205a28938,zp8,67,1
77724,CFG_f18488ce1456,zp8,67,1
77725,CFG_d96b0c9e44d0,zp8,67,1
77726,CFG_3a3d7179fe0d,zp8,67,1
77727,CFG_802041076799,zp8,67,1
77728,CFG_b8e6a5652de1,zp8,67,1
77729,CFG_d96b0c9e44d0,zp8,67,1
77730,CFG_67b539d34471,zp8,67,1
77731,CFG_727914633b9e,zp8,67,1
77732,CFG_3278d3379c8a,zp8,67,1
77733,CFG_5cd0c67d59bc,zp8,67,1
77734,CFG_cc5bbb6e9d13,zp8,67,1
77735,CFG_1ec55dc0a2ff,zp8,67,1
77736,CFG_e3950fd94ca1,zp8,67,1
77737,CFG_939ca62c69c2,zp8,67,1
77738,CFG_9c659499047b,zp8,67,1
77739,CFG_1ec55dc0a2ff,zp8,67,1
77740,CFG_b8e6a5652de1,zp8,67,1
77741,CFG_39fe645ba2f1,zp8,67,1
77742,CFG_6caaadb373ea,zp8,67,1
77743,CFG_cf541d0f8a3a,zp8,67,1
77744,CFG_3a3d7179fe0d,zp8,67,1
77745,CFG_1e693796a40d,zp8,67,1
77746,CFG_3a3d7179fe0d,zp8,67,1
77747,CFG_cf6528e23789,zp8,67,1
77748,CFG_65f78a36ed50,zp8,67,1
77749,CFG_3a3d7179fe0d,zp8,67,1
77750,CFG_59f154754573,zp8,67,1
77751,CFG_755205a28938,zp8,67,1
77752,CFG_8a51f93d684d,zp8,67,1
77753,CFG_755205a28938,zp8,67,1
77754,CFG_b04e3d146803,zp8,67,1
77755,CFG_773ac98270b6,zp8,67,1
77756,CFG_b04e3d146803,zp8,67,1
77757,CFG_d7aadf87f0b1,zp8,67,1
77758,CFG_532891bb36ca,zp8,67,1
77759,CFG_773ac98270b6,zp8,67,1
77760,CFG_b2a3cbb134c5,zp8,67,1
77761,CFG_c94b44f1b2f9,zp8,67,1
77762,CFG_deda15f4c4a8,zp8,67,1
77763,CFG_8a51f93d684d,zp8,67,1
77764,CFG_637b6e72af93,zp8,67,1
77765,CFG_a34f76b67ef4,zp8,67,1
77766,CFG_5514d03a77b0,zp8,67,1
77767,CFG_773ac98270b6,zp8,67,1
77768,CFG_b2a3cbb134c5,zp8,67,1
77769,CFG_ceef49456daa,zp8,67,1
77770,CFG_36f82e31118f,zp8,67,1
77771,CFG_1738a11cbd49,zp8,67,1
77772,CFG_e3386d946379,zp8,67,1
77773,CFG_e3386d946379,zp8,67,1
77774,CFG_9178f775d49a,zp8,67,1
77775,CFG_1d0f84c0bb06,zp8,67,1
77776,CFG_5cd0c67d59bc,zp8,67,1
77777,CFG_b8e6a5652de1,zp8,67,1
77778,CFG_cf541d0f8a3a,zp8,67,1
77779,CFG_be784e24b621,zp8,67,1
77780,CFG_b8e6a5652de1,zp8,67,1
77781,CFG_1d1816b1d9d8,zp8,67,1
77782,CFG_755205a28938,zp8,67,1
77783,CFG_f18488ce1456,zp8,67,1
77784,CFG_9c659499047b,zp8,67,1
77785,CFG_6ff9e417e386,zp8,67,1
77786,CFG_b2a3cbb134c5,zp8,67,1
77787,CFG_d96b0c9e44d0,zp8,67,1
77788,CFG_1ec55dc0a2ff,zp8,67,1
77789,CFG_cf541d0f8a3a,zp8,67,1
77790,CFG_cf541d0f8a3a,zp8,67,1
77791,CFG_cc5bbb6e9d13,zp8,67,1
77792,CFG_8a51f93d684d,zp8,67,1
77793,CFG_ffde3ea1b2e3,zp8,67,1
77794,CFG_cf541d0f8a3a,zp8,67,1
77795,CFG_dda2f907b868,zp8,67,1
77796,CFG_17620e2785dc,zp8,67,1
77797,CFG_7155e4ee7bdf,zp8,67,1
77798,CFG_a34f76b67ef4,zp8,67,1
77799,CFG_1ec55dc0a2ff,zp8,67,1
77800,CFG_7cd4c6b023c5,zp8,67,1
77801,CFG_a1d878e7d840,zp8,67,1
77802,CFG_3278d3379c8a,zp8,67,1
77803,CFG_9c659499047b,zp8,67,1
77804,CFG_e3950fd94ca1,zp8,67,1
77805,CFG_b2a3cbb134c5,zp8,67,1
77806,CFG_67b539d34471,zp8,67,1
77807,CFG_7155e4ee7bdf,zp8,67,1
77808,CFG_d96b0c9e44d0,zp8,67,1
77809,CFG_be784e24b621,zp8,67,1
77810,CFG_67b539d34471,zp8,67,1
77811,CFG_cf541d0f8a3a,zp8,67,1
77812,CFG_17620e2785dc,zp8,67,1
77813,CFG_710c47edfbc8,zp8,67,1
77814,CFG_ceef49456daa,zp8,67,1
77815,CFG_8a51f93d684d,zp8,67,1
77816,CFG_7155e4ee7bdf,zp8,67,1
77817,CFG_d39c77a1a4bf,zp8,67,1
77818,CFG_9178f775d49a,zp8,67,1
77819,CFG_e3386d946379,zp8,67,1
77820,CFG_9178f775d49a,zp8,67,1
77821,CFG_9c659499047b,zp8,67,1
77822,CFG_6caaadb373ea,zp8,67,1
77823,CFG_7155e4ee7bdf,zp8,67,1
77824,CFG_773ac98270b6,zp8,67,1
77825,CFG_67b539d34471,zp8,67,1
77826,CFG_8a51f93d684d,zp8,67,1
77827,CFG_773ac98270b6,zp8,67,1
77828,CFG_59aede929579,zp8,67,1
77829,CFG_7fa53b7ab3bf,zp8,67,1
77830,CFG_d96b0c9e44d0,zp8,67,1
77831,CFG_29c3378e155b,zp8,67,1
77832,CFG_67b539d34471,zp8,67,1
77833,CFG_773ac98270b6,zp8,67,1
77834,CFG_deda15f4c4a8,zp8,67,1
77835,CFG_f18488ce1456,zp8,67,1
77836,CFG_cc5bbb6e9d13,zp8,67,1
77837,CFG_1ec55dc0a2ff,zp8,67,1
77838,CFG_1738a11cbd49,zp8,67,1
77839,CFG_8a51f93d684d,zp8,67,1
77840,CFG_710c47edfbc8,zp8,67,1
77841,CFG_d7aadf87f0b1,zp8,67,1
77842,CFG_ac213567a5a2,zp8,67,1
77843,CFG_b04e3d146803,zp8,67,1
77844,CFG_29c3378e155b,zp8,67,1
77845,CFG_1ec55dc0a2ff,zp8,67,1
77846,CFG_acabbc62a021,zp8,67,1
77847,CFG_17620e2785dc,zp8,67,1
77848,CFG_59f154754573,zp8,67,1
77849,CFG_755205a28938,zp8,67,1
77850,CFG_e1e6e0c66c93,zp8,67,1
77851,CFG_773ac98270b6,zp8,67,1
77852,CFG_1ec55dc0a2ff,zp8,67,1
77853,CFG_1738a11cbd49,zp8,67,1
77854,CFG_a1d878e7d840,zp8,67,1
77855,CFG_f18488ce1456,zp8,67,1
77856,CFG_755205a28938,zp8,67,1
77857,CFG_d0face5aa80d,zp8,67,1
77858,CFG_d7aadf87f0b1,zp8,67,1
77859,CFG_d7aadf87f0b1,zp8,67,1
77860,CFG_de29bb20eaa6,zp8,67,1
77861,CFG_1d0f84c0bb06,zp8,67,1
77862,CFG_36f82e31118f,zp8,67,1
77863,CFG_c910518048de,zp8,67,1
77864,CFG_8f2957e28805,zp8,67,1
77865,CFG_d39c77a1a4bf,zp8,67,1
77866,CFG_36f82e31118f,zp8,67,1
77867,CFG_d39c77a1a4bf,zp8,67,1
77868,CFG_8a51f93d684d,zp8,67,1
77869,CFG_de29bb20eaa6,zp8,67,1
77870,CFG_be784e24b621,zp8,67,1
77871,CFG_b04e3d146803,zp8,67,1
77872,CFG_67b539d34471,zp8,67,1
77873,CFG_8a51f93d684d,zp8,67,1
77874,CFG_deda15f4c4a8,zp8,67,1
77875,CFG_59f154754573,zp8,67,1
77876,CFG_5cd0c67d59bc,zp8,67,1
77877,CFG_9178f775d49a,zp8,67,1
77878,CFG_be784e24b621,zp8,67,1
77879,CFG_ceef49456daa,zp8,67,1
77880,CFG_710c47edfbc8,zp8,67,1
77881,CFG_b2a3cbb134c5,zp8,67,1
77882,CFG_cf541d0f8a3a,zp8,67,1
77883,CFG_17620e2785dc,zp8,67,1
77884,CFG_d7aadf87f0b1,zp8,67,1
77885,CFG_67b539d34471,zp8,67,1
77886,CFG_6caaadb373ea,zp8,67,1
77887,CFG_773ac98270b6,zp8,67,1
77888,CFG_5cd0c67d59bc,zp8,67,1
77889,CFG_939ca62c69c2,zp8,67,1
77890,CFG_b2a3cbb134c5,zp8,67,1
77891,CFG_36f82e31118f,zp8,67,1
77892,CFG_de29bb20eaa6,zp8,67,1
77893,CFG_9178f775d49a,zp8,67,1
77894,CFG_1747d90ed031,zp8,67,1
77895,CFG_939ca62c69c2,zp8,67,1
77896,CFG_2534839bab0a,zp8,67,1
77897,CFG_ffde3ea1b2e3,zp8,67,1
77898,CFG_1d0f84c0bb06,zp8,67,1
77899,CFG_773ac98270b6,zp8,67,1
77900,CFG_d7aadf87f0b1,zp8,67,1
77901,CFG_e3950fd94ca1,zp8,67,1
77902,CFG_8f2957e28805,zp8,67,1
77903,CFG_67b539d34471,zp8,67,1
77904,CFG_ffde3ea1b2e3,zp8,67,1
77905,CFG_59f154754573,zp8,67,1
77906,CFG_755205a28938,zp8,67,1
77907,CFG_5514d03a77b0,zp8,67,1
77908,CFG_d39c77a1a4bf,zp8,67,1
77909,CFG_67b539d34471,zp8,67,1
77910,CFG_d96b0c9e44d0,zp8,67,1
77911,CFG_773ac98270b6,zp8,67,1
77912,CFG_f18488ce1456,zp8,67,1
77913,CFG_3a3d7179fe0d,zp8,67,1
77914,CFG_1ec55dc0a2ff,zp8,67,1
77915,CFG_81cab8befe03,zp8,67,1
77916,CFG_8bfc9d62299c,zp8,67,1
77917,CFG_f18488ce1456,zp8,67,1
77918,CFG_802041076799,zp8,67,1
77919,CFG_802041076799,zp8,67,1
77920,CFG_67b539d34471,zp8,67,1
77921,CFG_1ec55dc0a2ff,zp8,67,1
77922,CFG_29c3378e155b,zp8,67,1
77923,CFG_727914633b9e,zp8,67,1
77924,CFG_939ca62c69c2,zp8,67,1
77925,CFG_dda2f907b868,zp8,67,1
77926,CFG_a1ebd0490272,zp8,67,1
77927,CFG_9178f775d49a,zp8,67,1
77928,CFG_710c47edfbc8,zp8,67,1
77929,CFG_99b4d8a9c762,zp8,67,1
77930,CFG_b2a3cbb134c5,zp8,67,1
77931,CFG_e3950fd94ca1,zp8,67,1
77932,CFG_67b539d34471,zp8,67,1
77933,CFG_5cd0c67d59bc,zp8,67,1
77934,CFG_3a3d7179fe0d,zp8,67,1
77935,CFG_1ec55dc0a2ff,zp8,67,1
77936,CFG_8a51f93d684d,zp8,67,1
77937,CFG_67b539d34471,zp8,67,1
77938,CFG_d39c77a1a4bf,zp8,67,1
77939,CFG_dda2f907b868,zp8,67,1
77940,CFG_9178f775d49a,zp8,67,1
77941,CFG_8bfc9d62299c,zp8,67,1
77942,CFG_cf541d0f8a3a,zp8,67,1
77943,CFG_d96b0c9e44d0,zp8,67,1
77944,CFG_7fa53b7ab3bf,zp8,67,1
77945,CFG_1e693796a40d,zp8,67,1
77946,CFG_773ac98270b6,zp8,67,1
77947,CFG_8a51f93d684d,zp8,67,1
77948,CFG_8a51f93d684d,zp8,67,1
77949,CFG_b2a3cbb134c5,zp8,67,1
77950,CFG_5cd0c67d59bc,zp8,67,1
77951,CFG_5514d03a77b0,zp8,67,1
77952,CFG_cf541d0f8a3a,zp8,67,1
77953,CFG_deda15f4c4a8,zp8,67,1
77954,CFG_99b4d8a9c762,zp8,67,1
77955,CFG_36f82e31118f,zp8,67,1
77956,CFG_8bfc9d62299c,zp8,67,1
77957,CFG_39fe645ba2f1,zp8,67,1
77958,CFG_cc5bbb6e9d13,zp8,67,1
77959,CFG_1ec55dc0a2ff,zp8,67,1
77960,CFG_67b539d34471,zp8,67,1
77961,CFG_f18488ce1456,zp8,67,1
77962,CFG_36f82e31118f,zp8,67,1
77963,CFG_288ddbff7431,zp8,67,1
77964,CFG_36f82e31118f,zp8,67,1
77965,CFG_8bfc9d62299c,zp8,67,1
77966,CFG_275e4ca07248,zp8,67,1
77967,CFG_1e693796a40d,zp8,67,1
77968,CFG_9178f775d49a,zp8,67,1
77969,CFG_755205a28938,zp8,67,1
77970,CFG_3e489afc8bfd,zp8,67,1
77971,CFG_81cab8befe03,zp8,67,1
77972,CFG_8a51f93d684d,zp8,67,1
77973,CFG_a9714f85f877,zp8,67,1
77974,CFG_1ec55dc0a2ff,zp8,67,1
77975,CFG_be784e24b621,zp8,67,1
77976,CFG_1ec55dc0a2ff,zp8,67,1
77977,CFG_755205a28938,zp8,67,1
77978,CFG_a34f76b67ef4,zp8,67,1
77979,CFG_cf541d0f8a3a,zp8,67,1
77980,CFG_deda15f4c4a8,zp8,67,1
77981,CFG_77c8b99b43d9,zp8,67,1
77982,CFG_755205a28938,zp8,67,1
77983,CFG_e1e6e0c66c93,zp8,67,1
77984,CFG_acabbc62a021,zp8,67,1
77985,CFG_36f82e31118f,zp8,67,1
77986,CFG_5cd0c67d59bc,zp8,67,1
77987,CFG_ffde3ea1b2e3,zp8,67,1
77988,CFG_7fa53b7ab3bf,zp8,67,1
77989,CFG_8a51f93d684d,zp8,67,1
77990,CFG_7cd4c6b023c5,zp8,67,1
77991,CFG_939ca62c69c2,zp8,67,1
77992,CFG_8bfc9d62299c,zp8,67,1
77993,CFG_1e693796a40d,zp8,67,1
77994,CFG_ac213567a5a2,zp8,67,1
77995,CFG_8a51f93d684d,zp8,67,1
77996,CFG_e1e6e0c66c93,zp8,67,1
77997,CFG_1d0f84c0bb06,zp8,67,1
77998,CFG_e1e6e0c66c93,zp8,67,1
77999,CFG_cf6528e23789,zp8,67,1
78000,CFG_cf541d0f8a3a,zp8,67,1
78001,CFG_3a3d7179fe0d,zp8,68,1
78002,CFG_727914633b9e,zp8,68,1
78003,CFG_f18488ce1456,zp8,68,1
78004,CFG_67b539d34471,zp8,68,1
78005,CFG_b8e6a5652de1,zp8,68,1
78006,CFG_be784e24b621,zp8,68,1
78007,CFG_d7aadf87f0b1,zp8,68,1
78008,CFG_cf541d0f8a3a,zp8,68,1
78009,CFG_39fe645ba2f1,zp8,68,1
78010,CFG_755205a28938,zp8,68,1
78011,CFG_a34f76b67ef4,zp8,68,1
78012,CFG_9c659499047b,zp8,68,1
78013,CFG_773ac98270b6,zp8,68,1
78014,CFG_36f82e31118f,zp8,68,1
78015,CFG_9c659499047b,zp8,68,1
78016,CFG_b2a3cbb134c5,zp8,68,1
78017,CFG_1ec55dc0a2ff,zp8,68,1
78018,CFG_b2a3cbb134c5,zp8,68,1
78019,CFG_d39c77a1a4bf,zp8,68,1
78020,CFG_17620e2785dc,zp8,68,1
78021,CFG_3278d3379c8a,zp8,68,1
78022,CFG_cf541d0f8a3a,zp8,68,1
78023,CFG_e87513c8563d,zp8,68,1
78024,CFG_8a51f93d684d,zp8,68,1
78025,CFG_773ac98270b6,zp8,68,1
78026,CFG_773ac98270b6,zp8,68,1
78027,CFG_e87513c8563d,zp8,68,1
78028,CFG_5be0533f7ebf,zp8,68,1
78029,CFG_755205a28938,zp8,68,1
78030,CFG_36f82e31118f,zp8,68,1
78031,CFG_deda15f4c4a8,zp8,68,1
78032,CFG_bbea204eb2ac,zp8,68,1
78033,CFG_1ec55dc0a2ff,zp8,68,1
78034,CFG_f18488ce1456,zp8,68,1
78035,CFG_29c3378e155b,zp8,68,1
78036,CFG_b2a3cbb134c5,zp8,68,1
78037,CFG_17620e2785dc,zp8,68,1
78038,CFG_d39c77a1a4bf,zp8,68,1
78039,CFG_2154b722e06b,zp8,68,1
78040,CFG_1738a11cbd49,zp8,68,1
78041,CFG_d96b0c9e44d0,zp8,68,1
78042,CFG_deda15f4c4a8,zp8,68,1
78043,CFG_1ec55dc0a2ff,zp8,68,1
78044,CFG_2154b722e06b,zp8,68,1
78045,CFG_625048fefa0b,zp8,68,1
78046,CFG_cc5bbb6e9d13,zp8,68,1
78047,CFG_d7aadf87f0b1,zp8,68,1
78048,CFG_59f154754573,zp8,68,1
78049,CFG_acabbc62a021,zp8,68,1
78050,CFG_3278d3379c8a,zp8,68,1
78051,CFG_cf541d0f8a3a,zp8,68,1
78052,CFG_67b539d34471,zp8,68,1
78053,CFG_5cd0c67d59bc,zp8,68,1
78054,CFG_b2a3cbb134c5,zp8,68,1
78055,CFG_5cd0c67d59bc,zp8,68,1
78056,CFG_710c47edfbc8,zp8,68,1
78057,CFG_29c3378e155b,zp8,68,1
78058,CFG_be784e24b621,zp8,68,1
78059,CFG_9178f775d49a,zp8,68,1
78060,CFG_d96b0c9e44d0,zp8,68,1
78061,CFG_be784e24b621,zp8,68,1
78062,CFG_ffde3ea1b2e3,zp8,68,1
78063,CFG_67b539d34471,zp8,68,1
78064,CFG_de29bb20eaa6,zp8,68,1
78065,CFG_3a3d7179fe0d,zp8,68,1
78066,CFG_8bfc9d62299c,zp8,68,1
78067,CFG_3a3d7179fe0d,zp8,68,1
78068,CFG_ffde3ea1b2e3,zp8,68,1
78069,CFG_8a51f93d684d,zp8,68,1
78070,CFG_3a3d7179fe0d,zp8,68,1
78071,CFG_710c47edfbc8,zp8,68,1
78072,CFG_a1d878e7d840,zp8,68,1
78073,CFG_1ec55dc0a2ff,zp8,68,1
78074,CFG_b2a3cbb134c5,zp8,68,1
78075,CFG_755205a28938,zp8,68,1
78076,CFG_deda15f4c4a8,zp8,68,1
78077,CFG_d96b0c9e44d0,zp8,68,1
78078,CFG_755205a28938,zp8,68,1
78079,CFG_ac213567a5a2,zp8,68,1
78080,CFG_a1d878e7d840,zp8,68,1
78081,CFG_625048fefa0b,zp8,68,1
78082,CFG_1738a11cbd49,zp8,68,1
78083,CFG_9c659499047b,zp8,68,1
78084,CFG_1d1816b1d9d8,zp8,68,1
78085,CFG_532891bb36ca,zp8,68,1
78086,CFG_b2a3cbb134c5,zp8,68,1
78087,CFG_939ca62c69c2,zp8,68,1
78088,CFG_b04e3d146803,zp8,68,1
78089,CFG_1ec55dc0a2ff,zp8,68,1
78090,CFG_b0eabb76b70f,zp8,68,1
78091,CFG_17620e2785dc,zp8,68,1
78092,CFG_be784e24b621,zp8,68,1
78093,CFG_8a51f93d684d,zp8,68,1
78094,CFG_bbea204eb2ac,zp8,68,1
78095,CFG_2154b722e06b,zp8,68,1
78096,CFG_ffde3ea1b2e3,zp8,68,1
78097,CFG_939ca62c69c2,zp8,68,1
78098,CFG_a1d878e7d840,zp8,68,1
78099,CFG_36f82e31118f,zp8,68,1
78100,CFG_77c8b99b43d9,zp8,68,1
78101,CFG_b2a3cbb134c5,zp8,68,1
78102,CFG_1738a11cbd49,zp8,68,1
78103,CFG_f18488ce1456,zp8,68,1
78104,CFG_17620e2785dc,zp8,68,1
78105,CFG_727914633b9e,zp8,68,1
78106,CFG_3278d3379c8a,zp8,68,1
78107,CFG_cf541d0f8a3a,zp8,68,1
78108,CFG_b2a3cbb134c5,zp8,68,1
78109,CFG_a1d878e7d840,zp8,68,1
78110,CFG_67b539d34471,zp8,68,1
78111,CFG_755205a28938,zp8,68,1
78112,CFG_bd6412fc68b0,zp8,68,1
78113,CFG_3697b100c401,zp8,68,1
78114,CFG_d0face5aa80d,zp8,68,1
78115,CFG_1738a11cbd49,zp8,68,1
78116,CFG_39fe645ba2f1,zp8,68,1
78117,CFG_d39c77a1a4bf,zp8,68,1
78118,CFG_ceef49456daa,zp8,68,1
78119,CFG_be784e24b621,zp8,68,1
78120,CFG_2154b722e06b,zp8,68,1
78121,CFG_1e693796a40d,zp8,68,1
78122,CFG_939ca62c69c2,zp8,68,1
78123,CFG_2154b722e06b,zp8,68,1
78124,CFG_a1ebd0490272,zp8,68,1
78125,CFG_288ddbff7431,zp8,68,1
78126,CFG_8a51f93d684d,zp8,68,1
78127,CFG_7acc0fd451e2,zp8,68,1
78128,CFG_17620e2785dc,zp8,68,1
78129,CFG_f18488ce1456,zp8,68,1
78130,CFG_f18488ce1456,zp8,68,1
78131,CFG_a34f76b67ef4,zp8,68,1
78132,CFG_755205a28938,zp8,68,1
78133,CFG_3a3d7179fe0d,zp8,68,1
78134,CFG_2154b722e06b,zp8,68,1
78135,CFG_de29bb20eaa6,zp8,68,1
78136,CFG_cf541d0f8a3a,zp8,68,1
78137,CFG_ceef49456daa,zp8,68,1
78138,CFG_9178f775d49a,zp8,68,1
78139,CFG_f18488ce1456,zp8,68,1
78140,CFG_59aede929579,zp8,68,1
78141,CFG_e3950fd94ca1,zp8,68,1
78142,CFG_a292c20a75fd,zp8,68,1
78143,CFG_cc5bbb6e9d13,zp8,68,1
78144,CFG_b8e6a5652de1,zp8,68,1
78145,CFG_b2a3cbb134c5,zp8,68,1
78146,CFG_db37bdfe8c71,zp8,68,1
78147,CFG_17620e2785dc,zp8,68,1
78148,CFG_9178f775d49a,zp8,68,1
78149,CFG_1738a11cbd49,zp8,68,1
78150,CFG_b8e6a5652de1,zp8,68,1
78151,CFG_59f154754573,zp8,68,1
78152,CFG_deda15f4c4a8,zp8,68,1
78153,CFG_1ec55dc0a2ff,zp8,68,1
78154,CFG_8a51f93d684d,zp8,68,1
78155,CFG_f18488ce1456,zp8,68,1
78156,CFG_532891bb36ca,zp8,68,1
78157,CFG_a1d878e7d840,zp8,68,1
78158,CFG_710c47edfbc8,zp8,68,1
78159,CFG_d39c77a1a4bf,zp8,68,1
78160,CFG_637b6e72af93,zp8,68,1
78161,CFG_cc5bbb6e9d13,zp8,68,1
78162,CFG_2154b722e06b,zp8,68,1
78163,CFG_5cd0c67d59bc,zp8,68,1
78164,CFG_67b539d34471,zp8,68,1
78165,CFG_755205a28938,zp8,68,1
78166,CFG_67b539d34471,zp8,68,1
78167,CFG_db37bdfe8c71,zp8,68,1
78168,CFG_8bfc9d62299c,zp8,68,1
78169,CFG_59aede929579,zp8,68,1
78170,CFG_f18488ce1456,zp8,68,1
78171,CFG_1e693796a40d,zp8,68,1
78172,CFG_b8e6a5652de1,zp8,68,1
78173,CFG_1d0f84c0bb06,zp8,68,1
78174,CFG_36f82e31118f,zp8,68,1
78175,CFG_9c659499047b,zp8,68,1
78176,CFG_67b539d34471,zp8,68,1
78177,CFG_ffde3ea1b2e3,zp8,68,1
78178,CFG_8a51f93d684d,zp8,68,1
78179,CFG_1ec55dc0a2ff,zp8,68,1
78180,CFG_9178f775d49a,zp8,68,1
78181,CFG_36f82e31118f,zp8,68,1
78182,CFG_b2a3cbb134c5,zp8,68,1
78183,CFG_67b539d34471,zp8,68,1
78184,CFG_3a3d7179fe0d,zp8,68,1
78185,CFG_ffde3ea1b2e3,zp8,68,1
78186,CFG_29c3378e155b,zp8,68,1
78187,CFG_773ac98270b6,zp8,68,1
78188,CFG_5cd0c67d59bc,zp8,68,1
78189,CFG_e3950fd94ca1,zp8,68,1
78190,CFG_b8e6a5652de1,zp8,68,1
78191,CFG_773ac98270b6,zp8,68,1
78192,CFG_9c659499047b,zp8,68,1
78193,CFG_755205a28938,zp8,68,1
78194,CFG_deda15f4c4a8,zp8,68,1
78195,CFG_9c659499047b,zp8,68,1
78196,CFG_17620e2785dc,zp8,68,1
78197,CFG_a1d878e7d840,zp8,68,1
78198,CFG_755205a28938,zp8,68,1
78199,CFG_1ec55dc0a2ff,zp8,68,1
78200,CFG_acabbc62a021,zp8,68,1
78201,CFG_cf541d0f8a3a,zp8,68,1
78202,CFG_bbea204eb2ac,zp8,68,1
78203,CFG_17620e2785dc,zp8,68,1
78204,CFG_ffde3ea1b2e3,zp8,68,1
78205,CFG_a9714f85f877,zp8,68,1
78206,CFG_7fa53b7ab3bf,zp8,68,1
78207,CFG_3697b100c401,zp8,68,1
78208,CFG_802041076799,zp8,68,1
78209,CFG_cf541d0f8a3a,zp8,68,1
78210,CFG_5cd0c67d59bc,zp8,68,1
78211,CFG_9178f775d49a,zp8,68,1
78212,CFG_29c3378e155b,zp8,68,1
78213,CFG_dda2f907b868,zp8,68,1
78214,CFG_9178f775d49a,zp8,68,1
78215,CFG_b8e6a5652de1,zp8,68,1
78216,CFG_7cd4c6b023c5,zp8,68,1
78217,CFG_6caaadb373ea,zp8,68,1
78218,CFG_1ec55dc0a2ff,zp8,68,1
78219,CFG_7155e4ee7bdf,zp8,68,1
78220,CFG_8a51f93d684d,zp8,68,1
78221,CFG_7cd4c6b023c5,zp8,68,1
78222,CFG_cf541d0f8a3a,zp8,68,1
78223,CFG_6caaadb373ea,zp8,68,1
78224,CFG_9c659499047b,zp8,68,1
78225,CFG_275e4ca07248,zp8,68,1
78226,CFG_9c659499047b,zp8,68,1
78227,CFG_ceef49456daa,zp8,68,1
78228,CFG_7fa53b7ab3bf,zp8,68,1
78229,CFG_6caaadb373ea,zp8,68,1
78230,CFG_b8e6a5652de1,zp8,68,1
78231,CFG_275e4ca07248,zp8,68,1
78232,CFG_f18488ce1456,zp8,68,1
78233,CFG_1738a11cbd49,zp8,68,1
78234,CFG_7fa53b7ab3bf,zp8,68,1
78235,CFG_1738a11cbd49,zp8,68,1
78236,CFG_2154b722e06b,zp8,68,1
78237,CFG_59aede929579,zp8,68,1
78238,CFG_9c659499047b,zp8,68,1
78239,CFG_1ec55dc0a2ff,zp8,68,1
78240,CFG_9178f775d49a,zp8,68,1
78241,CFG_cf541d0f8a3a,zp8,68,1
78242,CFG_de29bb20eaa6,zp8,68,1
78243,CFG_cf541d0f8a3a,zp8,68,1
78244,CFG_36f82e31118f,zp8,68,1
78245,CFG_e3950fd94ca1,zp8,68,1
78246,CFG_8a51f93d684d,zp8,68,1
78247,CFG_8a51f93d684d,zp8,68,1
78248,CFG_c910518048de,zp8,68,1
78249,CFG_cf541d0f8a3a,zp8,68,1
78250,CFG_ffde3ea1b2e3,zp8,68,1
78251,CFG_c910518048de,zp8,68,1
78252,CFG_b8e6a5652de1,zp8,68,1
78253,CFG_275e4ca07248,zp8,68,1
78254,CFG_755205a28938,zp8,68,1
78255,CFG_67b539d34471,zp8,68,1
78256,CFG_29c3378e155b,zp8,68,1
78257,CFG_727914633b9e,zp8,68,1
78258,CFG_b2a3cbb134c5,zp8,68,1
78259,CFG_1ec55dc0a2ff,zp8,68,1
78260,CFG_8bfc9d62299c,zp8,68,1
78261,CFG_8f2957e28805,zp8,68,1
78262,CFG_e87513c8563d,zp8,68,1
78263,CFG_de29bb20eaa6,zp8,68,1
78264,CFG_deda15f4c4a8,zp8,68,1
78265,CFG_f18488ce1456,zp8,68,1
78266,CFG_ffde3ea1b2e3,zp8,68,1
78267,CFG_802041076799,zp8,68,1
78268,CFG_1ec55dc0a2ff,zp8,68,1
78269,CFG_8a51f93d684d,zp8,68,1
78270,CFG_2534839bab0a,zp8,68,1
78271,CFG_39fe645ba2f1,zp8,68,1
78272,CFG_36f82e31118f,zp8,68,1
78273,CFG_dda2f907b868,zp8,68,1
78274,CFG_5514d03a77b0,zp8,68,1
78275,CFG_7cd4c6b023c5,zp8,68,1
78276,CFG_f18488ce1456,zp8,68,1
78277,CFG_e3950fd94ca1,zp8,68,1
78278,CFG_cf541d0f8a3a,zp8,68,1
78279,CFG_3a3d7179fe0d,zp8,68,1
78280,CFG_b2a3cbb134c5,zp8,68,1
78281,CFG_8a51f93d684d,zp8,68,1
78282,CFG_532891bb36ca,zp8,68,1
78283,CFG_36f82e31118f,zp8,68,1
78284,CFG_755205a28938,zp8,68,1
78285,CFG_1ec55dc0a2ff,zp8,68,1
78286,CFG_773ac98270b6,zp8,68,1
78287,CFG_d96b0c9e44d0,zp8,68,1
78288,CFG_d7aadf87f0b1,zp8,68,1
78289,CFG_2154b722e06b,zp8,68,1
78290,CFG_17620e2785dc,zp8,68,1
78291,CFG_17620e2785dc,zp8,68,1
78292,CFG_deda15f4c4a8,zp8,68,1
78293,CFG_dda2f907b868,zp8,68,1
78294,CFG_755205a28938,zp8,68,1
78295,CFG_755205a28938,zp8,68,1
78296,CFG_c94b44f1b2f9,zp8,68,1
78297,CFG_a1ebd0490272,zp8,68,1
78298,CFG_5514d03a77b0,zp8,68,1
78299,CFG_288ddbff7431,zp8,68,1
78300,CFG_ffde3ea1b2e3,zp8,68,1
78301,CFG_7fa53b7ab3bf,zp8,68,1
78302,CFG_773ac98270b6,zp8,68,1
78303,CFG_c94b44f1b2f9,zp8,68,1
78304,CFG_67b539d34471,zp8,68,1
78305,CFG_2154b722e06b,zp8,68,1
78306,CFG_e1e6e0c66c93,zp8,68,1
78307,CFG_939ca62c69c2,zp8,68,1
78308,CFG_939ca62c69c2,zp8,68,1
78309,CFG_be784e24b621,zp8,68,1
78310,CFG_cf541d0f8a3a,zp8,68,1
78311,CFG_cf541d0f8a3a,zp8,68,1
78312,CFG_b2a3cbb134c5,zp8,68,1
78313,CFG_de29bb20eaa6,zp8,68,1
78314,CFG_7fa53b7ab3bf,zp8,68,1
78315,CFG_8a51f93d684d,zp8,68,1
78316,CFG_1ec55dc0a2ff,zp8,68,1
78317,CFG_8a51f93d684d,zp8,68,1
78318,CFG_f18488ce1456,zp8,68,1
78319,CFG_36f82e31118f,zp8,68,1
78320,CFG_d96b0c9e44d0,zp8,68,1
78321,CFG_36f82e31118f,zp8,68,1
78322,CFG_1738a11cbd49,zp8,68,1
78323,CFG_d96b0c9e44d0,zp8,68,1
78324,CFG_5cd0c67d59bc,zp8,68,1
78325,CFG_29c3378e155b,zp8,68,1
78326,CFG_b2a3cbb134c5,zp8,68,1
78327,CFG_f993a0fc6256,zp8,68,1
78328,CFG_1738a11cbd49,zp8,68,1
78329,CFG_9178f775d49a,zp8,68,1
78330,CFG_f18488ce1456,zp8,68,1
78331,CFG_29c3378e155b,zp8,68,1
78332,CFG_f18488ce1456,zp8,68,1
78333,CFG_e3950fd94ca1,zp8,68,1
78334,CFG_9178f775d49a,zp8,68,1
78335,CFG_8a51f93d684d,zp8,68,1
78336,CFG_802041076799,zp8,68,1
78337,CFG_7fa53b7ab3bf,zp8,68,1
78338,CFG_275e4ca07248,zp8,68,1
78339,CFG_67b539d34471,zp8,68,1
78340,CFG_275e4ca07248,zp8,68,1
78341,CFG_8a51f93d684d,zp8,68,1
78342,CFG_e3950fd94ca1,zp8,68,1
78343,CFG_dda2f907b868,zp8,68,1
78344,CFG_f18488ce1456,zp8,68,1
78345,CFG_acabbc62a021,zp8,68,1
78346,CFG_d96b0c9e44d0,zp8,68,1
78347,CFG_17620e2785dc,zp8,68,1
78348,CFG_be784e24b621,zp8,68,1
78349,CFG_5514d03a77b0,zp8,68,1
78350,CFG_3a3d7179fe0d,zp8,68,1
78351,CFG_2154b722e06b,zp8,68,1
78352,CFG_8a51f93d684d,zp8,68,1
78353,CFG_773ac98270b6,zp8,68,1
78354,CFG_67b539d34471,zp8,68,1
78355,CFG_f18488ce1456,zp8,68,1
78356,CFG_8a51f93d684d,zp8,68,1
78357,CFG_cf541d0f8a3a,zp8,68,1
78358,CFG_f993a0fc6256,zp8,68,1
78359,CFG_773ac98270b6,zp8,68,1
78360,CFG_e1e6e0c66c93,zp8,68,1
78361,CFG_cf541d0f8a3a,zp8,68,1
78362,CFG_8a51f93d684d,zp8,68,1
78363,CFG_5cd0c67d59bc,zp8,68,1
78364,CFG_f18488ce1456,zp8,68,1
78365,CFG_ffde3ea1b2e3,zp8,68,1
78366,CFG_9178f775d49a,zp8,68,1
78367,CFG_67b539d34471,zp8,68,1
78368,CFG_5514d03a77b0,zp8,68,1
78369,CFG_be784e24b621,zp8,68,1
78370,CFG_5cd0c67d59bc,zp8,68,1
78371,CFG_d7aadf87f0b1,zp8,68,1
78372,CFG_8a51f93d684d,zp8,68,1
78373,CFG_3a3d7179fe0d,zp8,68,1
78374,CFG_cf541d0f8a3a,zp8,68,1
78375,CFG_275e4ca07248,zp8,68,1
78376,CFG_de29bb20eaa6,zp8,68,1
78377,CFG_deda15f4c4a8,zp8,68,1
78378,CFG_532891bb36ca,zp8,68,1
78379,CFG_773ac98270b6,zp8,68,1
78380,CFG_ffde3ea1b2e3,zp8,68,1
78381,CFG_6caaadb373ea,zp8,68,1
78382,CFG_e1e6e0c66c93,zp8,68,1
78383,CFG_3a3d7179fe0d,zp8,68,1
78384,CFG_cf541d0f8a3a,zp8,68,1
78385,CFG_9c659499047b,zp8,68,1
78386,CFG_bbea204eb2ac,zp8,68,1
78387,CFG_8bfc9d62299c,zp8,68,1
78388,CFG_b2a3cbb134c5,zp8,68,1
78389,CFG_9178f775d49a,zp8,68,1
78390,CFG_b2a3cbb134c5,zp8,68,1
78391,CFG_5514d03a77b0,zp8,68,1
78392,CFG_dda2f907b868,zp8,68,1
78393,CFG_59f154754573,zp8,68,1
78394,CFG_2154b722e06b,zp8,68,1
78395,CFG_2534839bab0a,zp8,68,1
78396,CFG_773ac98270b6,zp8,68,1
78397,CFG_a1ebd0490272,zp8,68,1
78398,CFG_8bfc9d62299c,zp8,68,1
78399,CFG_3a3d7179fe0d,zp8,68,1
78400,CFG_ffde3ea1b2e3,zp8,68,1
78401,CFG_1d0f84c0bb06,zp8,68,1
78402,CFG_d96b0c9e44d0,zp8,68,1
78403,CFG_ac213567a5a2,zp8,68,1
78404,CFG_d0face5aa80d,zp8,68,1
78405,CFG_a1d878e7d840,zp8,68,1
78406,CFG_1ec55dc0a2ff,zp8,68,1
78407,CFG_deda15f4c4a8,zp8,68,1
78408,CFG_1ec55dc0a2ff,zp8,68,1
78409,CFG_ac213567a5a2,zp8,68,1
78410,CFG_17620e2785dc,zp8,68,1
78411,CFG_59f154754573,zp8,68,1
78412,CFG_a34f76b67ef4,zp8,68,1
78413,CFG_5417b1da3239,zp8,68,1
78414,CFG_2534839bab0a,zp8,68,1
78415,CFG_f18488ce1456,zp8,68,1
78416,CFG_532891bb36ca,zp8,68,1
78417,CFG_939ca62c69c2,zp8,68,1
78418,CFG_2154b722e06b,zp8,68,1
78419,CFG_773ac98270b6,zp8,68,1
78420,CFG_f18488ce1456,zp8,68,1
78421,CFG_29c3378e155b,zp8,68,1
78422,CFG_be784e24b621,zp8,68,1
78423,CFG_39fe645ba2f1,zp8,68,1
78424,CFG_710c47edfbc8,zp8,68,1
78425,CFG_29c3378e155b,zp8,68,1
78426,CFG_3a3d7179fe0d,zp8,68,1
78427,CFG_755205a28938,zp8,68,1
78428,CFG_3a3d7179fe0d,zp8,68,1
78429,CFG_ceef49456daa,zp8,68,1
78430,CFG_755205a28938,zp8,68,1
78431,CFG_8a51f93d684d,zp8,68,1
78432,CFG_2534839bab0a,zp8,68,1
78433,CFG_b2a3cbb134c5,zp8,68,1
78434,CFG_be784e24b621,zp8,68,1
78435,CFG_3278d3379c8a,zp8,68,1
78436,CFG_ceef49456daa,zp8,68,1
78437,CFG_ffde3ea1b2e3,zp8,68,1
78438,CFG_939ca62c69c2,zp8,68,1
78439,CFG_1ec55dc0a2ff,zp8,68,1
78440,CFG_b2a3cbb134c5,zp8,68,1
78441,CFG_6caaadb373ea,zp8,68,1
78442,CFG_ffde3ea1b2e3,zp8,68,1
78443,CFG_3a3d7179fe0d,zp8,68,1
78444,CFG_67b539d34471,zp8,68,1
78445,CFG_deda15f4c4a8,zp8,68,1
78446,CFG_9178f775d49a,zp8,68,1
78447,CFG_ffde3ea1b2e3,zp8,68,1
78448,CFG_cf541d0f8a3a,zp8,68,1
78449,CFG_d39c77a1a4bf,zp8,68,1
78450,CFG_1ec55dc0a2ff,zp8,68,1
78451,CFG_3e489afc8bfd,zp8,68,1
78452,CFG_b8e6a5652de1,zp8,68,1
78453,CFG_d7aadf87f0b1,zp8,68,1
78454,CFG_81cab8befe03,zp8,68,1
78455,CFG_1738a11cbd49,zp8,68,1
78456,CFG_1738a11cbd49,zp8,68,1
78457,CFG_8a51f93d684d,zp8,68,1
78458,CFG_f18488ce1456,zp8,68,1
78459,CFG_7fa53b7ab3bf,zp8,68,1
78460,CFG_1e693796a40d,zp8,68,1
78461,CFG_29c3378e155b,zp8,68,1
78462,CFG_deda15f4c4a8,zp8,68,1
78463,CFG_cf6528e23789,zp8,68,1
78464,CFG_c910518048de,zp8,68,1
78465,CFG_8bfc9d62299c,zp8,68,1
78466,CFG_67b539d34471,zp8,68,1
78467,CFG_755205a28938,zp8,68,1
78468,CFG_8f2957e28805,zp8,68,1
78469,CFG_deda15f4c4a8,zp8,68,1
78470,CFG_36f82e31118f,zp8,68,1
78471,CFG_36f82e31118f,zp8,68,1
78472,CFG_8a51f93d684d,zp8,68,1
78473,CFG_939ca62c69c2,zp8,68,1
78474,CFG_d0face5aa80d,zp8,68,1
78475,CFG_3a3d7179fe0d,zp8,68,1
78476,CFG_710c47edfbc8,zp8,68,1
78477,CFG_17620e2785dc,zp8,68,1
78478,CFG_e3950fd94ca1,zp8,68,1
78479,CFG_5cd0c67d59bc,zp8,68,1
78480,CFG_deda15f4c4a8,zp8,68,1
78481,CFG_f18488ce1456,zp8,68,1
78482,CFG_5514d03a77b0,zp8,68,1
78483,CFG_deda15f4c4a8,zp8,68,1
78484,CFG_f18488ce1456,zp8,68,1
78485,CFG_a1d878e7d840,zp8,68,1
78486,CFG_5514d03a77b0,zp8,68,1
78487,CFG_a1ebd0490272,zp8,68,1
78488,CFG_773ac98270b6,zp8,68,1
78489,CFG_1738a11cbd49,zp8,68,1
78490,CFG_7fa53b7ab3bf,zp8,68,1
78491,CFG_5514d03a77b0,zp8,68,1
78492,CFG_3e489afc8bfd,zp8,68,1
78493,CFG_e3950fd94ca1,zp8,68,1
78494,CFG_1ec55dc0a2ff,zp8,68,1
78495,CFG_6caaadb373ea,zp8,68,1
78496,CFG_a1ebd0490272,zp8,68,1
78497,CFG_67b539d34471,zp8,68,1
78498,CFG_1d1816b1d9d8,zp8,68,1
78499,CFG_8f2957e28805,zp8,68,1
78500,CFG_710c47edfbc8,zp8,68,1
78501,CFG_67b539d34471,zp8,68,1
78502,CFG_39fe645ba2f1,zp8,68,1
78503,CFG_f18488ce1456,zp8,68,1
78504,CFG_6caaadb373ea,zp8,68,1
78505,CFG_8bfc9d62299c,zp8,68,1
78506,CFG_29c3378e155b,zp8,68,1
78507,CFG_8a51f93d684d,zp8,68,1
78508,CFG_cc5bbb6e9d13,zp8,68,1
78509,CFG_1ec55dc0a2ff,zp8,68,1
78510,CFG_3278d3379c8a,zp8,68,1
78511,CFG_be784e24b621,zp8,68,1
78512,CFG_9178f775d49a,zp8,68,1
78513,CFG_b2a3cbb134c5,zp8,68,1
78514,CFG_deda15f4c4a8,zp8,68,1
78515,CFG_1738a11cbd49,zp8,68,1
78516,CFG_59aede929579,zp8,68,1
78517,CFG_f18488ce1456,zp8,68,1
78518,CFG_939ca62c69c2,zp8,68,1
78519,CFG_17620e2785dc,zp8,68,1
78520,CFG_cc5bbb6e9d13,zp8,68,1
78521,CFG_1747d90ed031,zp8,68,1
78522,CFG_8a51f93d684d,zp8,68,1
78523,CFG_be784e24b621,zp8,68,1
78524,CFG_36f82e31118f,zp8,68,1
78525,CFG_67b539d34471,zp8,68,1
78526,CFG_8bfc9d62299c,zp8,68,1
78527,CFG_deda15f4c4a8,zp8,68,1
78528,CFG_a9714f85f877,zp8,68,1
78529,CFG_b2a3cbb134c5,zp8,68,1
78530,CFG_f18488ce1456,zp8,68,1
78531,CFG_8a51f93d684d,zp8,68,1
78532,CFG_8bfc9d62299c,zp8,68,1
78533,CFG_a292c20a75fd,zp8,68,1
78534,CFG_710c47edfbc8,zp8,68,1
78535,CFG_939ca62c69c2,zp8,68,1
78536,CFG_1ec55dc0a2ff,zp8,68,1
78537,CFG_dda2f907b868,zp8,68,1
78538,CFG_65f78a36ed50,zp8,68,1
78539,CFG_ffde3ea1b2e3,zp8,68,1
78540,CFG_3697b100c401,zp8,68,1
78541,CFG_29c3378e155b,zp8,68,1
78542,CFG_cf541d0f8a3a,zp8,68,1
78543,CFG_1738a11cbd49,zp8,68,1
78544,CFG_e3386d946379,zp8,68,1
78545,CFG_e1e6e0c66c93,zp8,68,1
78546,CFG_625048fefa0b,zp8,68,1
78547,CFG_cf541d0f8a3a,zp8,68,1
78548,CFG_8a51f93d684d,zp8,68,1
78549,CFG_ac213567a5a2,zp8,68,1
78550,CFG_5851809b712d,zp8,68,1
78551,CFG_67b539d34471,zp8,68,1
78552,CFG_755205a28938,zp8,68,1
78553,CFG_9c659499047b,zp8,68,1
78554,CFG_1ec55dc0a2ff,zp8,68,1
78555,CFG_29c3378e155b,zp8,68,1
78556,CFG_4cd2b98cde9e,zp8,68,1
78557,CFG_5cd0c67d59bc,zp8,68,1
78558,CFG_a1ebd0490272,zp8,68,1
78559,CFG_7cd4c6b023c5,zp8,68,1
78560,CFG_59f154754573,zp8,68,1
78561,CFG_5514d03a77b0,zp8,68,1
78562,CFG_bd6412fc68b0,zp8,68,1
78563,CFG_f18488ce1456,zp8,68,1
78564,CFG_1ec55dc0a2ff,zp8,68,1
78565,CFG_8a51f93d684d,zp8,68,1
78566,CFG_3a3d7179fe0d,zp8,68,1
78567,CFG_67b539d34471,zp8,68,1
78568,CFG_d39c77a1a4bf,zp8,68,1
78569,CFG_39fe645ba2f1,zp8,68,1
78570,CFG_77c8b99b43d9,zp8,68,1
78571,CFG_3a3d7179fe0d,zp8,68,1
78572,CFG_5514d03a77b0,zp8,68,1
78573,CFG_36f82e31118f,zp8,68,1
78574,CFG_59aede929579,zp8,68,1
78575,CFG_29c3378e155b,zp8,68,1
78576,CFG_36f82e31118f,zp8,68,1
78577,CFG_773ac98270b6,zp8,68,1
78578,CFG_b2a3cbb134c5,zp8,68,1
78579,CFG_ceef49456daa,zp8,68,1
78580,CFG_cf541d0f8a3a,zp8,68,1
78581,CFG_5514d03a77b0,zp8,68,1
78582,CFG_939ca62c69c2,zp8,68,1
78583,CFG_4cd2b98cde9e,zp8,68,1
78584,CFG_b2a3cbb134c5,zp8,68,1
78585,CFG_755205a28938,zp8,68,1
78586,CFG_5531dad98c69,zp8,68,1
78587,CFG_67b539d34471,zp8,68,1
78588,CFG_d96b0c9e44d0,zp8,68,1
78589,CFG_625048fefa0b,zp8,68,1
78590,CFG_f993a0fc6256,zp8,68,1
78591,CFG_7fa53b7ab3bf,zp8,68,1
78592,CFG_5851809b712d,zp8,68,1
78593,CFG_39fe645ba2f1,zp8,68,1
78594,CFG_f18488ce1456,zp8,68,1
78595,CFG_a9714f85f877,zp8,68,1
78596,CFG_3278d3379c8a,zp8,68,1
78597,CFG_ffde3ea1b2e3,zp8,68,1
78598,CFG_b2a3cbb134c5,zp8,68,1
78599,CFG_c910518048de,zp8,68,1
78600,CFG_39fe645ba2f1,zp8,68,1
78601,CFG_f18488ce1456,zp8,68,1
78602,CFG_deda15f4c4a8,zp8,68,1
78603,CFG_1ec55dc0a2ff,zp8,68,1
78604,CFG_cf541d0f8a3a,zp8,68,1
78605,CFG_67b539d34471,zp8,68,1
78606,CFG_8bfc9d62299c,zp8,68,1
78607,CFG_17620e2785dc,zp8,68,1
78608,CFG_d96b0c9e44d0,zp8,68,1
78609,CFG_1738a11cbd49,zp8,68,1
78610,CFG_f18488ce1456,zp8,68,1
78611,CFG_8a51f93d684d,zp8,68,1
78612,CFG_e3950fd94ca1,zp8,68,1
78613,CFG_2154b722e06b,zp8,68,1
78614,CFG_1ec55dc0a2ff,zp8,68,1
78615,CFG_59aede929579,zp8,68,1
78616,CFG_9178f775d49a,zp8,68,1
78617,CFG_d96b0c9e44d0,zp8,68,1
78618,CFG_5cd0c67d59bc,zp8,68,1
78619,CFG_3709eca534a7,zp8,68,1
78620,CFG_bbea204eb2ac,zp8,68,1
78621,CFG_8bfc9d62299c,zp8,68,1
78622,CFG_ac213567a5a2,zp8,68,1
78623,CFG_67b539d34471,zp8,68,1
78624,CFG_b2a3cbb134c5,zp8,68,1
78625,CFG_112bf773e97d,zp8,68,1
78626,CFG_b8e6a5652de1,zp8,68,1
78627,CFG_b8e6a5652de1,zp8,68,1
78628,CFG_d96b0c9e44d0,zp8,68,1
78629,CFG_cf541d0f8a3a,zp8,68,1
78630,CFG_802041076799,zp8,68,1
78631,CFG_cf541d0f8a3a,zp8,68,1
78632,CFG_288ddbff7431,zp8,68,1
78633,CFG_5cd0c67d59bc,zp8,68,1
78634,CFG_6caaadb373ea,zp8,68,1
78635,CFG_9c659499047b,zp8,68,1
78636,CFG_e3950fd94ca1,zp8,68,1
78637,CFG_8bfc9d62299c,zp8,68,1
78638,CFG_cf541d0f8a3a,zp8,68,1
78639,CFG_a1d878e7d840,zp8,68,1
78640,CFG_8a51f93d684d,zp8,68,1
78641,CFG_36f82e31118f,zp8,68,1
78642,CFG_7fa53b7ab3bf,zp8,68,1
78643,CFG_625048fefa0b,zp8,68,1
78644,CFG_8bfc9d62299c,zp8,68,1
78645,CFG_cf541d0f8a3a,zp8,68,1
78646,CFG_3278d3379c8a,zp8,68,1
78647,CFG_65f78a36ed50,zp8,68,1
78648,CFG_9178f775d49a,zp8,68,1
78649,CFG_f18488ce1456,zp8,68,1
78650,CFG_9178f775d49a,zp8,68,1
78651,CFG_8a51f93d684d,zp8,68,1
78652,CFG_deda15f4c4a8,zp8,68,1
78653,CFG_e1e6e0c66c93,zp8,68,1
78654,CFG_755205a28938,zp8,68,1
78655,CFG_17620e2785dc,zp8,68,1
78656,CFG_b2a3cbb134c5,zp8,68,1
78657,CFG_8a51f93d684d,zp8,68,1
78658,CFG_b8e6a5652de1,zp8,68,1
78659,CFG_755205a28938,zp8,68,1
78660,CFG_2154b722e06b,zp8,68,1
78661,CFG_5be0533f7ebf,zp8,68,1
78662,CFG_9c659499047b,zp8,68,1
78663,CFG_1738a11cbd49,zp8,68,1
78664,CFG_8bfc9d62299c,zp8,68,1
78665,CFG_d96b0c9e44d0,zp8,68,1
78666,CFG_de29bb20eaa6,zp8,68,1
78667,CFG_2154b722e06b,zp8,68,1
78668,CFG_b2a3cbb134c5,zp8,68,1
78669,CFG_e87513c8563d,zp8,68,1
78670,CFG_5514d03a77b0,zp8,68,1
78671,CFG_3a3d7179fe0d,zp8,68,1
78672,CFG_2534839bab0a,zp8,68,1
78673,CFG_1ec55dc0a2ff,zp8,68,1
78674,CFG_1e693796a40d,zp8,68,1
78675,CFG_1ec55dc0a2ff,zp8,68,1
78676,CFG_1ec55dc0a2ff,zp8,68,1
78677,CFG_2154b722e06b,zp8,68,1
78678,CFG_9178f775d49a,zp8,68,1
78679,CFG_f18488ce1456,zp8,68,1
78680,CFG_f18488ce1456,zp8,68,1
78681,CFG_d96b0c9e44d0,zp8,68,1
78682,CFG_9178f775d49a,zp8,68,1
78683,CFG_f18488ce1456,zp8,68,1
78684,CFG_a1d878e7d840,zp8,68,1
78685,CFG_5be0533f7ebf,zp8,68,1
78686,CFG_67b539d34471,zp8,68,1
78687,CFG_deda15f4c4a8,zp8,68,1
78688,CFG_1ec55dc0a2ff,zp8,68,1
78689,CFG_2534839bab0a,zp8,68,1
78690,CFG_f18488ce1456,zp8,68,1
78691,CFG_8bfc9d62299c,zp8,68,1
78692,CFG_59aede929579,zp8,68,1
78693,CFG_8a51f93d684d,zp8,68,1
78694,CFG_59aede929579,zp8,68,1
78695,CFG_8a51f93d684d,zp8,68,1
78696,CFG_710c47edfbc8,zp8,68,1
78697,CFG_939ca62c69c2,zp8,68,1
78698,CFG_3697b100c401,zp8,68,1
78699,CFG_cf541d0f8a3a,zp8,68,1
78700,CFG_2154b722e06b,zp8,68,1
78701,CFG_bbea204eb2ac,zp8,68,1
78702,CFG_3278d3379c8a,zp8,68,1
78703,CFG_1738a11cbd49,zp8,68,1
78704,CFG_802041076799,zp8,68,1
78705,CFG_59f154754573,zp8,68,1
78706,CFG_1ec55dc0a2ff,zp8,68,1
78707,CFG_3a3d7179fe0d,zp8,68,1
78708,CFG_710c47edfbc8,zp8,68,1
78709,CFG_7fa53b7ab3bf,zp8,68,1
78710,CFG_d96b0c9e44d0,zp8,68,1
78711,CFG_939ca62c69c2,zp8,68,1
78712,CFG_6caaadb373ea,zp8,68,1
78713,CFG_b2a3cbb134c5,zp8,68,1
78714,CFG_3a3d7179fe0d,zp8,68,1
78715,CFG_29c3378e155b,zp8,68,1
78716,CFG_3697b100c401,zp8,68,1
78717,CFG_de29bb20eaa6,zp8,68,1
78718,CFG_8bfc9d62299c,zp8,68,1
78719,CFG_59aede929579,zp8,68,1
78720,CFG_29c3378e155b,zp8,68,1
78721,CFG_59aede929579,zp8,68,1
78722,CFG_67b539d34471,zp8,68,1
78723,CFG_36f82e31118f,zp8,68,1
78724,CFG_e1e6e0c66c93,zp8,68,1
78725,CFG_b2a3cbb134c5,zp8,68,1
78726,CFG_59f154754573,zp8,68,1
78727,CFG_17620e2785dc,zp8,68,1
78728,CFG_ffde3ea1b2e3,zp8,68,1
78729,CFG_2154b722e06b,zp8,68,1
78730,CFG_f18488ce1456,zp8,68,1
78731,CFG_8a51f93d684d,zp8,68,1
78732,CFG_773ac98270b6,zp8,68,1
78733,CFG_8bfc9d62299c,zp8,68,1
78734,CFG_67b539d34471,zp8,68,1
78735,CFG_f18488ce1456,zp8,68,1
78736,CFG_1ec55dc0a2ff,zp8,68,1
78737,CFG_773ac98270b6,zp8,68,1
78738,CFG_1738a11cbd49,zp8,68,1
78739,CFG_3697b100c401,zp8,68,1
78740,CFG_39fe645ba2f1,zp8,68,1
78741,CFG_dda2f907b868,zp8,68,1
78742,CFG_c910518048de,zp8,68,1
78743,CFG_deda15f4c4a8,zp8,68,1
78744,CFG_36f82e31118f,zp8,68,1
78745,CFG_1ec55dc0a2ff,zp8,68,1
78746,CFG_939ca62c69c2,zp8,68,1
78747,CFG_b2a3cbb134c5,zp8,68,1
78748,CFG_67b539d34471,zp8,68,1
78749,CFG_1738a11cbd49,zp8,68,1
78750,CFG_755205a28938,zp8,68,1
78751,CFG_1738a11cbd49,zp8,68,1
78752,CFG_e1e6e0c66c93,zp8,68,1
78753,CFG_f18488ce1456,zp8,68,1
78754,CFG_9c659499047b,zp8,68,1
78755,CFG_de29bb20eaa6,zp8,68,1
78756,CFG_f18488ce1456,zp8,68,1
78757,CFG_deda15f4c4a8,zp8,68,1
78758,CFG_d7aadf87f0b1,zp8,68,1
78759,CFG_b2a3cbb134c5,zp8,68,1
78760,CFG_deda15f4c4a8,zp8,68,1
78761,CFG_bbea204eb2ac,zp8,68,1
78762,CFG_8bfc9d62299c,zp8,68,1
78763,CFG_4cd2b98cde9e,zp8,68,1
78764,CFG_b2a3cbb134c5,zp8,68,1
78765,CFG_5cd0c67d59bc,zp8,68,1
78766,CFG_9178f775d49a,zp8,68,1
78767,CFG_275e4ca07248,zp8,68,1
78768,CFG_773ac98270b6,zp8,68,1
78769,CFG_d0face5aa80d,zp8,68,1
78770,CFG_d96b0c9e44d0,zp8,68,1
78771,CFG_939ca62c69c2,zp8,68,1
78772,CFG_773ac98270b6,zp8,68,1
78773,CFG_c910518048de,zp8,68,1
78774,CFG_939ca62c69c2,zp8,68,1
78775,CFG_59f154754573,zp8,68,1
78776,CFG_f18488ce1456,zp8,68,1
78777,CFG_5514d03a77b0,zp8,68,1
78778,CFG_275e4ca07248,zp8,68,1
78779,CFG_6caaadb373ea,zp8,68,1
78780,CFG_be784e24b621,zp8,68,1
78781,CFG_cf6528e23789,zp8,68,1
78782,CFG_5851809b712d,zp8,68,1
78783,CFG_be784e24b621,zp8,68,1
78784,CFG_8bfc9d62299c,zp8,68,1
78785,CFG_c910518048de,zp8,68,1
78786,CFG_755205a28938,zp8,68,1
78787,CFG_755205a28938,zp8,68,1
78788,CFG_c910518048de,zp8,68,1
78789,CFG_9c659499047b,zp8,68,1
78790,CFG_773ac98270b6,zp8,68,1
78791,CFG_773ac98270b6,zp8,68,1
78792,CFG_deda15f4c4a8,zp8,68,1
78793,CFG_e1e6e0c66c93,zp8,68,1
78794,CFG_bbea204eb2ac,zp8,68,1
78795,CFG_67b539d34471,zp8,68,1
78796,CFG_b2a3cbb134c5,zp8,68,1
78797,CFG_f18488ce1456,zp8,68,1
78798,CFG_e1e6e0c66c93,zp8,68,1
78799,CFG_cf6528e23789,zp8,68,1
78800,CFG_939ca62c69c2,zp8,68,1
78801,CFG_cf541d0f8a3a,zp8,68,1
78802,CFG_59f154754573,zp8,68,1
78803,CFG_17620e2785dc,zp8,68,1
78804,CFG_3a3d7179fe0d,zp8,68,1
78805,CFG_9c659499047b,zp8,68,1
78806,CFG_67b539d34471,zp8,68,1
78807,CFG_99b4d8a9c762,zp8,68,1
78808,CFG_1ec55dc0a2ff,zp8,68,1
78809,CFG_9c659499047b,zp8,68,1
78810,CFG_727914633b9e,zp8,68,1
78811,CFG_1738a11cbd49,zp8,68,1
78812,CFG_67b539d34471,zp8,68,1
78813,CFG_a34f76b67ef4,zp8,68,1
78814,CFG_29c3378e155b,zp8,68,1
78815,CFG_c94b44f1b2f9,zp8,68,1
78816,CFG_8bfc9d62299c,zp8,68,1
78817,CFG_f18488ce1456,zp8,68,1
78818,CFG_9c659499047b,zp8,68,1
78819,CFG_17620e2785dc,zp8,68,1
78820,CFG_acabbc62a021,zp8,68,1
78821,CFG_a34f76b67ef4,zp8,68,1
78822,CFG_710c47edfbc8,zp8,68,1
78823,CFG_cf541d0f8a3a,zp8,68,1
78824,CFG_36f82e31118f,zp8,68,1
78825,CFG_939ca62c69c2,zp8,68,1
78826,CFG_f18488ce1456,zp8,68,1
78827,CFG_d7aadf87f0b1,zp8,68,1
78828,CFG_f18488ce1456,zp8,68,1
78829,CFG_cf6528e23789,zp8,68,1
78830,CFG_773ac98270b6,zp8,68,1
78831,CFG_39fe645ba2f1,zp8,68,1
78832,CFG_a34f76b67ef4,zp8,68,1
78833,CFG_773ac98270b6,zp8,68,1
78834,CFG_17620e2785dc,zp8,68,1
78835,CFG_a34f76b67ef4,zp8,68,1
78836,CFG_8a51f93d684d,zp8,68,1
78837,CFG_39fe645ba2f1,zp8,68,1
78838,CFG_67b539d34471,zp8,68,1
78839,CFG_9178f775d49a,zp8,68,1
78840,CFG_f18488ce1456,zp8,68,1
78841,CFG_b2a3cbb134c5,zp8,68,1
78842,CFG_5851809b712d,zp8,68,1
78843,CFG_1e693796a40d,zp8,68,1
78844,CFG_9178f775d49a,zp8,68,1
78845,CFG_625048fefa0b,zp8,68,1
78846,CFG_3e489afc8bfd,zp8,68,1
78847,CFG_a9714f85f877,zp8,68,1
78848,CFG_9178f775d49a,zp8,68,1
78849,CFG_1ec55dc0a2ff,zp8,68,1
78850,CFG_e1e6e0c66c93,zp8,68,1
78851,CFG_773ac98270b6,zp8,68,1
78852,CFG_939ca62c69c2,zp8,68,1
78853,CFG_cf541d0f8a3a,zp8,68,1
78854,CFG_29c3378e155b,zp8,68,1
78855,CFG_7155e4ee7bdf,zp8,68,1
78856,CFG_b2a3cbb134c5,zp8,68,1
78857,CFG_acabbc62a021,zp8,68,1
78858,CFG_1738a11cbd49,zp8,68,1
78859,CFG_b2a3cbb134c5,zp8,68,1
78860,CFG_f993a0fc6256,zp8,68,1
78861,CFG_59aede929579,zp8,68,1
78862,CFG_be784e24b621,zp8,68,1
78863,CFG_773ac98270b6,zp8,68,1
78864,CFG_de29bb20eaa6,zp8,68,1
78865,CFG_f18488ce1456,zp8,68,1
78866,CFG_773ac98270b6,zp8,68,1
78867,CFG_ceef49456daa,zp8,68,1
78868,CFG_8a51f93d684d,zp8,68,1
78869,CFG_1738a11cbd49,zp8,68,1
78870,CFG_8a51f93d684d,zp8,68,1
78871,CFG_cf541d0f8a3a,zp8,68,1
78872,CFG_1e693796a40d,zp8,68,1
78873,CFG_deda15f4c4a8,zp8,68,1
78874,CFG_b0eabb76b70f,zp8,68,1
78875,CFG_4bec09598a98,zp8,68,1
78876,CFG_67b539d34471,zp8,68,1
78877,CFG_59aede929579,zp8,68,1
78878,CFG_d39c77a1a4bf,zp8,68,1
78879,CFG_755205a28938,zp8,68,1
78880,CFG_b2a3cbb134c5,zp8,68,1
78881,CFG_9c659499047b,zp8,68,1
78882,CFG_5514d03a77b0,zp8,68,1
78883,CFG_5514d03a77b0,zp8,68,1
78884,CFG_f18488ce1456,zp8,68,1
78885,CFG_5851809b712d,zp8,68,1
78886,CFG_7fa53b7ab3bf,zp8,68,1
78887,CFG_8a51f93d684d,zp8,68,1
78888,CFG_8a51f93d684d,zp8,68,1
78889,CFG_3a3d7179fe0d,zp8,68,1
78890,CFG_f18488ce1456,zp8,68,1
78891,CFG_8bfc9d62299c,zp8,68,1
78892,CFG_773ac98270b6,zp8,68,1
78893,CFG_5cd0c67d59bc,zp8,68,1
78894,CFG_755205a28938,zp8,68,1
78895,CFG_e1e6e0c66c93,zp8,68,1
78896,CFG_1ec55dc0a2ff,zp8,68,1
78897,CFG_3a3d7179fe0d,zp8,68,1
78898,CFG_3a3d7179fe0d,zp8,68,1
78899,CFG_d39c77a1a4bf,zp8,68,1
78900,CFG_755205a28938,zp8,68,1
78901,CFG_e3950fd94ca1,zp8,68,1
78902,CFG_1738a11cbd49,zp8,68,1
78903,CFG_67b539d34471,zp8,68,1
78904,CFG_d96b0c9e44d0,zp8,68,1
78905,CFG_2534839bab0a,zp8,68,1
78906,CFG_cf541d0f8a3a,zp8,68,1
78907,CFG_17620e2785dc,zp8,68,1
78908,CFG_77c8b99b43d9,zp8,68,1
78909,CFG_36f82e31118f,zp8,68,1
78910,CFG_a292c20a75fd,zp8,68,1
78911,CFG_2154b722e06b,zp8,68,1
78912,CFG_9178f775d49a,zp8,68,1
78913,CFG_773ac98270b6,zp8,68,1
78914,CFG_17620e2785dc,zp8,68,1
78915,CFG_2154b722e06b,zp8,68,1
78916,CFG_9c659499047b,zp8,68,1
78917,CFG_b8e6a5652de1,zp8,68,1
78918,CFG_36f82e31118f,zp8,68,1
78919,CFG_9178f775d49a,zp8,68,1
78920,CFG_939ca62c69c2,zp8,68,1
78921,CFG_755205a28938,zp8,68,1
78922,CFG_65f78a36ed50,zp8,68,1
78923,CFG_773ac98270b6,zp8,68,1
78924,CFG_8bfc9d62299c,zp8,68,1
78925,CFG_8a51f93d684d,zp8,68,1
78926,CFG_802041076799,zp8,68,1
78927,CFG_727914633b9e,zp8,68,1
78928,CFG_67b539d34471,zp8,68,1
78929,CFG_f18488ce1456,zp8,68,1
78930,CFG_5514d03a77b0,zp8,68,1
78931,CFG_d96b0c9e44d0,zp8,68,1
78932,CFG_b2a3cbb134c5,zp8,68,1
78933,CFG_a34f76b67ef4,zp8,68,1
78934,CFG_755205a28938,zp8,68,1
78935,CFG_275e4ca07248,zp8,68,1
78936,CFG_755205a28938,zp8,68,1
78937,CFG_67b539d34471,zp8,68,1
78938,CFG_939ca62c69c2,zp8,68,1
78939,CFG_29c3378e155b,zp8,68,1
78940,CFG_65f78a36ed50,zp8,68,1
78941,CFG_a34f76b67ef4,zp8,68,1
78942,CFG_773ac98270b6,zp8,68,1
78943,CFG_59f154754573,zp8,68,1
78944,CFG_deda15f4c4a8,zp8,68,1
78945,CFG_939ca62c69c2,zp8,68,1
78946,CFG_67b539d34471,zp8,68,1
78947,CFG_9178f775d49a,zp8,68,1
78948,CFG_f18488ce1456,zp8,68,1
78949,CFG_67b539d34471,zp8,68,1
78950,CFG_67b539d34471,zp8,68,1
78951,CFG_b2a3cbb134c5,zp8,68,1
78952,CFG_1738a11cbd49,zp8,68,1
78953,CFG_36f82e31118f,zp8,68,1
78954,CFG_5851809b712d,zp8,68,1
78955,CFG_b8e6a5652de1,zp8,68,1
78956,CFG_6caaadb373ea,zp8,68,1
78957,CFG_3a3d7179fe0d,zp8,68,1
78958,CFG_deda15f4c4a8,zp8,68,1
78959,CFG_9178f775d49a,zp8,68,1
78960,CFG_acabbc62a021,zp8,68,1
78961,CFG_59f154754573,zp8,68,1
78962,CFG_acabbc62a021,zp8,68,1
78963,CFG_cf541d0f8a3a,zp8,68,1
78964,CFG_755205a28938,zp8,68,1
78965,CFG_3a3d7179fe0d,zp8,68,1
78966,CFG_17620e2785dc,zp8,68,1
78967,CFG_2154b722e06b,zp8,68,1
78968,CFG_e3950fd94ca1,zp8,68,1
78969,CFG_67b539d34471,zp8,68,1
78970,CFG_67b539d34471,zp8,68,1
78971,CFG_e1e6e0c66c93,zp8,68,1
78972,CFG_b04e3d146803,zp8,68,1
78973,CFG_d96b0c9e44d0,zp8,68,1
78974,CFG_77c8b99b43d9,zp8,68,1
78975,CFG_5cd0c67d59bc,zp8,68,1
78976,CFG_39fe645ba2f1,zp8,68,1
78977,CFG_3278d3379c8a,zp8,68,1
78978,CFG_755205a28938,zp8,68,1
78979,CFG_be784e24b621,zp8,68,1
78980,CFG_1e693796a40d,zp8,68,1
78981,CFG_65f78a36ed50,zp8,68,1
78982,CFG_710c47edfbc8,zp8,68,1
78983,CFG_59f154754573,zp8,68,1
78984,CFG_5cd0c67d59bc,zp8,68,1
78985,CFG_36f82e31118f,zp8,68,1
78986,CFG_d7aadf87f0b1,zp8,68,1
78987,CFG_de29bb20eaa6,zp8,68,1
78988,CFG_8f2957e28805,zp8,68,1
78989,CFG_8a51f93d684d,zp8,68,1
78990,CFG_7cd4c6b023c5,zp8,68,1
78991,CFG_8bfc9d62299c,zp8,68,1
78992,CFG_67b539d34471,zp8,68,1
78993,CFG_939ca62c69c2,zp8,68,1
78994,CFG_755205a28938,zp8,68,1
78995,CFG_d96b0c9e44d0,zp8,68,1
78996,CFG_b8e6a5652de1,zp8,68,1
78997,CFG_a292c20a75fd,zp8,68,1
78998,CFG_5514d03a77b0,zp8,68,1
78999,CFG_ac213567a5a2,zp8,68,1
79000,CFG_cf541d0f8a3a,zp8,68,1
79001,CFG_e1e6e0c66c93,zp8,68,1
79002,CFG_e1e6e0c66c93,zp8,68,1
79003,CFG_17620e2785dc,zp8,68,1
79004,CFG_5514d03a77b0,zp8,68,1
79005,CFG_9c659499047b,zp8,68,1
79006,CFG_532891bb36ca,zp8,68,1
79007,CFG_3a3d7179fe0d,zp8,68,1
79008,CFG_dda2f907b868,zp8,68,1
79009,CFG_ffde3ea1b2e3,zp8,68,1
79010,CFG_5cd0c67d59bc,zp8,68,1
79011,CFG_3a3d7179fe0d,zp8,68,1
79012,CFG_17620e2785dc,zp8,68,1
79013,CFG_bbea204eb2ac,zp8,68,1
79014,CFG_77c8b99b43d9,zp8,68,1
79015,CFG_710c47edfbc8,zp8,68,1
79016,CFG_67b539d34471,zp8,68,1
79017,CFG_8a51f93d684d,zp8,68,1
79018,CFG_773ac98270b6,zp8,68,1
79019,CFG_de29bb20eaa6,zp8,68,1
79020,CFG_e1e6e0c66c93,zp8,68,1
79021,CFG_67b539d34471,zp8,68,1
79022,CFG_d96b0c9e44d0,zp8,68,1
79023,CFG_36f82e31118f,zp8,68,1
79024,CFG_b0eabb76b70f,zp8,68,1
79025,CFG_17620e2785dc,zp8,68,1
79026,CFG_cf541d0f8a3a,zp8,68,1
79027,CFG_e3386d946379,zp8,68,1
79028,CFG_6caaadb373ea,zp8,68,1
79029,CFG_5514d03a77b0,zp8,68,1
79030,CFG_b8e6a5652de1,zp8,68,1
79031,CFG_b2a3cbb134c5,zp8,68,1
79032,CFG_802041076799,zp8,68,1
79033,CFG_67b539d34471,zp8,68,1
79034,CFG_3278d3379c8a,zp8,68,1
79035,CFG_59aede929579,zp8,68,1
79036,CFG_b8e6a5652de1,zp8,68,1
79037,CFG_275e4ca07248,zp8,68,1
79038,CFG_5cd0c67d59bc,zp8,68,1
79039,CFG_3278d3379c8a,zp8,68,1
79040,CFG_b2a3cbb134c5,zp8,68,1
79041,CFG_710c47edfbc8,zp8,68,1
79042,CFG_9178f775d49a,zp8,68,1
79043,CFG_bbea204eb2ac,zp8,68,1
79044,CFG_727914633b9e,zp8,68,1
79045,CFG_deda15f4c4a8,zp8,68,1
79046,CFG_9178f775d49a,zp8,68,1
79047,CFG_773ac98270b6,zp8,68,1
79048,CFG_c910518048de,zp8,68,1
79049,CFG_9178f775d49a,zp8,68,1
79050,CFG_755205a28938,zp8,68,1
79051,CFG_17620e2785dc,zp8,68,1
79052,CFG_8f2957e28805,zp8,68,1
79053,CFG_3697b100c401,zp8,68,1
79054,CFG_7155e4ee7bdf,zp8,68,1
79055,CFG_f18488ce1456,zp8,68,1
79056,CFG_1ec55dc0a2ff,zp8,68,1
79057,CFG_3e489afc8bfd,zp8,68,1
79058,CFG_39fe645ba2f1,zp8,68,1
79059,CFG_f18488ce1456,zp8,68,1
79060,CFG_8a51f93d684d,zp8,68,1
79061,CFG_f18488ce1456,zp8,68,1
79062,CFG_1ec55dc0a2ff,zp8,68,1
79063,CFG_9178f775d49a,zp8,68,1
79064,CFG_be784e24b621,zp8,68,1
79065,CFG_f18488ce1456,zp8,68,1
79066,CFG_9c659499047b,zp8,68,1
79067,CFG_67b539d34471,zp8,68,1
79068,CFG_cc5bbb6e9d13,zp8,68,1
79069,CFG_9178f775d49a,zp8,68,1
79070,CFG_1738a11cbd49,zp8,68,1
79071,CFG_29c3378e155b,zp8,68,1
79072,CFG_7fa53b7ab3bf,zp8,68,1
79073,CFG_710c47edfbc8,zp8,68,1
79074,CFG_e1e6e0c66c93,zp8,68,1
79075,CFG_de29bb20eaa6,zp8,68,1
79076,CFG_275e4ca07248,zp8,68,1
79077,CFG_9178f775d49a,zp8,68,1
79078,CFG_939ca62c69c2,zp8,68,1
79079,CFG_1d0f84c0bb06,zp8,68,1
79080,CFG_bbea204eb2ac,zp8,68,1
79081,CFG_2534839bab0a,zp8,68,1
79082,CFG_36f82e31118f,zp8,68,1
79083,CFG_3278d3379c8a,zp8,68,1
79084,CFG_65f78a36ed50,zp8,68,1
79085,CFG_65f78a36ed50,zp8,68,1
79086,CFG_d39c77a1a4bf,zp8,68,1
79087,CFG_cf541d0f8a3a,zp8,68,1
79088,CFG_f18488ce1456,zp8,68,1
79089,CFG_36f82e31118f,zp8,68,1
79090,CFG_de29bb20eaa6,zp8,68,1
79091,CFG_275e4ca07248,zp8,68,1
79092,CFG_e3950fd94ca1,zp8,68,1
79093,CFG_67b539d34471,zp8,68,1
79094,CFG_cc5bbb6e9d13,zp8,68,1
79095,CFG_a292c20a75fd,zp8,68,1
79096,CFG_a1d878e7d840,zp8,68,1
79097,CFG_939ca62c69c2,zp8,68,1
79098,CFG_1738a11cbd49,zp8,68,1
79099,CFG_f18488ce1456,zp8,68,1
79100,CFG_39fe645ba2f1,zp8,68,1
79101,CFG_2534839bab0a,zp8,68,1
79102,CFG_1738a11cbd49,zp8,68,1
79103,CFG_59f154754573,zp8,68,1
79104,CFG_6caaadb373ea,zp8,68,1
79105,CFG_a1d878e7d840,zp8,68,1
79106,CFG_36f82e31118f,zp8,68,1
79107,CFG_a292c20a75fd,zp8,68,1
79108,CFG_939ca62c69c2,zp8,68,1
79109,CFG_67b539d34471,zp8,68,1
79110,CFG_9c659499047b,zp8,68,1
79111,CFG_b2a3cbb134c5,zp8,68,1
79112,CFG_ceef49456daa,zp8,68,1
79113,CFG_727914633b9e,zp8,68,1
79114,CFG_59aede929579,zp8,68,1
79115,CFG_755205a28938,zp8,68,1
79116,CFG_cc5bbb6e9d13,zp8,68,1
79117,CFG_65f78a36ed50,zp8,68,1
79118,CFG_65f78a36ed50,zp8,68,1
79119,CFG_755205a28938,zp8,68,1
79120,CFG_e3386d946379,zp8,68,1
79121,CFG_f18488ce1456,zp8,68,1
79122,CFG_59f154754573,zp8,68,1
79123,CFG_b2a3cbb134c5,zp8,68,1
79124,CFG_e1e6e0c66c93,zp8,68,1
79125,CFG_a1d878e7d840,zp8,68,1
79126,CFG_17620e2785dc,zp8,68,1
79127,CFG_ceef49456daa,zp8,68,1
79128,CFG_3a3d7179fe0d,zp8,68,1
79129,CFG_acabbc62a021,zp8,68,1
79130,CFG_d96b0c9e44d0,zp8,68,1
79131,CFG_2154b722e06b,zp8,68,1
79132,CFG_67b539d34471,zp8,68,1
79133,CFG_39fe645ba2f1,zp8,68,1
79134,CFG_710c47edfbc8,zp8,68,1
79135,CFG_cc5bbb6e9d13,zp8,68,1
79136,CFG_36f82e31118f,zp8,68,1
79137,CFG_ceef49456daa,zp8,68,1
79138,CFG_e3950fd94ca1,zp8,68,1
79139,CFG_67b539d34471,zp8,68,1
79140,CFG_59f154754573,zp8,68,1
79141,CFG_65f78a36ed50,zp8,68,1
79142,CFG_ffde3ea1b2e3,zp8,68,1
79143,CFG_1ec55dc0a2ff,zp8,68,1
79144,CFG_cf541d0f8a3a,zp8,68,1
79145,CFG_deda15f4c4a8,zp8,68,1
79146,CFG_67b539d34471,zp8,68,1
79147,CFG_67b539d34471,zp8,68,1
79148,CFG_9c659499047b,zp8,68,1
79149,CFG_e3950fd94ca1,zp8,68,1
79150,CFG_d96b0c9e44d0,zp8,68,1
79151,CFG_b2a3cbb134c5,zp8,68,1
79152,CFG_ac213567a5a2,zp8,68,1
79153,CFG_8bfc9d62299c,zp8,68,1
79154,CFG_9178f775d49a,zp8,68,1
79155,CFG_59aede929579,zp8,68,1
79156,CFG_67b539d34471,zp8,68,1
79157,CFG_67b539d34471,zp8,68,1
79158,CFG_17620e2785dc,zp8,68,1
79159,CFG_3a3d7179fe0d,zp8,68,1
79160,CFG_3a3d7179fe0d,zp8,68,1
79161,CFG_e1e6e0c66c93,zp8,68,1
79162,CFG_be784e24b621,zp8,68,1
79163,CFG_1ec55dc0a2ff,zp8,68,1
79164,CFG_d39c77a1a4bf,zp8,68,1
79165,CFG_710c47edfbc8,zp8,68,1
79166,CFG_5514d03a77b0,zp8,68,1
79167,CFG_2154b722e06b,zp8,68,1
79168,CFG_275e4ca07248,zp8,68,1
79169,CFG_8a51f93d684d,zp8,68,1
79170,CFG_1738a11cbd49,zp8,68,1
79171,CFG_7fa53b7ab3bf,zp8,68,1
79172,CFG_29c3378e155b,zp8,68,1
79173,CFG_773ac98270b6,zp8,68,1
79174,CFG_deda15f4c4a8,zp8,68,1
79175,CFG_39fe645ba2f1,zp8,68,1
79176,CFG_3a3d7179fe0d,zp8,68,1
79177,CFG_7fa53b7ab3bf,zp8,68,1
79178,CFG_f993a0fc6256,zp8,68,1
79179,CFG_d96b0c9e44d0,zp8,68,1
79180,CFG_8bfc9d62299c,zp8,68,1
79181,CFG_b2a3cbb134c5,zp8,68,1
79182,CFG_5531dad98c69,zp8,68,1
79183,CFG_ffde3ea1b2e3,zp8,68,1
79184,CFG_17620e2785dc,zp8,68,1
79185,CFG_f18488ce1456,zp8,68,1
79186,CFG_1ec55dc0a2ff,zp8,68,1
79187,CFG_802041076799,zp8,68,1
79188,CFG_17620e2785dc,zp8,68,1
79189,CFG_b2a3cbb134c5,zp8,68,1
79190,CFG_3a3d7179fe0d,zp8,68,1
79191,CFG_17620e2785dc,zp8,68,1
79192,CFG_b2a3cbb134c5,zp8,68,1
79193,CFG_f18488ce1456,zp8,68,1
79194,CFG_773ac98270b6,zp8,68,1
79195,CFG_7fa53b7ab3bf,zp8,68,1
79196,CFG_29c3378e155b,zp8,68,1
79197,CFG_cf541d0f8a3a,zp8,68,1
79198,CFG_f18488ce1456,zp8,68,1
79199,CFG_5cd0c67d59bc,zp8,68,1
79200,CFG_c94b44f1b2f9,zp8,68,1
79201,CFG_b2a3cbb134c5,zp8,68,1
79202,CFG_755205a28938,zp8,68,1
79203,CFG_8f2957e28805,zp8,68,1
79204,CFG_9178f775d49a,zp8,68,1
79205,CFG_b04e3d146803,zp8,68,1
79206,CFG_5be0533f7ebf,zp8,68,1
79207,CFG_773ac98270b6,zp8,68,1
79208,CFG_755205a28938,zp8,68,1
79209,CFG_f18488ce1456,zp8,68,1
79210,CFG_2154b722e06b,zp8,68,1
79211,CFG_773ac98270b6,zp8,68,1
79212,CFG_e3386d946379,zp8,68,1
79213,CFG_59aede929579,zp8,68,1
79214,CFG_2154b722e06b,zp8,68,1
79215,CFG_1e693796a40d,zp8,68,1
79216,CFG_59aede929579,zp8,68,1
79217,CFG_d7aadf87f0b1,zp8,68,1
79218,CFG_1738a11cbd49,zp8,68,1
79219,CFG_8a51f93d684d,zp8,68,1
79220,CFG_5cd0c67d59bc,zp8,68,1
79221,CFG_939ca62c69c2,zp8,68,1
79222,CFG_275e4ca07248,zp8,68,1
79223,CFG_9178f775d49a,zp8,68,1
79224,CFG_77c8b99b43d9,zp8,68,1
79225,CFG_939ca62c69c2,zp8,68,1
79226,CFG_d96b0c9e44d0,zp8,68,1
79227,CFG_8a51f93d684d,zp8,68,1
79228,CFG_e3950fd94ca1,zp8,68,1
79229,CFG_cc5bbb6e9d13,zp8,68,1
79230,CFG_36f82e31118f,zp8,68,1
79231,CFG_532891bb36ca,zp8,68,1
79232,CFG_e3950fd94ca1,zp8,68,1
79233,CFG_8a51f93d684d,zp8,68,1
79234,CFG_8a51f93d684d,zp8,68,1
79235,CFG_ffde3ea1b2e3,zp8,68,1
79236,CFG_67b539d34471,zp8,68,1
79237,CFG_59f154754573,zp8,68,1
79238,CFG_29c3378e155b,zp8,68,1
79239,CFG_deda15f4c4a8,zp8,68,1
79240,CFG_3697b100c401,zp8,68,1
79241,CFG_17620e2785dc,zp8,68,1
79242,CFG_cc5bbb6e9d13,zp8,68,1
79243,CFG_36f82e31118f,zp8,68,1
79244,CFG_710c47edfbc8,zp8,68,1
79245,CFG_36f82e31118f,zp8,68,1
79246,CFG_59f154754573,zp8,68,1
79247,CFG_755205a28938,zp8,68,1
79248,CFG_29c3378e155b,zp8,68,1
79249,CFG_b2a3cbb134c5,zp8,68,1
79250,CFG_1e693796a40d,zp8,68,1
79251,CFG_99b4d8a9c762,zp8,68,1
79252,CFG_e1e6e0c66c93,zp8,68,1
79253,CFG_be784e24b621,zp8,68,1
79254,CFG_3278d3379c8a,zp8,68,1
79255,CFG_b8e6a5652de1,zp8,68,1
79256,CFG_d39c77a1a4bf,zp8,68,1
79257,CFG_1738a11cbd49,zp8,68,1
79258,CFG_b2a3cbb134c5,zp8,68,1
79259,CFG_ffde3ea1b2e3,zp8,68,1
79260,CFG_d96b0c9e44d0,zp8,68,1
79261,CFG_b2a3cbb134c5,zp8,68,1
79262,CFG_710c47edfbc8,zp8,68,1
79263,CFG_be784e24b621,zp8,68,1
79264,CFG_29c3378e155b,zp8,68,1
79265,CFG_deda15f4c4a8,zp8,68,1
79266,CFG_bbea204eb2ac,zp8,68,1
79267,CFG_29c3378e155b,zp8,68,1
79268,CFG_d0face5aa80d,zp8,68,1
79269,CFG_7fa53b7ab3bf,zp8,68,1
79270,CFG_710c47edfbc8,zp8,68,1
79271,CFG_d96b0c9e44d0,zp8,68,1
79272,CFG_59f154754573,zp8,68,1
79273,CFG_e3386d946379,zp8,68,1
79274,CFG_36f82e31118f,zp8,68,1
79275,CFG_67b539d34471,zp8,68,1
79276,CFG_b2a3cbb134c5,zp8,68,1
79277,CFG_6caaadb373ea,zp8,68,1
79278,CFG_e1e6e0c66c93,zp8,68,1
79279,CFG_99b4d8a9c762,zp8,68,1
79280,CFG_755205a28938,zp8,68,1
79281,CFG_b2a3cbb134c5,zp8,68,1
79282,CFG_9178f775d49a,zp8,68,1
79283,CFG_17620e2785dc,zp8,68,1
79284,CFG_deda15f4c4a8,zp8,68,1
79285,CFG_1ec55dc0a2ff,zp8,68,1
79286,CFG_cf541d0f8a3a,zp8,68,1
79287,CFG_29c3378e155b,zp8,68,1
79288,CFG_773ac98270b6,zp8,68,1
79289,CFG_f993a0fc6256,zp8,68,1
79290,CFG_f18488ce1456,zp8,68,1
79291,CFG_d7aadf87f0b1,zp8,68,1
79292,CFG_d96b0c9e44d0,zp8,68,1
79293,CFG_39fe645ba2f1,zp8,68,1
79294,CFG_cf541d0f8a3a,zp8,68,1
79295,CFG_59aede929579,zp8,68,1
79296,CFG_3a3d7179fe0d,zp8,68,1
79297,CFG_36f82e31118f,zp8,68,1
79298,CFG_9c659499047b,zp8,68,1
79299,CFG_f18488ce1456,zp8,68,1
79300,CFG_c94b44f1b2f9,zp8,68,1
79301,CFG_67b539d34471,zp8,68,1
79302,CFG_939ca62c69c2,zp8,68,1
79303,CFG_9c659499047b,zp8,68,1
79304,CFG_3a3d7179fe0d,zp8,68,1
79305,CFG_3a3d7179fe0d,zp8,68,1
79306,CFG_3a3d7179fe0d,zp8,68,1
79307,CFG_b2a3cbb134c5,zp8,68,1
79308,CFG_9c659499047b,zp8,68,1
79309,CFG_59f154754573,zp8,68,1
79310,CFG_cf6528e23789,zp8,68,1
79311,CFG_d39c77a1a4bf,zp8,68,1
79312,CFG_deda15f4c4a8,zp8,68,1
79313,CFG_67b539d34471,zp8,68,1
79314,CFG_c94b44f1b2f9,zp8,68,1
79315,CFG_5cd0c67d59bc,zp8,68,1
79316,CFG_5851809b712d,zp8,68,1
79317,CFG_8a51f93d684d,zp8,68,1
79318,CFG_67b539d34471,zp8,68,1
79319,CFG_5514d03a77b0,zp8,68,1
79320,CFG_cf541d0f8a3a,zp8,68,1
79321,CFG_de29bb20eaa6,zp8,68,1
79322,CFG_d96b0c9e44d0,zp8,68,1
79323,CFG_e3950fd94ca1,zp8,68,1
79324,CFG_e1e6e0c66c93,zp8,68,1
79325,CFG_8f2957e28805,zp8,68,1
79326,CFG_e1e6e0c66c93,zp8,68,1
79327,CFG_ac213567a5a2,zp8,68,1
79328,CFG_f18488ce1456,zp8,68,1
79329,CFG_8a51f93d684d,zp8,68,1
79330,CFG_e3386d946379,zp8,68,1
79331,CFG_ac213567a5a2,zp8,68,1
79332,CFG_755205a28938,zp8,68,1
79333,CFG_1e693796a40d,zp8,68,1
79334,CFG_67b539d34471,zp8,68,1
79335,CFG_7cd4c6b023c5,zp8,68,1
79336,CFG_1ec55dc0a2ff,zp8,68,1
79337,CFG_17620e2785dc,zp8,68,1
79338,CFG_b8e6a5652de1,zp8,68,1
79339,CFG_710c47edfbc8,zp8,68,1
79340,CFG_a1d878e7d840,zp8,68,1
79341,CFG_8bfc9d62299c,zp8,68,1
79342,CFG_d96b0c9e44d0,zp8,68,1
79343,CFG_9c659499047b,zp8,68,1
79344,CFG_bbea204eb2ac,zp8,68,1
79345,CFG_be784e24b621,zp8,68,1
79346,CFG_9c659499047b,zp8,68,1
79347,CFG_a34f76b67ef4,zp8,68,1
79348,CFG_3278d3379c8a,zp8,68,1
79349,CFG_67b539d34471,zp8,68,1
79350,CFG_b2a3cbb134c5,zp8,68,1
79351,CFG_f18488ce1456,zp8,68,1
79352,CFG_3a3d7179fe0d,zp8,68,1
79353,CFG_deda15f4c4a8,zp8,68,1
79354,CFG_3697b100c401,zp8,68,1
79355,CFG_39fe645ba2f1,zp8,68,1
79356,CFG_755205a28938,zp8,68,1
79357,CFG_b8e6a5652de1,zp8,68,1
79358,CFG_b2a3cbb134c5,zp8,68,1
79359,CFG_b2a3cbb134c5,zp8,68,1
79360,CFG_be784e24b621,zp8,68,1
79361,CFG_f18488ce1456,zp8,68,1
79362,CFG_9178f775d49a,zp8,68,1
79363,CFG_deda15f4c4a8,zp8,68,1
79364,CFG_db37bdfe8c71,zp8,68,1
79365,CFG_939ca62c69c2,zp8,68,1
79366,CFG_67b539d34471,zp8,68,1
79367,CFG_7155e4ee7bdf,zp8,68,1
79368,CFG_67b539d34471,zp8,68,1
79369,CFG_cf541d0f8a3a,zp8,68,1
79370,CFG_755205a28938,zp8,68,1
79371,CFG_ffde3ea1b2e3,zp8,68,1
79372,CFG_67b539d34471,zp8,68,1
79373,CFG_b2a3cbb134c5,zp8,68,1
79374,CFG_29c3378e155b,zp8,68,1
79375,CFG_1e693796a40d,zp8,68,1
79376,CFG_1e693796a40d,zp8,68,1
79377,CFG_59aede929579,zp8,68,1
79378,CFG_9178f775d49a,zp8,68,1
79379,CFG_bd6412fc68b0,zp8,68,1
79380,CFG_9178f775d49a,zp8,68,1
79381,CFG_f18488ce1456,zp8,68,1
79382,CFG_3a3d7179fe0d,zp8,68,1
79383,CFG_c94b44f1b2f9,zp8,68,1
79384,CFG_1ec55dc0a2ff,zp8,68,1
79385,CFG_c94b44f1b2f9,zp8,68,1
79386,CFG_b2a3cbb134c5,zp8,68,1
79387,CFG_f18488ce1456,zp8,68,1
79388,CFG_288ddbff7431,zp8,68,1
79389,CFG_be784e24b621,zp8,68,1
79390,CFG_bd6412fc68b0,zp8,68,1
79391,CFG_b2a3cbb134c5,zp8,68,1
79392,CFG_67b539d34471,zp8,68,1
79393,CFG_b2a3cbb134c5,zp8,68,1
79394,CFG_deda15f4c4a8,zp8,68,1
79395,CFG_a1d878e7d840,zp8,68,1
79396,CFG_1738a11cbd49,zp8,68,1
79397,CFG_b2a3cbb134c5,zp8,68,1
79398,CFG_cf541d0f8a3a,zp8,68,1
79399,CFG_b2a3cbb134c5,zp8,68,1
79400,CFG_59aede929579,zp8,68,1
79401,CFG_b2bb984b770a,zp8,68,1
79402,CFG_8a51f93d684d,zp8,68,1
79403,CFG_9c659499047b,zp8,68,1
79404,CFG_ffde3ea1b2e3,zp8,68,1
79405,CFG_8f2957e28805,zp8,68,1
79406,CFG_3a3d7179fe0d,zp8,68,1
79407,CFG_9c659499047b,zp8,68,1
79408,CFG_2154b722e06b,zp8,68,1
79409,CFG_ceef49456daa,zp8,68,1
79410,CFG_6ff9e417e386,zp8,68,1
79411,CFG_59f154754573,zp8,68,1
79412,CFG_67b539d34471,zp8,68,1
79413,CFG_9178f775d49a,zp8,68,1
79414,CFG_b04e3d146803,zp8,68,1
79415,CFG_cf541d0f8a3a,zp8,68,1
79416,CFG_939ca62c69c2,zp8,68,1
79417,CFG_cf541d0f8a3a,zp8,68,1
79418,CFG_6caaadb373ea,zp8,68,1
79419,CFG_77c8b99b43d9,zp8,68,1
79420,CFG_36f82e31118f,zp8,68,1
79421,CFG_5cd0c67d59bc,zp8,68,1
79422,CFG_b2a3cbb134c5,zp8,68,1
79423,CFG_59f154754573,zp8,68,1
79424,CFG_67b539d34471,zp8,68,1
79425,CFG_b04e3d146803,zp8,68,1
79426,CFG_ffde3ea1b2e3,zp8,68,1
79427,CFG_e87513c8563d,zp8,68,1
79428,CFG_3697b100c401,zp8,68,1
79429,CFG_5851809b712d,zp8,68,1
79430,CFG_7fa53b7ab3bf,zp8,68,1
79431,CFG_d96b0c9e44d0,zp8,68,1
79432,CFG_275e4ca07248,zp8,68,1
79433,CFG_b2a3cbb134c5,zp8,68,1
79434,CFG_1ec55dc0a2ff,zp8,68,1
79435,CFG_8a3f0c7c09a9,zp8,68,1
79436,CFG_17620e2785dc,zp8,68,1
79437,CFG_d96b0c9e44d0,zp8,68,1
79438,CFG_b04e3d146803,zp8,68,1
79439,CFG_f993a0fc6256,zp8,68,1
79440,CFG_a1d878e7d840,zp8,68,1
79441,CFG_39fe645ba2f1,zp8,68,1
79442,CFG_be784e24b621,zp8,68,1
79443,CFG_d96b0c9e44d0,zp8,68,1
79444,CFG_1ec55dc0a2ff,zp8,68,1
79445,CFG_9178f775d49a,zp8,68,1
79446,CFG_9178f775d49a,zp8,68,1
79447,CFG_8bfc9d62299c,zp8,68,1
79448,CFG_9c659499047b,zp8,68,1
79449,CFG_b2a3cbb134c5,zp8,68,1
79450,CFG_9c659499047b,zp8,68,1
79451,CFG_de29bb20eaa6,zp8,68,1
79452,CFG_59aede929579,zp8,68,1
79453,CFG_9c659499047b,zp8,68,1
79454,CFG_b8e6a5652de1,zp8,68,1
79455,CFG_39fe645ba2f1,zp8,68,1
79456,CFG_e1e6e0c66c93,zp8,68,1
79457,CFG_939ca62c69c2,zp8,68,1
79458,CFG_e1e6e0c66c93,zp8,68,1
79459,CFG_67b539d34471,zp8,68,1
79460,CFG_275e4ca07248,zp8,68,1
79461,CFG_8bfc9d62299c,zp8,68,1
79462,CFG_8a51f93d684d,zp8,68,1
79463,CFG_ceef49456daa,zp8,68,1
79464,CFG_939ca62c69c2,zp8,68,1
79465,CFG_8bfc9d62299c,zp8,68,1
79466,CFG_c94b44f1b2f9,zp8,68,1
79467,CFG_835bac03bc4f,zp8,68,1
79468,CFG_9c659499047b,zp8,68,1
79469,CFG_bd6412fc68b0,zp8,68,1
79470,CFG_f18488ce1456,zp8,68,1
79471,CFG_ceef49456daa,zp8,68,1
79472,CFG_4cd2b98cde9e,zp8,68,1
79473,CFG_deda15f4c4a8,zp8,68,1
79474,CFG_b2a3cbb134c5,zp8,68,1
79475,CFG_deda15f4c4a8,zp8,68,1
79476,CFG_67b539d34471,zp8,68,1
79477,CFG_9c659499047b,zp8,68,1
79478,CFG_cf541d0f8a3a,zp8,68,1
79479,CFG_39fe645ba2f1,zp8,68,1
79480,CFG_1e693796a40d,zp8,68,1
79481,CFG_1ec55dc0a2ff,zp8,68,1
79482,CFG_d7aadf87f0b1,zp8,68,1
79483,CFG_939ca62c69c2,zp8,68,1
79484,CFG_b2a3cbb134c5,zp8,68,1
79485,CFG_59f154754573,zp8,68,1
79486,CFG_e1e6e0c66c93,zp8,68,1
79487,CFG_755205a28938,zp8,68,1
79488,CFG_8a51f93d684d,zp8,68,1
79489,CFG_710c47edfbc8,zp8,68,1
79490,CFG_e1e6e0c66c93,zp8,68,1
79491,CFG_773ac98270b6,zp8,68,1
79492,CFG_dda2f907b868,zp8,68,1
79493,CFG_288ddbff7431,zp8,68,1
79494,CFG_f90a73d2a477,zp8,68,1
79495,CFG_ffde3ea1b2e3,zp8,68,1
79496,CFG_b2a3cbb134c5,zp8,68,1
79497,CFG_f993a0fc6256,zp8,68,1
79498,CFG_d39c77a1a4bf,zp8,68,1
79499,CFG_bbea204eb2ac,zp8,68,1
79500,CFG_1ec55dc0a2ff,zp8,68,1
79501,CFG_e3950fd94ca1,zp8,68,1
79502,CFG_9178f775d49a,zp8,68,1
79503,CFG_cf541d0f8a3a,zp8,68,1
79504,CFG_8bfc9d62299c,zp8,68,1
79505,CFG_de29bb20eaa6,zp8,68,1
79506,CFG_8a51f93d684d,zp8,68,1
79507,CFG_939ca62c69c2,zp8,68,1
79508,CFG_2154b722e06b,zp8,68,1
79509,CFG_939ca62c69c2,zp8,68,1
79510,CFG_3a3d7179fe0d,zp8,68,1
79511,CFG_3a3d7179fe0d,zp8,68,1
79512,CFG_8f2957e28805,zp8,68,1
79513,CFG_ffde3ea1b2e3,zp8,68,1
79514,CFG_be784e24b621,zp8,68,1
79515,CFG_939ca62c69c2,zp8,68,1
79516,CFG_773ac98270b6,zp8,68,1
79517,CFG_5531dad98c69,zp8,68,1
79518,CFG_1738a11cbd49,zp8,68,1
79519,CFG_773ac98270b6,zp8,68,1
79520,CFG_8a51f93d684d,zp8,68,1
79521,CFG_1ec55dc0a2ff,zp8,68,1
79522,CFG_59aede929579,zp8,68,1
79523,CFG_bd6412fc68b0,zp8,68,1
79524,CFG_ffde3ea1b2e3,zp8,68,1
79525,CFG_67b539d34471,zp8,68,1
79526,CFG_b2a3cbb134c5,zp8,68,1
79527,CFG_f18488ce1456,zp8,68,1
79528,CFG_532891bb36ca,zp8,68,1
79529,CFG_67b539d34471,zp8,68,1
79530,CFG_67b539d34471,zp8,68,1
79531,CFG_d7aadf87f0b1,zp8,68,1
79532,CFG_275e4ca07248,zp8,68,1
79533,CFG_9c659499047b,zp8,68,1
79534,CFG_f18488ce1456,zp8,68,1
79535,CFG_d39c77a1a4bf,zp8,68,1
79536,CFG_a1ebd0490272,zp8,68,1
79537,CFG_ac213567a5a2,zp8,68,1
79538,CFG_5514d03a77b0,zp8,68,1
79539,CFG_9c659499047b,zp8,68,1
79540,CFG_de29bb20eaa6,zp8,68,1
79541,CFG_3a3d7179fe0d,zp8,68,1
79542,CFG_36f82e31118f,zp8,68,1
79543,CFG_ac213567a5a2,zp8,68,1
79544,CFG_b2a3cbb134c5,zp8,68,1
79545,CFG_3a3d7179fe0d,zp8,68,1
79546,CFG_275e4ca07248,zp8,68,1
79547,CFG_3a3d7179fe0d,zp8,68,1
79548,CFG_6caaadb373ea,zp8,68,1
79549,CFG_deda15f4c4a8,zp8,68,1
79550,CFG_773ac98270b6,zp8,68,1
79551,CFG_e1e6e0c66c93,zp8,68,1
79552,CFG_bd6412fc68b0,zp8,68,1
79553,CFG_cf541d0f8a3a,zp8,68,1
79554,CFG_ffde3ea1b2e3,zp8,68,1
79555,CFG_d96b0c9e44d0,zp8,68,1
79556,CFG_e1e6e0c66c93,zp8,68,1
79557,CFG_9c659499047b,zp8,68,1
79558,CFG_deda15f4c4a8,zp8,68,1
79559,CFG_be784e24b621,zp8,68,1
79560,CFG_d96b0c9e44d0,zp8,68,1
79561,CFG_710c47edfbc8,zp8,68,1
79562,CFG_9178f775d49a,zp8,68,1
79563,CFG_deda15f4c4a8,zp8,68,1
79564,CFG_ffde3ea1b2e3,zp8,68,1
79565,CFG_b2a3cbb134c5,zp8,68,1
79566,CFG_be784e24b621,zp8,68,1
79567,CFG_e1e6e0c66c93,zp8,68,1
79568,CFG_9178f775d49a,zp8,68,1
79569,CFG_59f154754573,zp8,68,1
79570,CFG_f18488ce1456,zp8,68,1
79571,CFG_3e489afc8bfd,zp8,68,1
79572,CFG_f993a0fc6256,zp8,68,1
79573,CFG_a1d878e7d840,zp8,68,1
79574,CFG_17620e2785dc,zp8,68,1
79575,CFG_773ac98270b6,zp8,68,1
79576,CFG_f18488ce1456,zp8,68,1
79577,CFG_bbea204eb2ac,zp8,68,1
79578,CFG_cf541d0f8a3a,zp8,68,1
79579,CFG_ac213567a5a2,zp8,68,1
79580,CFG_8f2957e28805,zp8,68,1
79581,CFG_deda15f4c4a8,zp8,68,1
79582,CFG_8bfc9d62299c,zp8,68,1
79583,CFG_ac213567a5a2,zp8,68,1
79584,CFG_65f78a36ed50,zp8,68,1
79585,CFG_1d0f84c0bb06,zp8,68,1
79586,CFG_db37bdfe8c71,zp8,68,1
79587,CFG_d7aadf87f0b1,zp8,68,1
79588,CFG_8bfc9d62299c,zp8,68,1
79589,CFG_8a51f93d684d,zp8,68,1
79590,CFG_1ec55dc0a2ff,zp8,68,1
79591,CFG_9178f775d49a,zp8,68,1
79592,CFG_755205a28938,zp8,68,1
79593,CFG_cf541d0f8a3a,zp8,68,1
79594,CFG_755205a28938,zp8,68,1
79595,CFG_710c47edfbc8,zp8,68,1
79596,CFG_f18488ce1456,zp8,68,1
79597,CFG_773ac98270b6,zp8,68,1
79598,CFG_835bac03bc4f,zp8,68,1
79599,CFG_f18488ce1456,zp8,68,1
79600,CFG_67b539d34471,zp8,68,1
79601,CFG_288ddbff7431,zp8,68,1
79602,CFG_d39c77a1a4bf,zp8,68,1
79603,CFG_8bfc9d62299c,zp8,68,1
79604,CFG_ac213567a5a2,zp8,68,1
79605,CFG_b8e6a5652de1,zp8,68,1
79606,CFG_deda15f4c4a8,zp8,68,1
79607,CFG_1ec55dc0a2ff,zp8,68,1
79608,CFG_e1e6e0c66c93,zp8,68,1
79609,CFG_29c3378e155b,zp8,68,1
79610,CFG_cf541d0f8a3a,zp8,68,1
79611,CFG_9178f775d49a,zp8,68,1
79612,CFG_2154b722e06b,zp8,68,1
79613,CFG_8a51f93d684d,zp8,68,1
79614,CFG_5cd0c67d59bc,zp8,68,1
79615,CFG_be784e24b621,zp8,68,1
79616,CFG_ffde3ea1b2e3,zp8,68,1
79617,CFG_b8e6a5652de1,zp8,68,1
79618,CFG_deda15f4c4a8,zp8,68,1
79619,CFG_755205a28938,zp8,68,1
79620,CFG_5cd0c67d59bc,zp8,68,1
79621,CFG_67b539d34471,zp8,68,1
79622,CFG_c94b44f1b2f9,zp8,68,1
79623,CFG_59f154754573,zp8,68,1
79624,CFG_3278d3379c8a,zp8,68,1
79625,CFG_f18488ce1456,zp8,68,1
79626,CFG_3a3d7179fe0d,zp8,68,1
79627,CFG_710c47edfbc8,zp8,68,1
79628,CFG_773ac98270b6,zp8,68,1
79629,CFG_e3386d946379,zp8,68,1
79630,CFG_9178f775d49a,zp8,68,1
79631,CFG_9178f775d49a,zp8,68,1
79632,CFG_c94b44f1b2f9,zp8,68,1
79633,CFG_9178f775d49a,zp8,68,1
79634,CFG_b8e6a5652de1,zp8,68,1
79635,CFG_6caaadb373ea,zp8,68,1
79636,CFG_be784e24b621,zp8,68,1
79637,CFG_59f154754573,zp8,68,1
79638,CFG_be784e24b621,zp8,68,1
79639,CFG_67b539d34471,zp8,68,1
79640,CFG_ffde3ea1b2e3,zp8,68,1
79641,CFG_773ac98270b6,zp8,68,1
79642,CFG_17620e2785dc,zp8,68,1
79643,CFG_1ec55dc0a2ff,zp8,68,1
79644,CFG_5514d03a77b0,zp8,68,1
79645,CFG_1738a11cbd49,zp8,68,1
79646,CFG_e1e6e0c66c93,zp8,68,1
79647,CFG_be784e24b621,zp8,68,1
79648,CFG_ffde3ea1b2e3,zp8,68,1
79649,CFG_ac213567a5a2,zp8,68,1
79650,CFG_bbea204eb2ac,zp8,68,1
79651,CFG_be784e24b621,zp8,68,1
79652,CFG_5cd0c67d59bc,zp8,68,1
79653,CFG_625048fefa0b,zp8,68,1
79654,CFG_b8e6a5652de1,zp8,68,1
79655,CFG_cf541d0f8a3a,zp8,68,1
79656,CFG_727914633b9e,zp8,68,1
79657,CFG_acabbc62a021,zp8,68,1
79658,CFG_710c47edfbc8,zp8,68,1
79659,CFG_ceef49456daa,zp8,68,1
79660,CFG_9178f775d49a,zp8,68,1
79661,CFG_625048fefa0b,zp8,68,1
79662,CFG_59f154754573,zp8,68,1
79663,CFG_5514d03a77b0,zp8,68,1
79664,CFG_b2a3cbb134c5,zp8,68,1
79665,CFG_59f154754573,zp8,68,1
79666,CFG_ffde3ea1b2e3,zp8,68,1
79667,CFG_f18488ce1456,zp8,68,1
79668,CFG_1ec55dc0a2ff,zp8,68,1
79669,CFG_3a3d7179fe0d,zp8,68,1
79670,CFG_6caaadb373ea,zp8,68,1
79671,CFG_ffde3ea1b2e3,zp8,68,1
79672,CFG_8a51f93d684d,zp8,68,1
79673,CFG_f18488ce1456,zp8,68,1
79674,CFG_1738a11cbd49,zp8,68,1
79675,CFG_bbea204eb2ac,zp8,68,1
79676,CFG_9c659499047b,zp8,68,1
79677,CFG_755205a28938,zp8,68,1
79678,CFG_3a3d7179fe0d,zp8,68,1
79679,CFG_d96b0c9e44d0,zp8,68,1
79680,CFG_5851809b712d,zp8,68,1
79681,CFG_f18488ce1456,zp8,68,1
79682,CFG_9178f775d49a,zp8,68,1
79683,CFG_b2a3cbb134c5,zp8,68,1
79684,CFG_773ac98270b6,zp8,68,1
79685,CFG_9178f775d49a,zp8,68,1
79686,CFG_e1e6e0c66c93,zp8,68,1
79687,CFG_1ec55dc0a2ff,zp8,68,1
79688,CFG_5531dad98c69,zp8,68,1
79689,CFG_1e693796a40d,zp8,68,1
79690,CFG_d7aadf87f0b1,zp8,68,1
79691,CFG_710c47edfbc8,zp8,68,1
79692,CFG_3a3d7179fe0d,zp8,68,1
79693,CFG_67b539d34471,zp8,68,1
79694,CFG_8bfc9d62299c,zp8,68,1
79695,CFG_2154b722e06b,zp8,68,1
79696,CFG_f18488ce1456,zp8,68,1
79697,CFG_cf6528e23789,zp8,68,1
79698,CFG_8a51f93d684d,zp8,68,1
79699,CFG_8bfc9d62299c,zp8,68,1
79700,CFG_be784e24b621,zp8,68,1
79701,CFG_59f154754573,zp8,68,1
79702,CFG_a1d878e7d840,zp8,68,1
79703,CFG_f18488ce1456,zp8,68,1
79704,CFG_d96b0c9e44d0,zp8,68,1
79705,CFG_3a3d7179fe0d,zp8,68,1
79706,CFG_8a51f93d684d,zp8,68,1
79707,CFG_773ac98270b6,zp8,68,1
79708,CFG_e1e6e0c66c93,zp8,68,1
79709,CFG_9178f775d49a,zp8,68,1
79710,CFG_36f82e31118f,zp8,68,1
79711,CFG_710c47edfbc8,zp8,68,1
79712,CFG_5531dad98c69,zp8,68,1
79713,CFG_67b539d34471,zp8,68,1
79714,CFG_e3950fd94ca1,zp8,68,1
79715,CFG_773ac98270b6,zp8,68,1
79716,CFG_727914633b9e,zp8,68,1
79717,CFG_755205a28938,zp8,68,1
79718,CFG_bbea204eb2ac,zp8,68,1
79719,CFG_be784e24b621,zp8,68,1
79720,CFG_b2a3cbb134c5,zp8,68,1
79721,CFG_3a3d7179fe0d,zp8,68,1
79722,CFG_cf541d0f8a3a,zp8,68,1
79723,CFG_7fa53b7ab3bf,zp8,68,1
79724,CFG_67b539d34471,zp8,68,1
79725,CFG_b2a3cbb134c5,zp8,68,1
79726,CFG_c94b44f1b2f9,zp8,68,1
79727,CFG_29c3378e155b,zp8,68,1
79728,CFG_b2a3cbb134c5,zp8,68,1
79729,CFG_67b539d34471,zp8,68,1
79730,CFG_ffde3ea1b2e3,zp8,68,1
79731,CFG_1738a11cbd49,zp8,68,1
79732,CFG_67b539d34471,zp8,68,1
79733,CFG_5cd0c67d59bc,zp8,68,1
79734,CFG_67b539d34471,zp8,68,1
79735,CFG_3a3d7179fe0d,zp8,68,1
79736,CFG_5be0533f7ebf,zp8,68,1
79737,CFG_d96b0c9e44d0,zp8,68,1
79738,CFG_cf541d0f8a3a,zp8,68,1
79739,CFG_be784e24b621,zp8,68,1
79740,CFG_9178f775d49a,zp8,68,1
79741,CFG_1738a11cbd49,zp8,68,1
79742,CFG_b04e3d146803,zp8,68,1
79743,CFG_1ec55dc0a2ff,zp8,68,1
79744,CFG_8a51f93d684d,zp8,68,1
79745,CFG_77c8b99b43d9,zp8,68,1
79746,CFG_3a3d7179fe0d,zp8,68,1
79747,CFG_773ac98270b6,zp8,68,1
79748,CFG_1738a11cbd49,zp8,68,1
79749,CFG_5851809b712d,zp8,68,1
79750,CFG_deda15f4c4a8,zp8,68,1
79751,CFG_9178f775d49a,zp8,68,1
79752,CFG_275e4ca07248,zp8,68,1
79753,CFG_bd6412fc68b0,zp8,68,1
79754,CFG_3a3d7179fe0d,zp8,68,1
79755,CFG_e3950fd94ca1,zp8,68,1
79756,CFG_67b539d34471,zp8,68,1
79757,CFG_8a51f93d684d,zp8,68,1
79758,CFG_802041076799,zp8,68,1
79759,CFG_de29bb20eaa6,zp8,68,1
79760,CFG_f18488ce1456,zp8,68,1
79761,CFG_d7aadf87f0b1,zp8,68,1
79762,CFG_29c3378e155b,zp8,68,1
79763,CFG_36f82e31118f,zp8,68,1
79764,CFG_773ac98270b6,zp8,68,1
79765,CFG_1ec55dc0a2ff,zp8,68,1
79766,CFG_e1e6e0c66c93,zp8,68,1
79767,CFG_f18488ce1456,zp8,68,1
79768,CFG_773ac98270b6,zp8,68,1
79769,CFG_755205a28938,zp8,68,1
79770,CFG_e1e6e0c66c93,zp8,68,1
79771,CFG_f18488ce1456,zp8,68,1
79772,CFG_d39c77a1a4bf,zp8,68,1
79773,CFG_727914633b9e,zp8,68,1
79774,CFG_bd6412fc68b0,zp8,68,1
79775,CFG_e1e6e0c66c93,zp8,68,1
79776,CFG_773ac98270b6,zp8,68,1
79777,CFG_ffde3ea1b2e3,zp8,68,1
79778,CFG_637b6e72af93,zp8,68,1
79779,CFG_802041076799,zp8,68,1
79780,CFG_cc5bbb6e9d13,zp8,68,1
79781,CFG_6caaadb373ea,zp8,68,1
79782,CFG_ac213567a5a2,zp8,68,1
79783,CFG_755205a28938,zp8,68,1
79784,CFG_2154b722e06b,zp8,68,1
79785,CFG_b8e6a5652de1,zp8,68,1
79786,CFG_9178f775d49a,zp8,68,1
79787,CFG_17620e2785dc,zp8,68,1
79788,CFG_c94b44f1b2f9,zp8,68,1
79789,CFG_e3386d946379,zp8,68,1
79790,CFG_f18488ce1456,zp8,68,1
79791,CFG_e1e6e0c66c93,zp8,68,1
79792,CFG_3278d3379c8a,zp8,68,1
79793,CFG_b2a3cbb134c5,zp8,68,1
79794,CFG_939ca62c69c2,zp8,68,1
79795,CFG_b2a3cbb134c5,zp8,68,1
79796,CFG_f18488ce1456,zp8,68,1
79797,CFG_59aede929579,zp8,68,1
79798,CFG_939ca62c69c2,zp8,68,1
79799,CFG_3278d3379c8a,zp8,68,1
79800,CFG_a34f76b67ef4,zp8,68,1
79801,CFG_755205a28938,zp8,68,1
79802,CFG_59aede929579,zp8,68,1
79803,CFG_29c3378e155b,zp8,68,1
79804,CFG_d7aadf87f0b1,zp8,68,1
79805,CFG_e1e6e0c66c93,zp8,68,1
79806,CFG_f18488ce1456,zp8,68,1
79807,CFG_939ca62c69c2,zp8,68,1
79808,CFG_d39c77a1a4bf,zp8,68,1
79809,CFG_cf541d0f8a3a,zp8,68,1
79810,CFG_17620e2785dc,zp8,68,1
79811,CFG_f18488ce1456,zp8,68,1
79812,CFG_deda15f4c4a8,zp8,68,1
79813,CFG_17620e2785dc,zp8,68,1
79814,CFG_b2a3cbb134c5,zp8,68,1
79815,CFG_b2a3cbb134c5,zp8,68,1
79816,CFG_d7aadf87f0b1,zp8,68,1
79817,CFG_9178f775d49a,zp8,68,1
79818,CFG_755205a28938,zp8,68,1
79819,CFG_532891bb36ca,zp8,68,1
79820,CFG_deda15f4c4a8,zp8,68,1
79821,CFG_bd6412fc68b0,zp8,68,1
79822,CFG_9c659499047b,zp8,68,1
79823,CFG_939ca62c69c2,zp8,68,1
79824,CFG_9178f775d49a,zp8,68,1
79825,CFG_77c8b99b43d9,zp8,68,1
79826,CFG_ffde3ea1b2e3,zp8,68,1
79827,CFG_d96b0c9e44d0,zp8,68,1
79828,CFG_67b539d34471,zp8,68,1
79829,CFG_e87513c8563d,zp8,68,1
79830,CFG_5cd0c67d59bc,zp8,68,1
79831,CFG_36f82e31118f,zp8,68,1
79832,CFG_e1e6e0c66c93,zp8,68,1
79833,CFG_59f154754573,zp8,68,1
79834,CFG_8a3f0c7c09a9,zp8,68,1
79835,CFG_275e4ca07248,zp8,68,1
79836,CFG_67b539d34471,zp8,68,1
79837,CFG_939ca62c69c2,zp8,68,1
79838,CFG_17620e2785dc,zp8,68,1
79839,CFG_acabbc62a021,zp8,68,1
79840,CFG_5851809b712d,zp8,68,1
79841,CFG_b2a3cbb134c5,zp8,68,1
79842,CFG_1ec55dc0a2ff,zp8,68,1
79843,CFG_77c8b99b43d9,zp8,68,1
79844,CFG_a1d878e7d840,zp8,68,1
79845,CFG_36f82e31118f,zp8,68,1
79846,CFG_2534839bab0a,zp8,68,1
79847,CFG_f18488ce1456,zp8,68,1
79848,CFG_b2a3cbb134c5,zp8,68,1
79849,CFG_17620e2785dc,zp8,68,1
79850,CFG_275e4ca07248,zp8,68,1
79851,CFG_7fa53b7ab3bf,zp8,68,1
79852,CFG_e1e6e0c66c93,zp8,68,1
79853,CFG_b04e3d146803,zp8,68,1
79854,CFG_8bfc9d62299c,zp8,68,1
79855,CFG_b2a3cbb134c5,zp8,68,1
79856,CFG_3a3d7179fe0d,zp8,68,1
79857,CFG_f993a0fc6256,zp8,68,1
79858,CFG_e1e6e0c66c93,zp8,68,1
79859,CFG_67b539d34471,zp8,68,1
79860,CFG_b2a3cbb134c5,zp8,68,1
79861,CFG_9c659499047b,zp8,68,1
79862,CFG_b2a3cbb134c5,zp8,68,1
79863,CFG_288ddbff7431,zp8,68,1
79864,CFG_a34f76b67ef4,zp8,68,1
79865,CFG_773ac98270b6,zp8,68,1
79866,CFG_1ec55dc0a2ff,zp8,68,1
79867,CFG_9c659499047b,zp8,68,1
79868,CFG_288ddbff7431,zp8,68,1
79869,CFG_9178f775d49a,zp8,68,1
79870,CFG_e3386d946379,zp8,68,1
79871,CFG_c94b44f1b2f9,zp8,68,1
79872,CFG_9c659499047b,zp8,68,1
79873,CFG_f18488ce1456,zp8,68,1
79874,CFG_e1e6e0c66c93,zp8,68,1
79875,CFG_9c659499047b,zp8,68,1
79876,CFG_bbea204eb2ac,zp8,68,1
79877,CFG_8bfc9d62299c,zp8,68,1
79878,CFG_ffde3ea1b2e3,zp8,68,1
79879,CFG_3a3d7179fe0d,zp8,68,1
79880,CFG_1738a11cbd49,zp8,68,1
79881,CFG_3e489afc8bfd,zp8,68,1
79882,CFG_db37bdfe8c71,zp8,68,1
79883,CFG_2154b722e06b,zp8,68,1
79884,CFG_cc5bbb6e9d13,zp8,68,1
79885,CFG_f18488ce1456,zp8,68,1
79886,CFG_e1e6e0c66c93,zp8,68,1
79887,CFG_acabbc62a021,zp8,68,1
79888,CFG_be784e24b621,zp8,68,1
79889,CFG_8a51f93d684d,zp8,68,1
79890,CFG_b2a3cbb134c5,zp8,68,1
79891,CFG_7fa53b7ab3bf,zp8,68,1
79892,CFG_3697b100c401,zp8,68,1
79893,CFG_e1e6e0c66c93,zp8,68,1
79894,CFG_3a3d7179fe0d,zp8,68,1
79895,CFG_3697b100c401,zp8,68,1
79896,CFG_9c659499047b,zp8,68,1
79897,CFG_e3950fd94ca1,zp8,68,1
79898,CFG_5851809b712d,zp8,68,1
79899,CFG_5514d03a77b0,zp8,68,1
79900,CFG_deda15f4c4a8,zp8,68,1
79901,CFG_a1ebd0490272,zp8,68,1
79902,CFG_e87513c8563d,zp8,68,1
79903,CFG_ffde3ea1b2e3,zp8,68,1
79904,CFG_f18488ce1456,zp8,68,1
79905,CFG_cf541d0f8a3a,zp8,68,1
79906,CFG_e1e6e0c66c93,zp8,68,1
79907,CFG_d96b0c9e44d0,zp8,68,1
79908,CFG_cf541d0f8a3a,zp8,68,1
79909,CFG_1ec55dc0a2ff,zp8,68,1
79910,CFG_67b539d34471,zp8,68,1
79911,CFG_7fa53b7ab3bf,zp8,68,1
79912,CFG_8a51f93d684d,zp8,68,1
79913,CFG_cf541d0f8a3a,zp8,68,1
79914,CFG_d39c77a1a4bf,zp8,68,1
79915,CFG_cf541d0f8a3a,zp8,68,1
79916,CFG_f18488ce1456,zp8,68,1
79917,CFG_d96b0c9e44d0,zp8,68,1
79918,CFG_c94b44f1b2f9,zp8,68,1
79919,CFG_cc5bbb6e9d13,zp8,68,1
79920,CFG_d96b0c9e44d0,zp8,68,1
79921,CFG_1ec55dc0a2ff,zp8,68,1
79922,CFG_bbea204eb2ac,zp8,68,1
79923,CFG_710c47edfbc8,zp8,68,1
79924,CFG_36f82e31118f,zp8,68,1
79925,CFG_3a3d7179fe0d,zp8,68,1
79926,CFG_8bfc9d62299c,zp8,68,1
79927,CFG_acabbc62a021,zp8,68,1
79928,CFG_d39c77a1a4bf,zp8,68,1
79929,CFG_9178f775d49a,zp8,68,1
79930,CFG_5be0533f7ebf,zp8,68,1
79931,CFG_b2a3cbb134c5,zp8,68,1
79932,CFG_773ac98270b6,zp8,68,1
79933,CFG_f18488ce1456,zp8,68,1
79934,CFG_be784e24b621,zp8,68,1
79935,CFG_59aede929579,zp8,68,1
79936,CFG_f18488ce1456,zp8,68,1
79937,CFG_9c659499047b,zp8,68,1
79938,CFG_e3950fd94ca1,zp8,68,1
79939,CFG_939ca62c69c2,zp8,68,1
79940,CFG_532891bb36ca,zp8,68,1
79941,CFG_67b539d34471,zp8,68,1
79942,CFG_e3950fd94ca1,zp8,68,1
79943,CFG_3324700714f1,zp8,68,1
79944,CFG_1738a11cbd49,zp8,68,1
79945,CFG_8a51f93d684d,zp8,68,1
79946,CFG_c94b44f1b2f9,zp8,68,1
79947,CFG_d39c77a1a4bf,zp8,68,1
79948,CFG_67b539d34471,zp8,68,1
79949,CFG_9178f775d49a,zp8,68,1
79950,CFG_755205a28938,zp8,68,1
79951,CFG_773ac98270b6,zp8,68,1
79952,CFG_67b539d34471,zp8,68,1
79953,CFG_e3950fd94ca1,zp8,68,1
79954,CFG_dda2f907b868,zp8,68,1
79955,CFG_8bfc9d62299c,zp8,68,1
79956,CFG_17620e2785dc,zp8,68,1
79957,CFG_39fe645ba2f1,zp8,68,1
79958,CFG_a34f76b67ef4,zp8,68,1
79959,CFG_9178f775d49a,zp8,68,1
79960,CFG_710c47edfbc8,zp8,68,1
79961,CFG_f18488ce1456,zp8,68,1
79962,CFG_1d0f84c0bb06,zp8,68,1
79963,CFG_5cd0c67d59bc,zp8,68,1
79964,CFG_d7aadf87f0b1,zp8,68,1
79965,CFG_59aede929579,zp8,68,1
79966,CFG_39fe645ba2f1,zp8,68,1
79967,CFG_773ac98270b6,zp8,68,1
79968,CFG_8bfc9d62299c,zp8,68,1
79969,CFG_36f82e31118f,zp8,68,1
79970,CFG_9178f775d49a,zp8,68,1
79971,CFG_a34f76b67ef4,zp8,68,1
79972,CFG_8a51f93d684d,zp8,68,1
79973,CFG_773ac98270b6,zp8,68,1
79974,CFG_9c659499047b,zp8,68,1
79975,CFG_a34f76b67ef4,zp8,68,1
79976,CFG_773ac98270b6,zp8,68,1
79977,CFG_b2a3cbb134c5,zp8,68,1
79978,CFG_b8e6a5652de1,zp8,68,1
79979,CFG_d96b0c9e44d0,zp8,68,1
79980,CFG_65f78a36ed50,zp8,68,1
79981,CFG_f18488ce1456,zp8,68,1
79982,CFG_deda15f4c4a8,zp8,68,1
79983,CFG_6caaadb373ea,zp8,68,1
79984,CFG_1e693796a40d,zp8,68,1
79985,CFG_532891bb36ca,zp8,68,1
79986,CFG_9c659499047b,zp8,68,1
79987,CFG_773ac98270b6,zp8,68,1
79988,CFG_755205a28938,zp8,68,1
79989,CFG_755205a28938,zp8,68,1
79990,CFG_773ac98270b6,zp8,68,1
79991,CFG_a292c20a75fd,zp8,68,1
79992,CFG_b2bb984b770a,zp8,68,1
79993,CFG_773ac98270b6,zp8,68,1
79994,CFG_755205a28938,zp8,68,1
79995,CFG_3a3d7179fe0d,zp8,68,1
79996,CFG_b2a3cbb134c5,zp8,68,1
79997,CFG_99b4d8a9c762,zp8,68,1
79998,CFG_f18488ce1456,zp8,68,1
79999,CFG_1738a11cbd49,zp8,68,1
80000,CFG_1ec55dc0a2ff,zp8,68,1
80001,CFG_b2a3cbb134c5,zp8,69,1
80002,CFG_9178f775d49a,zp8,69,1
80003,CFG_2534839bab0a,zp8,69,1
80004,CFG_17620e2785dc,zp8,69,1
80005,CFG_6caaadb373ea,zp8,69,1
80006,CFG_cc5bbb6e9d13,zp8,69,1
80007,CFG_275e4ca07248,zp8,69,1
80008,CFG_b2a3cbb134c5,zp8,69,1
80009,CFG_39fe645ba2f1,zp8,69,1
80010,CFG_b2a3cbb134c5,zp8,69,1
80011,CFG_d96b0c9e44d0,zp8,69,1
80012,CFG_9c659499047b,zp8,69,1
80013,CFG_d7aadf87f0b1,zp8,69,1
80014,CFG_532891bb36ca,zp8,69,1
80015,CFG_1ec55dc0a2ff,zp8,69,1
80016,CFG_939ca62c69c2,zp8,69,1
80017,CFG_36f82e31118f,zp8,69,1
80018,CFG_a1d878e7d840,zp8,69,1
80019,CFG_cf541d0f8a3a,zp8,69,1
80020,CFG_59f154754573,zp8,69,1
80021,CFG_8a51f93d684d,zp8,69,1
80022,CFG_773ac98270b6,zp8,69,1
80023,CFG_67b539d34471,zp8,69,1
80024,CFG_d96b0c9e44d0,zp8,69,1
80025,CFG_288ddbff7431,zp8,69,1
80026,CFG_7cd4c6b023c5,zp8,69,1
80027,CFG_e1e6e0c66c93,zp8,69,1
80028,CFG_c910518048de,zp8,69,1
80029,CFG_59aede929579,zp8,69,1
80030,CFG_3a3d7179fe0d,zp8,69,1
80031,CFG_2154b722e06b,zp8,69,1
80032,CFG_17620e2785dc,zp8,69,1
80033,CFG_1738a11cbd49,zp8,69,1
80034,CFG_1d0f84c0bb06,zp8,69,1
80035,CFG_9178f775d49a,zp8,69,1
80036,CFG_ac213567a5a2,zp8,69,1
80037,CFG_59aede929579,zp8,69,1
80038,CFG_5cd0c67d59bc,zp8,69,1
80039,CFG_b2a3cbb134c5,zp8,69,1
80040,CFG_710c47edfbc8,zp8,69,1
80041,CFG_2154b722e06b,zp8,69,1
80042,CFG_36f82e31118f,zp8,69,1
80043,CFG_773ac98270b6,zp8,69,1
80044,CFG_ffde3ea1b2e3,zp8,69,1
80045,CFG_be784e24b621,zp8,69,1
80046,CFG_8a3f0c7c09a9,zp8,69,1
80047,CFG_e3950fd94ca1,zp8,69,1
80048,CFG_2154b722e06b,zp8,69,1
80049,CFG_b2a3cbb134c5,zp8,69,1
80050,CFG_4cd2b98cde9e,zp8,69,1
80051,CFG_8a51f93d684d,zp8,69,1
80052,CFG_ffde3ea1b2e3,zp8,69,1
80053,CFG_cf541d0f8a3a,zp8,69,1
80054,CFG_8a51f93d684d,zp8,69,1
80055,CFG_3a3d7179fe0d,zp8,69,1
80056,CFG_755205a28938,zp8,69,1
80057,CFG_f18488ce1456,zp8,69,1
80058,CFG_f18488ce1456,zp8,69,1
80059,CFG_a292c20a75fd,zp8,69,1
80060,CFG_1ec55dc0a2ff,zp8,69,1
80061,CFG_9c659499047b,zp8,69,1
80062,CFG_9178f775d49a,zp8,69,1
80063,CFG_773ac98270b6,zp8,69,1
80064,CFG_2154b722e06b,zp8,69,1
80065,CFG_29c3378e155b,zp8,69,1
80066,CFG_755205a28938,zp8,69,1
80067,CFG_532891bb36ca,zp8,69,1
80068,CFG_9c659499047b,zp8,69,1
80069,CFG_b2a3cbb134c5,zp8,69,1
80070,CFG_2154b722e06b,zp8,69,1
80071,CFG_e1e6e0c66c93,zp8,69,1
80072,CFG_ffde3ea1b2e3,zp8,69,1
80073,CFG_cf541d0f8a3a,zp8,69,1
80074,CFG_773ac98270b6,zp8,69,1
80075,CFG_9178f775d49a,zp8,69,1
80076,CFG_665857420cb6,zp8,69,1
80077,CFG_939ca62c69c2,zp8,69,1
80078,CFG_773ac98270b6,zp8,69,1
80079,CFG_deda15f4c4a8,zp8,69,1
80080,CFG_f18488ce1456,zp8,69,1
80081,CFG_f18488ce1456,zp8,69,1
80082,CFG_cf541d0f8a3a,zp8,69,1
80083,CFG_67b539d34471,zp8,69,1
80084,CFG_755205a28938,zp8,69,1
80085,CFG_f90a73d2a477,zp8,69,1
80086,CFG_7155e4ee7bdf,zp8,69,1
80087,CFG_ceef49456daa,zp8,69,1
80088,CFG_b4fe1465527a,zp8,69,1
80089,CFG_7155e4ee7bdf,zp8,69,1
80090,CFG_b2a3cbb134c5,zp8,69,1
80091,CFG_b2a3cbb134c5,zp8,69,1
80092,CFG_7fa53b7ab3bf,zp8,69,1
80093,CFG_773ac98270b6,zp8,69,1
80094,CFG_d39c77a1a4bf,zp8,69,1
80095,CFG_773ac98270b6,zp8,69,1
80096,CFG_1ec55dc0a2ff,zp8,69,1
80097,CFG_b2a3cbb134c5,zp8,69,1
80098,CFG_5851809b712d,zp8,69,1
80099,CFG_e1e6e0c66c93,zp8,69,1
80100,CFG_1738a11cbd49,zp8,69,1
80101,CFG_b04e3d146803,zp8,69,1
80102,CFG_9c659499047b,zp8,69,1
80103,CFG_36f82e31118f,zp8,69,1
80104,CFG_f18488ce1456,zp8,69,1
80105,CFG_1738a11cbd49,zp8,69,1
80106,CFG_ac213567a5a2,zp8,69,1
80107,CFG_773ac98270b6,zp8,69,1
80108,CFG_f18488ce1456,zp8,69,1
80109,CFG_be784e24b621,zp8,69,1
80110,CFG_39fe645ba2f1,zp8,69,1
80111,CFG_710c47edfbc8,zp8,69,1
80112,CFG_9c659499047b,zp8,69,1
80113,CFG_67b539d34471,zp8,69,1
80114,CFG_c94b44f1b2f9,zp8,69,1
80115,CFG_39fe645ba2f1,zp8,69,1
80116,CFG_77c8b99b43d9,zp8,69,1
80117,CFG_755205a28938,zp8,69,1
80118,CFG_ffde3ea1b2e3,zp8,69,1
80119,CFG_b2a3cbb134c5,zp8,69,1
80120,CFG_36f82e31118f,zp8,69,1
80121,CFG_8bfc9d62299c,zp8,69,1
80122,CFG_b8e6a5652de1,zp8,69,1
80123,CFG_755205a28938,zp8,69,1
80124,CFG_3a3d7179fe0d,zp8,69,1
80125,CFG_3a3d7179fe0d,zp8,69,1
80126,CFG_625048fefa0b,zp8,69,1
80127,CFG_3278d3379c8a,zp8,69,1
80128,CFG_cf541d0f8a3a,zp8,69,1
80129,CFG_e3386d946379,zp8,69,1
80130,CFG_67b539d34471,zp8,69,1
80131,CFG_cf541d0f8a3a,zp8,69,1
80132,CFG_e1e6e0c66c93,zp8,69,1
80133,CFG_59aede929579,zp8,69,1
80134,CFG_7fa53b7ab3bf,zp8,69,1
80135,CFG_939ca62c69c2,zp8,69,1
80136,CFG_773ac98270b6,zp8,69,1
80137,CFG_7cd4c6b023c5,zp8,69,1
80138,CFG_9178f775d49a,zp8,69,1
80139,CFG_39fe645ba2f1,zp8,69,1
80140,CFG_9178f775d49a,zp8,69,1
80141,CFG_b2a3cbb134c5,zp8,69,1
80142,CFG_755205a28938,zp8,69,1
80143,CFG_67b539d34471,zp8,69,1
80144,CFG_9178f775d49a,zp8,69,1
80145,CFG_727914633b9e,zp8,69,1
80146,CFG_3a3d7179fe0d,zp8,69,1
80147,CFG_b2a3cbb134c5,zp8,69,1
80148,CFG_773ac98270b6,zp8,69,1
80149,CFG_59aede929579,zp8,69,1
80150,CFG_e3950fd94ca1,zp8,69,1
80151,CFG_67b539d34471,zp8,69,1
80152,CFG_288ddbff7431,zp8,69,1
80153,CFG_8a51f93d684d,zp8,69,1
80154,CFG_532891bb36ca,zp8,69,1
80155,CFG_5514d03a77b0,zp8,69,1
80156,CFG_e3950fd94ca1,zp8,69,1
80157,CFG_5cd0c67d59bc,zp8,69,1
80158,CFG_5514d03a77b0,zp8,69,1
80159,CFG_5514d03a77b0,zp8,69,1
80160,CFG_deda15f4c4a8,zp8,69,1
80161,CFG_ffde3ea1b2e3,zp8,69,1
80162,CFG_3278d3379c8a,zp8,69,1
80163,CFG_275e4ca07248,zp8,69,1
80164,CFG_8a51f93d684d,zp8,69,1
80165,CFG_3a3d7179fe0d,zp8,69,1
80166,CFG_2534839bab0a,zp8,69,1
80167,CFG_36f82e31118f,zp8,69,1
80168,CFG_17620e2785dc,zp8,69,1
80169,CFG_8f2957e28805,zp8,69,1
80170,CFG_8bfc9d62299c,zp8,69,1
80171,CFG_e1e6e0c66c93,zp8,69,1
80172,CFG_e1e6e0c66c93,zp8,69,1
80173,CFG_9c659499047b,zp8,69,1
80174,CFG_acabbc62a021,zp8,69,1
80175,CFG_39fe645ba2f1,zp8,69,1
80176,CFG_c910518048de,zp8,69,1
80177,CFG_727914633b9e,zp8,69,1
80178,CFG_d96b0c9e44d0,zp8,69,1
80179,CFG_59f154754573,zp8,69,1
80180,CFG_e3950fd94ca1,zp8,69,1
80181,CFG_1ec55dc0a2ff,zp8,69,1
80182,CFG_9c659499047b,zp8,69,1
80183,CFG_ffde3ea1b2e3,zp8,69,1
80184,CFG_7fa53b7ab3bf,zp8,69,1
80185,CFG_f993a0fc6256,zp8,69,1
80186,CFG_d96b0c9e44d0,zp8,69,1
80187,CFG_5851809b712d,zp8,69,1
80188,CFG_d96b0c9e44d0,zp8,69,1
80189,CFG_59aede929579,zp8,69,1
80190,CFG_532891bb36ca,zp8,69,1
80191,CFG_8a51f93d684d,zp8,69,1
80192,CFG_f993a0fc6256,zp8,69,1
80193,CFG_e1e6e0c66c93,zp8,69,1
80194,CFG_d96b0c9e44d0,zp8,69,1
80195,CFG_67b539d34471,zp8,69,1
80196,CFG_2154b722e06b,zp8,69,1
80197,CFG_8a51f93d684d,zp8,69,1
80198,CFG_1ec55dc0a2ff,zp8,69,1
80199,CFG_3278d3379c8a,zp8,69,1
80200,CFG_f18488ce1456,zp8,69,1
80201,CFG_cf541d0f8a3a,zp8,69,1
80202,CFG_ffde3ea1b2e3,zp8,69,1
80203,CFG_802041076799,zp8,69,1
80204,CFG_bd6412fc68b0,zp8,69,1
80205,CFG_3a3d7179fe0d,zp8,69,1
80206,CFG_5cd0c67d59bc,zp8,69,1
80207,CFG_17620e2785dc,zp8,69,1
80208,CFG_710c47edfbc8,zp8,69,1
80209,CFG_9178f775d49a,zp8,69,1
80210,CFG_710c47edfbc8,zp8,69,1
80211,CFG_773f7346d441,zp8,69,1
80212,CFG_9178f775d49a,zp8,69,1
80213,CFG_deda15f4c4a8,zp8,69,1
80214,CFG_f18488ce1456,zp8,69,1
80215,CFG_cf541d0f8a3a,zp8,69,1
80216,CFG_5514d03a77b0,zp8,69,1
80217,CFG_c910518048de,zp8,69,1
80218,CFG_1738a11cbd49,zp8,69,1
80219,CFG_275e4ca07248,zp8,69,1
80220,CFG_f18488ce1456,zp8,69,1
80221,CFG_7155e4ee7bdf,zp8,69,1
80222,CFG_36f82e31118f,zp8,69,1
80223,CFG_b8e6a5652de1,zp8,69,1
80224,CFG_b2a3cbb134c5,zp8,69,1
80225,CFG_77c8b99b43d9,zp8,69,1
80226,CFG_1ec55dc0a2ff,zp8,69,1
80227,CFG_a292c20a75fd,zp8,69,1
80228,CFG_f18488ce1456,zp8,69,1
80229,CFG_a9714f85f877,zp8,69,1
80230,CFG_a1d878e7d840,zp8,69,1
80231,CFG_f18488ce1456,zp8,69,1
80232,CFG_1ec55dc0a2ff,zp8,69,1
80233,CFG_8a51f93d684d,zp8,69,1
80234,CFG_f18488ce1456,zp8,69,1
80235,CFG_112bf773e97d,zp8,69,1
80236,CFG_3278d3379c8a,zp8,69,1
80237,CFG_67b539d34471,zp8,69,1
80238,CFG_cf541d0f8a3a,zp8,69,1
80239,CFG_5514d03a77b0,zp8,69,1
80240,CFG_8a51f93d684d,zp8,69,1
80241,CFG_a34f76b67ef4,zp8,69,1
80242,CFG_ac213567a5a2,zp8,69,1
80243,CFG_1738a11cbd49,zp8,69,1
80244,CFG_b2a3cbb134c5,zp8,69,1
80245,CFG_d7aadf87f0b1,zp8,69,1
80246,CFG_8a51f93d684d,zp8,69,1
80247,CFG_d39c77a1a4bf,zp8,69,1
80248,CFG_b8e6a5652de1,zp8,69,1
80249,CFG_acabbc62a021,zp8,69,1
80250,CFG_dda2f907b868,zp8,69,1
80251,CFG_36f82e31118f,zp8,69,1
80252,CFG_6ff9e417e386,zp8,69,1
80253,CFG_f18488ce1456,zp8,69,1
80254,CFG_7cd4c6b023c5,zp8,69,1
80255,CFG_3a3d7179fe0d,zp8,69,1
80256,CFG_c910518048de,zp8,69,1
80257,CFG_be784e24b621,zp8,69,1
80258,CFG_e3950fd94ca1,zp8,69,1
80259,CFG_5514d03a77b0,zp8,69,1
80260,CFG_b2a3cbb134c5,zp8,69,1
80261,CFG_cf541d0f8a3a,zp8,69,1
80262,CFG_7fa53b7ab3bf,zp8,69,1
80263,CFG_17620e2785dc,zp8,69,1
80264,CFG_cc5bbb6e9d13,zp8,69,1
80265,CFG_de29bb20eaa6,zp8,69,1
80266,CFG_b2a3cbb134c5,zp8,69,1
80267,CFG_802041076799,zp8,69,1
80268,CFG_cf541d0f8a3a,zp8,69,1
80269,CFG_1e693796a40d,zp8,69,1
80270,CFG_29c3378e155b,zp8,69,1
80271,CFG_a1d878e7d840,zp8,69,1
80272,CFG_b8e6a5652de1,zp8,69,1
80273,CFG_17620e2785dc,zp8,69,1
80274,CFG_b8e6a5652de1,zp8,69,1
80275,CFG_b8e6a5652de1,zp8,69,1
80276,CFG_3a3d7179fe0d,zp8,69,1
80277,CFG_b2a3cbb134c5,zp8,69,1
80278,CFG_59f154754573,zp8,69,1
80279,CFG_d96b0c9e44d0,zp8,69,1
80280,CFG_67b539d34471,zp8,69,1
80281,CFG_b2a3cbb134c5,zp8,69,1
80282,CFG_6caaadb373ea,zp8,69,1
80283,CFG_9178f775d49a,zp8,69,1
80284,CFG_b2a3cbb134c5,zp8,69,1
80285,CFG_7cd4c6b023c5,zp8,69,1
80286,CFG_e1e6e0c66c93,zp8,69,1
80287,CFG_59f154754573,zp8,69,1
80288,CFG_77c8b99b43d9,zp8,69,1
80289,CFG_e1e6e0c66c93,zp8,69,1
80290,CFG_9178f775d49a,zp8,69,1
80291,CFG_755205a28938,zp8,69,1
80292,CFG_67b539d34471,zp8,69,1
80293,CFG_b8e6a5652de1,zp8,69,1
80294,CFG_1738a11cbd49,zp8,69,1
80295,CFG_5514d03a77b0,zp8,69,1
80296,CFG_8f2957e28805,zp8,69,1
80297,CFG_6caaadb373ea,zp8,69,1
80298,CFG_9c659499047b,zp8,69,1
80299,CFG_de29bb20eaa6,zp8,69,1
80300,CFG_ceef49456daa,zp8,69,1
80301,CFG_f18488ce1456,zp8,69,1
80302,CFG_e3950fd94ca1,zp8,69,1
80303,CFG_17620e2785dc,zp8,69,1
80304,CFG_727914633b9e,zp8,69,1
80305,CFG_67b539d34471,zp8,69,1
80306,CFG_deda15f4c4a8,zp8,69,1
80307,CFG_9178f775d49a,zp8,69,1
80308,CFG_59f154754573,zp8,69,1
80309,CFG_d39c77a1a4bf,zp8,69,1
80310,CFG_be784e24b621,zp8,69,1
80311,CFG_755205a28938,zp8,69,1
80312,CFG_b2a3cbb134c5,zp8,69,1
80313,CFG_1d0f84c0bb06,zp8,69,1
80314,CFG_e3950fd94ca1,zp8,69,1
80315,CFG_3a3d7179fe0d,zp8,69,1
80316,CFG_cf541d0f8a3a,zp8,69,1
80317,CFG_ffde3ea1b2e3,zp8,69,1
80318,CFG_c94b44f1b2f9,zp8,69,1
80319,CFG_b2a3cbb134c5,zp8,69,1
80320,CFG_8a51f93d684d,zp8,69,1
80321,CFG_3278d3379c8a,zp8,69,1
80322,CFG_802041076799,zp8,69,1
80323,CFG_4cd2b98cde9e,zp8,69,1
80324,CFG_99b4d8a9c762,zp8,69,1
80325,CFG_deda15f4c4a8,zp8,69,1
80326,CFG_939ca62c69c2,zp8,69,1
80327,CFG_1738a11cbd49,zp8,69,1
80328,CFG_deda15f4c4a8,zp8,69,1
80329,CFG_b2a3cbb134c5,zp8,69,1
80330,CFG_1738a11cbd49,zp8,69,1
80331,CFG_a34f76b67ef4,zp8,69,1
80332,CFG_9178f775d49a,zp8,69,1
80333,CFG_939ca62c69c2,zp8,69,1
80334,CFG_f18488ce1456,zp8,69,1
80335,CFG_d0face5aa80d,zp8,69,1
80336,CFG_275e4ca07248,zp8,69,1
80337,CFG_755205a28938,zp8,69,1
80338,CFG_e3950fd94ca1,zp8,69,1
80339,CFG_9c659499047b,zp8,69,1
80340,CFG_67b539d34471,zp8,69,1
80341,CFG_f18488ce1456,zp8,69,1
80342,CFG_3a3d7179fe0d,zp8,69,1
80343,CFG_e1e6e0c66c93,zp8,69,1
80344,CFG_710c47edfbc8,zp8,69,1
80345,CFG_727914633b9e,zp8,69,1
80346,CFG_3a3d7179fe0d,zp8,69,1
80347,CFG_d39c77a1a4bf,zp8,69,1
80348,CFG_67b539d34471,zp8,69,1
80349,CFG_b2bb984b770a,zp8,69,1
80350,CFG_710c47edfbc8,zp8,69,1
80351,CFG_d7aadf87f0b1,zp8,69,1
80352,CFG_1e693796a40d,zp8,69,1
80353,CFG_e1e6e0c66c93,zp8,69,1
80354,CFG_1d0f84c0bb06,zp8,69,1
80355,CFG_67b539d34471,zp8,69,1
80356,CFG_755205a28938,zp8,69,1
80357,CFG_755205a28938,zp8,69,1
80358,CFG_a1d878e7d840,zp8,69,1
80359,CFG_36f82e31118f,zp8,69,1
80360,CFG_29c3378e155b,zp8,69,1
80361,CFG_cf541d0f8a3a,zp8,69,1
80362,CFG_e3950fd94ca1,zp8,69,1
80363,CFG_3278d3379c8a,zp8,69,1
80364,CFG_17620e2785dc,zp8,69,1
80365,CFG_cf541d0f8a3a,zp8,69,1
80366,CFG_b04e3d146803,zp8,69,1
80367,CFG_29c3378e155b,zp8,69,1
80368,CFG_67b539d34471,zp8,69,1
80369,CFG_3a3d7179fe0d,zp8,69,1
80370,CFG_755205a28938,zp8,69,1
80371,CFG_8bfc9d62299c,zp8,69,1
80372,CFG_17620e2785dc,zp8,69,1
80373,CFG_8f2957e28805,zp8,69,1
80374,CFG_cf6528e23789,zp8,69,1
80375,CFG_9c659499047b,zp8,69,1
80376,CFG_8f2957e28805,zp8,69,1
80377,CFG_17620e2785dc,zp8,69,1
80378,CFG_36f82e31118f,zp8,69,1
80379,CFG_b2a3cbb134c5,zp8,69,1
80380,CFG_67b539d34471,zp8,69,1
80381,CFG_939ca62c69c2,zp8,69,1
80382,CFG_9c659499047b,zp8,69,1
80383,CFG_be784e24b621,zp8,69,1
80384,CFG_939ca62c69c2,zp8,69,1
80385,CFG_1ec55dc0a2ff,zp8,69,1
80386,CFG_59aede929579,zp8,69,1
80387,CFG_1e693796a40d,zp8,69,1
80388,CFG_9178f775d49a,zp8,69,1
80389,CFG_29c3378e155b,zp8,69,1
80390,CFG_17620e2785dc,zp8,69,1
80391,CFG_c94b44f1b2f9,zp8,69,1
80392,CFG_b04e3d146803,zp8,69,1
80393,CFG_de29bb20eaa6,zp8,69,1
80394,CFG_e3950fd94ca1,zp8,69,1
80395,CFG_f90a73d2a477,zp8,69,1
80396,CFG_99b4d8a9c762,zp8,69,1
80397,CFG_17620e2785dc,zp8,69,1
80398,CFG_275e4ca07248,zp8,69,1
80399,CFG_deda15f4c4a8,zp8,69,1
80400,CFG_dda2f907b868,zp8,69,1
80401,CFG_1738a11cbd49,zp8,69,1
80402,CFG_939ca62c69c2,zp8,69,1
80403,CFG_939ca62c69c2,zp8,69,1
80404,CFG_710c47edfbc8,zp8,69,1
80405,CFG_f18488ce1456,zp8,69,1
80406,CFG_e1e6e0c66c93,zp8,69,1
80407,CFG_36f82e31118f,zp8,69,1
80408,CFG_2154b722e06b,zp8,69,1
80409,CFG_ffde3ea1b2e3,zp8,69,1
80410,CFG_59f154754573,zp8,69,1
80411,CFG_39fe645ba2f1,zp8,69,1
80412,CFG_f18488ce1456,zp8,69,1
80413,CFG_ffde3ea1b2e3,zp8,69,1
80414,CFG_f18488ce1456,zp8,69,1
80415,CFG_b8e6a5652de1,zp8,69,1
80416,CFG_9c659499047b,zp8,69,1
80417,CFG_710c47edfbc8,zp8,69,1
80418,CFG_b8e6a5652de1,zp8,69,1
80419,CFG_e1e6e0c66c93,zp8,69,1
80420,CFG_deda15f4c4a8,zp8,69,1
80421,CFG_17620e2785dc,zp8,69,1
80422,CFG_be784e24b621,zp8,69,1
80423,CFG_a34f76b67ef4,zp8,69,1
80424,CFG_1ec55dc0a2ff,zp8,69,1
80425,CFG_be784e24b621,zp8,69,1
80426,CFG_7fa53b7ab3bf,zp8,69,1
80427,CFG_1738a11cbd49,zp8,69,1
80428,CFG_939ca62c69c2,zp8,69,1
80429,CFG_1747d90ed031,zp8,69,1
80430,CFG_8a51f93d684d,zp8,69,1
80431,CFG_f18488ce1456,zp8,69,1
80432,CFG_939ca62c69c2,zp8,69,1
80433,CFG_b8e6a5652de1,zp8,69,1
80434,CFG_67b539d34471,zp8,69,1
80435,CFG_67b539d34471,zp8,69,1
80436,CFG_8a51f93d684d,zp8,69,1
80437,CFG_f18488ce1456,zp8,69,1
80438,CFG_773ac98270b6,zp8,69,1
80439,CFG_773ac98270b6,zp8,69,1
80440,CFG_77c8b99b43d9,zp8,69,1
80441,CFG_acabbc62a021,zp8,69,1
80442,CFG_67b539d34471,zp8,69,1
80443,CFG_59f154754573,zp8,69,1
80444,CFG_e1e6e0c66c93,zp8,69,1
80445,CFG_1e693796a40d,zp8,69,1
80446,CFG_1ec55dc0a2ff,zp8,69,1
80447,CFG_9178f775d49a,zp8,69,1
80448,CFG_710c47edfbc8,zp8,69,1
80449,CFG_9c659499047b,zp8,69,1
80450,CFG_8bfc9d62299c,zp8,69,1
80451,CFG_f90a73d2a477,zp8,69,1
80452,CFG_8a51f93d684d,zp8,69,1
80453,CFG_f18488ce1456,zp8,69,1
80454,CFG_b8e6a5652de1,zp8,69,1
80455,CFG_f18488ce1456,zp8,69,1
80456,CFG_939ca62c69c2,zp8,69,1
80457,CFG_cc5bbb6e9d13,zp8,69,1
80458,CFG_b2a3cbb134c5,zp8,69,1
80459,CFG_727914633b9e,zp8,69,1
80460,CFG_3278d3379c8a,zp8,69,1
80461,CFG_f18488ce1456,zp8,69,1
80462,CFG_939ca62c69c2,zp8,69,1
80463,CFG_db37bdfe8c71,zp8,69,1
80464,CFG_d96b0c9e44d0,zp8,69,1
80465,CFG_2154b722e06b,zp8,69,1
80466,CFG_3697b100c401,zp8,69,1
80467,CFG_5851809b712d,zp8,69,1
80468,CFG_1738a11cbd49,zp8,69,1
80469,CFG_5514d03a77b0,zp8,69,1
80470,CFG_8a51f93d684d,zp8,69,1
80471,CFG_59aede929579,zp8,69,1
80472,CFG_67b539d34471,zp8,69,1
80473,CFG_e3950fd94ca1,zp8,69,1
80474,CFG_dda2f907b868,zp8,69,1
80475,CFG_cc5bbb6e9d13,zp8,69,1
80476,CFG_f18488ce1456,zp8,69,1
80477,CFG_288ddbff7431,zp8,69,1
80478,CFG_773f7346d441,zp8,69,1
80479,CFG_b2a3cbb134c5,zp8,69,1
80480,CFG_1d0f84c0bb06,zp8,69,1
80481,CFG_b2a3cbb134c5,zp8,69,1
80482,CFG_e1e6e0c66c93,zp8,69,1
80483,CFG_a34f76b67ef4,zp8,69,1
80484,CFG_802041076799,zp8,69,1
80485,CFG_36f82e31118f,zp8,69,1
80486,CFG_36f82e31118f,zp8,69,1
80487,CFG_deda15f4c4a8,zp8,69,1
80488,CFG_d39c77a1a4bf,zp8,69,1
80489,CFG_e3950fd94ca1,zp8,69,1
80490,CFG_1ec55dc0a2ff,zp8,69,1
80491,CFG_3697b100c401,zp8,69,1
80492,CFG_5514d03a77b0,zp8,69,1
80493,CFG_f18488ce1456,zp8,69,1
80494,CFG_9178f775d49a,zp8,69,1
80495,CFG_d96b0c9e44d0,zp8,69,1
80496,CFG_f18488ce1456,zp8,69,1
80497,CFG_a1d878e7d840,zp8,69,1
80498,CFG_6caaadb373ea,zp8,69,1
80499,CFG_755205a28938,zp8,69,1
80500,CFG_cf541d0f8a3a,zp8,69,1
80501,CFG_f18488ce1456,zp8,69,1
80502,CFG_755205a28938,zp8,69,1
80503,CFG_b2a3cbb134c5,zp8,69,1
80504,CFG_36f82e31118f,zp8,69,1
80505,CFG_9c659499047b,zp8,69,1
80506,CFG_8a51f93d684d,zp8,69,1
80507,CFG_1d0f84c0bb06,zp8,69,1
80508,CFG_710c47edfbc8,zp8,69,1
80509,CFG_cf541d0f8a3a,zp8,69,1
80510,CFG_288ddbff7431,zp8,69,1
80511,CFG_112bf773e97d,zp8,69,1
80512,CFG_de29bb20eaa6,zp8,69,1
80513,CFG_29c3378e155b,zp8,69,1
80514,CFG_d96b0c9e44d0,zp8,69,1
80515,CFG_637b6e72af93,zp8,69,1
80516,CFG_67b539d34471,zp8,69,1
80517,CFG_710c47edfbc8,zp8,69,1
80518,CFG_be784e24b621,zp8,69,1
80519,CFG_67b539d34471,zp8,69,1
80520,CFG_8bfc9d62299c,zp8,69,1
80521,CFG_ceef49456daa,zp8,69,1
80522,CFG_a1d878e7d840,zp8,69,1
80523,CFG_773ac98270b6,zp8,69,1
80524,CFG_8a51f93d684d,zp8,69,1
80525,CFG_e3950fd94ca1,zp8,69,1
80526,CFG_bbea204eb2ac,zp8,69,1
80527,CFG_8bfc9d62299c,zp8,69,1
80528,CFG_710c47edfbc8,zp8,69,1
80529,CFG_a1d878e7d840,zp8,69,1
80530,CFG_67b539d34471,zp8,69,1
80531,CFG_1738a11cbd49,zp8,69,1
80532,CFG_ffde3ea1b2e3,zp8,69,1
80533,CFG_f18488ce1456,zp8,69,1
80534,CFG_727914633b9e,zp8,69,1
80535,CFG_8bfc9d62299c,zp8,69,1
80536,CFG_e3950fd94ca1,zp8,69,1
80537,CFG_ceef49456daa,zp8,69,1
80538,CFG_36f82e31118f,zp8,69,1
80539,CFG_dda2f907b868,zp8,69,1
80540,CFG_d0face5aa80d,zp8,69,1
80541,CFG_67b539d34471,zp8,69,1
80542,CFG_de29bb20eaa6,zp8,69,1
80543,CFG_f18488ce1456,zp8,69,1
80544,CFG_9c659499047b,zp8,69,1
80545,CFG_67b539d34471,zp8,69,1
80546,CFG_b2a3cbb134c5,zp8,69,1
80547,CFG_939ca62c69c2,zp8,69,1
80548,CFG_b2a3cbb134c5,zp8,69,1
80549,CFG_67b539d34471,zp8,69,1
80550,CFG_9c659499047b,zp8,69,1
80551,CFG_532891bb36ca,zp8,69,1
80552,CFG_b2a3cbb134c5,zp8,69,1
80553,CFG_8a51f93d684d,zp8,69,1
80554,CFG_e3950fd94ca1,zp8,69,1
80555,CFG_1ec55dc0a2ff,zp8,69,1
80556,CFG_ac213567a5a2,zp8,69,1
80557,CFG_17620e2785dc,zp8,69,1
80558,CFG_cf541d0f8a3a,zp8,69,1
80559,CFG_7fa53b7ab3bf,zp8,69,1
80560,CFG_3a3d7179fe0d,zp8,69,1
80561,CFG_5514d03a77b0,zp8,69,1
80562,CFG_59aede929579,zp8,69,1
80563,CFG_755205a28938,zp8,69,1
80564,CFG_1ec55dc0a2ff,zp8,69,1
80565,CFG_f18488ce1456,zp8,69,1
80566,CFG_f18488ce1456,zp8,69,1
80567,CFG_e3950fd94ca1,zp8,69,1
80568,CFG_db37bdfe8c71,zp8,69,1
80569,CFG_9c659499047b,zp8,69,1
80570,CFG_be784e24b621,zp8,69,1
80571,CFG_5cd0c67d59bc,zp8,69,1
80572,CFG_cf6528e23789,zp8,69,1
80573,CFG_a1d878e7d840,zp8,69,1
80574,CFG_ceef49456daa,zp8,69,1
80575,CFG_b2a3cbb134c5,zp8,69,1
80576,CFG_99b4d8a9c762,zp8,69,1
80577,CFG_f18488ce1456,zp8,69,1
80578,CFG_ffde3ea1b2e3,zp8,69,1
80579,CFG_f18488ce1456,zp8,69,1
80580,CFG_a292c20a75fd,zp8,69,1
80581,CFG_1e693796a40d,zp8,69,1
80582,CFG_625048fefa0b,zp8,69,1
80583,CFG_288ddbff7431,zp8,69,1
80584,CFG_bd6412fc68b0,zp8,69,1
80585,CFG_17620e2785dc,zp8,69,1
80586,CFG_8a51f93d684d,zp8,69,1
80587,CFG_b2a3cbb134c5,zp8,69,1
80588,CFG_b2a3cbb134c5,zp8,69,1
80589,CFG_cf541d0f8a3a,zp8,69,1
80590,CFG_deda15f4c4a8,zp8,69,1
80591,CFG_3278d3379c8a,zp8,69,1
80592,CFG_36f82e31118f,zp8,69,1
80593,CFG_773ac98270b6,zp8,69,1
80594,CFG_d96b0c9e44d0,zp8,69,1
80595,CFG_deda15f4c4a8,zp8,69,1
80596,CFG_8a51f93d684d,zp8,69,1
80597,CFG_3a3d7179fe0d,zp8,69,1
80598,CFG_939ca62c69c2,zp8,69,1
80599,CFG_6caaadb373ea,zp8,69,1
80600,CFG_d96b0c9e44d0,zp8,69,1
80601,CFG_3a3d7179fe0d,zp8,69,1
80602,CFG_802041076799,zp8,69,1
80603,CFG_17620e2785dc,zp8,69,1
80604,CFG_1ec55dc0a2ff,zp8,69,1
80605,CFG_5cd0c67d59bc,zp8,69,1
80606,CFG_275e4ca07248,zp8,69,1
80607,CFG_288ddbff7431,zp8,69,1
80608,CFG_36f82e31118f,zp8,69,1
80609,CFG_1e693796a40d,zp8,69,1
80610,CFG_be784e24b621,zp8,69,1
80611,CFG_c910518048de,zp8,69,1
80612,CFG_939ca62c69c2,zp8,69,1
80613,CFG_deda15f4c4a8,zp8,69,1
80614,CFG_b8e6a5652de1,zp8,69,1
80615,CFG_e3950fd94ca1,zp8,69,1
80616,CFG_755205a28938,zp8,69,1
80617,CFG_802041076799,zp8,69,1
80618,CFG_1ec55dc0a2ff,zp8,69,1
80619,CFG_8bfc9d62299c,zp8,69,1
80620,CFG_e3950fd94ca1,zp8,69,1
80621,CFG_59f154754573,zp8,69,1
80622,CFG_d96b0c9e44d0,zp8,69,1
80623,CFG_67b539d34471,zp8,69,1
80624,CFG_d96b0c9e44d0,zp8,69,1
80625,CFG_9178f775d49a,zp8,69,1
80626,CFG_ffde3ea1b2e3,zp8,69,1
80627,CFG_ffde3ea1b2e3,zp8,69,1
80628,CFG_67b539d34471,zp8,69,1
80629,CFG_17620e2785dc,zp8,69,1
80630,CFG_3a3d7179fe0d,zp8,69,1
80631,CFG_36f82e31118f,zp8,69,1
80632,CFG_1e693796a40d,zp8,69,1
80633,CFG_deda15f4c4a8,zp8,69,1
80634,CFG_e1e6e0c66c93,zp8,69,1
80635,CFG_d39c77a1a4bf,zp8,69,1
80636,CFG_2534839bab0a,zp8,69,1
80637,CFG_9178f775d49a,zp8,69,1
80638,CFG_802041076799,zp8,69,1
80639,CFG_17620e2785dc,zp8,69,1
80640,CFG_e1e6e0c66c93,zp8,69,1
80641,CFG_e1e6e0c66c93,zp8,69,1
80642,CFG_8bfc9d62299c,zp8,69,1
80643,CFG_67b539d34471,zp8,69,1
80644,CFG_5cd0c67d59bc,zp8,69,1
80645,CFG_17620e2785dc,zp8,69,1
80646,CFG_e3950fd94ca1,zp8,69,1
80647,CFG_e1e6e0c66c93,zp8,69,1
80648,CFG_39fe645ba2f1,zp8,69,1
80649,CFG_7cd4c6b023c5,zp8,69,1
80650,CFG_d7aadf87f0b1,zp8,69,1
80651,CFG_773ac98270b6,zp8,69,1
80652,CFG_3697b100c401,zp8,69,1
80653,CFG_8bfc9d62299c,zp8,69,1
80654,CFG_9178f775d49a,zp8,69,1
80655,CFG_7cd4c6b023c5,zp8,69,1
80656,CFG_be784e24b621,zp8,69,1
80657,CFG_1ec55dc0a2ff,zp8,69,1
80658,CFG_d96b0c9e44d0,zp8,69,1
80659,CFG_db37bdfe8c71,zp8,69,1
80660,CFG_7155e4ee7bdf,zp8,69,1
80661,CFG_8a51f93d684d,zp8,69,1
80662,CFG_532891bb36ca,zp8,69,1
80663,CFG_1738a11cbd49,zp8,69,1
80664,CFG_112bf773e97d,zp8,69,1
80665,CFG_773ac98270b6,zp8,69,1
80666,CFG_1738a11cbd49,zp8,69,1
80667,CFG_17620e2785dc,zp8,69,1
80668,CFG_710c47edfbc8,zp8,69,1
80669,CFG_deda15f4c4a8,zp8,69,1
80670,CFG_288ddbff7431,zp8,69,1
80671,CFG_e1e6e0c66c93,zp8,69,1
80672,CFG_59f154754573,zp8,69,1
80673,CFG_7155e4ee7bdf,zp8,69,1
80674,CFG_5cd0c67d59bc,zp8,69,1
80675,CFG_1ec55dc0a2ff,zp8,69,1
80676,CFG_99b4d8a9c762,zp8,69,1
80677,CFG_1738a11cbd49,zp8,69,1
80678,CFG_3a3d7179fe0d,zp8,69,1
80679,CFG_1ec55dc0a2ff,zp8,69,1
80680,CFG_d39c77a1a4bf,zp8,69,1
80681,CFG_d0face5aa80d,zp8,69,1
80682,CFG_36f82e31118f,zp8,69,1
80683,CFG_e1e6e0c66c93,zp8,69,1
80684,CFG_ceef49456daa,zp8,69,1
80685,CFG_a34f76b67ef4,zp8,69,1
80686,CFG_b2a3cbb134c5,zp8,69,1
80687,CFG_773ac98270b6,zp8,69,1
80688,CFG_9c659499047b,zp8,69,1
80689,CFG_e3386d946379,zp8,69,1
80690,CFG_3a3d7179fe0d,zp8,69,1
80691,CFG_ac213567a5a2,zp8,69,1
80692,CFG_17620e2785dc,zp8,69,1
80693,CFG_b2a3cbb134c5,zp8,69,1
80694,CFG_e87513c8563d,zp8,69,1
80695,CFG_39fe645ba2f1,zp8,69,1
80696,CFG_710c47edfbc8,zp8,69,1
80697,CFG_8f2957e28805,zp8,69,1
80698,CFG_755205a28938,zp8,69,1
80699,CFG_59aede929579,zp8,69,1
80700,CFG_727914633b9e,zp8,69,1
80701,CFG_c94b44f1b2f9,zp8,69,1
80702,CFG_5514d03a77b0,zp8,69,1
80703,CFG_939ca62c69c2,zp8,69,1
80704,CFG_cf541d0f8a3a,zp8,69,1
80705,CFG_9178f775d49a,zp8,69,1
80706,CFG_a1ebd0490272,zp8,69,1
80707,CFG_5851809b712d,zp8,69,1
80708,CFG_36f82e31118f,zp8,69,1
80709,CFG_a9714f85f877,zp8,69,1
80710,CFG_5514d03a77b0,zp8,69,1
80711,CFG_9178f775d49a,zp8,69,1
80712,CFG_e3950fd94ca1,zp8,69,1
80713,CFG_b2a3cbb134c5,zp8,69,1
80714,CFG_cf541d0f8a3a,zp8,69,1
80715,CFG_cf541d0f8a3a,zp8,69,1
80716,CFG_b04e3d146803,zp8,69,1
80717,CFG_802041076799,zp8,69,1
80718,CFG_1ec55dc0a2ff,zp8,69,1
80719,CFG_1ec55dc0a2ff,zp8,69,1
80720,CFG_67b539d34471,zp8,69,1
80721,CFG_b0eabb76b70f,zp8,69,1
80722,CFG_1738a11cbd49,zp8,69,1
80723,CFG_cf541d0f8a3a,zp8,69,1
80724,CFG_755205a28938,zp8,69,1
80725,CFG_cf541d0f8a3a,zp8,69,1
80726,CFG_ac213567a5a2,zp8,69,1
80727,CFG_773ac98270b6,zp8,69,1
80728,CFG_67b539d34471,zp8,69,1
80729,CFG_9c659499047b,zp8,69,1
80730,CFG_9178f775d49a,zp8,69,1
80731,CFG_1ec55dc0a2ff,zp8,69,1
80732,CFG_773ac98270b6,zp8,69,1
80733,CFG_cf541d0f8a3a,zp8,69,1
80734,CFG_d0face5aa80d,zp8,69,1
80735,CFG_e1e6e0c66c93,zp8,69,1
80736,CFG_36f82e31118f,zp8,69,1
80737,CFG_17620e2785dc,zp8,69,1
80738,CFG_8a51f93d684d,zp8,69,1
80739,CFG_a1ebd0490272,zp8,69,1
80740,CFG_deda15f4c4a8,zp8,69,1
80741,CFG_c94b44f1b2f9,zp8,69,1
80742,CFG_f18488ce1456,zp8,69,1
80743,CFG_b04e3d146803,zp8,69,1
80744,CFG_532891bb36ca,zp8,69,1
80745,CFG_773ac98270b6,zp8,69,1
80746,CFG_67b539d34471,zp8,69,1
80747,CFG_39fe645ba2f1,zp8,69,1
80748,CFG_f18488ce1456,zp8,69,1
80749,CFG_58ae56c3ee5b,zp8,69,1
80750,CFG_773ac98270b6,zp8,69,1
80751,CFG_710c47edfbc8,zp8,69,1
80752,CFG_5cd0c67d59bc,zp8,69,1
80753,CFG_29c3378e155b,zp8,69,1
80754,CFG_1738a11cbd49,zp8,69,1
80755,CFG_be784e24b621,zp8,69,1
80756,CFG_cf6528e23789,zp8,69,1
80757,CFG_deda15f4c4a8,zp8,69,1
80758,CFG_1e693796a40d,zp8,69,1
80759,CFG_1ec55dc0a2ff,zp8,69,1
80760,CFG_9c659499047b,zp8,69,1
80761,CFG_29c3378e155b,zp8,69,1
80762,CFG_2534839bab0a,zp8,69,1
80763,CFG_d39c77a1a4bf,zp8,69,1
80764,CFG_5851809b712d,zp8,69,1
80765,CFG_8bfc9d62299c,zp8,69,1
80766,CFG_5cd0c67d59bc,zp8,69,1
80767,CFG_f18488ce1456,zp8,69,1
80768,CFG_d7aadf87f0b1,zp8,69,1
80769,CFG_de29bb20eaa6,zp8,69,1
80770,CFG_773ac98270b6,zp8,69,1
80771,CFG_1ec55dc0a2ff,zp8,69,1
80772,CFG_de29bb20eaa6,zp8,69,1
80773,CFG_29c3378e155b,zp8,69,1
80774,CFG_59f154754573,zp8,69,1
80775,CFG_cf6528e23789,zp8,69,1
80776,CFG_59f154754573,zp8,69,1
80777,CFG_9c659499047b,zp8,69,1
80778,CFG_d7aadf87f0b1,zp8,69,1
80779,CFG_5cd0c67d59bc,zp8,69,1
80780,CFG_ffde3ea1b2e3,zp8,69,1
80781,CFG_5cd0c67d59bc,zp8,69,1
80782,CFG_ffde3ea1b2e3,zp8,69,1
80783,CFG_773ac98270b6,zp8,69,1
80784,CFG_2154b722e06b,zp8,69,1
80785,CFG_e1e6e0c66c93,zp8,69,1
80786,CFG_1ec55dc0a2ff,zp8,69,1
80787,CFG_3a3d7179fe0d,zp8,69,1
80788,CFG_ffde3ea1b2e3,zp8,69,1
80789,CFG_3a3d7179fe0d,zp8,69,1
80790,CFG_d7aadf87f0b1,zp8,69,1
80791,CFG_8a51f93d684d,zp8,69,1
80792,CFG_5514d03a77b0,zp8,69,1
80793,CFG_d96b0c9e44d0,zp8,69,1
80794,CFG_755205a28938,zp8,69,1
80795,CFG_f18488ce1456,zp8,69,1
80796,CFG_deda15f4c4a8,zp8,69,1
80797,CFG_8f2957e28805,zp8,69,1
80798,CFG_b2a3cbb134c5,zp8,69,1
80799,CFG_288ddbff7431,zp8,69,1
80800,CFG_1738a11cbd49,zp8,69,1
80801,CFG_ac213567a5a2,zp8,69,1
80802,CFG_2154b722e06b,zp8,69,1
80803,CFG_cf541d0f8a3a,zp8,69,1
80804,CFG_db37bdfe8c71,zp8,69,1
80805,CFG_773ac98270b6,zp8,69,1
80806,CFG_ceef49456daa,zp8,69,1
80807,CFG_9178f775d49a,zp8,69,1
80808,CFG_39fe645ba2f1,zp8,69,1
80809,CFG_f993a0fc6256,zp8,69,1
80810,CFG_9178f775d49a,zp8,69,1
80811,CFG_e87513c8563d,zp8,69,1
80812,CFG_755205a28938,zp8,69,1
80813,CFG_f18488ce1456,zp8,69,1
80814,CFG_755205a28938,zp8,69,1
80815,CFG_4cd2b98cde9e,zp8,69,1
80816,CFG_5514d03a77b0,zp8,69,1
80817,CFG_36f82e31118f,zp8,69,1
80818,CFG_59f154754573,zp8,69,1
80819,CFG_deda15f4c4a8,zp8,69,1
80820,CFG_939ca62c69c2,zp8,69,1
80821,CFG_de29bb20eaa6,zp8,69,1
80822,CFG_d7aadf87f0b1,zp8,69,1
80823,CFG_59aede929579,zp8,69,1
80824,CFG_e3950fd94ca1,zp8,69,1
80825,CFG_77c8b99b43d9,zp8,69,1
80826,CFG_3a3d7179fe0d,zp8,69,1
80827,CFG_deda15f4c4a8,zp8,69,1
80828,CFG_f18488ce1456,zp8,69,1
80829,CFG_ffde3ea1b2e3,zp8,69,1
80830,CFG_8a51f93d684d,zp8,69,1
80831,CFG_f18488ce1456,zp8,69,1
80832,CFG_ac213567a5a2,zp8,69,1
80833,CFG_710c47edfbc8,zp8,69,1
80834,CFG_59aede929579,zp8,69,1
80835,CFG_8bfc9d62299c,zp8,69,1
80836,CFG_ac213567a5a2,zp8,69,1
80837,CFG_d96b0c9e44d0,zp8,69,1
80838,CFG_b2a3cbb134c5,zp8,69,1
80839,CFG_3a3d7179fe0d,zp8,69,1
80840,CFG_a292c20a75fd,zp8,69,1
80841,CFG_d96b0c9e44d0,zp8,69,1
80842,CFG_939ca62c69c2,zp8,69,1
80843,CFG_2534839bab0a,zp8,69,1
80844,CFG_710c47edfbc8,zp8,69,1
80845,CFG_f993a0fc6256,zp8,69,1
80846,CFG_b2a3cbb134c5,zp8,69,1
80847,CFG_d96b0c9e44d0,zp8,69,1
80848,CFG_99b4d8a9c762,zp8,69,1
80849,CFG_5514d03a77b0,zp8,69,1
80850,CFG_36f82e31118f,zp8,69,1
80851,CFG_36f82e31118f,zp8,69,1
80852,CFG_d96b0c9e44d0,zp8,69,1
80853,CFG_1ec55dc0a2ff,zp8,69,1
80854,CFG_deda15f4c4a8,zp8,69,1
80855,CFG_755205a28938,zp8,69,1
80856,CFG_5514d03a77b0,zp8,69,1
80857,CFG_710c47edfbc8,zp8,69,1
80858,CFG_ac213567a5a2,zp8,69,1
80859,CFG_9178f775d49a,zp8,69,1
80860,CFG_7fa53b7ab3bf,zp8,69,1
80861,CFG_b2a3cbb134c5,zp8,69,1
80862,CFG_3a3d7179fe0d,zp8,69,1
80863,CFG_1738a11cbd49,zp8,69,1
80864,CFG_36f82e31118f,zp8,69,1
80865,CFG_59f154754573,zp8,69,1
80866,CFG_275e4ca07248,zp8,69,1
80867,CFG_d7aadf87f0b1,zp8,69,1
80868,CFG_e87513c8563d,zp8,69,1
80869,CFG_755205a28938,zp8,69,1
80870,CFG_a9714f85f877,zp8,69,1
80871,CFG_9c659499047b,zp8,69,1
80872,CFG_9c659499047b,zp8,69,1
80873,CFG_17620e2785dc,zp8,69,1
80874,CFG_7fa53b7ab3bf,zp8,69,1
80875,CFG_8a51f93d684d,zp8,69,1
80876,CFG_1ec55dc0a2ff,zp8,69,1
80877,CFG_36f82e31118f,zp8,69,1
80878,CFG_17620e2785dc,zp8,69,1
80879,CFG_b2a3cbb134c5,zp8,69,1
80880,CFG_acabbc62a021,zp8,69,1
80881,CFG_de29bb20eaa6,zp8,69,1
80882,CFG_cf541d0f8a3a,zp8,69,1
80883,CFG_29c3378e155b,zp8,69,1
80884,CFG_802041076799,zp8,69,1
80885,CFG_d96b0c9e44d0,zp8,69,1
80886,CFG_deda15f4c4a8,zp8,69,1
80887,CFG_59aede929579,zp8,69,1
80888,CFG_a34f76b67ef4,zp8,69,1
80889,CFG_e1e6e0c66c93,zp8,69,1
80890,CFG_755205a28938,zp8,69,1
80891,CFG_f18488ce1456,zp8,69,1
80892,CFG_1d1816b1d9d8,zp8,69,1
80893,CFG_ffde3ea1b2e3,zp8,69,1
80894,CFG_5514d03a77b0,zp8,69,1
80895,CFG_755205a28938,zp8,69,1
80896,CFG_9178f775d49a,zp8,69,1
80897,CFG_d96b0c9e44d0,zp8,69,1
80898,CFG_d96b0c9e44d0,zp8,69,1
80899,CFG_f18488ce1456,zp8,69,1
80900,CFG_deda15f4c4a8,zp8,69,1
80901,CFG_773ac98270b6,zp8,69,1
80902,CFG_36f82e31118f,zp8,69,1
80903,CFG_b8e6a5652de1,zp8,69,1
80904,CFG_7cd4c6b023c5,zp8,69,1
80905,CFG_b2a3cbb134c5,zp8,69,1
80906,CFG_8bfc9d62299c,zp8,69,1
80907,CFG_1ec55dc0a2ff,zp8,69,1
80908,CFG_3e489afc8bfd,zp8,69,1
80909,CFG_3697b100c401,zp8,69,1
80910,CFG_3a3d7179fe0d,zp8,69,1
80911,CFG_e1e6e0c66c93,zp8,69,1
80912,CFG_1ec55dc0a2ff,zp8,69,1
80913,CFG_9c659499047b,zp8,69,1
80914,CFG_8a51f93d684d,zp8,69,1
80915,CFG_8a51f93d684d,zp8,69,1
80916,CFG_755205a28938,zp8,69,1
80917,CFG_be784e24b621,zp8,69,1
80918,CFG_be784e24b621,zp8,69,1
80919,CFG_bd6412fc68b0,zp8,69,1
80920,CFG_4bec09598a98,zp8,69,1
80921,CFG_deda15f4c4a8,zp8,69,1
80922,CFG_e3950fd94ca1,zp8,69,1
80923,CFG_f18488ce1456,zp8,69,1
80924,CFG_cf541d0f8a3a,zp8,69,1
80925,CFG_6caaadb373ea,zp8,69,1
80926,CFG_7cd4c6b023c5,zp8,69,1
80927,CFG_755205a28938,zp8,69,1
80928,CFG_9178f775d49a,zp8,69,1
80929,CFG_f18488ce1456,zp8,69,1
80930,CFG_288ddbff7431,zp8,69,1
80931,CFG_36f82e31118f,zp8,69,1
80932,CFG_939ca62c69c2,zp8,69,1
80933,CFG_58ae56c3ee5b,zp8,69,1
80934,CFG_b04e3d146803,zp8,69,1
80935,CFG_59f154754573,zp8,69,1
80936,CFG_59aede929579,zp8,69,1
80937,CFG_d7aadf87f0b1,zp8,69,1
80938,CFG_f18488ce1456,zp8,69,1
80939,CFG_727914633b9e,zp8,69,1
80940,CFG_e3386d946379,zp8,69,1
80941,CFG_ffde3ea1b2e3,zp8,69,1
80942,CFG_36f82e31118f,zp8,69,1
80943,CFG_7fa53b7ab3bf,zp8,69,1
80944,CFG_c94b44f1b2f9,zp8,69,1
80945,CFG_e3950fd94ca1,zp8,69,1
80946,CFG_755205a28938,zp8,69,1
80947,CFG_cf541d0f8a3a,zp8,69,1
80948,CFG_275e4ca07248,zp8,69,1
80949,CFG_cf6528e23789,zp8,69,1
80950,CFG_dda2f907b868,zp8,69,1
80951,CFG_acabbc62a021,zp8,69,1
80952,CFG_cf541d0f8a3a,zp8,69,1
80953,CFG_8a51f93d684d,zp8,69,1
80954,CFG_e3386d946379,zp8,69,1
80955,CFG_36f82e31118f,zp8,69,1
80956,CFG_17620e2785dc,zp8,69,1
80957,CFG_b2a3cbb134c5,zp8,69,1
80958,CFG_a1ebd0490272,zp8,69,1
80959,CFG_3a3d7179fe0d,zp8,69,1
80960,CFG_a1d878e7d840,zp8,69,1
80961,CFG_ceef49456daa,zp8,69,1
80962,CFG_8f2957e28805,zp8,69,1
80963,CFG_9c659499047b,zp8,69,1
80964,CFG_b2a3cbb134c5,zp8,69,1
80965,CFG_e1e6e0c66c93,zp8,69,1
80966,CFG_cf541d0f8a3a,zp8,69,1
80967,CFG_8a51f93d684d,zp8,69,1
80968,CFG_7cd4c6b023c5,zp8,69,1
80969,CFG_8bfc9d62299c,zp8,69,1
80970,CFG_9178f775d49a,zp8,69,1
80971,CFG_b2bb984b770a,zp8,69,1
80972,CFG_e1e6e0c66c93,zp8,69,1
80973,CFG_8bfc9d62299c,zp8,69,1
80974,CFG_d39c77a1a4bf,zp8,69,1
80975,CFG_e3950fd94ca1,zp8,69,1
80976,CFG_8bfc9d62299c,zp8,69,1
80977,CFG_b2a3cbb134c5,zp8,69,1
80978,CFG_67b539d34471,zp8,69,1
80979,CFG_9178f775d49a,zp8,69,1
80980,CFG_ac213567a5a2,zp8,69,1
80981,CFG_5cd0c67d59bc,zp8,69,1
80982,CFG_ac213567a5a2,zp8,69,1
80983,CFG_8bfc9d62299c,zp8,69,1
80984,CFG_9178f775d49a,zp8,69,1
80985,CFG_ceef49456daa,zp8,69,1
80986,CFG_36f82e31118f,zp8,69,1
80987,CFG_637b6e72af93,zp8,69,1
80988,CFG_755205a28938,zp8,69,1
80989,CFG_67b539d34471,zp8,69,1
80990,CFG_deda15f4c4a8,zp8,69,1
80991,CFG_3a3d7179fe0d,zp8,69,1
80992,CFG_9178f775d49a,zp8,69,1
80993,CFG_8bfc9d62299c,zp8,69,1
80994,CFG_8bfc9d62299c,zp8,69,1
80995,CFG_f18488ce1456,zp8,69,1
80996,CFG_9178f775d49a,zp8,69,1
80997,CFG_d96b0c9e44d0,zp8,69,1
80998,CFG_f18488ce1456,zp8,69,1
80999,CFG_9c659499047b,zp8,69,1
81000,CFG_cc5bbb6e9d13,zp8,69,1
81001,CFG_f18488ce1456,zp8,69,1
81002,CFG_ffde3ea1b2e3,zp8,69,1
81003,CFG_cf541d0f8a3a,zp8,69,1
81004,CFG_b8e6a5652de1,zp8,69,1
81005,CFG_7fa53b7ab3bf,zp8,69,1
81006,CFG_5514d03a77b0,zp8,69,1
81007,CFG_939ca62c69c2,zp8,69,1
81008,CFG_9178f775d49a,zp8,69,1
81009,CFG_755205a28938,zp8,69,1
81010,CFG_59aede929579,zp8,69,1
81011,CFG_ffde3ea1b2e3,zp8,69,1
81012,CFG_1ec55dc0a2ff,zp8,69,1
81013,CFG_e1e6e0c66c93,zp8,69,1
81014,CFG_db37bdfe8c71,zp8,69,1
81015,CFG_de29bb20eaa6,zp8,69,1
81016,CFG_f18488ce1456,zp8,69,1
81017,CFG_939ca62c69c2,zp8,69,1
81018,CFG_d39c77a1a4bf,zp8,69,1
81019,CFG_a34f76b67ef4,zp8,69,1
81020,CFG_773ac98270b6,zp8,69,1
81021,CFG_ffde3ea1b2e3,zp8,69,1
81022,CFG_8bfc9d62299c,zp8,69,1
81023,CFG_939ca62c69c2,zp8,69,1
81024,CFG_8a51f93d684d,zp8,69,1
81025,CFG_e3950fd94ca1,zp8,69,1
81026,CFG_755205a28938,zp8,69,1
81027,CFG_727914633b9e,zp8,69,1
81028,CFG_3a3d7179fe0d,zp8,69,1
81029,CFG_ac213567a5a2,zp8,69,1
81030,CFG_8a51f93d684d,zp8,69,1
81031,CFG_cf541d0f8a3a,zp8,69,1
81032,CFG_e3950fd94ca1,zp8,69,1
81033,CFG_755205a28938,zp8,69,1
81034,CFG_1ec55dc0a2ff,zp8,69,1
81035,CFG_710c47edfbc8,zp8,69,1
81036,CFG_3a3d7179fe0d,zp8,69,1
81037,CFG_f993a0fc6256,zp8,69,1
81038,CFG_5514d03a77b0,zp8,69,1
81039,CFG_802041076799,zp8,69,1
81040,CFG_cf541d0f8a3a,zp8,69,1
81041,CFG_773ac98270b6,zp8,69,1
81042,CFG_cf6528e23789,zp8,69,1
81043,CFG_deda15f4c4a8,zp8,69,1
81044,CFG_67b539d34471,zp8,69,1
81045,CFG_3278d3379c8a,zp8,69,1
81046,CFG_ac213567a5a2,zp8,69,1
81047,CFG_1738a11cbd49,zp8,69,1
81048,CFG_29c3378e155b,zp8,69,1
81049,CFG_755205a28938,zp8,69,1
81050,CFG_deda15f4c4a8,zp8,69,1
81051,CFG_59f154754573,zp8,69,1
81052,CFG_99b4d8a9c762,zp8,69,1
81053,CFG_e1e6e0c66c93,zp8,69,1
81054,CFG_d39c77a1a4bf,zp8,69,1
81055,CFG_9c659499047b,zp8,69,1
81056,CFG_1ec55dc0a2ff,zp8,69,1
81057,CFG_939ca62c69c2,zp8,69,1
81058,CFG_8a51f93d684d,zp8,69,1
81059,CFG_67b539d34471,zp8,69,1
81060,CFG_9178f775d49a,zp8,69,1
81061,CFG_3a3d7179fe0d,zp8,69,1
81062,CFG_710c47edfbc8,zp8,69,1
81063,CFG_9c659499047b,zp8,69,1
81064,CFG_bd6412fc68b0,zp8,69,1
81065,CFG_9c659499047b,zp8,69,1
81066,CFG_d96b0c9e44d0,zp8,69,1
81067,CFG_deda15f4c4a8,zp8,69,1
81068,CFG_b8e6a5652de1,zp8,69,1
81069,CFG_f18488ce1456,zp8,69,1
81070,CFG_5cd0c67d59bc,zp8,69,1
81071,CFG_8a51f93d684d,zp8,69,1
81072,CFG_288ddbff7431,zp8,69,1
81073,CFG_8bfc9d62299c,zp8,69,1
81074,CFG_b04e3d146803,zp8,69,1
81075,CFG_e3950fd94ca1,zp8,69,1
81076,CFG_9178f775d49a,zp8,69,1
81077,CFG_dda2f907b868,zp8,69,1
81078,CFG_9178f775d49a,zp8,69,1
81079,CFG_e3950fd94ca1,zp8,69,1
81080,CFG_b2a3cbb134c5,zp8,69,1
81081,CFG_b2a3cbb134c5,zp8,69,1
81082,CFG_8a51f93d684d,zp8,69,1
81083,CFG_9178f775d49a,zp8,69,1
81084,CFG_d96b0c9e44d0,zp8,69,1
81085,CFG_67b539d34471,zp8,69,1
81086,CFG_e3950fd94ca1,zp8,69,1
81087,CFG_a1d878e7d840,zp8,69,1
81088,CFG_36f82e31118f,zp8,69,1
81089,CFG_ffde3ea1b2e3,zp8,69,1
81090,CFG_727914633b9e,zp8,69,1
81091,CFG_8a51f93d684d,zp8,69,1
81092,CFG_be784e24b621,zp8,69,1
81093,CFG_bbea204eb2ac,zp8,69,1
81094,CFG_be784e24b621,zp8,69,1
81095,CFG_67b539d34471,zp8,69,1
81096,CFG_b2a3cbb134c5,zp8,69,1
81097,CFG_deda15f4c4a8,zp8,69,1
81098,CFG_9c659499047b,zp8,69,1
81099,CFG_5531dad98c69,zp8,69,1
81100,CFG_9178f775d49a,zp8,69,1
81101,CFG_5cd0c67d59bc,zp8,69,1
81102,CFG_5cd0c67d59bc,zp8,69,1
81103,CFG_8a51f93d684d,zp8,69,1
81104,CFG_e3950fd94ca1,zp8,69,1
81105,CFG_d7aadf87f0b1,zp8,69,1
81106,CFG_8bfc9d62299c,zp8,69,1
81107,CFG_a34f76b67ef4,zp8,69,1
81108,CFG_8a51f93d684d,zp8,69,1
81109,CFG_5531dad98c69,zp8,69,1
81110,CFG_e1e6e0c66c93,zp8,69,1
81111,CFG_773ac98270b6,zp8,69,1
81112,CFG_cf541d0f8a3a,zp8,69,1
81113,CFG_b2a3cbb134c5,zp8,69,1
81114,CFG_773ac98270b6,zp8,69,1
81115,CFG_8bfc9d62299c,zp8,69,1
81116,CFG_17620e2785dc,zp8,69,1
81117,CFG_802041076799,zp8,69,1
81118,CFG_755205a28938,zp8,69,1
81119,CFG_d7aadf87f0b1,zp8,69,1
81120,CFG_b2a3cbb134c5,zp8,69,1
81121,CFG_b2a3cbb134c5,zp8,69,1
81122,CFG_67b539d34471,zp8,69,1
81123,CFG_1e693796a40d,zp8,69,1
81124,CFG_be784e24b621,zp8,69,1
81125,CFG_1738a11cbd49,zp8,69,1
81126,CFG_f18488ce1456,zp8,69,1
81127,CFG_f18488ce1456,zp8,69,1
81128,CFG_59aede929579,zp8,69,1
81129,CFG_a1d878e7d840,zp8,69,1
81130,CFG_deda15f4c4a8,zp8,69,1
81131,CFG_e1e6e0c66c93,zp8,69,1
81132,CFG_bd6412fc68b0,zp8,69,1
81133,CFG_be784e24b621,zp8,69,1
81134,CFG_ac213567a5a2,zp8,69,1
81135,CFG_cf541d0f8a3a,zp8,69,1
81136,CFG_59aede929579,zp8,69,1
81137,CFG_1e693796a40d,zp8,69,1
81138,CFG_8bfc9d62299c,zp8,69,1
81139,CFG_8bfc9d62299c,zp8,69,1
81140,CFG_5cd0c67d59bc,zp8,69,1
81141,CFG_a34f76b67ef4,zp8,69,1
81142,CFG_773ac98270b6,zp8,69,1
81143,CFG_59aede929579,zp8,69,1
81144,CFG_2154b722e06b,zp8,69,1
81145,CFG_36f82e31118f,zp8,69,1
81146,CFG_6caaadb373ea,zp8,69,1
81147,CFG_cf541d0f8a3a,zp8,69,1
81148,CFG_29c3378e155b,zp8,69,1
81149,CFG_1ec55dc0a2ff,zp8,69,1
81150,CFG_36f82e31118f,zp8,69,1
81151,CFG_17620e2785dc,zp8,69,1
81152,CFG_67b539d34471,zp8,69,1
81153,CFG_e3950fd94ca1,zp8,69,1
81154,CFG_36f82e31118f,zp8,69,1
81155,CFG_7acc0fd451e2,zp8,69,1
81156,CFG_36f82e31118f,zp8,69,1
81157,CFG_5514d03a77b0,zp8,69,1
81158,CFG_b2a3cbb134c5,zp8,69,1
81159,CFG_f18488ce1456,zp8,69,1
81160,CFG_39fe645ba2f1,zp8,69,1
81161,CFG_1ec55dc0a2ff,zp8,69,1
81162,CFG_c910518048de,zp8,69,1
81163,CFG_d96b0c9e44d0,zp8,69,1
81164,CFG_e3950fd94ca1,zp8,69,1
81165,CFG_be784e24b621,zp8,69,1
81166,CFG_f18488ce1456,zp8,69,1
81167,CFG_8bfc9d62299c,zp8,69,1
81168,CFG_3a3d7179fe0d,zp8,69,1
81169,CFG_d7aadf87f0b1,zp8,69,1
81170,CFG_acabbc62a021,zp8,69,1
81171,CFG_625048fefa0b,zp8,69,1
81172,CFG_f18488ce1456,zp8,69,1
81173,CFG_f18488ce1456,zp8,69,1
81174,CFG_5514d03a77b0,zp8,69,1
81175,CFG_29c3378e155b,zp8,69,1
81176,CFG_36f82e31118f,zp8,69,1
81177,CFG_a34f76b67ef4,zp8,69,1
81178,CFG_1d0f84c0bb06,zp8,69,1
81179,CFG_dda2f907b868,zp8,69,1
81180,CFG_a1d878e7d840,zp8,69,1
81181,CFG_8a51f93d684d,zp8,69,1
81182,CFG_8bfc9d62299c,zp8,69,1
81183,CFG_cf541d0f8a3a,zp8,69,1
81184,CFG_8a51f93d684d,zp8,69,1
81185,CFG_727914633b9e,zp8,69,1
81186,CFG_a1ebd0490272,zp8,69,1
81187,CFG_be784e24b621,zp8,69,1
81188,CFG_755205a28938,zp8,69,1
81189,CFG_1e693796a40d,zp8,69,1
81190,CFG_b8e6a5652de1,zp8,69,1
81191,CFG_b2a3cbb134c5,zp8,69,1
81192,CFG_3a3d7179fe0d,zp8,69,1
81193,CFG_3324700714f1,zp8,69,1
81194,CFG_67b539d34471,zp8,69,1
81195,CFG_59aede929579,zp8,69,1
81196,CFG_17620e2785dc,zp8,69,1
81197,CFG_f18488ce1456,zp8,69,1
81198,CFG_77c8b99b43d9,zp8,69,1
81199,CFG_1ec55dc0a2ff,zp8,69,1
81200,CFG_e1e6e0c66c93,zp8,69,1
81201,CFG_8a51f93d684d,zp8,69,1
81202,CFG_8bfc9d62299c,zp8,69,1
81203,CFG_1738a11cbd49,zp8,69,1
81204,CFG_773ac98270b6,zp8,69,1
81205,CFG_1ec55dc0a2ff,zp8,69,1
81206,CFG_3a3d7179fe0d,zp8,69,1
81207,CFG_bbea204eb2ac,zp8,69,1
81208,CFG_d7aadf87f0b1,zp8,69,1
81209,CFG_d39c77a1a4bf,zp8,69,1
81210,CFG_b2a3cbb134c5,zp8,69,1
81211,CFG_f993a0fc6256,zp8,69,1
81212,CFG_f993a0fc6256,zp8,69,1
81213,CFG_dda2f907b868,zp8,69,1
81214,CFG_7fa53b7ab3bf,zp8,69,1
81215,CFG_5514d03a77b0,zp8,69,1
81216,CFG_8a51f93d684d,zp8,69,1
81217,CFG_532891bb36ca,zp8,69,1
81218,CFG_39fe645ba2f1,zp8,69,1
81219,CFG_c94b44f1b2f9,zp8,69,1
81220,CFG_36f82e31118f,zp8,69,1
81221,CFG_2154b722e06b,zp8,69,1
81222,CFG_e3950fd94ca1,zp8,69,1
81223,CFG_bbea204eb2ac,zp8,69,1
81224,CFG_b2a3cbb134c5,zp8,69,1
81225,CFG_3697b100c401,zp8,69,1
81226,CFG_ffde3ea1b2e3,zp8,69,1
81227,CFG_9c659499047b,zp8,69,1
81228,CFG_5514d03a77b0,zp8,69,1
81229,CFG_f18488ce1456,zp8,69,1
81230,CFG_36f82e31118f,zp8,69,1
81231,CFG_727914633b9e,zp8,69,1
81232,CFG_e87513c8563d,zp8,69,1
81233,CFG_acabbc62a021,zp8,69,1
81234,CFG_8a51f93d684d,zp8,69,1
81235,CFG_cf541d0f8a3a,zp8,69,1
81236,CFG_1ec55dc0a2ff,zp8,69,1
81237,CFG_cf541d0f8a3a,zp8,69,1
81238,CFG_3697b100c401,zp8,69,1
81239,CFG_b8e6a5652de1,zp8,69,1
81240,CFG_5cd0c67d59bc,zp8,69,1
81241,CFG_8a51f93d684d,zp8,69,1
81242,CFG_acabbc62a021,zp8,69,1
81243,CFG_3a3d7179fe0d,zp8,69,1
81244,CFG_3278d3379c8a,zp8,69,1
81245,CFG_8a51f93d684d,zp8,69,1
81246,CFG_bd6412fc68b0,zp8,69,1
81247,CFG_67b539d34471,zp8,69,1
81248,CFG_b2a3cbb134c5,zp8,69,1
81249,CFG_36f82e31118f,zp8,69,1
81250,CFG_c94b44f1b2f9,zp8,69,1
81251,CFG_deda15f4c4a8,zp8,69,1
81252,CFG_8a51f93d684d,zp8,69,1
81253,CFG_65f78a36ed50,zp8,69,1
81254,CFG_1ec55dc0a2ff,zp8,69,1
81255,CFG_9c659499047b,zp8,69,1
81256,CFG_939ca62c69c2,zp8,69,1
81257,CFG_b2a3cbb134c5,zp8,69,1
81258,CFG_cf541d0f8a3a,zp8,69,1
81259,CFG_1738a11cbd49,zp8,69,1
81260,CFG_8a51f93d684d,zp8,69,1
81261,CFG_755205a28938,zp8,69,1
81262,CFG_b8e6a5652de1,zp8,69,1
81263,CFG_9178f775d49a,zp8,69,1
81264,CFG_d96b0c9e44d0,zp8,69,1
81265,CFG_f18488ce1456,zp8,69,1
81266,CFG_59f154754573,zp8,69,1
81267,CFG_d96b0c9e44d0,zp8,69,1
81268,CFG_2534839bab0a,zp8,69,1
81269,CFG_5be0533f7ebf,zp8,69,1
81270,CFG_b2a3cbb134c5,zp8,69,1
81271,CFG_a34f76b67ef4,zp8,69,1
81272,CFG_e1e6e0c66c93,zp8,69,1
81273,CFG_59aede929579,zp8,69,1
81274,CFG_710c47edfbc8,zp8,69,1
81275,CFG_77c8b99b43d9,zp8,69,1
81276,CFG_67b539d34471,zp8,69,1
81277,CFG_77c8b99b43d9,zp8,69,1
81278,CFG_77c8b99b43d9,zp8,69,1
81279,CFG_29c3378e155b,zp8,69,1
81280,CFG_755205a28938,zp8,69,1
81281,CFG_77c8b99b43d9,zp8,69,1
81282,CFG_bd6412fc68b0,zp8,69,1
81283,CFG_67b539d34471,zp8,69,1
81284,CFG_8bfc9d62299c,zp8,69,1
81285,CFG_77c8b99b43d9,zp8,69,1
81286,CFG_ffde3ea1b2e3,zp8,69,1
81287,CFG_77c8b99b43d9,zp8,69,1
81288,CFG_67b539d34471,zp8,69,1
81289,CFG_c94b44f1b2f9,zp8,69,1
81290,CFG_755205a28938,zp8,69,1
81291,CFG_ac213567a5a2,zp8,69,1
81292,CFG_77c8b99b43d9,zp8,69,1
81293,CFG_77c8b99b43d9,zp8,69,1
81294,CFG_77c8b99b43d9,zp8,69,1
81295,CFG_77c8b99b43d9,zp8,69,1
81296,CFG_77c8b99b43d9,zp8,69,1
81297,CFG_a34f76b67ef4,zp8,69,1
81298,CFG_77c8b99b43d9,zp8,69,1
81299,CFG_1738a11cbd49,zp8,69,1
81300,CFG_77c8b99b43d9,zp8,69,1
81301,CFG_67b539d34471,zp8,69,1
81302,CFG_77c8b99b43d9,zp8,69,1
81303,CFG_77c8b99b43d9,zp8,69,1
81304,CFG_29c3378e155b,zp8,69,1
81305,CFG_755205a28938,zp8,69,1
81306,CFG_77c8b99b43d9,zp8,69,1
81307,CFG_bd6412fc68b0,zp8,69,1
81308,CFG_67b539d34471,zp8,69,1
81309,CFG_8bfc9d62299c,zp8,69,1
81310,CFG_77c8b99b43d9,zp8,69,1
81311,CFG_ffde3ea1b2e3,zp8,69,1
81312,CFG_77c8b99b43d9,zp8,69,1
81313,CFG_d96b0c9e44d0,zp8,69,1
81314,CFG_cf541d0f8a3a,zp8,69,1
81315,CFG_f18488ce1456,zp8,69,1
81316,CFG_67b539d34471,zp8,69,1
81317,CFG_5514d03a77b0,zp8,69,1
81318,CFG_a34f76b67ef4,zp8,69,1
81319,CFG_f18488ce1456,zp8,69,1
81320,CFG_1d0f84c0bb06,zp8,69,1
81321,CFG_1ec55dc0a2ff,zp8,69,1
81322,CFG_29c3378e155b,zp8,69,1
81323,CFG_f18488ce1456,zp8,69,1
81324,CFG_773ac98270b6,zp8,69,1
81325,CFG_77c8b99b43d9,zp8,69,1
81326,CFG_77c8b99b43d9,zp8,69,1
81327,CFG_77c8b99b43d9,zp8,69,1
81328,CFG_77c8b99b43d9,zp8,69,1
81329,CFG_77c8b99b43d9,zp8,69,1
81330,CFG_a34f76b67ef4,zp8,69,1
81331,CFG_77c8b99b43d9,zp8,69,1
81332,CFG_1738a11cbd49,zp8,69,1
81333,CFG_77c8b99b43d9,zp8,69,1
81334,CFG_67b539d34471,zp8,69,1
81335,CFG_77c8b99b43d9,zp8,69,1
81336,CFG_77c8b99b43d9,zp8,69,1
81337,CFG_29c3378e155b,zp8,69,1
81338,CFG_755205a28938,zp8,69,1
81339,CFG_77c8b99b43d9,zp8,69,1
81340,CFG_bd6412fc68b0,zp8,69,1
81341,CFG_67b539d34471,zp8,69,1
81342,CFG_8bfc9d62299c,zp8,69,1
81343,CFG_77c8b99b43d9,zp8,69,1
81344,CFG_ffde3ea1b2e3,zp8,69,1
81345,CFG_77c8b99b43d9,zp8,69,1
81346,CFG_67b539d34471,zp8,69,1
81347,CFG_c94b44f1b2f9,zp8,69,1
81348,CFG_755205a28938,zp8,69,1
81349,CFG_ac213567a5a2,zp8,69,1
81350,CFG_77c8b99b43d9,zp8,69,1
81351,CFG_77c8b99b43d9,zp8,69,1
81352,CFG_77c8b99b43d9,zp8,69,1
81353,CFG_77c8b99b43d9,zp8,69,1
81354,CFG_77c8b99b43d9,zp8,69,1
81355,CFG_a34f76b67ef4,zp8,69,1
81356,CFG_77c8b99b43d9,zp8,69,1
81357,CFG_1738a11cbd49,zp8,69,1
81358,CFG_77c8b99b43d9,zp8,69,1
81359,CFG_67b539d34471,zp8,69,1
81360,CFG_77c8b99b43d9,zp8,69,1
81361,CFG_77c8b99b43d9,zp8,69,1
81362,CFG_29c3378e155b,zp8,69,1
81363,CFG_755205a28938,zp8,69,1
81364,CFG_77c8b99b43d9,zp8,69,1
81365,CFG_bd6412fc68b0,zp8,69,1
81366,CFG_67b539d34471,zp8,69,1
81367,CFG_8bfc9d62299c,zp8,69,1
81368,CFG_77c8b99b43d9,zp8,69,1
81369,CFG_ffde3ea1b2e3,zp8,69,1
81370,CFG_77c8b99b43d9,zp8,69,1
81371,CFG_d39c77a1a4bf,zp8,69,1
81372,CFG_773ac98270b6,zp8,69,1
81373,CFG_f18488ce1456,zp8,69,1
81374,CFG_deda15f4c4a8,zp8,69,1
81375,CFG_e87513c8563d,zp8,69,1
81376,CFG_39fe645ba2f1,zp8,69,1
81377,CFG_9178f775d49a,zp8,69,1
81378,CFG_77c8b99b43d9,zp8,69,1
81379,CFG_77c8b99b43d9,zp8,69,1
81380,CFG_77c8b99b43d9,zp8,69,1
81381,CFG_77c8b99b43d9,zp8,69,1
81382,CFG_77c8b99b43d9,zp8,69,1
81383,CFG_a34f76b67ef4,zp8,69,1
81384,CFG_77c8b99b43d9,zp8,69,1
81385,CFG_1738a11cbd49,zp8,69,1
81386,CFG_77c8b99b43d9,zp8,69,1
81387,CFG_67b539d34471,zp8,69,1
81388,CFG_77c8b99b43d9,zp8,69,1
81389,CFG_77c8b99b43d9,zp8,69,1
81390,CFG_29c3378e155b,zp8,69,1
81391,CFG_755205a28938,zp8,69,1
81392,CFG_77c8b99b43d9,zp8,69,1
81393,CFG_bd6412fc68b0,zp8,69,1
81394,CFG_67b539d34471,zp8,69,1
81395,CFG_8bfc9d62299c,zp8,69,1
81396,CFG_77c8b99b43d9,zp8,69,1
81397,CFG_ffde3ea1b2e3,zp8,69,1
81398,CFG_77c8b99b43d9,zp8,69,1
81399,CFG_67b539d34471,zp8,69,1
81400,CFG_c94b44f1b2f9,zp8,69,1
81401,CFG_755205a28938,zp8,69,1
81402,CFG_ac213567a5a2,zp8,69,1
81403,CFG_77c8b99b43d9,zp8,69,1
81404,CFG_77c8b99b43d9,zp8,69,1
81405,CFG_77c8b99b43d9,zp8,69,1
81406,CFG_77c8b99b43d9,zp8,69,1
81407,CFG_77c8b99b43d9,zp8,69,1
81408,CFG_a34f76b67ef4,zp8,69,1
81409,CFG_77c8b99b43d9,zp8,69,1
81410,CFG_1738a11cbd49,zp8,69,1
81411,CFG_77c8b99b43d9,zp8,69,1
81412,CFG_67b539d34471,zp8,69,1
81413,CFG_77c8b99b43d9,zp8,69,1
81414,CFG_77c8b99b43d9,zp8,69,1
81415,CFG_29c3378e155b,zp8,69,1
81416,CFG_755205a28938,zp8,69,1
81417,CFG_77c8b99b43d9,zp8,69,1
81418,CFG_bd6412fc68b0,zp8,69,1
81419,CFG_67b539d34471,zp8,69,1
81420,CFG_8bfc9d62299c,zp8,69,1
81421,CFG_77c8b99b43d9,zp8,69,1
81422,CFG_ffde3ea1b2e3,zp8,69,1
81423,CFG_77c8b99b43d9,zp8,69,1
81424,CFG_ac213567a5a2,zp8,69,1
81425,CFG_be784e24b621,zp8,69,1
81426,CFG_59f154754573,zp8,69,1
81427,CFG_a292c20a75fd,zp8,69,1
81428,CFG_710c47edfbc8,zp8,69,1
81429,CFG_e3950fd94ca1,zp8,69,1
81430,CFG_1738a11cbd49,zp8,69,1
81431,CFG_1ec55dc0a2ff,zp8,69,1
81432,CFG_1ec55dc0a2ff,zp8,69,1
81433,CFG_f18488ce1456,zp8,69,1
81434,CFG_f18488ce1456,zp8,69,1
81435,CFG_deda15f4c4a8,zp8,69,1
81436,CFG_db37bdfe8c71,zp8,69,1
81437,CFG_5514d03a77b0,zp8,69,1
81438,CFG_b2a3cbb134c5,zp8,69,1
81439,CFG_67b539d34471,zp8,69,1
81440,CFG_9178f775d49a,zp8,69,1
81441,CFG_b2a3cbb134c5,zp8,69,1
81442,CFG_939ca62c69c2,zp8,69,1
81443,CFG_532891bb36ca,zp8,69,1
81444,CFG_9c659499047b,zp8,69,1
81445,CFG_bbea204eb2ac,zp8,69,1
81446,CFG_17620e2785dc,zp8,69,1
81447,CFG_77c8b99b43d9,zp8,69,1
81448,CFG_77c8b99b43d9,zp8,69,1
81449,CFG_77c8b99b43d9,zp8,69,1
81450,CFG_77c8b99b43d9,zp8,69,1
81451,CFG_77c8b99b43d9,zp8,69,1
81452,CFG_a34f76b67ef4,zp8,69,1
81453,CFG_77c8b99b43d9,zp8,69,1
81454,CFG_1738a11cbd49,zp8,69,1
81455,CFG_77c8b99b43d9,zp8,69,1
81456,CFG_67b539d34471,zp8,69,1
81457,CFG_77c8b99b43d9,zp8,69,1
81458,CFG_77c8b99b43d9,zp8,69,1
81459,CFG_29c3378e155b,zp8,69,1
81460,CFG_755205a28938,zp8,69,1
81461,CFG_77c8b99b43d9,zp8,69,1
81462,CFG_bd6412fc68b0,zp8,69,1
81463,CFG_67b539d34471,zp8,69,1
81464,CFG_8bfc9d62299c,zp8,69,1
81465,CFG_77c8b99b43d9,zp8,69,1
81466,CFG_ffde3ea1b2e3,zp8,69,1
81467,CFG_77c8b99b43d9,zp8,69,1
81468,CFG_67b539d34471,zp8,69,1
81469,CFG_c94b44f1b2f9,zp8,69,1
81470,CFG_755205a28938,zp8,69,1
81471,CFG_ac213567a5a2,zp8,69,1
81472,CFG_77c8b99b43d9,zp8,69,1
81473,CFG_77c8b99b43d9,zp8,69,1
81474,CFG_77c8b99b43d9,zp8,69,1
81475,CFG_77c8b99b43d9,zp8,69,1
81476,CFG_77c8b99b43d9,zp8,69,1
81477,CFG_a34f76b67ef4,zp8,69,1
81478,CFG_77c8b99b43d9,zp8,69,1
81479,CFG_1738a11cbd49,zp8,69,1
81480,CFG_77c8b99b43d9,zp8,69,1
81481,CFG_67b539d34471,zp8,69,1
81482,CFG_77c8b99b43d9,zp8,69,1
81483,CFG_77c8b99b43d9,zp8,69,1
81484,CFG_29c3378e155b,zp8,69,1
81485,CFG_755205a28938,zp8,69,1
81486,CFG_77c8b99b43d9,zp8,69,1
81487,CFG_bd6412fc68b0,zp8,69,1
81488,CFG_67b539d34471,zp8,69,1
81489,CFG_8bfc9d62299c,zp8,69,1
81490,CFG_77c8b99b43d9,zp8,69,1
81491,CFG_ffde3ea1b2e3,zp8,69,1
81492,CFG_77c8b99b43d9,zp8,69,1
81493,CFG_d96b0c9e44d0,zp8,69,1
81494,CFG_cf541d0f8a3a,zp8,69,1
81495,CFG_f18488ce1456,zp8,69,1
81496,CFG_67b539d34471,zp8,69,1
81497,CFG_5514d03a77b0,zp8,69,1
81498,CFG_a34f76b67ef4,zp8,69,1
81499,CFG_f18488ce1456,zp8,69,1
81500,CFG_1d0f84c0bb06,zp8,69,1
81501,CFG_1ec55dc0a2ff,zp8,69,1
81502,CFG_29c3378e155b,zp8,69,1
81503,CFG_f18488ce1456,zp8,69,1
81504,CFG_773ac98270b6,zp8,69,1
81505,CFG_77c8b99b43d9,zp8,69,1
81506,CFG_77c8b99b43d9,zp8,69,1
81507,CFG_77c8b99b43d9,zp8,69,1
81508,CFG_77c8b99b43d9,zp8,69,1
81509,CFG_77c8b99b43d9,zp8,69,1
81510,CFG_a34f76b67ef4,zp8,69,1
81511,CFG_77c8b99b43d9,zp8,69,1
81512,CFG_1738a11cbd49,zp8,69,1
81513,CFG_77c8b99b43d9,zp8,69,1
81514,CFG_67b539d34471,zp8,69,1
81515,CFG_77c8b99b43d9,zp8,69,1
81516,CFG_77c8b99b43d9,zp8,69,1
81517,CFG_29c3378e155b,zp8,69,1
81518,CFG_755205a28938,zp8,69,1
81519,CFG_77c8b99b43d9,zp8,69,1
81520,CFG_bd6412fc68b0,zp8,69,1
81521,CFG_67b539d34471,zp8,69,1
81522,CFG_8bfc9d62299c,zp8,69,1
81523,CFG_77c8b99b43d9,zp8,69,1
81524,CFG_ffde3ea1b2e3,zp8,69,1
81525,CFG_77c8b99b43d9,zp8,69,1
81526,CFG_67b539d34471,zp8,69,1
81527,CFG_c94b44f1b2f9,zp8,69,1
81528,CFG_755205a28938,zp8,69,1
81529,CFG_ac213567a5a2,zp8,69,1
81530,CFG_77c8b99b43d9,zp8,69,1
81531,CFG_77c8b99b43d9,zp8,69,1
81532,CFG_77c8b99b43d9,zp8,69,1
81533,CFG_77c8b99b43d9,zp8,69,1
81534,CFG_77c8b99b43d9,zp8,69,1
81535,CFG_a34f76b67ef4,zp8,69,1
81536,CFG_77c8b99b43d9,zp8,69,1
81537,CFG_1738a11cbd49,zp8,69,1
81538,CFG_77c8b99b43d9,zp8,69,1
81539,CFG_67b539d34471,zp8,69,1
81540,CFG_77c8b99b43d9,zp8,69,1
81541,CFG_77c8b99b43d9,zp8,69,1
81542,CFG_29c3378e155b,zp8,69,1
81543,CFG_755205a28938,zp8,69,1
81544,CFG_77c8b99b43d9,zp8,69,1
81545,CFG_bd6412fc68b0,zp8,69,1
81546,CFG_67b539d34471,zp8,69,1
81547,CFG_8bfc9d62299c,zp8,69,1
81548,CFG_77c8b99b43d9,zp8,69,1
81549,CFG_ffde3ea1b2e3,zp8,69,1
81550,CFG_77c8b99b43d9,zp8,69,1
81551,CFG_d39c77a1a4bf,zp8,69,1
81552,CFG_773ac98270b6,zp8,69,1
81553,CFG_f18488ce1456,zp8,69,1
81554,CFG_deda15f4c4a8,zp8,69,1
81555,CFG_e87513c8563d,zp8,69,1
81556,CFG_39fe645ba2f1,zp8,69,1
81557,CFG_9178f775d49a,zp8,69,1
81558,CFG_77c8b99b43d9,zp8,69,1
81559,CFG_77c8b99b43d9,zp8,69,1
81560,CFG_77c8b99b43d9,zp8,69,1
81561,CFG_77c8b99b43d9,zp8,69,1
81562,CFG_77c8b99b43d9,zp8,69,1
81563,CFG_a34f76b67ef4,zp8,69,1
81564,CFG_77c8b99b43d9,zp8,69,1
81565,CFG_1738a11cbd49,zp8,69,1
81566,CFG_77c8b99b43d9,zp8,69,1
81567,CFG_67b539d34471,zp8,69,1
81568,CFG_77c8b99b43d9,zp8,69,1
81569,CFG_77c8b99b43d9,zp8,69,1
81570,CFG_29c3378e155b,zp8,69,1
81571,CFG_755205a28938,zp8,69,1
81572,CFG_77c8b99b43d9,zp8,69,1
81573,CFG_bd6412fc68b0,zp8,69,1
81574,CFG_67b539d34471,zp8,69,1
81575,CFG_8bfc9d62299c,zp8,69,1
81576,CFG_77c8b99b43d9,zp8,69,1
81577,CFG_ffde3ea1b2e3,zp8,69,1
81578,CFG_77c8b99b43d9,zp8,69,1
81579,CFG_67b539d34471,zp8,69,1
81580,CFG_c94b44f1b2f9,zp8,69,1
81581,CFG_755205a28938,zp8,69,1
81582,CFG_ac213567a5a2,zp8,69,1
81583,CFG_77c8b99b43d9,zp8,69,1
81584,CFG_77c8b99b43d9,zp8,69,1
81585,CFG_77c8b99b43d9,zp8,69,1
81586,CFG_77c8b99b43d9,zp8,69,1
81587,CFG_77c8b99b43d9,zp8,69,1
81588,CFG_a34f76b67ef4,zp8,69,1
81589,CFG_77c8b99b43d9,zp8,69,1
81590,CFG_1738a11cbd49,zp8,69,1
81591,CFG_77c8b99b43d9,zp8,69,1
81592,CFG_67b539d34471,zp8,69,1
81593,CFG_77c8b99b43d9,zp8,69,1
81594,CFG_77c8b99b43d9,zp8,69,1
81595,CFG_29c3378e155b,zp8,69,1
81596,CFG_755205a28938,zp8,69,1
81597,CFG_77c8b99b43d9,zp8,69,1
81598,CFG_bd6412fc68b0,zp8,69,1
81599,CFG_67b539d34471,zp8,69,1
81600,CFG_8bfc9d62299c,zp8,69,1
81601,CFG_77c8b99b43d9,zp8,69,1
81602,CFG_ffde3ea1b2e3,zp8,69,1
81603,CFG_77c8b99b43d9,zp8,69,1
81604,CFG_bbea204eb2ac,zp8,69,1
81605,CFG_f18488ce1456,zp8,69,1
81606,CFG_36f82e31118f,zp8,69,1
81607,CFG_8bfc9d62299c,zp8,69,1
81608,CFG_8bfc9d62299c,zp8,69,1
81609,CFG_7cd4c6b023c5,zp8,69,1
81610,CFG_be784e24b621,zp8,69,1
81611,CFG_67b539d34471,zp8,69,1
81612,CFG_17620e2785dc,zp8,69,1
81613,CFG_275e4ca07248,zp8,69,1
81614,CFG_b2a3cbb134c5,zp8,69,1
81615,CFG_36f82e31118f,zp8,69,1
81616,CFG_1738a11cbd49,zp8,69,1
81617,CFG_5cd0c67d59bc,zp8,69,1
81618,CFG_3a3d7179fe0d,zp8,69,1
81619,CFG_939ca62c69c2,zp8,69,1
81620,CFG_755205a28938,zp8,69,1
81621,CFG_b2a3cbb134c5,zp8,69,1
81622,CFG_275e4ca07248,zp8,69,1
81623,CFG_f993a0fc6256,zp8,69,1
81624,CFG_939ca62c69c2,zp8,69,1
81625,CFG_5514d03a77b0,zp8,69,1
81626,CFG_f18488ce1456,zp8,69,1
81627,CFG_e3950fd94ca1,zp8,69,1
81628,CFG_8a51f93d684d,zp8,69,1
81629,CFG_7155e4ee7bdf,zp8,69,1
81630,CFG_1ec55dc0a2ff,zp8,69,1
81631,CFG_29c3378e155b,zp8,69,1
81632,CFG_3a3d7179fe0d,zp8,69,1
81633,CFG_67b539d34471,zp8,69,1
81634,CFG_b2a3cbb134c5,zp8,69,1
81635,CFG_532891bb36ca,zp8,69,1
81636,CFG_be784e24b621,zp8,69,1
81637,CFG_3e489afc8bfd,zp8,69,1
81638,CFG_b2a3cbb134c5,zp8,69,1
81639,CFG_b8e6a5652de1,zp8,69,1
81640,CFG_b0eabb76b70f,zp8,69,1
81641,CFG_36f82e31118f,zp8,69,1
81642,CFG_d96b0c9e44d0,zp8,69,1
81643,CFG_de29bb20eaa6,zp8,69,1
81644,CFG_b2a3cbb134c5,zp8,69,1
81645,CFG_dda2f907b868,zp8,69,1
81646,CFG_9c659499047b,zp8,69,1
81647,CFG_67b539d34471,zp8,69,1
81648,CFG_b04e3d146803,zp8,69,1
81649,CFG_e1e6e0c66c93,zp8,69,1
81650,CFG_deda15f4c4a8,zp8,69,1
81651,CFG_939ca62c69c2,zp8,69,1
81652,CFG_112bf773e97d,zp8,69,1
81653,CFG_3a3d7179fe0d,zp8,69,1
81654,CFG_773ac98270b6,zp8,69,1
81655,CFG_1ec55dc0a2ff,zp8,69,1
81656,CFG_5514d03a77b0,zp8,69,1
81657,CFG_6caaadb373ea,zp8,69,1
81658,CFG_710c47edfbc8,zp8,69,1
81659,CFG_b2a3cbb134c5,zp8,69,1
81660,CFG_2154b722e06b,zp8,69,1
81661,CFG_d96b0c9e44d0,zp8,69,1
81662,CFG_17620e2785dc,zp8,69,1
81663,CFG_e3386d946379,zp8,69,1
81664,CFG_be784e24b621,zp8,69,1
81665,CFG_deda15f4c4a8,zp8,69,1
81666,CFG_cf541d0f8a3a,zp8,69,1
81667,CFG_ffde3ea1b2e3,zp8,69,1
81668,CFG_59f154754573,zp8,69,1
81669,CFG_ffde3ea1b2e3,zp8,69,1
81670,CFG_99b4d8a9c762,zp8,69,1
81671,CFG_5be0533f7ebf,zp8,69,1
81672,CFG_d96b0c9e44d0,zp8,69,1
81673,CFG_be784e24b621,zp8,69,1
81674,CFG_be784e24b621,zp8,69,1
81675,CFG_5cd0c67d59bc,zp8,69,1
81676,CFG_3a3d7179fe0d,zp8,69,1
81677,CFG_2154b722e06b,zp8,69,1
81678,CFG_d96b0c9e44d0,zp8,69,1
81679,CFG_67b539d34471,zp8,69,1
81680,CFG_77c8b99b43d9,zp8,69,1
81681,CFG_77c8b99b43d9,zp8,69,1
81682,CFG_77c8b99b43d9,zp8,69,1
81683,CFG_77c8b99b43d9,zp8,69,1
81684,CFG_77c8b99b43d9,zp8,69,1
81685,CFG_a34f76b67ef4,zp8,69,1
81686,CFG_77c8b99b43d9,zp8,69,1
81687,CFG_1738a11cbd49,zp8,69,1
81688,CFG_77c8b99b43d9,zp8,69,1
81689,CFG_67b539d34471,zp8,69,1
81690,CFG_77c8b99b43d9,zp8,69,1
81691,CFG_77c8b99b43d9,zp8,69,1
81692,CFG_29c3378e155b,zp8,69,1
81693,CFG_755205a28938,zp8,69,1
81694,CFG_77c8b99b43d9,zp8,69,1
81695,CFG_bd6412fc68b0,zp8,69,1
81696,CFG_67b539d34471,zp8,69,1
81697,CFG_8bfc9d62299c,zp8,69,1
81698,CFG_77c8b99b43d9,zp8,69,1
81699,CFG_ffde3ea1b2e3,zp8,69,1
81700,CFG_77c8b99b43d9,zp8,69,1
81701,CFG_67b539d34471,zp8,69,1
81702,CFG_c94b44f1b2f9,zp8,69,1
81703,CFG_755205a28938,zp8,69,1
81704,CFG_ac213567a5a2,zp8,69,1
81705,CFG_77c8b99b43d9,zp8,69,1
81706,CFG_77c8b99b43d9,zp8,69,1
81707,CFG_77c8b99b43d9,zp8,69,1
81708,CFG_77c8b99b43d9,zp8,69,1
81709,CFG_77c8b99b43d9,zp8,69,1
81710,CFG_a34f76b67ef4,zp8,69,1
81711,CFG_77c8b99b43d9,zp8,69,1
81712,CFG_1738a11cbd49,zp8,69,1
81713,CFG_77c8b99b43d9,zp8,69,1
81714,CFG_67b539d34471,zp8,69,1
81715,CFG_77c8b99b43d9,zp8,69,1
81716,CFG_77c8b99b43d9,zp8,69,1
81717,CFG_29c3378e155b,zp8,69,1
81718,CFG_755205a28938,zp8,69,1
81719,CFG_77c8b99b43d9,zp8,69,1
81720,CFG_bd6412fc68b0,zp8,69,1
81721,CFG_67b539d34471,zp8,69,1
81722,CFG_8bfc9d62299c,zp8,69,1
81723,CFG_77c8b99b43d9,zp8,69,1
81724,CFG_ffde3ea1b2e3,zp8,69,1
81725,CFG_77c8b99b43d9,zp8,69,1
81726,CFG_d96b0c9e44d0,zp8,69,1
81727,CFG_cf541d0f8a3a,zp8,69,1
81728,CFG_f18488ce1456,zp8,69,1
81729,CFG_67b539d34471,zp8,69,1
81730,CFG_5514d03a77b0,zp8,69,1
81731,CFG_a34f76b67ef4,zp8,69,1
81732,CFG_f18488ce1456,zp8,69,1
81733,CFG_1d0f84c0bb06,zp8,69,1
81734,CFG_1ec55dc0a2ff,zp8,69,1
81735,CFG_29c3378e155b,zp8,69,1
81736,CFG_f18488ce1456,zp8,69,1
81737,CFG_773ac98270b6,zp8,69,1
81738,CFG_77c8b99b43d9,zp8,69,1
81739,CFG_77c8b99b43d9,zp8,69,1
81740,CFG_77c8b99b43d9,zp8,69,1
81741,CFG_77c8b99b43d9,zp8,69,1
81742,CFG_77c8b99b43d9,zp8,69,1
81743,CFG_a34f76b67ef4,zp8,69,1
81744,CFG_77c8b99b43d9,zp8,69,1
81745,CFG_1738a11cbd49,zp8,69,1
81746,CFG_77c8b99b43d9,zp8,69,1
81747,CFG_67b539d34471,zp8,69,1
81748,CFG_77c8b99b43d9,zp8,69,1
81749,CFG_77c8b99b43d9,zp8,69,1
81750,CFG_29c3378e155b,zp8,69,1
81751,CFG_755205a28938,zp8,69,1
81752,CFG_77c8b99b43d9,zp8,69,1
81753,CFG_bd6412fc68b0,zp8,69,1
81754,CFG_67b539d34471,zp8,69,1
81755,CFG_8bfc9d62299c,zp8,69,1
81756,CFG_77c8b99b43d9,zp8,69,1
81757,CFG_ffde3ea1b2e3,zp8,69,1
81758,CFG_77c8b99b43d9,zp8,69,1
81759,CFG_67b539d34471,zp8,69,1
81760,CFG_c94b44f1b2f9,zp8,69,1
81761,CFG_755205a28938,zp8,69,1
81762,CFG_ac213567a5a2,zp8,69,1
81763,CFG_77c8b99b43d9,zp8,69,1
81764,CFG_77c8b99b43d9,zp8,69,1
81765,CFG_77c8b99b43d9,zp8,69,1
81766,CFG_77c8b99b43d9,zp8,69,1
81767,CFG_77c8b99b43d9,zp8,69,1
81768,CFG_a34f76b67ef4,zp8,69,1
81769,CFG_77c8b99b43d9,zp8,69,1
81770,CFG_1738a11cbd49,zp8,69,1
81771,CFG_77c8b99b43d9,zp8,69,1
81772,CFG_67b539d34471,zp8,69,1
81773,CFG_77c8b99b43d9,zp8,69,1
81774,CFG_77c8b99b43d9,zp8,69,1
81775,CFG_29c3378e155b,zp8,69,1
81776,CFG_755205a28938,zp8,69,1
81777,CFG_77c8b99b43d9,zp8,69,1
81778,CFG_bd6412fc68b0,zp8,69,1
81779,CFG_67b539d34471,zp8,69,1
81780,CFG_8bfc9d62299c,zp8,69,1
81781,CFG_77c8b99b43d9,zp8,69,1
81782,CFG_ffde3ea1b2e3,zp8,69,1
81783,CFG_77c8b99b43d9,zp8,69,1
81784,CFG_d39c77a1a4bf,zp8,69,1
81785,CFG_773ac98270b6,zp8,69,1
81786,CFG_f18488ce1456,zp8,69,1
81787,CFG_deda15f4c4a8,zp8,69,1
81788,CFG_e87513c8563d,zp8,69,1
81789,CFG_39fe645ba2f1,zp8,69,1
81790,CFG_9178f775d49a,zp8,69,1
81791,CFG_77c8b99b43d9,zp8,69,1
81792,CFG_77c8b99b43d9,zp8,69,1
81793,CFG_77c8b99b43d9,zp8,69,1
81794,CFG_77c8b99b43d9,zp8,69,1
81795,CFG_77c8b99b43d9,zp8,69,1
81796,CFG_a34f76b67ef4,zp8,69,1
81797,CFG_77c8b99b43d9,zp8,69,1
81798,CFG_1738a11cbd49,zp8,69,1
81799,CFG_77c8b99b43d9,zp8,69,1
81800,CFG_67b539d34471,zp8,69,1
81801,CFG_77c8b99b43d9,zp8,69,1
81802,CFG_77c8b99b43d9,zp8,69,1
81803,CFG_29c3378e155b,zp8,69,1
81804,CFG_755205a28938,zp8,69,1
81805,CFG_77c8b99b43d9,zp8,69,1
81806,CFG_bd6412fc68b0,zp8,69,1
81807,CFG_67b539d34471,zp8,69,1
81808,CFG_8bfc9d62299c,zp8,69,1
81809,CFG_77c8b99b43d9,zp8,69,1
81810,CFG_ffde3ea1b2e3,zp8,69,1
81811,CFG_77c8b99b43d9,zp8,69,1
81812,CFG_67b539d34471,zp8,69,1
81813,CFG_c94b44f1b2f9,zp8,69,1
81814,CFG_755205a28938,zp8,69,1
81815,CFG_ac213567a5a2,zp8,69,1
81816,CFG_77c8b99b43d9,zp8,69,1
81817,CFG_77c8b99b43d9,zp8,69,1
81818,CFG_77c8b99b43d9,zp8,69,1
81819,CFG_77c8b99b43d9,zp8,69,1
81820,CFG_77c8b99b43d9,zp8,69,1
81821,CFG_a34f76b67ef4,zp8,69,1
81822,CFG_77c8b99b43d9,zp8,69,1
81823,CFG_1738a11cbd49,zp8,69,1
81824,CFG_77c8b99b43d9,zp8,69,1
81825,CFG_67b539d34471,zp8,69,1
81826,CFG_77c8b99b43d9,zp8,69,1
81827,CFG_77c8b99b43d9,zp8,69,1
81828,CFG_29c3378e155b,zp8,69,1
81829,CFG_755205a28938,zp8,69,1
81830,CFG_77c8b99b43d9,zp8,69,1
81831,CFG_bd6412fc68b0,zp8,69,1
81832,CFG_67b539d34471,zp8,69,1
81833,CFG_8bfc9d62299c,zp8,69,1
81834,CFG_77c8b99b43d9,zp8,69,1
81835,CFG_ffde3ea1b2e3,zp8,69,1
81836,CFG_77c8b99b43d9,zp8,69,1
81837,CFG_36f82e31118f,zp8,69,1
81838,CFG_5cd0c67d59bc,zp8,69,1
81839,CFG_f18488ce1456,zp8,69,1
81840,CFG_59aede929579,zp8,69,1
81841,CFG_e1e6e0c66c93,zp8,69,1
81842,CFG_112bf773e97d,zp8,69,1
81843,CFG_2154b722e06b,zp8,69,1
81844,CFG_625048fefa0b,zp8,69,1
81845,CFG_625048fefa0b,zp8,69,1
81846,CFG_be784e24b621,zp8,69,1
81847,CFG_5514d03a77b0,zp8,69,1
81848,CFG_9c659499047b,zp8,69,1
81849,CFG_be784e24b621,zp8,69,1
81850,CFG_db37bdfe8c71,zp8,69,1
81851,CFG_b8e6a5652de1,zp8,69,1
81852,CFG_7cd4c6b023c5,zp8,69,1
81853,CFG_cf541d0f8a3a,zp8,69,1
81854,CFG_29c3378e155b,zp8,69,1
81855,CFG_d0face5aa80d,zp8,69,1
81856,CFG_1ec55dc0a2ff,zp8,69,1
81857,CFG_be784e24b621,zp8,69,1
81858,CFG_112bf773e97d,zp8,69,1
81859,CFG_c910518048de,zp8,69,1
81860,CFG_a1ebd0490272,zp8,69,1
81861,CFG_ffde3ea1b2e3,zp8,69,1
81862,CFG_6caaadb373ea,zp8,69,1
81863,CFG_99b4d8a9c762,zp8,69,1
81864,CFG_8a3f0c7c09a9,zp8,69,1
81865,CFG_9c659499047b,zp8,69,1
81866,CFG_cc5bbb6e9d13,zp8,69,1
81867,CFG_e1e6e0c66c93,zp8,69,1
81868,CFG_6caaadb373ea,zp8,69,1
81869,CFG_755205a28938,zp8,69,1
81870,CFG_e1e6e0c66c93,zp8,69,1
81871,CFG_4cd2b98cde9e,zp8,69,1
81872,CFG_f18488ce1456,zp8,69,1
81873,CFG_8bfc9d62299c,zp8,69,1
81874,CFG_9178f775d49a,zp8,69,1
81875,CFG_8bfc9d62299c,zp8,69,1
81876,CFG_288ddbff7431,zp8,69,1
81877,CFG_67b539d34471,zp8,69,1
81878,CFG_e3950fd94ca1,zp8,69,1
81879,CFG_773ac98270b6,zp8,69,1
81880,CFG_275e4ca07248,zp8,69,1
81881,CFG_8a3f0c7c09a9,zp8,69,1
81882,CFG_b2a3cbb134c5,zp8,69,1
81883,CFG_db37bdfe8c71,zp8,69,1
81884,CFG_9178f775d49a,zp8,69,1
81885,CFG_f18488ce1456,zp8,69,1
81886,CFG_67b539d34471,zp8,69,1
81887,CFG_d96b0c9e44d0,zp8,69,1
81888,CFG_cf541d0f8a3a,zp8,69,1
81889,CFG_8a51f93d684d,zp8,69,1
81890,CFG_b2a3cbb134c5,zp8,69,1
81891,CFG_f18488ce1456,zp8,69,1
81892,CFG_b8e6a5652de1,zp8,69,1
81893,CFG_f993a0fc6256,zp8,69,1
81894,CFG_36f82e31118f,zp8,69,1
81895,CFG_d0face5aa80d,zp8,69,1
81896,CFG_8bfc9d62299c,zp8,69,1
81897,CFG_36f82e31118f,zp8,69,1
81898,CFG_67b539d34471,zp8,69,1
81899,CFG_d96b0c9e44d0,zp8,69,1
81900,CFG_b8e6a5652de1,zp8,69,1
81901,CFG_99b4d8a9c762,zp8,69,1
81902,CFG_755205a28938,zp8,69,1
81903,CFG_cf6528e23789,zp8,69,1
81904,CFG_17620e2785dc,zp8,69,1
81905,CFG_5cd0c67d59bc,zp8,69,1
81906,CFG_755205a28938,zp8,69,1
81907,CFG_d96b0c9e44d0,zp8,69,1
81908,CFG_a1d878e7d840,zp8,69,1
81909,CFG_ffde3ea1b2e3,zp8,69,1
81910,CFG_d0face5aa80d,zp8,69,1
81911,CFG_710c47edfbc8,zp8,69,1
81912,CFG_8bfc9d62299c,zp8,69,1
81913,CFG_65f78a36ed50,zp8,69,1
81914,CFG_29c3378e155b,zp8,69,1
81915,CFG_59f154754573,zp8,69,1
81916,CFG_3278d3379c8a,zp8,69,1
81917,CFG_dda2f907b868,zp8,69,1
81918,CFG_be784e24b621,zp8,69,1
81919,CFG_ffde3ea1b2e3,zp8,69,1
81920,CFG_e1e6e0c66c93,zp8,69,1
81921,CFG_29c3378e155b,zp8,69,1
81922,CFG_1e693796a40d,zp8,69,1
81923,CFG_1ec55dc0a2ff,zp8,69,1
81924,CFG_e3950fd94ca1,zp8,69,1
81925,CFG_9178f775d49a,zp8,69,1
81926,CFG_9178f775d49a,zp8,69,1
81927,CFG_d96b0c9e44d0,zp8,69,1
81928,CFG_3a3d7179fe0d,zp8,69,1
81929,CFG_b2a3cbb134c5,zp8,69,1
81930,CFG_29c3378e155b,zp8,69,1
81931,CFG_59f154754573,zp8,69,1
81932,CFG_f993a0fc6256,zp8,69,1
81933,CFG_67b539d34471,zp8,69,1
81934,CFG_deda15f4c4a8,zp8,69,1
81935,CFG_2534839bab0a,zp8,69,1
81936,CFG_67b539d34471,zp8,69,1
81937,CFG_e3950fd94ca1,zp8,69,1
81938,CFG_1738a11cbd49,zp8,69,1
81939,CFG_de29bb20eaa6,zp8,69,1
81940,CFG_8bfc9d62299c,zp8,69,1
81941,CFG_5cd0c67d59bc,zp8,69,1
81942,CFG_67b539d34471,zp8,69,1
81943,CFG_d96b0c9e44d0,zp8,69,1
81944,CFG_1ec55dc0a2ff,zp8,69,1
81945,CFG_8bfc9d62299c,zp8,69,1
81946,CFG_9178f775d49a,zp8,69,1
81947,CFG_9c659499047b,zp8,69,1
81948,CFG_e3950fd94ca1,zp8,69,1
81949,CFG_773ac98270b6,zp8,69,1
81950,CFG_9178f775d49a,zp8,69,1
81951,CFG_deda15f4c4a8,zp8,69,1
81952,CFG_b8e6a5652de1,zp8,69,1
81953,CFG_1ec55dc0a2ff,zp8,69,1
81954,CFG_36f82e31118f,zp8,69,1
81955,CFG_ceef49456daa,zp8,69,1
81956,CFG_b2a3cbb134c5,zp8,69,1
81957,CFG_3a3d7179fe0d,zp8,69,1
81958,CFG_637b6e72af93,zp8,69,1
81959,CFG_5cd0c67d59bc,zp8,69,1
81960,CFG_29c3378e155b,zp8,69,1
81961,CFG_77c8b99b43d9,zp8,69,1
81962,CFG_77c8b99b43d9,zp8,69,1
81963,CFG_77c8b99b43d9,zp8,69,1
81964,CFG_77c8b99b43d9,zp8,69,1
81965,CFG_77c8b99b43d9,zp8,69,1
81966,CFG_a34f76b67ef4,zp8,69,1
81967,CFG_77c8b99b43d9,zp8,69,1
81968,CFG_1738a11cbd49,zp8,69,1
81969,CFG_77c8b99b43d9,zp8,69,1
81970,CFG_67b539d34471,zp8,69,1
81971,CFG_77c8b99b43d9,zp8,69,1
81972,CFG_77c8b99b43d9,zp8,69,1
81973,CFG_29c3378e155b,zp8,69,1
81974,CFG_755205a28938,zp8,69,1
81975,CFG_77c8b99b43d9,zp8,69,1
81976,CFG_bd6412fc68b0,zp8,69,1
81977,CFG_67b539d34471,zp8,69,1
81978,CFG_8bfc9d62299c,zp8,69,1
81979,CFG_77c8b99b43d9,zp8,69,1
81980,CFG_ffde3ea1b2e3,zp8,69,1
81981,CFG_77c8b99b43d9,zp8,69,1
81982,CFG_67b539d34471,zp8,69,1
81983,CFG_c94b44f1b2f9,zp8,69,1
81984,CFG_755205a28938,zp8,69,1
81985,CFG_ac213567a5a2,zp8,69,1
81986,CFG_77c8b99b43d9,zp8,69,1
81987,CFG_77c8b99b43d9,zp8,69,1
81988,CFG_77c8b99b43d9,zp8,69,1
81989,CFG_77c8b99b43d9,zp8,69,1
81990,CFG_77c8b99b43d9,zp8,69,1
81991,CFG_a34f76b67ef4,zp8,69,1
81992,CFG_77c8b99b43d9,zp8,69,1
81993,CFG_1738a11cbd49,zp8,69,1
81994,CFG_77c8b99b43d9,zp8,69,1
81995,CFG_67b539d34471,zp8,69,1
81996,CFG_77c8b99b43d9,zp8,69,1
81997,CFG_77c8b99b43d9,zp8,69,1
81998,CFG_29c3378e155b,zp8,69,1
81999,CFG_755205a28938,zp8,69,1
82000,CFG_77c8b99b43d9,zp8,69,1
82001,CFG_bd6412fc68b0,zp8,70,1
82002,CFG_67b539d34471,zp8,70,1
82003,CFG_8bfc9d62299c,zp8,70,1
82004,CFG_77c8b99b43d9,zp8,70,1
82005,CFG_ffde3ea1b2e3,zp8,70,1
82006,CFG_77c8b99b43d9,zp8,70,1
82007,CFG_d96b0c9e44d0,zp8,70,1
82008,CFG_cf541d0f8a3a,zp8,70,1
82009,CFG_f18488ce1456,zp8,70,1
82010,CFG_67b539d34471,zp8,70,1
82011,CFG_5514d03a77b0,zp8,70,1
82012,CFG_a34f76b67ef4,zp8,70,1
82013,CFG_f18488ce1456,zp8,70,1
82014,CFG_1d0f84c0bb06,zp8,70,1
82015,CFG_1ec55dc0a2ff,zp8,70,1
82016,CFG_29c3378e155b,zp8,70,1
82017,CFG_f18488ce1456,zp8,70,1
82018,CFG_773ac98270b6,zp8,70,1
82019,CFG_77c8b99b43d9,zp8,70,1
82020,CFG_77c8b99b43d9,zp8,70,1
82021,CFG_77c8b99b43d9,zp8,70,1
82022,CFG_77c8b99b43d9,zp8,70,1
82023,CFG_77c8b99b43d9,zp8,70,1
82024,CFG_a34f76b67ef4,zp8,70,1
82025,CFG_77c8b99b43d9,zp8,70,1
82026,CFG_1738a11cbd49,zp8,70,1
82027,CFG_77c8b99b43d9,zp8,70,1
82028,CFG_67b539d34471,zp8,70,1
82029,CFG_77c8b99b43d9,zp8,70,1
82030,CFG_77c8b99b43d9,zp8,70,1
82031,CFG_29c3378e155b,zp8,70,1
82032,CFG_755205a28938,zp8,70,1
82033,CFG_77c8b99b43d9,zp8,70,1
82034,CFG_bd6412fc68b0,zp8,70,1
82035,CFG_67b539d34471,zp8,70,1
82036,CFG_8bfc9d62299c,zp8,70,1
82037,CFG_77c8b99b43d9,zp8,70,1
82038,CFG_ffde3ea1b2e3,zp8,70,1
82039,CFG_77c8b99b43d9,zp8,70,1
82040,CFG_67b539d34471,zp8,70,1
82041,CFG_c94b44f1b2f9,zp8,70,1
82042,CFG_755205a28938,zp8,70,1
82043,CFG_ac213567a5a2,zp8,70,1
82044,CFG_77c8b99b43d9,zp8,70,1
82045,CFG_77c8b99b43d9,zp8,70,1
82046,CFG_77c8b99b43d9,zp8,70,1
82047,CFG_77c8b99b43d9,zp8,70,1
82048,CFG_77c8b99b43d9,zp8,70,1
82049,CFG_a34f76b67ef4,zp8,70,1
82050,CFG_77c8b99b43d9,zp8,70,1
82051,CFG_1738a11cbd49,zp8,70,1
82052,CFG_77c8b99b43d9,zp8,70,1
82053,CFG_67b539d34471,zp8,70,1
82054,CFG_77c8b99b43d9,zp8,70,1
82055,CFG_77c8b99b43d9,zp8,70,1
82056,CFG_29c3378e155b,zp8,70,1
82057,CFG_755205a28938,zp8,70,1
82058,CFG_77c8b99b43d9,zp8,70,1
82059,CFG_bd6412fc68b0,zp8,70,1
82060,CFG_67b539d34471,zp8,70,1
82061,CFG_8bfc9d62299c,zp8,70,1
82062,CFG_77c8b99b43d9,zp8,70,1
82063,CFG_ffde3ea1b2e3,zp8,70,1
82064,CFG_77c8b99b43d9,zp8,70,1
82065,CFG_d39c77a1a4bf,zp8,70,1
82066,CFG_773ac98270b6,zp8,70,1
82067,CFG_f18488ce1456,zp8,70,1
82068,CFG_deda15f4c4a8,zp8,70,1
82069,CFG_e87513c8563d,zp8,70,1
82070,CFG_39fe645ba2f1,zp8,70,1
82071,CFG_9178f775d49a,zp8,70,1
82072,CFG_77c8b99b43d9,zp8,70,1
82073,CFG_77c8b99b43d9,zp8,70,1
82074,CFG_77c8b99b43d9,zp8,70,1
82075,CFG_77c8b99b43d9,zp8,70,1
82076,CFG_77c8b99b43d9,zp8,70,1
82077,CFG_a34f76b67ef4,zp8,70,1
82078,CFG_77c8b99b43d9,zp8,70,1
82079,CFG_1738a11cbd49,zp8,70,1
82080,CFG_77c8b99b43d9,zp8,70,1
82081,CFG_67b539d34471,zp8,70,1
82082,CFG_77c8b99b43d9,zp8,70,1
82083,CFG_77c8b99b43d9,zp8,70,1
82084,CFG_29c3378e155b,zp8,70,1
82085,CFG_755205a28938,zp8,70,1
82086,CFG_77c8b99b43d9,zp8,70,1
82087,CFG_bd6412fc68b0,zp8,70,1
82088,CFG_67b539d34471,zp8,70,1
82089,CFG_8bfc9d62299c,zp8,70,1
82090,CFG_77c8b99b43d9,zp8,70,1
82091,CFG_ffde3ea1b2e3,zp8,70,1
82092,CFG_77c8b99b43d9,zp8,70,1
82093,CFG_67b539d34471,zp8,70,1
82094,CFG_c94b44f1b2f9,zp8,70,1
82095,CFG_755205a28938,zp8,70,1
82096,CFG_ac213567a5a2,zp8,70,1
82097,CFG_77c8b99b43d9,zp8,70,1
82098,CFG_77c8b99b43d9,zp8,70,1
82099,CFG_77c8b99b43d9,zp8,70,1
82100,CFG_77c8b99b43d9,zp8,70,1
82101,CFG_77c8b99b43d9,zp8,70,1
82102,CFG_a34f76b67ef4,zp8,70,1
82103,CFG_77c8b99b43d9,zp8,70,1
82104,CFG_1738a11cbd49,zp8,70,1
82105,CFG_77c8b99b43d9,zp8,70,1
82106,CFG_67b539d34471,zp8,70,1
82107,CFG_77c8b99b43d9,zp8,70,1
82108,CFG_77c8b99b43d9,zp8,70,1
82109,CFG_29c3378e155b,zp8,70,1
82110,CFG_755205a28938,zp8,70,1
82111,CFG_77c8b99b43d9,zp8,70,1
82112,CFG_bd6412fc68b0,zp8,70,1
82113,CFG_67b539d34471,zp8,70,1
82114,CFG_8bfc9d62299c,zp8,70,1
82115,CFG_77c8b99b43d9,zp8,70,1
82116,CFG_ffde3ea1b2e3,zp8,70,1
82117,CFG_77c8b99b43d9,zp8,70,1
82118,CFG_be784e24b621,zp8,70,1
82119,CFG_cf541d0f8a3a,zp8,70,1
82120,CFG_77c8b99b43d9,zp8,70,1
82121,CFG_77c8b99b43d9,zp8,70,1
82122,CFG_77c8b99b43d9,zp8,70,1
82123,CFG_77c8b99b43d9,zp8,70,1
82124,CFG_77c8b99b43d9,zp8,70,1
82125,CFG_a34f76b67ef4,zp8,70,1
82126,CFG_77c8b99b43d9,zp8,70,1
82127,CFG_1738a11cbd49,zp8,70,1
82128,CFG_77c8b99b43d9,zp8,70,1
82129,CFG_67b539d34471,zp8,70,1
82130,CFG_77c8b99b43d9,zp8,70,1
82131,CFG_77c8b99b43d9,zp8,70,1
82132,CFG_29c3378e155b,zp8,70,1
82133,CFG_755205a28938,zp8,70,1
82134,CFG_77c8b99b43d9,zp8,70,1
82135,CFG_bd6412fc68b0,zp8,70,1
82136,CFG_67b539d34471,zp8,70,1
82137,CFG_8bfc9d62299c,zp8,70,1
82138,CFG_77c8b99b43d9,zp8,70,1
82139,CFG_ffde3ea1b2e3,zp8,70,1
82140,CFG_77c8b99b43d9,zp8,70,1
82141,CFG_67b539d34471,zp8,70,1
82142,CFG_c94b44f1b2f9,zp8,70,1
82143,CFG_755205a28938,zp8,70,1
82144,CFG_ac213567a5a2,zp8,70,1
82145,CFG_77c8b99b43d9,zp8,70,1
82146,CFG_77c8b99b43d9,zp8,70,1
82147,CFG_77c8b99b43d9,zp8,70,1
82148,CFG_77c8b99b43d9,zp8,70,1
82149,CFG_77c8b99b43d9,zp8,70,1
82150,CFG_a34f76b67ef4,zp8,70,1
82151,CFG_77c8b99b43d9,zp8,70,1
82152,CFG_1738a11cbd49,zp8,70,1
82153,CFG_77c8b99b43d9,zp8,70,1
82154,CFG_67b539d34471,zp8,70,1
82155,CFG_77c8b99b43d9,zp8,70,1
82156,CFG_77c8b99b43d9,zp8,70,1
82157,CFG_29c3378e155b,zp8,70,1
82158,CFG_755205a28938,zp8,70,1
82159,CFG_77c8b99b43d9,zp8,70,1
82160,CFG_bd6412fc68b0,zp8,70,1
82161,CFG_67b539d34471,zp8,70,1
82162,CFG_8bfc9d62299c,zp8,70,1
82163,CFG_77c8b99b43d9,zp8,70,1
82164,CFG_ffde3ea1b2e3,zp8,70,1
82165,CFG_77c8b99b43d9,zp8,70,1
82166,CFG_d96b0c9e44d0,zp8,70,1
82167,CFG_cf541d0f8a3a,zp8,70,1
82168,CFG_f18488ce1456,zp8,70,1
82169,CFG_67b539d34471,zp8,70,1
82170,CFG_5514d03a77b0,zp8,70,1
82171,CFG_a34f76b67ef4,zp8,70,1
82172,CFG_f18488ce1456,zp8,70,1
82173,CFG_1d0f84c0bb06,zp8,70,1
82174,CFG_1ec55dc0a2ff,zp8,70,1
82175,CFG_29c3378e155b,zp8,70,1
82176,CFG_f18488ce1456,zp8,70,1
82177,CFG_773ac98270b6,zp8,70,1
82178,CFG_77c8b99b43d9,zp8,70,1
82179,CFG_77c8b99b43d9,zp8,70,1
82180,CFG_77c8b99b43d9,zp8,70,1
82181,CFG_77c8b99b43d9,zp8,70,1
82182,CFG_77c8b99b43d9,zp8,70,1
82183,CFG_a34f76b67ef4,zp8,70,1
82184,CFG_77c8b99b43d9,zp8,70,1
82185,CFG_1738a11cbd49,zp8,70,1
82186,CFG_77c8b99b43d9,zp8,70,1
82187,CFG_67b539d34471,zp8,70,1
82188,CFG_77c8b99b43d9,zp8,70,1
82189,CFG_77c8b99b43d9,zp8,70,1
82190,CFG_29c3378e155b,zp8,70,1
82191,CFG_755205a28938,zp8,70,1
82192,CFG_77c8b99b43d9,zp8,70,1
82193,CFG_bd6412fc68b0,zp8,70,1
82194,CFG_67b539d34471,zp8,70,1
82195,CFG_8bfc9d62299c,zp8,70,1
82196,CFG_77c8b99b43d9,zp8,70,1
82197,CFG_ffde3ea1b2e3,zp8,70,1
82198,CFG_77c8b99b43d9,zp8,70,1
82199,CFG_67b539d34471,zp8,70,1
82200,CFG_c94b44f1b2f9,zp8,70,1
82201,CFG_755205a28938,zp8,70,1
82202,CFG_ac213567a5a2,zp8,70,1
82203,CFG_77c8b99b43d9,zp8,70,1
82204,CFG_77c8b99b43d9,zp8,70,1
82205,CFG_77c8b99b43d9,zp8,70,1
82206,CFG_77c8b99b43d9,zp8,70,1
82207,CFG_77c8b99b43d9,zp8,70,1
82208,CFG_a34f76b67ef4,zp8,70,1
82209,CFG_77c8b99b43d9,zp8,70,1
82210,CFG_1738a11cbd49,zp8,70,1
82211,CFG_77c8b99b43d9,zp8,70,1
82212,CFG_67b539d34471,zp8,70,1
82213,CFG_77c8b99b43d9,zp8,70,1
82214,CFG_77c8b99b43d9,zp8,70,1
82215,CFG_29c3378e155b,zp8,70,1
82216,CFG_755205a28938,zp8,70,1
82217,CFG_77c8b99b43d9,zp8,70,1
82218,CFG_bd6412fc68b0,zp8,70,1
82219,CFG_67b539d34471,zp8,70,1
82220,CFG_8bfc9d62299c,zp8,70,1
82221,CFG_77c8b99b43d9,zp8,70,1
82222,CFG_ffde3ea1b2e3,zp8,70,1
82223,CFG_77c8b99b43d9,zp8,70,1
82224,CFG_d39c77a1a4bf,zp8,70,1
82225,CFG_773ac98270b6,zp8,70,1
82226,CFG_f18488ce1456,zp8,70,1
82227,CFG_deda15f4c4a8,zp8,70,1
82228,CFG_e87513c8563d,zp8,70,1
82229,CFG_39fe645ba2f1,zp8,70,1
82230,CFG_9178f775d49a,zp8,70,1
82231,CFG_77c8b99b43d9,zp8,70,1
82232,CFG_77c8b99b43d9,zp8,70,1
82233,CFG_77c8b99b43d9,zp8,70,1
82234,CFG_77c8b99b43d9,zp8,70,1
82235,CFG_77c8b99b43d9,zp8,70,1
82236,CFG_a34f76b67ef4,zp8,70,1
82237,CFG_77c8b99b43d9,zp8,70,1
82238,CFG_1738a11cbd49,zp8,70,1
82239,CFG_77c8b99b43d9,zp8,70,1
82240,CFG_67b539d34471,zp8,70,1
82241,CFG_77c8b99b43d9,zp8,70,1
82242,CFG_77c8b99b43d9,zp8,70,1
82243,CFG_29c3378e155b,zp8,70,1
82244,CFG_755205a28938,zp8,70,1
82245,CFG_77c8b99b43d9,zp8,70,1
82246,CFG_bd6412fc68b0,zp8,70,1
82247,CFG_67b539d34471,zp8,70,1
82248,CFG_8bfc9d62299c,zp8,70,1
82249,CFG_77c8b99b43d9,zp8,70,1
82250,CFG_ffde3ea1b2e3,zp8,70,1
82251,CFG_77c8b99b43d9,zp8,70,1
82252,CFG_67b539d34471,zp8,70,1
82253,CFG_c94b44f1b2f9,zp8,70,1
82254,CFG_755205a28938,zp8,70,1
82255,CFG_ac213567a5a2,zp8,70,1
82256,CFG_77c8b99b43d9,zp8,70,1
82257,CFG_77c8b99b43d9,zp8,70,1
82258,CFG_77c8b99b43d9,zp8,70,1
82259,CFG_77c8b99b43d9,zp8,70,1
82260,CFG_77c8b99b43d9,zp8,70,1
82261,CFG_a34f76b67ef4,zp8,70,1
82262,CFG_77c8b99b43d9,zp8,70,1
82263,CFG_1738a11cbd49,zp8,70,1
82264,CFG_77c8b99b43d9,zp8,70,1
82265,CFG_67b539d34471,zp8,70,1
82266,CFG_77c8b99b43d9,zp8,70,1
82267,CFG_77c8b99b43d9,zp8,70,1
82268,CFG_29c3378e155b,zp8,70,1
82269,CFG_755205a28938,zp8,70,1
82270,CFG_77c8b99b43d9,zp8,70,1
82271,CFG_bd6412fc68b0,zp8,70,1
82272,CFG_67b539d34471,zp8,70,1
82273,CFG_8bfc9d62299c,zp8,70,1
82274,CFG_77c8b99b43d9,zp8,70,1
82275,CFG_ffde3ea1b2e3,zp8,70,1
82276,CFG_77c8b99b43d9,zp8,70,1
82277,CFG_29c3378e155b,zp8,70,1
82278,CFG_2154b722e06b,zp8,70,1
82279,CFG_3a3d7179fe0d,zp8,70,1
82280,CFG_e3386d946379,zp8,70,1
82281,CFG_b0eabb76b70f,zp8,70,1
82282,CFG_cf541d0f8a3a,zp8,70,1
82283,CFG_36f82e31118f,zp8,70,1
82284,CFG_6caaadb373ea,zp8,70,1
82285,CFG_773ac98270b6,zp8,70,1
82286,CFG_710c47edfbc8,zp8,70,1
82287,CFG_939ca62c69c2,zp8,70,1
82288,CFG_1ec55dc0a2ff,zp8,70,1
82289,CFG_de29bb20eaa6,zp8,70,1
82290,CFG_17620e2785dc,zp8,70,1
82291,CFG_f18488ce1456,zp8,70,1
82292,CFG_8a51f93d684d,zp8,70,1
82293,CFG_cc5bbb6e9d13,zp8,70,1
82294,CFG_deda15f4c4a8,zp8,70,1
82295,CFG_c910518048de,zp8,70,1
82296,CFG_5514d03a77b0,zp8,70,1
82297,CFG_b2a3cbb134c5,zp8,70,1
82298,CFG_288ddbff7431,zp8,70,1
82299,CFG_acabbc62a021,zp8,70,1
82300,CFG_5514d03a77b0,zp8,70,1
82301,CFG_9c659499047b,zp8,70,1
82302,CFG_e1e6e0c66c93,zp8,70,1
82303,CFG_b2a3cbb134c5,zp8,70,1
82304,CFG_17620e2785dc,zp8,70,1
82305,CFG_a34f76b67ef4,zp8,70,1
82306,CFG_be784e24b621,zp8,70,1
82307,CFG_e1e6e0c66c93,zp8,70,1
82308,CFG_be784e24b621,zp8,70,1
82309,CFG_d39c77a1a4bf,zp8,70,1
82310,CFG_773ac98270b6,zp8,70,1
82311,CFG_f18488ce1456,zp8,70,1
82312,CFG_deda15f4c4a8,zp8,70,1
82313,CFG_e87513c8563d,zp8,70,1
82314,CFG_39fe645ba2f1,zp8,70,1
82315,CFG_9178f775d49a,zp8,70,1
82316,CFG_8a51f93d684d,zp8,70,1
82317,CFG_7fa53b7ab3bf,zp8,70,1
82318,CFG_a1d878e7d840,zp8,70,1
82319,CFG_3278d3379c8a,zp8,70,1
82320,CFG_17620e2785dc,zp8,70,1
82321,CFG_36f82e31118f,zp8,70,1
82322,CFG_8a51f93d684d,zp8,70,1
82323,CFG_3278d3379c8a,zp8,70,1
82324,CFG_17620e2785dc,zp8,70,1
82325,CFG_d96b0c9e44d0,zp8,70,1
82326,CFG_59aede929579,zp8,70,1
82327,CFG_e3950fd94ca1,zp8,70,1
82328,CFG_be784e24b621,zp8,70,1
82329,CFG_7cd4c6b023c5,zp8,70,1
82330,CFG_5be0533f7ebf,zp8,70,1
82331,CFG_8bfc9d62299c,zp8,70,1
82332,CFG_1ec55dc0a2ff,zp8,70,1
82333,CFG_d39c77a1a4bf,zp8,70,1
82334,CFG_d7aadf87f0b1,zp8,70,1
82335,CFG_9c659499047b,zp8,70,1
82336,CFG_67b539d34471,zp8,70,1
82337,CFG_1e693796a40d,zp8,70,1
82338,CFG_67b539d34471,zp8,70,1
82339,CFG_e1e6e0c66c93,zp8,70,1
82340,CFG_f18488ce1456,zp8,70,1
82341,CFG_7fa53b7ab3bf,zp8,70,1
82342,CFG_cf541d0f8a3a,zp8,70,1
82343,CFG_7155e4ee7bdf,zp8,70,1
82344,CFG_e3950fd94ca1,zp8,70,1
82345,CFG_f18488ce1456,zp8,70,1
82346,CFG_9c659499047b,zp8,70,1
82347,CFG_7cd4c6b023c5,zp8,70,1
82348,CFG_bd6412fc68b0,zp8,70,1
82349,CFG_c910518048de,zp8,70,1
82350,CFG_67b539d34471,zp8,70,1
82351,CFG_d96b0c9e44d0,zp8,70,1
82352,CFG_be784e24b621,zp8,70,1
82353,CFG_e1e6e0c66c93,zp8,70,1
82354,CFG_8a51f93d684d,zp8,70,1
82355,CFG_e1e6e0c66c93,zp8,70,1
82356,CFG_275e4ca07248,zp8,70,1
82357,CFG_3278d3379c8a,zp8,70,1
82358,CFG_b2a3cbb134c5,zp8,70,1
82359,CFG_ffde3ea1b2e3,zp8,70,1
82360,CFG_c910518048de,zp8,70,1
82361,CFG_3a3d7179fe0d,zp8,70,1
82362,CFG_ac213567a5a2,zp8,70,1
82363,CFG_be784e24b621,zp8,70,1
82364,CFG_59f154754573,zp8,70,1
82365,CFG_a292c20a75fd,zp8,70,1
82366,CFG_710c47edfbc8,zp8,70,1
82367,CFG_e3950fd94ca1,zp8,70,1
82368,CFG_1738a11cbd49,zp8,70,1
82369,CFG_1ec55dc0a2ff,zp8,70,1
82370,CFG_1ec55dc0a2ff,zp8,70,1
82371,CFG_f18488ce1456,zp8,70,1
82372,CFG_f18488ce1456,zp8,70,1
82373,CFG_deda15f4c4a8,zp8,70,1
82374,CFG_db37bdfe8c71,zp8,70,1
82375,CFG_5514d03a77b0,zp8,70,1
82376,CFG_b2a3cbb134c5,zp8,70,1
82377,CFG_67b539d34471,zp8,70,1
82378,CFG_9178f775d49a,zp8,70,1
82379,CFG_b2a3cbb134c5,zp8,70,1
82380,CFG_939ca62c69c2,zp8,70,1
82381,CFG_532891bb36ca,zp8,70,1
82382,CFG_9c659499047b,zp8,70,1
82383,CFG_bbea204eb2ac,zp8,70,1
82384,CFG_17620e2785dc,zp8,70,1
82385,CFG_67b539d34471,zp8,70,1
82386,CFG_9178f775d49a,zp8,70,1
82387,CFG_773ac98270b6,zp8,70,1
82388,CFG_f18488ce1456,zp8,70,1
82389,CFG_b2a3cbb134c5,zp8,70,1
82390,CFG_cc5bbb6e9d13,zp8,70,1
82391,CFG_e87513c8563d,zp8,70,1
82392,CFG_7cd4c6b023c5,zp8,70,1
82393,CFG_b2a3cbb134c5,zp8,70,1
82394,CFG_3a3d7179fe0d,zp8,70,1
82395,CFG_de29bb20eaa6,zp8,70,1
82396,CFG_17620e2785dc,zp8,70,1
82397,CFG_cf541d0f8a3a,zp8,70,1
82398,CFG_ac213567a5a2,zp8,70,1
82399,CFG_f993a0fc6256,zp8,70,1
82400,CFG_d7aadf87f0b1,zp8,70,1
82401,CFG_755205a28938,zp8,70,1
82402,CFG_802041076799,zp8,70,1
82403,CFG_7fa53b7ab3bf,zp8,70,1
82404,CFG_deda15f4c4a8,zp8,70,1
82405,CFG_5cd0c67d59bc,zp8,70,1
82406,CFG_cf541d0f8a3a,zp8,70,1
82407,CFG_e3950fd94ca1,zp8,70,1
82408,CFG_275e4ca07248,zp8,70,1
82409,CFG_532891bb36ca,zp8,70,1
82410,CFG_b2a3cbb134c5,zp8,70,1
82411,CFG_1ec55dc0a2ff,zp8,70,1
82412,CFG_f18488ce1456,zp8,70,1
82413,CFG_d7aadf87f0b1,zp8,70,1
82414,CFG_710c47edfbc8,zp8,70,1
82415,CFG_f18488ce1456,zp8,70,1
82416,CFG_9c659499047b,zp8,70,1
82417,CFG_2154b722e06b,zp8,70,1
82418,CFG_bd6412fc68b0,zp8,70,1
82419,CFG_9178f775d49a,zp8,70,1
82420,CFG_d39c77a1a4bf,zp8,70,1
82421,CFG_8a51f93d684d,zp8,70,1
82422,CFG_59aede929579,zp8,70,1
82423,CFG_a34f76b67ef4,zp8,70,1
82424,CFG_5cd0c67d59bc,zp8,70,1
82425,CFG_710c47edfbc8,zp8,70,1
82426,CFG_de29bb20eaa6,zp8,70,1
82427,CFG_29c3378e155b,zp8,70,1
82428,CFG_f18488ce1456,zp8,70,1
82429,CFG_727914633b9e,zp8,70,1
82430,CFG_710c47edfbc8,zp8,70,1
82431,CFG_2154b722e06b,zp8,70,1
82432,CFG_9178f775d49a,zp8,70,1
82433,CFG_8a51f93d684d,zp8,70,1
82434,CFG_8a3f0c7c09a9,zp8,70,1
82435,CFG_f18488ce1456,zp8,70,1
82436,CFG_5cd0c67d59bc,zp8,70,1
82437,CFG_8a51f93d684d,zp8,70,1
82438,CFG_3697b100c401,zp8,70,1
82439,CFG_deda15f4c4a8,zp8,70,1
82440,CFG_9c659499047b,zp8,70,1
82441,CFG_b2a3cbb134c5,zp8,70,1
82442,CFG_8a51f93d684d,zp8,70,1
82443,CFG_2154b722e06b,zp8,70,1
82444,CFG_d96b0c9e44d0,zp8,70,1
82445,CFG_36f82e31118f,zp8,70,1
82446,CFG_3278d3379c8a,zp8,70,1
82447,CFG_be784e24b621,zp8,70,1
82448,CFG_a1d878e7d840,zp8,70,1
82449,CFG_cf541d0f8a3a,zp8,70,1
82450,CFG_f18488ce1456,zp8,70,1
82451,CFG_be784e24b621,zp8,70,1
82452,CFG_d7aadf87f0b1,zp8,70,1
82453,CFG_be784e24b621,zp8,70,1
82454,CFG_deda15f4c4a8,zp8,70,1
82455,CFG_1ec55dc0a2ff,zp8,70,1
82456,CFG_99b4d8a9c762,zp8,70,1
82457,CFG_773ac98270b6,zp8,70,1
82458,CFG_d0face5aa80d,zp8,70,1
82459,CFG_17620e2785dc,zp8,70,1
82460,CFG_8bfc9d62299c,zp8,70,1
82461,CFG_d96b0c9e44d0,zp8,70,1
82462,CFG_1ec55dc0a2ff,zp8,70,1
82463,CFG_b2a3cbb134c5,zp8,70,1
82464,CFG_be784e24b621,zp8,70,1
82465,CFG_939ca62c69c2,zp8,70,1
82466,CFG_f18488ce1456,zp8,70,1
82467,CFG_bd6412fc68b0,zp8,70,1
82468,CFG_7fa53b7ab3bf,zp8,70,1
82469,CFG_8a51f93d684d,zp8,70,1
82470,CFG_1ec55dc0a2ff,zp8,70,1
82471,CFG_9c659499047b,zp8,70,1
82472,CFG_e3950fd94ca1,zp8,70,1
82473,CFG_f993a0fc6256,zp8,70,1
82474,CFG_e87513c8563d,zp8,70,1
82475,CFG_710c47edfbc8,zp8,70,1
82476,CFG_f18488ce1456,zp8,70,1
82477,CFG_3a3d7179fe0d,zp8,70,1
82478,CFG_b2a3cbb134c5,zp8,70,1
82479,CFG_8a51f93d684d,zp8,70,1
82480,CFG_d7aadf87f0b1,zp8,70,1
82481,CFG_b8e6a5652de1,zp8,70,1
82482,CFG_1ec55dc0a2ff,zp8,70,1
82483,CFG_9c659499047b,zp8,70,1
82484,CFG_f18488ce1456,zp8,70,1
82485,CFG_29c3378e155b,zp8,70,1
82486,CFG_9178f775d49a,zp8,70,1
82487,CFG_29c3378e155b,zp8,70,1
82488,CFG_cf541d0f8a3a,zp8,70,1
82489,CFG_deda15f4c4a8,zp8,70,1
82490,CFG_e1e6e0c66c93,zp8,70,1
82491,CFG_be784e24b621,zp8,70,1
82492,CFG_532891bb36ca,zp8,70,1
82493,CFG_29c3378e155b,zp8,70,1
82494,CFG_cf541d0f8a3a,zp8,70,1
82495,CFG_deda15f4c4a8,zp8,70,1
82496,CFG_773ac98270b6,zp8,70,1
82497,CFG_be784e24b621,zp8,70,1
82498,CFG_e87513c8563d,zp8,70,1
82499,CFG_f18488ce1456,zp8,70,1
82500,CFG_ceef49456daa,zp8,70,1
82501,CFG_d96b0c9e44d0,zp8,70,1
82502,CFG_1d0f84c0bb06,zp8,70,1
82503,CFG_275e4ca07248,zp8,70,1
82504,CFG_39fe645ba2f1,zp8,70,1
82505,CFG_59f154754573,zp8,70,1
82506,CFG_ceef49456daa,zp8,70,1
82507,CFG_d96b0c9e44d0,zp8,70,1
82508,CFG_5514d03a77b0,zp8,70,1
82509,CFG_de29bb20eaa6,zp8,70,1
82510,CFG_3a3d7179fe0d,zp8,70,1
82511,CFG_8bfc9d62299c,zp8,70,1
82512,CFG_d96b0c9e44d0,zp8,70,1
82513,CFG_ac213567a5a2,zp8,70,1
82514,CFG_773ac98270b6,zp8,70,1
82515,CFG_939ca62c69c2,zp8,70,1
82516,CFG_5cd0c67d59bc,zp8,70,1
82517,CFG_17620e2785dc,zp8,70,1
82518,CFG_b8e6a5652de1,zp8,70,1
82519,CFG_3278d3379c8a,zp8,70,1
82520,CFG_b2a3cbb134c5,zp8,70,1
82521,CFG_1e693796a40d,zp8,70,1
82522,CFG_3278d3379c8a,zp8,70,1
82523,CFG_59f154754573,zp8,70,1
82524,CFG_deda15f4c4a8,zp8,70,1
82525,CFG_b2a3cbb134c5,zp8,70,1
82526,CFG_e3386d946379,zp8,70,1
82527,CFG_39fe645ba2f1,zp8,70,1
82528,CFG_de29bb20eaa6,zp8,70,1
82529,CFG_29c3378e155b,zp8,70,1
82530,CFG_9c659499047b,zp8,70,1
82531,CFG_8bfc9d62299c,zp8,70,1
82532,CFG_9178f775d49a,zp8,70,1
82533,CFG_cf541d0f8a3a,zp8,70,1
82534,CFG_f18488ce1456,zp8,70,1
82535,CFG_710c47edfbc8,zp8,70,1
82536,CFG_cf541d0f8a3a,zp8,70,1
82537,CFG_755205a28938,zp8,70,1
82538,CFG_29c3378e155b,zp8,70,1
82539,CFG_1e693796a40d,zp8,70,1
82540,CFG_755205a28938,zp8,70,1
82541,CFG_e1e6e0c66c93,zp8,70,1
82542,CFG_bbea204eb2ac,zp8,70,1
82543,CFG_f18488ce1456,zp8,70,1
82544,CFG_36f82e31118f,zp8,70,1
82545,CFG_8bfc9d62299c,zp8,70,1
82546,CFG_8bfc9d62299c,zp8,70,1
82547,CFG_7cd4c6b023c5,zp8,70,1
82548,CFG_be784e24b621,zp8,70,1
82549,CFG_67b539d34471,zp8,70,1
82550,CFG_17620e2785dc,zp8,70,1
82551,CFG_275e4ca07248,zp8,70,1
82552,CFG_b2a3cbb134c5,zp8,70,1
82553,CFG_36f82e31118f,zp8,70,1
82554,CFG_1738a11cbd49,zp8,70,1
82555,CFG_5cd0c67d59bc,zp8,70,1
82556,CFG_3a3d7179fe0d,zp8,70,1
82557,CFG_939ca62c69c2,zp8,70,1
82558,CFG_755205a28938,zp8,70,1
82559,CFG_b2a3cbb134c5,zp8,70,1
82560,CFG_275e4ca07248,zp8,70,1
82561,CFG_f993a0fc6256,zp8,70,1
82562,CFG_939ca62c69c2,zp8,70,1
82563,CFG_5514d03a77b0,zp8,70,1
82564,CFG_f18488ce1456,zp8,70,1
82565,CFG_e3950fd94ca1,zp8,70,1
82566,CFG_8a51f93d684d,zp8,70,1
82567,CFG_7155e4ee7bdf,zp8,70,1
82568,CFG_1ec55dc0a2ff,zp8,70,1
82569,CFG_29c3378e155b,zp8,70,1
82570,CFG_3a3d7179fe0d,zp8,70,1
82571,CFG_67b539d34471,zp8,70,1
82572,CFG_b2a3cbb134c5,zp8,70,1
82573,CFG_532891bb36ca,zp8,70,1
82574,CFG_be784e24b621,zp8,70,1
82575,CFG_3e489afc8bfd,zp8,70,1
82576,CFG_b2a3cbb134c5,zp8,70,1
82577,CFG_b8e6a5652de1,zp8,70,1
82578,CFG_b0eabb76b70f,zp8,70,1
82579,CFG_36f82e31118f,zp8,70,1
82580,CFG_d96b0c9e44d0,zp8,70,1
82581,CFG_de29bb20eaa6,zp8,70,1
82582,CFG_b2a3cbb134c5,zp8,70,1
82583,CFG_dda2f907b868,zp8,70,1
82584,CFG_9c659499047b,zp8,70,1
82585,CFG_67b539d34471,zp8,70,1
82586,CFG_b04e3d146803,zp8,70,1
82587,CFG_e1e6e0c66c93,zp8,70,1
82588,CFG_deda15f4c4a8,zp8,70,1
82589,CFG_939ca62c69c2,zp8,70,1
82590,CFG_112bf773e97d,zp8,70,1
82591,CFG_3a3d7179fe0d,zp8,70,1
82592,CFG_773ac98270b6,zp8,70,1
82593,CFG_1ec55dc0a2ff,zp8,70,1
82594,CFG_5514d03a77b0,zp8,70,1
82595,CFG_6caaadb373ea,zp8,70,1
82596,CFG_710c47edfbc8,zp8,70,1
82597,CFG_b2a3cbb134c5,zp8,70,1
82598,CFG_2154b722e06b,zp8,70,1
82599,CFG_d96b0c9e44d0,zp8,70,1
82600,CFG_17620e2785dc,zp8,70,1
82601,CFG_e3386d946379,zp8,70,1
82602,CFG_be784e24b621,zp8,70,1
82603,CFG_deda15f4c4a8,zp8,70,1
82604,CFG_cf541d0f8a3a,zp8,70,1
82605,CFG_ffde3ea1b2e3,zp8,70,1
82606,CFG_59f154754573,zp8,70,1
82607,CFG_ffde3ea1b2e3,zp8,70,1
82608,CFG_99b4d8a9c762,zp8,70,1
82609,CFG_5be0533f7ebf,zp8,70,1
82610,CFG_d96b0c9e44d0,zp8,70,1
82611,CFG_be784e24b621,zp8,70,1
82612,CFG_be784e24b621,zp8,70,1
82613,CFG_5cd0c67d59bc,zp8,70,1
82614,CFG_3a3d7179fe0d,zp8,70,1
82615,CFG_2154b722e06b,zp8,70,1
82616,CFG_d96b0c9e44d0,zp8,70,1
82617,CFG_67b539d34471,zp8,70,1
82618,CFG_1ec55dc0a2ff,zp8,70,1
82619,CFG_b2a3cbb134c5,zp8,70,1
82620,CFG_8bfc9d62299c,zp8,70,1
82621,CFG_3a3d7179fe0d,zp8,70,1
82622,CFG_9c659499047b,zp8,70,1
82623,CFG_5cd0c67d59bc,zp8,70,1
82624,CFG_65f78a36ed50,zp8,70,1
82625,CFG_99b4d8a9c762,zp8,70,1
82626,CFG_58ae56c3ee5b,zp8,70,1
82627,CFG_99b4d8a9c762,zp8,70,1
82628,CFG_bd6412fc68b0,zp8,70,1
82629,CFG_a1d878e7d840,zp8,70,1
82630,CFG_9178f775d49a,zp8,70,1
82631,CFG_e87513c8563d,zp8,70,1
82632,CFG_710c47edfbc8,zp8,70,1
82633,CFG_cf6528e23789,zp8,70,1
82634,CFG_d39c77a1a4bf,zp8,70,1
82635,CFG_e3950fd94ca1,zp8,70,1
82636,CFG_59aede929579,zp8,70,1
82637,CFG_67b539d34471,zp8,70,1
82638,CFG_1738a11cbd49,zp8,70,1
82639,CFG_5cd0c67d59bc,zp8,70,1
82640,CFG_dda2f907b868,zp8,70,1
82641,CFG_acabbc62a021,zp8,70,1
82642,CFG_9178f775d49a,zp8,70,1
82643,CFG_ac213567a5a2,zp8,70,1
82644,CFG_7cd4c6b023c5,zp8,70,1
82645,CFG_9178f775d49a,zp8,70,1
82646,CFG_939ca62c69c2,zp8,70,1
82647,CFG_36f82e31118f,zp8,70,1
82648,CFG_8a51f93d684d,zp8,70,1
82649,CFG_b2a3cbb134c5,zp8,70,1
82650,CFG_1738a11cbd49,zp8,70,1
82651,CFG_de29bb20eaa6,zp8,70,1
82652,CFG_59f154754573,zp8,70,1
82653,CFG_b2a3cbb134c5,zp8,70,1
82654,CFG_59f154754573,zp8,70,1
82655,CFG_39fe645ba2f1,zp8,70,1
82656,CFG_8a51f93d684d,zp8,70,1
82657,CFG_67b539d34471,zp8,70,1
82658,CFG_cf6528e23789,zp8,70,1
82659,CFG_67b539d34471,zp8,70,1
82660,CFG_2154b722e06b,zp8,70,1
82661,CFG_9c659499047b,zp8,70,1
82662,CFG_b0eabb76b70f,zp8,70,1
82663,CFG_cf541d0f8a3a,zp8,70,1
82664,CFG_3e489afc8bfd,zp8,70,1
82665,CFG_67b539d34471,zp8,70,1
82666,CFG_8a51f93d684d,zp8,70,1
82667,CFG_e1e6e0c66c93,zp8,70,1
82668,CFG_29c3378e155b,zp8,70,1
82669,CFG_bd6412fc68b0,zp8,70,1
82670,CFG_939ca62c69c2,zp8,70,1
82671,CFG_deda15f4c4a8,zp8,70,1
82672,CFG_5531dad98c69,zp8,70,1
82673,CFG_59aede929579,zp8,70,1
82674,CFG_8bfc9d62299c,zp8,70,1
82675,CFG_36f82e31118f,zp8,70,1
82676,CFG_773ac98270b6,zp8,70,1
82677,CFG_e1e6e0c66c93,zp8,70,1
82678,CFG_9178f775d49a,zp8,70,1
82679,CFG_b04e3d146803,zp8,70,1
82680,CFG_9178f775d49a,zp8,70,1
82681,CFG_1e693796a40d,zp8,70,1
82682,CFG_29c3378e155b,zp8,70,1
82683,CFG_1ec55dc0a2ff,zp8,70,1
82684,CFG_773ac98270b6,zp8,70,1
82685,CFG_cdb458536382,zp8,70,1
82686,CFG_7155e4ee7bdf,zp8,70,1
82687,CFG_36f82e31118f,zp8,70,1
82688,CFG_3a3d7179fe0d,zp8,70,1
82689,CFG_a1ebd0490272,zp8,70,1
82690,CFG_99b4d8a9c762,zp8,70,1
82691,CFG_cc5bbb6e9d13,zp8,70,1
82692,CFG_be784e24b621,zp8,70,1
82693,CFG_8a51f93d684d,zp8,70,1
82694,CFG_710c47edfbc8,zp8,70,1
82695,CFG_ffde3ea1b2e3,zp8,70,1
82696,CFG_67b539d34471,zp8,70,1
82697,CFG_1ec55dc0a2ff,zp8,70,1
82698,CFG_3a3d7179fe0d,zp8,70,1
82699,CFG_d96b0c9e44d0,zp8,70,1
82700,CFG_3278d3379c8a,zp8,70,1
82701,CFG_f18488ce1456,zp8,70,1
82702,CFG_7cd4c6b023c5,zp8,70,1
82703,CFG_b2a3cbb134c5,zp8,70,1
82704,CFG_e1e6e0c66c93,zp8,70,1
82705,CFG_a9714f85f877,zp8,70,1
82706,CFG_773ac98270b6,zp8,70,1
82707,CFG_deda15f4c4a8,zp8,70,1
82708,CFG_36f82e31118f,zp8,70,1
82709,CFG_9c659499047b,zp8,70,1
82710,CFG_67b539d34471,zp8,70,1
82711,CFG_17620e2785dc,zp8,70,1
82712,CFG_d0face5aa80d,zp8,70,1
82713,CFG_b2bb984b770a,zp8,70,1
82714,CFG_e1e6e0c66c93,zp8,70,1
82715,CFG_f18488ce1456,zp8,70,1
82716,CFG_3a3d7179fe0d,zp8,70,1
82717,CFG_67b539d34471,zp8,70,1
82718,CFG_9178f775d49a,zp8,70,1
82719,CFG_5cd0c67d59bc,zp8,70,1
82720,CFG_67b539d34471,zp8,70,1
82721,CFG_acabbc62a021,zp8,70,1
82722,CFG_e3386d946379,zp8,70,1
82723,CFG_7fa53b7ab3bf,zp8,70,1
82724,CFG_8a51f93d684d,zp8,70,1
82725,CFG_8bfc9d62299c,zp8,70,1
82726,CFG_b8e6a5652de1,zp8,70,1
82727,CFG_2154b722e06b,zp8,70,1
82728,CFG_e87513c8563d,zp8,70,1
82729,CFG_d7aadf87f0b1,zp8,70,1
82730,CFG_67b539d34471,zp8,70,1
82731,CFG_b8e6a5652de1,zp8,70,1
82732,CFG_7fa53b7ab3bf,zp8,70,1
82733,CFG_f18488ce1456,zp8,70,1
82734,CFG_67b539d34471,zp8,70,1
82735,CFG_5cd0c67d59bc,zp8,70,1
82736,CFG_773ac98270b6,zp8,70,1
82737,CFG_5514d03a77b0,zp8,70,1
82738,CFG_8bfc9d62299c,zp8,70,1
82739,CFG_a34f76b67ef4,zp8,70,1
82740,CFG_f18488ce1456,zp8,70,1
82741,CFG_36f82e31118f,zp8,70,1
82742,CFG_9c659499047b,zp8,70,1
82743,CFG_a1d878e7d840,zp8,70,1
82744,CFG_a1d878e7d840,zp8,70,1
82745,CFG_59f154754573,zp8,70,1
82746,CFG_b8e6a5652de1,zp8,70,1
82747,CFG_db37bdfe8c71,zp8,70,1
82748,CFG_e1e6e0c66c93,zp8,70,1
82749,CFG_5514d03a77b0,zp8,70,1
82750,CFG_deda15f4c4a8,zp8,70,1
82751,CFG_67b539d34471,zp8,70,1
82752,CFG_9c659499047b,zp8,70,1
82753,CFG_5cd0c67d59bc,zp8,70,1
82754,CFG_f18488ce1456,zp8,70,1
82755,CFG_9c659499047b,zp8,70,1
82756,CFG_288ddbff7431,zp8,70,1
82757,CFG_67b539d34471,zp8,70,1
82758,CFG_3697b100c401,zp8,70,1
82759,CFG_2154b722e06b,zp8,70,1
82760,CFG_deda15f4c4a8,zp8,70,1
82761,CFG_5cd0c67d59bc,zp8,70,1
82762,CFG_b2a3cbb134c5,zp8,70,1
82763,CFG_d96b0c9e44d0,zp8,70,1
82764,CFG_e1e6e0c66c93,zp8,70,1
82765,CFG_9c659499047b,zp8,70,1
82766,CFG_8bfc9d62299c,zp8,70,1
82767,CFG_b2a3cbb134c5,zp8,70,1
82768,CFG_cf6528e23789,zp8,70,1
82769,CFG_f18488ce1456,zp8,70,1
82770,CFG_67b539d34471,zp8,70,1
82771,CFG_7fa53b7ab3bf,zp8,70,1
82772,CFG_f90a73d2a477,zp8,70,1
82773,CFG_8bfc9d62299c,zp8,70,1
82774,CFG_755205a28938,zp8,70,1
82775,CFG_36f82e31118f,zp8,70,1
82776,CFG_5cd0c67d59bc,zp8,70,1
82777,CFG_f18488ce1456,zp8,70,1
82778,CFG_59aede929579,zp8,70,1
82779,CFG_e1e6e0c66c93,zp8,70,1
82780,CFG_112bf773e97d,zp8,70,1
82781,CFG_2154b722e06b,zp8,70,1
82782,CFG_625048fefa0b,zp8,70,1
82783,CFG_625048fefa0b,zp8,70,1
82784,CFG_be784e24b621,zp8,70,1
82785,CFG_5514d03a77b0,zp8,70,1
82786,CFG_9c659499047b,zp8,70,1
82787,CFG_be784e24b621,zp8,70,1
82788,CFG_db37bdfe8c71,zp8,70,1
82789,CFG_b8e6a5652de1,zp8,70,1
82790,CFG_7cd4c6b023c5,zp8,70,1
82791,CFG_cf541d0f8a3a,zp8,70,1
82792,CFG_29c3378e155b,zp8,70,1
82793,CFG_d0face5aa80d,zp8,70,1
82794,CFG_1ec55dc0a2ff,zp8,70,1
82795,CFG_be784e24b621,zp8,70,1
82796,CFG_112bf773e97d,zp8,70,1
82797,CFG_c910518048de,zp8,70,1
82798,CFG_a1ebd0490272,zp8,70,1
82799,CFG_ffde3ea1b2e3,zp8,70,1
82800,CFG_6caaadb373ea,zp8,70,1
82801,CFG_99b4d8a9c762,zp8,70,1
82802,CFG_8a3f0c7c09a9,zp8,70,1
82803,CFG_9c659499047b,zp8,70,1
82804,CFG_cc5bbb6e9d13,zp8,70,1
82805,CFG_e1e6e0c66c93,zp8,70,1
82806,CFG_6caaadb373ea,zp8,70,1
82807,CFG_755205a28938,zp8,70,1
82808,CFG_e1e6e0c66c93,zp8,70,1
82809,CFG_4cd2b98cde9e,zp8,70,1
82810,CFG_f18488ce1456,zp8,70,1
82811,CFG_8bfc9d62299c,zp8,70,1
82812,CFG_9178f775d49a,zp8,70,1
82813,CFG_8bfc9d62299c,zp8,70,1
82814,CFG_288ddbff7431,zp8,70,1
82815,CFG_67b539d34471,zp8,70,1
82816,CFG_e3950fd94ca1,zp8,70,1
82817,CFG_773ac98270b6,zp8,70,1
82818,CFG_275e4ca07248,zp8,70,1
82819,CFG_8a3f0c7c09a9,zp8,70,1
82820,CFG_b2a3cbb134c5,zp8,70,1
82821,CFG_db37bdfe8c71,zp8,70,1
82822,CFG_9178f775d49a,zp8,70,1
82823,CFG_f18488ce1456,zp8,70,1
82824,CFG_67b539d34471,zp8,70,1
82825,CFG_d96b0c9e44d0,zp8,70,1
82826,CFG_cf541d0f8a3a,zp8,70,1
82827,CFG_8a51f93d684d,zp8,70,1
82828,CFG_b2a3cbb134c5,zp8,70,1
82829,CFG_f18488ce1456,zp8,70,1
82830,CFG_b8e6a5652de1,zp8,70,1
82831,CFG_f993a0fc6256,zp8,70,1
82832,CFG_36f82e31118f,zp8,70,1
82833,CFG_d0face5aa80d,zp8,70,1
82834,CFG_8bfc9d62299c,zp8,70,1
82835,CFG_36f82e31118f,zp8,70,1
82836,CFG_67b539d34471,zp8,70,1
82837,CFG_d96b0c9e44d0,zp8,70,1
82838,CFG_b8e6a5652de1,zp8,70,1
82839,CFG_99b4d8a9c762,zp8,70,1
82840,CFG_755205a28938,zp8,70,1
82841,CFG_cf6528e23789,zp8,70,1
82842,CFG_17620e2785dc,zp8,70,1
82843,CFG_5cd0c67d59bc,zp8,70,1
82844,CFG_755205a28938,zp8,70,1
82845,CFG_d96b0c9e44d0,zp8,70,1
82846,CFG_a1d878e7d840,zp8,70,1
82847,CFG_ffde3ea1b2e3,zp8,70,1
82848,CFG_d0face5aa80d,zp8,70,1
82849,CFG_710c47edfbc8,zp8,70,1
82850,CFG_8bfc9d62299c,zp8,70,1
82851,CFG_65f78a36ed50,zp8,70,1
82852,CFG_29c3378e155b,zp8,70,1
82853,CFG_59f154754573,zp8,70,1
82854,CFG_3278d3379c8a,zp8,70,1
82855,CFG_dda2f907b868,zp8,70,1
82856,CFG_be784e24b621,zp8,70,1
82857,CFG_ffde3ea1b2e3,zp8,70,1
82858,CFG_e1e6e0c66c93,zp8,70,1
82859,CFG_29c3378e155b,zp8,70,1
82860,CFG_1e693796a40d,zp8,70,1
82861,CFG_1ec55dc0a2ff,zp8,70,1
82862,CFG_e3950fd94ca1,zp8,70,1
82863,CFG_9178f775d49a,zp8,70,1
82864,CFG_9178f775d49a,zp8,70,1
82865,CFG_d96b0c9e44d0,zp8,70,1
82866,CFG_3a3d7179fe0d,zp8,70,1
82867,CFG_b2a3cbb134c5,zp8,70,1
82868,CFG_29c3378e155b,zp8,70,1
82869,CFG_59f154754573,zp8,70,1
82870,CFG_f993a0fc6256,zp8,70,1
82871,CFG_67b539d34471,zp8,70,1
82872,CFG_deda15f4c4a8,zp8,70,1
82873,CFG_2534839bab0a,zp8,70,1
82874,CFG_67b539d34471,zp8,70,1
82875,CFG_e3950fd94ca1,zp8,70,1
82876,CFG_1738a11cbd49,zp8,70,1
82877,CFG_de29bb20eaa6,zp8,70,1
82878,CFG_8bfc9d62299c,zp8,70,1
82879,CFG_5cd0c67d59bc,zp8,70,1
82880,CFG_67b539d34471,zp8,70,1
82881,CFG_d96b0c9e44d0,zp8,70,1
82882,CFG_1ec55dc0a2ff,zp8,70,1
82883,CFG_8bfc9d62299c,zp8,70,1
82884,CFG_9178f775d49a,zp8,70,1
82885,CFG_9c659499047b,zp8,70,1
82886,CFG_e3950fd94ca1,zp8,70,1
82887,CFG_773ac98270b6,zp8,70,1
82888,CFG_9178f775d49a,zp8,70,1
82889,CFG_deda15f4c4a8,zp8,70,1
82890,CFG_b8e6a5652de1,zp8,70,1
82891,CFG_1ec55dc0a2ff,zp8,70,1
82892,CFG_36f82e31118f,zp8,70,1
82893,CFG_ceef49456daa,zp8,70,1
82894,CFG_b2a3cbb134c5,zp8,70,1
82895,CFG_3a3d7179fe0d,zp8,70,1
82896,CFG_637b6e72af93,zp8,70,1
82897,CFG_5cd0c67d59bc,zp8,70,1
82898,CFG_29c3378e155b,zp8,70,1
82899,CFG_2154b722e06b,zp8,70,1
82900,CFG_1ec55dc0a2ff,zp8,70,1
82901,CFG_773ac98270b6,zp8,70,1
82902,CFG_3a3d7179fe0d,zp8,70,1
82903,CFG_b8e6a5652de1,zp8,70,1
82904,CFG_8a51f93d684d,zp8,70,1
82905,CFG_710c47edfbc8,zp8,70,1
82906,CFG_7fa53b7ab3bf,zp8,70,1
82907,CFG_773ac98270b6,zp8,70,1
82908,CFG_1ec55dc0a2ff,zp8,70,1
82909,CFG_deda15f4c4a8,zp8,70,1
82910,CFG_1738a11cbd49,zp8,70,1
82911,CFG_d0face5aa80d,zp8,70,1
82912,CFG_deda15f4c4a8,zp8,70,1
82913,CFG_5be0533f7ebf,zp8,70,1
82914,CFG_773ac98270b6,zp8,70,1
82915,CFG_275e4ca07248,zp8,70,1
82916,CFG_f18488ce1456,zp8,70,1
82917,CFG_d39c77a1a4bf,zp8,70,1
82918,CFG_ffde3ea1b2e3,zp8,70,1
82919,CFG_5514d03a77b0,zp8,70,1
82920,CFG_1ec55dc0a2ff,zp8,70,1
82921,CFG_2534839bab0a,zp8,70,1
82922,CFG_be784e24b621,zp8,70,1
82923,CFG_1ec55dc0a2ff,zp8,70,1
82924,CFG_b2a3cbb134c5,zp8,70,1
82925,CFG_532891bb36ca,zp8,70,1
82926,CFG_deda15f4c4a8,zp8,70,1
82927,CFG_773ac98270b6,zp8,70,1
82928,CFG_b2a3cbb134c5,zp8,70,1
82929,CFG_67b539d34471,zp8,70,1
82930,CFG_773ac98270b6,zp8,70,1
82931,CFG_1ec55dc0a2ff,zp8,70,1
82932,CFG_d7aadf87f0b1,zp8,70,1
82933,CFG_ffde3ea1b2e3,zp8,70,1
82934,CFG_d96b0c9e44d0,zp8,70,1
82935,CFG_9c659499047b,zp8,70,1
82936,CFG_2534839bab0a,zp8,70,1
82937,CFG_1ec55dc0a2ff,zp8,70,1
82938,CFG_939ca62c69c2,zp8,70,1
82939,CFG_deda15f4c4a8,zp8,70,1
82940,CFG_e3950fd94ca1,zp8,70,1
82941,CFG_ffde3ea1b2e3,zp8,70,1
82942,CFG_36f82e31118f,zp8,70,1
82943,CFG_bbea204eb2ac,zp8,70,1
82944,CFG_29c3378e155b,zp8,70,1
82945,CFG_cf541d0f8a3a,zp8,70,1
82946,CFG_b2a3cbb134c5,zp8,70,1
82947,CFG_de29bb20eaa6,zp8,70,1
82948,CFG_59f154754573,zp8,70,1
82949,CFG_a292c20a75fd,zp8,70,1
82950,CFG_9c659499047b,zp8,70,1
82951,CFG_710c47edfbc8,zp8,70,1
82952,CFG_f90a73d2a477,zp8,70,1
82953,CFG_ffde3ea1b2e3,zp8,70,1
82954,CFG_b2a3cbb134c5,zp8,70,1
82955,CFG_1738a11cbd49,zp8,70,1
82956,CFG_710c47edfbc8,zp8,70,1
82957,CFG_f18488ce1456,zp8,70,1
82958,CFG_8a51f93d684d,zp8,70,1
82959,CFG_de29bb20eaa6,zp8,70,1
82960,CFG_3697b100c401,zp8,70,1
82961,CFG_8a51f93d684d,zp8,70,1
82962,CFG_f993a0fc6256,zp8,70,1
82963,CFG_36f82e31118f,zp8,70,1
82964,CFG_29c3378e155b,zp8,70,1
82965,CFG_3a3d7179fe0d,zp8,70,1
82966,CFG_755205a28938,zp8,70,1
82967,CFG_1d1816b1d9d8,zp8,70,1
82968,CFG_9c659499047b,zp8,70,1
82969,CFG_be784e24b621,zp8,70,1
82970,CFG_17620e2785dc,zp8,70,1
82971,CFG_cc5bbb6e9d13,zp8,70,1
82972,CFG_e1e6e0c66c93,zp8,70,1
82973,CFG_5cd0c67d59bc,zp8,70,1
82974,CFG_773ac98270b6,zp8,70,1
82975,CFG_e1e6e0c66c93,zp8,70,1
82976,CFG_cc5bbb6e9d13,zp8,70,1
82977,CFG_8a51f93d684d,zp8,70,1
82978,CFG_36f82e31118f,zp8,70,1
82979,CFG_29c3378e155b,zp8,70,1
82980,CFG_c94b44f1b2f9,zp8,70,1
82981,CFG_67b539d34471,zp8,70,1
82982,CFG_710c47edfbc8,zp8,70,1
82983,CFG_b2a3cbb134c5,zp8,70,1
82984,CFG_f18488ce1456,zp8,70,1
82985,CFG_1738a11cbd49,zp8,70,1
82986,CFG_deda15f4c4a8,zp8,70,1
82987,CFG_a34f76b67ef4,zp8,70,1
82988,CFG_e1e6e0c66c93,zp8,70,1
82989,CFG_b2a3cbb134c5,zp8,70,1
82990,CFG_939ca62c69c2,zp8,70,1
82991,CFG_cf541d0f8a3a,zp8,70,1
82992,CFG_f18488ce1456,zp8,70,1
82993,CFG_b2a3cbb134c5,zp8,70,1
82994,CFG_17620e2785dc,zp8,70,1
82995,CFG_1ec55dc0a2ff,zp8,70,1
82996,CFG_f18488ce1456,zp8,70,1
82997,CFG_1738a11cbd49,zp8,70,1
82998,CFG_a1d878e7d840,zp8,70,1
82999,CFG_77c8b99b43d9,zp8,70,1
83000,CFG_29c3378e155b,zp8,70,1
83001,CFG_d96b0c9e44d0,zp8,70,1
83002,CFG_de29bb20eaa6,zp8,70,1
83003,CFG_755205a28938,zp8,70,1
83004,CFG_e1e6e0c66c93,zp8,70,1
83005,CFG_b2a3cbb134c5,zp8,70,1
83006,CFG_cf541d0f8a3a,zp8,70,1
83007,CFG_67b539d34471,zp8,70,1
83008,CFG_deda15f4c4a8,zp8,70,1
83009,CFG_a1ebd0490272,zp8,70,1
83010,CFG_ceef49456daa,zp8,70,1
83011,CFG_deda15f4c4a8,zp8,70,1
83012,CFG_f18488ce1456,zp8,70,1
83013,CFG_29c3378e155b,zp8,70,1
83014,CFG_1ec55dc0a2ff,zp8,70,1
83015,CFG_deda15f4c4a8,zp8,70,1
83016,CFG_9178f775d49a,zp8,70,1
83017,CFG_b2a3cbb134c5,zp8,70,1
83018,CFG_67b539d34471,zp8,70,1
83019,CFG_b2a3cbb134c5,zp8,70,1
83020,CFG_3a3d7179fe0d,zp8,70,1
83021,CFG_9178f775d49a,zp8,70,1
83022,CFG_2154b722e06b,zp8,70,1
83023,CFG_e1e6e0c66c93,zp8,70,1
83024,CFG_17620e2785dc,zp8,70,1
83025,CFG_d96b0c9e44d0,zp8,70,1
83026,CFG_755205a28938,zp8,70,1
83027,CFG_3a3d7179fe0d,zp8,70,1
83028,CFG_e3950fd94ca1,zp8,70,1
83029,CFG_cf541d0f8a3a,zp8,70,1
83030,CFG_67b539d34471,zp8,70,1
83031,CFG_755205a28938,zp8,70,1
83032,CFG_b8e6a5652de1,zp8,70,1
83033,CFG_9c659499047b,zp8,70,1
83034,CFG_b2a3cbb134c5,zp8,70,1
83035,CFG_e3386d946379,zp8,70,1
83036,CFG_3a3d7179fe0d,zp8,70,1
83037,CFG_f18488ce1456,zp8,70,1
83038,CFG_939ca62c69c2,zp8,70,1
83039,CFG_cf541d0f8a3a,zp8,70,1
83040,CFG_2154b722e06b,zp8,70,1
83041,CFG_cf541d0f8a3a,zp8,70,1
83042,CFG_9c659499047b,zp8,70,1
83043,CFG_4cd2b98cde9e,zp8,70,1
83044,CFG_ceef49456daa,zp8,70,1
83045,CFG_bbea204eb2ac,zp8,70,1
83046,CFG_939ca62c69c2,zp8,70,1
83047,CFG_ffde3ea1b2e3,zp8,70,1
83048,CFG_b8e6a5652de1,zp8,70,1
83049,CFG_8a51f93d684d,zp8,70,1
83050,CFG_f993a0fc6256,zp8,70,1
83051,CFG_a292c20a75fd,zp8,70,1
83052,CFG_f993a0fc6256,zp8,70,1
83053,CFG_cf541d0f8a3a,zp8,70,1
83054,CFG_17620e2785dc,zp8,70,1
83055,CFG_f993a0fc6256,zp8,70,1
83056,CFG_be784e24b621,zp8,70,1
83057,CFG_cf541d0f8a3a,zp8,70,1
83058,CFG_a1ebd0490272,zp8,70,1
83059,CFG_e1e6e0c66c93,zp8,70,1
83060,CFG_710c47edfbc8,zp8,70,1
83061,CFG_b2a3cbb134c5,zp8,70,1
83062,CFG_f90a73d2a477,zp8,70,1
83063,CFG_99b4d8a9c762,zp8,70,1
83064,CFG_17620e2785dc,zp8,70,1
83065,CFG_f18488ce1456,zp8,70,1
83066,CFG_9c659499047b,zp8,70,1
83067,CFG_9178f775d49a,zp8,70,1
83068,CFG_cf541d0f8a3a,zp8,70,1
83069,CFG_65f78a36ed50,zp8,70,1
83070,CFG_6caaadb373ea,zp8,70,1
83071,CFG_d7aadf87f0b1,zp8,70,1
83072,CFG_773ac98270b6,zp8,70,1
83073,CFG_ac213567a5a2,zp8,70,1
83074,CFG_9c659499047b,zp8,70,1
83075,CFG_f18488ce1456,zp8,70,1
83076,CFG_d96b0c9e44d0,zp8,70,1
83077,CFG_8a51f93d684d,zp8,70,1
83078,CFG_cf541d0f8a3a,zp8,70,1
83079,CFG_755205a28938,zp8,70,1
83080,CFG_3a3d7179fe0d,zp8,70,1
83081,CFG_de29bb20eaa6,zp8,70,1
83082,CFG_d0face5aa80d,zp8,70,1
83083,CFG_727914633b9e,zp8,70,1
83084,CFG_b2a3cbb134c5,zp8,70,1
83085,CFG_36f82e31118f,zp8,70,1
83086,CFG_773ac98270b6,zp8,70,1
83087,CFG_5cd0c67d59bc,zp8,70,1
83088,CFG_de29bb20eaa6,zp8,70,1
83089,CFG_c94b44f1b2f9,zp8,70,1
83090,CFG_e1e6e0c66c93,zp8,70,1
83091,CFG_8a51f93d684d,zp8,70,1
83092,CFG_9178f775d49a,zp8,70,1
83093,CFG_939ca62c69c2,zp8,70,1
83094,CFG_1e693796a40d,zp8,70,1
83095,CFG_67b539d34471,zp8,70,1
83096,CFG_be784e24b621,zp8,70,1
83097,CFG_8a51f93d684d,zp8,70,1
83098,CFG_17620e2785dc,zp8,70,1
83099,CFG_36f82e31118f,zp8,70,1
83100,CFG_d7aadf87f0b1,zp8,70,1
83101,CFG_b2a3cbb134c5,zp8,70,1
83102,CFG_17620e2785dc,zp8,70,1
83103,CFG_e3950fd94ca1,zp8,70,1
83104,CFG_67b539d34471,zp8,70,1
83105,CFG_f18488ce1456,zp8,70,1
83106,CFG_3a3d7179fe0d,zp8,70,1
83107,CFG_cf541d0f8a3a,zp8,70,1
83108,CFG_9c659499047b,zp8,70,1
83109,CFG_e1e6e0c66c93,zp8,70,1
83110,CFG_1d0f84c0bb06,zp8,70,1
83111,CFG_755205a28938,zp8,70,1
83112,CFG_8a51f93d684d,zp8,70,1
83113,CFG_e87513c8563d,zp8,70,1
83114,CFG_f18488ce1456,zp8,70,1
83115,CFG_d39c77a1a4bf,zp8,70,1
83116,CFG_17620e2785dc,zp8,70,1
83117,CFG_2154b722e06b,zp8,70,1
83118,CFG_29c3378e155b,zp8,70,1
83119,CFG_36f82e31118f,zp8,70,1
83120,CFG_1ec55dc0a2ff,zp8,70,1
83121,CFG_17620e2785dc,zp8,70,1
83122,CFG_710c47edfbc8,zp8,70,1
83123,CFG_8bfc9d62299c,zp8,70,1
83124,CFG_ceef49456daa,zp8,70,1
83125,CFG_8bfc9d62299c,zp8,70,1
83126,CFG_9178f775d49a,zp8,70,1
83127,CFG_5514d03a77b0,zp8,70,1
83128,CFG_e1e6e0c66c93,zp8,70,1
83129,CFG_59aede929579,zp8,70,1
83130,CFG_5531dad98c69,zp8,70,1
83131,CFG_3278d3379c8a,zp8,70,1
83132,CFG_b2a3cbb134c5,zp8,70,1
83133,CFG_bbea204eb2ac,zp8,70,1
83134,CFG_2534839bab0a,zp8,70,1
83135,CFG_b8e6a5652de1,zp8,70,1
83136,CFG_8a51f93d684d,zp8,70,1
83137,CFG_275e4ca07248,zp8,70,1
83138,CFG_a34f76b67ef4,zp8,70,1
83139,CFG_cf541d0f8a3a,zp8,70,1
83140,CFG_36f82e31118f,zp8,70,1
83141,CFG_a1d878e7d840,zp8,70,1
83142,CFG_710c47edfbc8,zp8,70,1
83143,CFG_275e4ca07248,zp8,70,1
83144,CFG_d7aadf87f0b1,zp8,70,1
83145,CFG_8bfc9d62299c,zp8,70,1
83146,CFG_9c659499047b,zp8,70,1
83147,CFG_9c659499047b,zp8,70,1
83148,CFG_9178f775d49a,zp8,70,1
83149,CFG_b2a3cbb134c5,zp8,70,1
83150,CFG_be784e24b621,zp8,70,1
83151,CFG_9c659499047b,zp8,70,1
83152,CFG_b8e6a5652de1,zp8,70,1
83153,CFG_59f154754573,zp8,70,1
83154,CFG_773ac98270b6,zp8,70,1
83155,CFG_9c659499047b,zp8,70,1
83156,CFG_9c659499047b,zp8,70,1
83157,CFG_3697b100c401,zp8,70,1
83158,CFG_ac213567a5a2,zp8,70,1
83159,CFG_2534839bab0a,zp8,70,1
83160,CFG_67b539d34471,zp8,70,1
83161,CFG_de29bb20eaa6,zp8,70,1
83162,CFG_e1e6e0c66c93,zp8,70,1
83163,CFG_8bfc9d62299c,zp8,70,1
83164,CFG_5cd0c67d59bc,zp8,70,1
83165,CFG_d39c77a1a4bf,zp8,70,1
83166,CFG_67b539d34471,zp8,70,1
83167,CFG_67b539d34471,zp8,70,1
83168,CFG_be784e24b621,zp8,70,1
83169,CFG_cf541d0f8a3a,zp8,70,1
83170,CFG_9178f775d49a,zp8,70,1
83171,CFG_deda15f4c4a8,zp8,70,1
83172,CFG_275e4ca07248,zp8,70,1
83173,CFG_be784e24b621,zp8,70,1
83174,CFG_d39c77a1a4bf,zp8,70,1
83175,CFG_f18488ce1456,zp8,70,1
83176,CFG_ac213567a5a2,zp8,70,1
83177,CFG_67b539d34471,zp8,70,1
83178,CFG_8a51f93d684d,zp8,70,1
83179,CFG_f18488ce1456,zp8,70,1
83180,CFG_a1d878e7d840,zp8,70,1
83181,CFG_3a3d7179fe0d,zp8,70,1
83182,CFG_f18488ce1456,zp8,70,1
83183,CFG_deda15f4c4a8,zp8,70,1
83184,CFG_b2a3cbb134c5,zp8,70,1
83185,CFG_8bfc9d62299c,zp8,70,1
83186,CFG_2154b722e06b,zp8,70,1
83187,CFG_ffde3ea1b2e3,zp8,70,1
83188,CFG_8a51f93d684d,zp8,70,1
83189,CFG_1d1816b1d9d8,zp8,70,1
83190,CFG_9178f775d49a,zp8,70,1
83191,CFG_5cd0c67d59bc,zp8,70,1
83192,CFG_f18488ce1456,zp8,70,1
83193,CFG_9178f775d49a,zp8,70,1
83194,CFG_9c659499047b,zp8,70,1
83195,CFG_b2a3cbb134c5,zp8,70,1
83196,CFG_cc5bbb6e9d13,zp8,70,1
83197,CFG_802041076799,zp8,70,1
83198,CFG_67b539d34471,zp8,70,1
83199,CFG_e87513c8563d,zp8,70,1
83200,CFG_29c3378e155b,zp8,70,1
83201,CFG_5cd0c67d59bc,zp8,70,1
83202,CFG_939ca62c69c2,zp8,70,1
83203,CFG_6caaadb373ea,zp8,70,1
83204,CFG_deda15f4c4a8,zp8,70,1
83205,CFG_a1d878e7d840,zp8,70,1
83206,CFG_be784e24b621,zp8,70,1
83207,CFG_d7aadf87f0b1,zp8,70,1
83208,CFG_d39c77a1a4bf,zp8,70,1
83209,CFG_9178f775d49a,zp8,70,1
83210,CFG_b2a3cbb134c5,zp8,70,1
83211,CFG_67b539d34471,zp8,70,1
83212,CFG_e3950fd94ca1,zp8,70,1
83213,CFG_3a3d7179fe0d,zp8,70,1
83214,CFG_8a51f93d684d,zp8,70,1
83215,CFG_a1ebd0490272,zp8,70,1
83216,CFG_17620e2785dc,zp8,70,1
83217,CFG_d96b0c9e44d0,zp8,70,1
83218,CFG_2534839bab0a,zp8,70,1
83219,CFG_727914633b9e,zp8,70,1
83220,CFG_f18488ce1456,zp8,70,1
83221,CFG_7155e4ee7bdf,zp8,70,1
83222,CFG_755205a28938,zp8,70,1
83223,CFG_7fa53b7ab3bf,zp8,70,1
83224,CFG_9c659499047b,zp8,70,1
83225,CFG_ac213567a5a2,zp8,70,1
83226,CFG_f993a0fc6256,zp8,70,1
83227,CFG_59aede929579,zp8,70,1
83228,CFG_59aede929579,zp8,70,1
83229,CFG_755205a28938,zp8,70,1
83230,CFG_deda15f4c4a8,zp8,70,1
83231,CFG_b2a3cbb134c5,zp8,70,1
83232,CFG_4bec09598a98,zp8,70,1
83233,CFG_9178f775d49a,zp8,70,1
83234,CFG_f18488ce1456,zp8,70,1
83235,CFG_773ac98270b6,zp8,70,1
83236,CFG_b8e6a5652de1,zp8,70,1
83237,CFG_5cd0c67d59bc,zp8,70,1
83238,CFG_cf541d0f8a3a,zp8,70,1
83239,CFG_8bfc9d62299c,zp8,70,1
83240,CFG_8a51f93d684d,zp8,70,1
83241,CFG_b2a3cbb134c5,zp8,70,1
83242,CFG_6caaadb373ea,zp8,70,1
83243,CFG_ac213567a5a2,zp8,70,1
83244,CFG_59f154754573,zp8,70,1
83245,CFG_a292c20a75fd,zp8,70,1
83246,CFG_7fa53b7ab3bf,zp8,70,1
83247,CFG_939ca62c69c2,zp8,70,1
83248,CFG_d96b0c9e44d0,zp8,70,1
83249,CFG_7fa53b7ab3bf,zp8,70,1
83250,CFG_9c659499047b,zp8,70,1
83251,CFG_f18488ce1456,zp8,70,1
83252,CFG_17620e2785dc,zp8,70,1
83253,CFG_8a51f93d684d,zp8,70,1
83254,CFG_67b539d34471,zp8,70,1
83255,CFG_67b539d34471,zp8,70,1
83256,CFG_288ddbff7431,zp8,70,1
83257,CFG_d7aadf87f0b1,zp8,70,1
83258,CFG_773ac98270b6,zp8,70,1
83259,CFG_e1e6e0c66c93,zp8,70,1
83260,CFG_17620e2785dc,zp8,70,1
83261,CFG_c910518048de,zp8,70,1
83262,CFG_1e693796a40d,zp8,70,1
83263,CFG_67b539d34471,zp8,70,1
83264,CFG_ffde3ea1b2e3,zp8,70,1
83265,CFG_2154b722e06b,zp8,70,1
83266,CFG_e1e6e0c66c93,zp8,70,1
83267,CFG_1ec55dc0a2ff,zp8,70,1
83268,CFG_939ca62c69c2,zp8,70,1
83269,CFG_8f2957e28805,zp8,70,1
83270,CFG_36f82e31118f,zp8,70,1
83271,CFG_17620e2785dc,zp8,70,1
83272,CFG_a1d878e7d840,zp8,70,1
83273,CFG_59aede929579,zp8,70,1
83274,CFG_d0face5aa80d,zp8,70,1
83275,CFG_b2a3cbb134c5,zp8,70,1
83276,CFG_e3950fd94ca1,zp8,70,1
83277,CFG_67b539d34471,zp8,70,1
83278,CFG_939ca62c69c2,zp8,70,1
83279,CFG_c94b44f1b2f9,zp8,70,1
83280,CFG_a1ebd0490272,zp8,70,1
83281,CFG_7fa53b7ab3bf,zp8,70,1
83282,CFG_36f82e31118f,zp8,70,1
83283,CFG_773ac98270b6,zp8,70,1
83284,CFG_e1e6e0c66c93,zp8,70,1
83285,CFG_17620e2785dc,zp8,70,1
83286,CFG_755205a28938,zp8,70,1
83287,CFG_b2a3cbb134c5,zp8,70,1
83288,CFG_acabbc62a021,zp8,70,1
83289,CFG_9c659499047b,zp8,70,1
83290,CFG_3a3d7179fe0d,zp8,70,1
83291,CFG_7fa53b7ab3bf,zp8,70,1
83292,CFG_f18488ce1456,zp8,70,1
83293,CFG_939ca62c69c2,zp8,70,1
83294,CFG_2154b722e06b,zp8,70,1
83295,CFG_7fa53b7ab3bf,zp8,70,1
83296,CFG_f18488ce1456,zp8,70,1
83297,CFG_f18488ce1456,zp8,70,1
83298,CFG_1ec55dc0a2ff,zp8,70,1
83299,CFG_b2a3cbb134c5,zp8,70,1
83300,CFG_deda15f4c4a8,zp8,70,1
83301,CFG_e3950fd94ca1,zp8,70,1
83302,CFG_be784e24b621,zp8,70,1
83303,CFG_be784e24b621,zp8,70,1
83304,CFG_8a51f93d684d,zp8,70,1
83305,CFG_29c3378e155b,zp8,70,1
83306,CFG_5cd0c67d59bc,zp8,70,1
83307,CFG_8a51f93d684d,zp8,70,1
83308,CFG_e1e6e0c66c93,zp8,70,1
83309,CFG_8a51f93d684d,zp8,70,1
83310,CFG_b2a3cbb134c5,zp8,70,1
83311,CFG_5514d03a77b0,zp8,70,1
83312,CFG_c910518048de,zp8,70,1
83313,CFG_9178f775d49a,zp8,70,1
83314,CFG_2534839bab0a,zp8,70,1
83315,CFG_9178f775d49a,zp8,70,1
83316,CFG_a34f76b67ef4,zp8,70,1
83317,CFG_773ac98270b6,zp8,70,1
83318,CFG_d7aadf87f0b1,zp8,70,1
83319,CFG_1d0f84c0bb06,zp8,70,1
83320,CFG_e3386d946379,zp8,70,1
83321,CFG_8a51f93d684d,zp8,70,1
83322,CFG_9178f775d49a,zp8,70,1
83323,CFG_b8e6a5652de1,zp8,70,1
83324,CFG_e1e6e0c66c93,zp8,70,1
83325,CFG_a34f76b67ef4,zp8,70,1
83326,CFG_29c3378e155b,zp8,70,1
83327,CFG_59aede929579,zp8,70,1
83328,CFG_d96b0c9e44d0,zp8,70,1
83329,CFG_17620e2785dc,zp8,70,1
83330,CFG_710c47edfbc8,zp8,70,1
83331,CFG_1ec55dc0a2ff,zp8,70,1
83332,CFG_f18488ce1456,zp8,70,1
83333,CFG_6caaadb373ea,zp8,70,1
83334,CFG_c910518048de,zp8,70,1
83335,CFG_6caaadb373ea,zp8,70,1
83336,CFG_9c659499047b,zp8,70,1
83337,CFG_67b539d34471,zp8,70,1
83338,CFG_f18488ce1456,zp8,70,1
83339,CFG_acabbc62a021,zp8,70,1
83340,CFG_d0face5aa80d,zp8,70,1
83341,CFG_710c47edfbc8,zp8,70,1
83342,CFG_9c659499047b,zp8,70,1
83343,CFG_ac213567a5a2,zp8,70,1
83344,CFG_deda15f4c4a8,zp8,70,1
83345,CFG_ac213567a5a2,zp8,70,1
83346,CFG_1ec55dc0a2ff,zp8,70,1
83347,CFG_2154b722e06b,zp8,70,1
83348,CFG_6caaadb373ea,zp8,70,1
83349,CFG_d7aadf87f0b1,zp8,70,1
83350,CFG_773ac98270b6,zp8,70,1
83351,CFG_be784e24b621,zp8,70,1
83352,CFG_1738a11cbd49,zp8,70,1
83353,CFG_939ca62c69c2,zp8,70,1
83354,CFG_2534839bab0a,zp8,70,1
83355,CFG_cc5bbb6e9d13,zp8,70,1
83356,CFG_39fe645ba2f1,zp8,70,1
83357,CFG_625048fefa0b,zp8,70,1
83358,CFG_cf541d0f8a3a,zp8,70,1
83359,CFG_8a51f93d684d,zp8,70,1
83360,CFG_1ec55dc0a2ff,zp8,70,1
83361,CFG_3697b100c401,zp8,70,1
83362,CFG_f18488ce1456,zp8,70,1
83363,CFG_1738a11cbd49,zp8,70,1
83364,CFG_36f82e31118f,zp8,70,1
83365,CFG_9c659499047b,zp8,70,1
83366,CFG_67b539d34471,zp8,70,1
83367,CFG_1ec55dc0a2ff,zp8,70,1
83368,CFG_f18488ce1456,zp8,70,1
83369,CFG_67b539d34471,zp8,70,1
83370,CFG_8a51f93d684d,zp8,70,1
83371,CFG_36f82e31118f,zp8,70,1
83372,CFG_e1e6e0c66c93,zp8,70,1
83373,CFG_1d0f84c0bb06,zp8,70,1
83374,CFG_ffde3ea1b2e3,zp8,70,1
83375,CFG_cf541d0f8a3a,zp8,70,1
83376,CFG_773ac98270b6,zp8,70,1
83377,CFG_cf541d0f8a3a,zp8,70,1
83378,CFG_755205a28938,zp8,70,1
83379,CFG_1ec55dc0a2ff,zp8,70,1
83380,CFG_59f154754573,zp8,70,1
83381,CFG_d7aadf87f0b1,zp8,70,1
83382,CFG_710c47edfbc8,zp8,70,1
83383,CFG_9c659499047b,zp8,70,1
83384,CFG_e1e6e0c66c93,zp8,70,1
83385,CFG_8a51f93d684d,zp8,70,1
83386,CFG_f18488ce1456,zp8,70,1
83387,CFG_f18488ce1456,zp8,70,1
83388,CFG_b04e3d146803,zp8,70,1
83389,CFG_b8e6a5652de1,zp8,70,1
83390,CFG_b8e6a5652de1,zp8,70,1
83391,CFG_bd6412fc68b0,zp8,70,1
83392,CFG_deda15f4c4a8,zp8,70,1
83393,CFG_b2a3cbb134c5,zp8,70,1
83394,CFG_a1d878e7d840,zp8,70,1
83395,CFG_cf541d0f8a3a,zp8,70,1
83396,CFG_d39c77a1a4bf,zp8,70,1
83397,CFG_3278d3379c8a,zp8,70,1
83398,CFG_e1e6e0c66c93,zp8,70,1
83399,CFG_b2a3cbb134c5,zp8,70,1
83400,CFG_b2a3cbb134c5,zp8,70,1
83401,CFG_8bfc9d62299c,zp8,70,1
83402,CFG_cf541d0f8a3a,zp8,70,1
83403,CFG_e87513c8563d,zp8,70,1
83404,CFG_36f82e31118f,zp8,70,1
83405,CFG_1ec55dc0a2ff,zp8,70,1
83406,CFG_939ca62c69c2,zp8,70,1
83407,CFG_5851809b712d,zp8,70,1
83408,CFG_ffde3ea1b2e3,zp8,70,1
83409,CFG_755205a28938,zp8,70,1
83410,CFG_f18488ce1456,zp8,70,1
83411,CFG_ac213567a5a2,zp8,70,1
83412,CFG_17620e2785dc,zp8,70,1
83413,CFG_3a3d7179fe0d,zp8,70,1
83414,CFG_a1d878e7d840,zp8,70,1
83415,CFG_1d1816b1d9d8,zp8,70,1
83416,CFG_67b539d34471,zp8,70,1
83417,CFG_ceef49456daa,zp8,70,1
83418,CFG_5be0533f7ebf,zp8,70,1
83419,CFG_5cd0c67d59bc,zp8,70,1
83420,CFG_9c659499047b,zp8,70,1
83421,CFG_f18488ce1456,zp8,70,1
83422,CFG_939ca62c69c2,zp8,70,1
83423,CFG_acabbc62a021,zp8,70,1
83424,CFG_5cd0c67d59bc,zp8,70,1
83425,CFG_deda15f4c4a8,zp8,70,1
83426,CFG_e1e6e0c66c93,zp8,70,1
83427,CFG_b8e6a5652de1,zp8,70,1
83428,CFG_710c47edfbc8,zp8,70,1
83429,CFG_17620e2785dc,zp8,70,1
83430,CFG_f18488ce1456,zp8,70,1
83431,CFG_81cab8befe03,zp8,70,1
83432,CFG_773ac98270b6,zp8,70,1
83433,CFG_e3950fd94ca1,zp8,70,1
83434,CFG_be784e24b621,zp8,70,1
83435,CFG_9178f775d49a,zp8,70,1
83436,CFG_29c3378e155b,zp8,70,1
83437,CFG_5cd0c67d59bc,zp8,70,1
83438,CFG_d96b0c9e44d0,zp8,70,1
83439,CFG_a1d878e7d840,zp8,70,1
83440,CFG_755205a28938,zp8,70,1
83441,CFG_e3950fd94ca1,zp8,70,1
83442,CFG_f18488ce1456,zp8,70,1
83443,CFG_2534839bab0a,zp8,70,1
83444,CFG_3e489afc8bfd,zp8,70,1
83445,CFG_e3950fd94ca1,zp8,70,1
83446,CFG_288ddbff7431,zp8,70,1
83447,CFG_67b539d34471,zp8,70,1
83448,CFG_29c3378e155b,zp8,70,1
83449,CFG_939ca62c69c2,zp8,70,1
83450,CFG_9c659499047b,zp8,70,1
83451,CFG_f18488ce1456,zp8,70,1
83452,CFG_de29bb20eaa6,zp8,70,1
83453,CFG_deda15f4c4a8,zp8,70,1
83454,CFG_1ec55dc0a2ff,zp8,70,1
83455,CFG_b2a3cbb134c5,zp8,70,1
83456,CFG_b2a3cbb134c5,zp8,70,1
83457,CFG_1738a11cbd49,zp8,70,1
83458,CFG_17620e2785dc,zp8,70,1
83459,CFG_be784e24b621,zp8,70,1
83460,CFG_9c659499047b,zp8,70,1
83461,CFG_802041076799,zp8,70,1
83462,CFG_727914633b9e,zp8,70,1
83463,CFG_cf541d0f8a3a,zp8,70,1
83464,CFG_939ca62c69c2,zp8,70,1
83465,CFG_2534839bab0a,zp8,70,1
83466,CFG_3697b100c401,zp8,70,1
83467,CFG_a34f76b67ef4,zp8,70,1
83468,CFG_9178f775d49a,zp8,70,1
83469,CFG_5514d03a77b0,zp8,70,1
83470,CFG_36f82e31118f,zp8,70,1
83471,CFG_8a51f93d684d,zp8,70,1
83472,CFG_e3950fd94ca1,zp8,70,1
83473,CFG_710c47edfbc8,zp8,70,1
83474,CFG_67b539d34471,zp8,70,1
83475,CFG_9c659499047b,zp8,70,1
83476,CFG_3a3d7179fe0d,zp8,70,1
83477,CFG_d0face5aa80d,zp8,70,1
83478,CFG_773ac98270b6,zp8,70,1
83479,CFG_d96b0c9e44d0,zp8,70,1
83480,CFG_cdb458536382,zp8,70,1
83481,CFG_d39c77a1a4bf,zp8,70,1
83482,CFG_8a51f93d684d,zp8,70,1
83483,CFG_7fa53b7ab3bf,zp8,70,1
83484,CFG_b8e6a5652de1,zp8,70,1
83485,CFG_532891bb36ca,zp8,70,1
83486,CFG_8a51f93d684d,zp8,70,1
83487,CFG_7cd4c6b023c5,zp8,70,1
83488,CFG_3a3d7179fe0d,zp8,70,1
83489,CFG_17620e2785dc,zp8,70,1
83490,CFG_8a51f93d684d,zp8,70,1
83491,CFG_8a51f93d684d,zp8,70,1
83492,CFG_1ec55dc0a2ff,zp8,70,1
83493,CFG_cf541d0f8a3a,zp8,70,1
83494,CFG_e1e6e0c66c93,zp8,70,1
83495,CFG_939ca62c69c2,zp8,70,1
83496,CFG_5514d03a77b0,zp8,70,1
83497,CFG_f18488ce1456,zp8,70,1
83498,CFG_cf541d0f8a3a,zp8,70,1
83499,CFG_773ac98270b6,zp8,70,1
83500,CFG_f18488ce1456,zp8,70,1
83501,CFG_532891bb36ca,zp8,70,1
83502,CFG_be784e24b621,zp8,70,1
83503,CFG_59f154754573,zp8,70,1
83504,CFG_e3950fd94ca1,zp8,70,1
83505,CFG_c94b44f1b2f9,zp8,70,1
83506,CFG_9178f775d49a,zp8,70,1
83507,CFG_b2a3cbb134c5,zp8,70,1
83508,CFG_f18488ce1456,zp8,70,1
83509,CFG_5851809b712d,zp8,70,1
83510,CFG_b2a3cbb134c5,zp8,70,1
83511,CFG_17620e2785dc,zp8,70,1
83512,CFG_59aede929579,zp8,70,1
83513,CFG_e87513c8563d,zp8,70,1
83514,CFG_9178f775d49a,zp8,70,1
83515,CFG_9c659499047b,zp8,70,1
83516,CFG_802041076799,zp8,70,1
83517,CFG_36f82e31118f,zp8,70,1
83518,CFG_773ac98270b6,zp8,70,1
83519,CFG_db37bdfe8c71,zp8,70,1
83520,CFG_e1e6e0c66c93,zp8,70,1
83521,CFG_1ec55dc0a2ff,zp8,70,1
83522,CFG_b2a3cbb134c5,zp8,70,1
83523,CFG_a34f76b67ef4,zp8,70,1
83524,CFG_8a51f93d684d,zp8,70,1
83525,CFG_1ec55dc0a2ff,zp8,70,1
83526,CFG_36f82e31118f,zp8,70,1
83527,CFG_b2a3cbb134c5,zp8,70,1
83528,CFG_1738a11cbd49,zp8,70,1
83529,CFG_b0eabb76b70f,zp8,70,1
83530,CFG_a1d878e7d840,zp8,70,1
83531,CFG_39fe645ba2f1,zp8,70,1
83532,CFG_e3950fd94ca1,zp8,70,1
83533,CFG_deda15f4c4a8,zp8,70,1
83534,CFG_36f82e31118f,zp8,70,1
83535,CFG_939ca62c69c2,zp8,70,1
83536,CFG_67b539d34471,zp8,70,1
83537,CFG_1e693796a40d,zp8,70,1
83538,CFG_e1e6e0c66c93,zp8,70,1
83539,CFG_710c47edfbc8,zp8,70,1
83540,CFG_3278d3379c8a,zp8,70,1
83541,CFG_be784e24b621,zp8,70,1
83542,CFG_f18488ce1456,zp8,70,1
83543,CFG_acabbc62a021,zp8,70,1
83544,CFG_8a51f93d684d,zp8,70,1
83545,CFG_d96b0c9e44d0,zp8,70,1
83546,CFG_b8e6a5652de1,zp8,70,1
83547,CFG_8bfc9d62299c,zp8,70,1
83548,CFG_b2a3cbb134c5,zp8,70,1
83549,CFG_e1e6e0c66c93,zp8,70,1
83550,CFG_9178f775d49a,zp8,70,1
83551,CFG_9178f775d49a,zp8,70,1
83552,CFG_39fe645ba2f1,zp8,70,1
83553,CFG_59aede929579,zp8,70,1
83554,CFG_be784e24b621,zp8,70,1
83555,CFG_d7aadf87f0b1,zp8,70,1
83556,CFG_773ac98270b6,zp8,70,1
83557,CFG_3a3d7179fe0d,zp8,70,1
83558,CFG_d96b0c9e44d0,zp8,70,1
83559,CFG_ffde3ea1b2e3,zp8,70,1
83560,CFG_e3950fd94ca1,zp8,70,1
83561,CFG_939ca62c69c2,zp8,70,1
83562,CFG_755205a28938,zp8,70,1
83563,CFG_3a3d7179fe0d,zp8,70,1
83564,CFG_d96b0c9e44d0,zp8,70,1
83565,CFG_5514d03a77b0,zp8,70,1
83566,CFG_e87513c8563d,zp8,70,1
83567,CFG_6caaadb373ea,zp8,70,1
83568,CFG_de29bb20eaa6,zp8,70,1
83569,CFG_9178f775d49a,zp8,70,1
83570,CFG_67b539d34471,zp8,70,1
83571,CFG_ffde3ea1b2e3,zp8,70,1
83572,CFG_b2a3cbb134c5,zp8,70,1
83573,CFG_d39c77a1a4bf,zp8,70,1
83574,CFG_ffde3ea1b2e3,zp8,70,1
83575,CFG_8bfc9d62299c,zp8,70,1
83576,CFG_b2a3cbb134c5,zp8,70,1
83577,CFG_b2a3cbb134c5,zp8,70,1
83578,CFG_36f82e31118f,zp8,70,1
83579,CFG_2154b722e06b,zp8,70,1
83580,CFG_f18488ce1456,zp8,70,1
83581,CFG_77c8b99b43d9,zp8,70,1
83582,CFG_cc5bbb6e9d13,zp8,70,1
83583,CFG_f18488ce1456,zp8,70,1
83584,CFG_1738a11cbd49,zp8,70,1
83585,CFG_a34f76b67ef4,zp8,70,1
83586,CFG_e87513c8563d,zp8,70,1
83587,CFG_deda15f4c4a8,zp8,70,1
83588,CFG_1ec55dc0a2ff,zp8,70,1
83589,CFG_bd6412fc68b0,zp8,70,1
83590,CFG_deda15f4c4a8,zp8,70,1
83591,CFG_b2a3cbb134c5,zp8,70,1
83592,CFG_b2a3cbb134c5,zp8,70,1
83593,CFG_2154b722e06b,zp8,70,1
83594,CFG_9178f775d49a,zp8,70,1
83595,CFG_b2a3cbb134c5,zp8,70,1
83596,CFG_59aede929579,zp8,70,1
83597,CFG_1ec55dc0a2ff,zp8,70,1
83598,CFG_e87513c8563d,zp8,70,1
83599,CFG_939ca62c69c2,zp8,70,1
83600,CFG_ffde3ea1b2e3,zp8,70,1
83601,CFG_d39c77a1a4bf,zp8,70,1
83602,CFG_9178f775d49a,zp8,70,1
83603,CFG_8a51f93d684d,zp8,70,1
83604,CFG_67b539d34471,zp8,70,1
83605,CFG_acabbc62a021,zp8,70,1
83606,CFG_710c47edfbc8,zp8,70,1
83607,CFG_ac213567a5a2,zp8,70,1
83608,CFG_b04e3d146803,zp8,70,1
83609,CFG_99b4d8a9c762,zp8,70,1
83610,CFG_a1d878e7d840,zp8,70,1
83611,CFG_cf541d0f8a3a,zp8,70,1
83612,CFG_d39c77a1a4bf,zp8,70,1
83613,CFG_4bec09598a98,zp8,70,1
83614,CFG_1d1816b1d9d8,zp8,70,1
83615,CFG_8f2957e28805,zp8,70,1
83616,CFG_625048fefa0b,zp8,70,1
83617,CFG_1738a11cbd49,zp8,70,1
83618,CFG_67b539d34471,zp8,70,1
83619,CFG_77662f37f8a4,zp8,70,1
83620,CFG_d7aadf87f0b1,zp8,70,1
83621,CFG_65f78a36ed50,zp8,70,1
83622,CFG_1e693796a40d,zp8,70,1
83623,CFG_67b539d34471,zp8,70,1
83624,CFG_b2a3cbb134c5,zp8,70,1
83625,CFG_8a51f93d684d,zp8,70,1
83626,CFG_b2a3cbb134c5,zp8,70,1
83627,CFG_b2a3cbb134c5,zp8,70,1
83628,CFG_3a3d7179fe0d,zp8,70,1
83629,CFG_532891bb36ca,zp8,70,1
83630,CFG_9178f775d49a,zp8,70,1
83631,CFG_1738a11cbd49,zp8,70,1
83632,CFG_275e4ca07248,zp8,70,1
83633,CFG_7fa53b7ab3bf,zp8,70,1
83634,CFG_9c659499047b,zp8,70,1
83635,CFG_d96b0c9e44d0,zp8,70,1
83636,CFG_59aede929579,zp8,70,1
83637,CFG_3697b100c401,zp8,70,1
83638,CFG_67b539d34471,zp8,70,1
83639,CFG_67b539d34471,zp8,70,1
83640,CFG_17620e2785dc,zp8,70,1
83641,CFG_b2a3cbb134c5,zp8,70,1
83642,CFG_8f2957e28805,zp8,70,1
83643,CFG_be784e24b621,zp8,70,1
83644,CFG_1ec55dc0a2ff,zp8,70,1
83645,CFG_9178f775d49a,zp8,70,1
83646,CFG_8a51f93d684d,zp8,70,1
83647,CFG_67b539d34471,zp8,70,1
83648,CFG_f18488ce1456,zp8,70,1
83649,CFG_9c659499047b,zp8,70,1
83650,CFG_e1e6e0c66c93,zp8,70,1
83651,CFG_f90a73d2a477,zp8,70,1
83652,CFG_b2a3cbb134c5,zp8,70,1
83653,CFG_acabbc62a021,zp8,70,1
83654,CFG_5851809b712d,zp8,70,1
83655,CFG_1e693796a40d,zp8,70,1
83656,CFG_710c47edfbc8,zp8,70,1
83657,CFG_773ac98270b6,zp8,70,1
83658,CFG_532891bb36ca,zp8,70,1
83659,CFG_ceef49456daa,zp8,70,1
83660,CFG_773ac98270b6,zp8,70,1
83661,CFG_a1d878e7d840,zp8,70,1
83662,CFG_7cd4c6b023c5,zp8,70,1
83663,CFG_8f2957e28805,zp8,70,1
83664,CFG_727914633b9e,zp8,70,1
83665,CFG_d96b0c9e44d0,zp8,70,1
83666,CFG_6caaadb373ea,zp8,70,1
83667,CFG_1ec55dc0a2ff,zp8,70,1
83668,CFG_a34f76b67ef4,zp8,70,1
83669,CFG_9178f775d49a,zp8,70,1
83670,CFG_ffde3ea1b2e3,zp8,70,1
83671,CFG_755205a28938,zp8,70,1
83672,CFG_29c3378e155b,zp8,70,1
83673,CFG_d96b0c9e44d0,zp8,70,1
83674,CFG_b2a3cbb134c5,zp8,70,1
83675,CFG_5514d03a77b0,zp8,70,1
83676,CFG_8a51f93d684d,zp8,70,1
83677,CFG_5851809b712d,zp8,70,1
83678,CFG_e3950fd94ca1,zp8,70,1
83679,CFG_be784e24b621,zp8,70,1
83680,CFG_36f82e31118f,zp8,70,1
83681,CFG_f18488ce1456,zp8,70,1
83682,CFG_a1d878e7d840,zp8,70,1
83683,CFG_1ec55dc0a2ff,zp8,70,1
83684,CFG_939ca62c69c2,zp8,70,1
83685,CFG_d0face5aa80d,zp8,70,1
83686,CFG_ac213567a5a2,zp8,70,1
83687,CFG_6caaadb373ea,zp8,70,1
83688,CFG_d7aadf87f0b1,zp8,70,1
83689,CFG_ceef49456daa,zp8,70,1
83690,CFG_be784e24b621,zp8,70,1
83691,CFG_a9714f85f877,zp8,70,1
83692,CFG_773ac98270b6,zp8,70,1
83693,CFG_8a51f93d684d,zp8,70,1
83694,CFG_939ca62c69c2,zp8,70,1
83695,CFG_773ac98270b6,zp8,70,1
83696,CFG_1738a11cbd49,zp8,70,1
83697,CFG_1ec55dc0a2ff,zp8,70,1
83698,CFG_5514d03a77b0,zp8,70,1
83699,CFG_802041076799,zp8,70,1
83700,CFG_9178f775d49a,zp8,70,1
83701,CFG_deda15f4c4a8,zp8,70,1
83702,CFG_3278d3379c8a,zp8,70,1
83703,CFG_cf541d0f8a3a,zp8,70,1
83704,CFG_39fe645ba2f1,zp8,70,1
83705,CFG_773ac98270b6,zp8,70,1
83706,CFG_9178f775d49a,zp8,70,1
83707,CFG_710c47edfbc8,zp8,70,1
83708,CFG_3278d3379c8a,zp8,70,1
83709,CFG_59aede929579,zp8,70,1
83710,CFG_5851809b712d,zp8,70,1
83711,CFG_67b539d34471,zp8,70,1
83712,CFG_b2a3cbb134c5,zp8,70,1
83713,CFG_b2a3cbb134c5,zp8,70,1
83714,CFG_b04e3d146803,zp8,70,1
83715,CFG_a9714f85f877,zp8,70,1
83716,CFG_288ddbff7431,zp8,70,1
83717,CFG_59aede929579,zp8,70,1
83718,CFG_f18488ce1456,zp8,70,1
83719,CFG_727914633b9e,zp8,70,1
83720,CFG_f18488ce1456,zp8,70,1
83721,CFG_710c47edfbc8,zp8,70,1
83722,CFG_1ec55dc0a2ff,zp8,70,1
83723,CFG_1ec55dc0a2ff,zp8,70,1
83724,CFG_deda15f4c4a8,zp8,70,1
83725,CFG_29c3378e155b,zp8,70,1
83726,CFG_9c659499047b,zp8,70,1
83727,CFG_9178f775d49a,zp8,70,1
83728,CFG_cc5bbb6e9d13,zp8,70,1
83729,CFG_f18488ce1456,zp8,70,1
83730,CFG_be784e24b621,zp8,70,1
83731,CFG_a1ebd0490272,zp8,70,1
83732,CFG_be784e24b621,zp8,70,1
83733,CFG_a34f76b67ef4,zp8,70,1
83734,CFG_e3950fd94ca1,zp8,70,1
83735,CFG_939ca62c69c2,zp8,70,1
83736,CFG_e87513c8563d,zp8,70,1
83737,CFG_8a51f93d684d,zp8,70,1
83738,CFG_f993a0fc6256,zp8,70,1
83739,CFG_1e693796a40d,zp8,70,1
83740,CFG_bbea204eb2ac,zp8,70,1
83741,CFG_f993a0fc6256,zp8,70,1
83742,CFG_9178f775d49a,zp8,70,1
83743,CFG_773ac98270b6,zp8,70,1
83744,CFG_710c47edfbc8,zp8,70,1
83745,CFG_cf541d0f8a3a,zp8,70,1
83746,CFG_f18488ce1456,zp8,70,1
83747,CFG_67b539d34471,zp8,70,1
83748,CFG_cf541d0f8a3a,zp8,70,1
83749,CFG_b2a3cbb134c5,zp8,70,1
83750,CFG_59aede929579,zp8,70,1
83751,CFG_288ddbff7431,zp8,70,1
83752,CFG_773ac98270b6,zp8,70,1
83753,CFG_67b539d34471,zp8,70,1
83754,CFG_9178f775d49a,zp8,70,1
83755,CFG_b2a3cbb134c5,zp8,70,1
83756,CFG_d96b0c9e44d0,zp8,70,1
83757,CFG_cf541d0f8a3a,zp8,70,1
83758,CFG_c910518048de,zp8,70,1
83759,CFG_ceef49456daa,zp8,70,1
83760,CFG_d0face5aa80d,zp8,70,1
83761,CFG_bbea204eb2ac,zp8,70,1
83762,CFG_8a51f93d684d,zp8,70,1
83763,CFG_939ca62c69c2,zp8,70,1
83764,CFG_d96b0c9e44d0,zp8,70,1
83765,CFG_cf541d0f8a3a,zp8,70,1
83766,CFG_8a51f93d684d,zp8,70,1
83767,CFG_deda15f4c4a8,zp8,70,1
83768,CFG_9178f775d49a,zp8,70,1
83769,CFG_be784e24b621,zp8,70,1
83770,CFG_b2a3cbb134c5,zp8,70,1
83771,CFG_36f82e31118f,zp8,70,1
83772,CFG_cc5bbb6e9d13,zp8,70,1
83773,CFG_59aede929579,zp8,70,1
83774,CFG_39fe645ba2f1,zp8,70,1
83775,CFG_17620e2785dc,zp8,70,1
83776,CFG_939ca62c69c2,zp8,70,1
83777,CFG_36f82e31118f,zp8,70,1
83778,CFG_65f78a36ed50,zp8,70,1
83779,CFG_710c47edfbc8,zp8,70,1
83780,CFG_17620e2785dc,zp8,70,1
83781,CFG_e1e6e0c66c93,zp8,70,1
83782,CFG_e1e6e0c66c93,zp8,70,1
83783,CFG_b2a3cbb134c5,zp8,70,1
83784,CFG_5cd0c67d59bc,zp8,70,1
83785,CFG_e1e6e0c66c93,zp8,70,1
83786,CFG_9178f775d49a,zp8,70,1
83787,CFG_ffde3ea1b2e3,zp8,70,1
83788,CFG_67b539d34471,zp8,70,1
83789,CFG_67b539d34471,zp8,70,1
83790,CFG_be784e24b621,zp8,70,1
83791,CFG_1ec55dc0a2ff,zp8,70,1
83792,CFG_9178f775d49a,zp8,70,1
83793,CFG_2154b722e06b,zp8,70,1
83794,CFG_e1e6e0c66c93,zp8,70,1
83795,CFG_f18488ce1456,zp8,70,1
83796,CFG_e1e6e0c66c93,zp8,70,1
83797,CFG_ffde3ea1b2e3,zp8,70,1
83798,CFG_2154b722e06b,zp8,70,1
83799,CFG_9c659499047b,zp8,70,1
83800,CFG_f18488ce1456,zp8,70,1
83801,CFG_2534839bab0a,zp8,70,1
83802,CFG_1e693796a40d,zp8,70,1
83803,CFG_f993a0fc6256,zp8,70,1
83804,CFG_17620e2785dc,zp8,70,1
83805,CFG_8bfc9d62299c,zp8,70,1
83806,CFG_939ca62c69c2,zp8,70,1
83807,CFG_1e693796a40d,zp8,70,1
83808,CFG_ffde3ea1b2e3,zp8,70,1
83809,CFG_c910518048de,zp8,70,1
83810,CFG_36f82e31118f,zp8,70,1
83811,CFG_2154b722e06b,zp8,70,1
83812,CFG_f90a73d2a477,zp8,70,1
83813,CFG_b0eabb76b70f,zp8,70,1
83814,CFG_755205a28938,zp8,70,1
83815,CFG_e3950fd94ca1,zp8,70,1
83816,CFG_e1e6e0c66c93,zp8,70,1
83817,CFG_deda15f4c4a8,zp8,70,1
83818,CFG_835bac03bc4f,zp8,70,1
83819,CFG_1e693796a40d,zp8,70,1
83820,CFG_d7aadf87f0b1,zp8,70,1
83821,CFG_1ec55dc0a2ff,zp8,70,1
83822,CFG_b8e6a5652de1,zp8,70,1
83823,CFG_1ec55dc0a2ff,zp8,70,1
83824,CFG_29c3378e155b,zp8,70,1
83825,CFG_7fa53b7ab3bf,zp8,70,1
83826,CFG_e3950fd94ca1,zp8,70,1
83827,CFG_cf541d0f8a3a,zp8,70,1
83828,CFG_9178f775d49a,zp8,70,1
83829,CFG_99b4d8a9c762,zp8,70,1
83830,CFG_f18488ce1456,zp8,70,1
83831,CFG_773ac98270b6,zp8,70,1
83832,CFG_f18488ce1456,zp8,70,1
83833,CFG_755205a28938,zp8,70,1
83834,CFG_e87513c8563d,zp8,70,1
83835,CFG_5851809b712d,zp8,70,1
83836,CFG_ac213567a5a2,zp8,70,1
83837,CFG_8a51f93d684d,zp8,70,1
83838,CFG_f18488ce1456,zp8,70,1
83839,CFG_99b4d8a9c762,zp8,70,1
83840,CFG_773ac98270b6,zp8,70,1
83841,CFG_f18488ce1456,zp8,70,1
83842,CFG_b2a3cbb134c5,zp8,70,1
83843,CFG_5cd0c67d59bc,zp8,70,1
83844,CFG_36f82e31118f,zp8,70,1
83845,CFG_755205a28938,zp8,70,1
83846,CFG_773ac98270b6,zp8,70,1
83847,CFG_cf541d0f8a3a,zp8,70,1
83848,CFG_f18488ce1456,zp8,70,1
83849,CFG_36f82e31118f,zp8,70,1
83850,CFG_ac213567a5a2,zp8,70,1
83851,CFG_ac213567a5a2,zp8,70,1
83852,CFG_cf541d0f8a3a,zp8,70,1
83853,CFG_2154b722e06b,zp8,70,1
83854,CFG_773ac98270b6,zp8,70,1
83855,CFG_1ec55dc0a2ff,zp8,70,1
83856,CFG_9178f775d49a,zp8,70,1
83857,CFG_d96b0c9e44d0,zp8,70,1
83858,CFG_773ac98270b6,zp8,70,1
83859,CFG_f18488ce1456,zp8,70,1
83860,CFG_9c659499047b,zp8,70,1
83861,CFG_f18488ce1456,zp8,70,1
83862,CFG_59aede929579,zp8,70,1
83863,CFG_9c659499047b,zp8,70,1
83864,CFG_a292c20a75fd,zp8,70,1
83865,CFG_710c47edfbc8,zp8,70,1
83866,CFG_773ac98270b6,zp8,70,1
83867,CFG_3a3d7179fe0d,zp8,70,1
83868,CFG_1ec55dc0a2ff,zp8,70,1
83869,CFG_1ec55dc0a2ff,zp8,70,1
83870,CFG_d96b0c9e44d0,zp8,70,1
83871,CFG_d96b0c9e44d0,zp8,70,1
83872,CFG_939ca62c69c2,zp8,70,1
83873,CFG_b2a3cbb134c5,zp8,70,1
83874,CFG_9c659499047b,zp8,70,1
83875,CFG_cf541d0f8a3a,zp8,70,1
83876,CFG_9c659499047b,zp8,70,1
83877,CFG_29c3378e155b,zp8,70,1
83878,CFG_59aede929579,zp8,70,1
83879,CFG_f18488ce1456,zp8,70,1
83880,CFG_9178f775d49a,zp8,70,1
83881,CFG_67b539d34471,zp8,70,1
83882,CFG_5be0533f7ebf,zp8,70,1
83883,CFG_2154b722e06b,zp8,70,1
83884,CFG_b2a3cbb134c5,zp8,70,1
83885,CFG_cc5bbb6e9d13,zp8,70,1
83886,CFG_8a51f93d684d,zp8,70,1
83887,CFG_deda15f4c4a8,zp8,70,1
83888,CFG_b2a3cbb134c5,zp8,70,1
83889,CFG_e3950fd94ca1,zp8,70,1
83890,CFG_5cd0c67d59bc,zp8,70,1
83891,CFG_b8e6a5652de1,zp8,70,1
83892,CFG_d7aadf87f0b1,zp8,70,1
83893,CFG_a34f76b67ef4,zp8,70,1
83894,CFG_939ca62c69c2,zp8,70,1
83895,CFG_cf541d0f8a3a,zp8,70,1
83896,CFG_5cd0c67d59bc,zp8,70,1
83897,CFG_b2a3cbb134c5,zp8,70,1
83898,CFG_8f2957e28805,zp8,70,1
83899,CFG_b2a3cbb134c5,zp8,70,1
83900,CFG_deda15f4c4a8,zp8,70,1
83901,CFG_67b539d34471,zp8,70,1
83902,CFG_e3950fd94ca1,zp8,70,1
83903,CFG_b2a3cbb134c5,zp8,70,1
83904,CFG_9c659499047b,zp8,70,1
83905,CFG_f993a0fc6256,zp8,70,1
83906,CFG_9178f775d49a,zp8,70,1
83907,CFG_1e693796a40d,zp8,70,1
83908,CFG_2154b722e06b,zp8,70,1
83909,CFG_f18488ce1456,zp8,70,1
83910,CFG_8bfc9d62299c,zp8,70,1
83911,CFG_deda15f4c4a8,zp8,70,1
83912,CFG_1747d90ed031,zp8,70,1
83913,CFG_17620e2785dc,zp8,70,1
83914,CFG_3a3d7179fe0d,zp8,70,1
83915,CFG_b2a3cbb134c5,zp8,70,1
83916,CFG_8a51f93d684d,zp8,70,1
83917,CFG_be784e24b621,zp8,70,1
83918,CFG_1ec55dc0a2ff,zp8,70,1
83919,CFG_29c3378e155b,zp8,70,1
83920,CFG_2154b722e06b,zp8,70,1
83921,CFG_3697b100c401,zp8,70,1
83922,CFG_17620e2785dc,zp8,70,1
83923,CFG_8bfc9d62299c,zp8,70,1
83924,CFG_59f154754573,zp8,70,1
83925,CFG_773ac98270b6,zp8,70,1
83926,CFG_f18488ce1456,zp8,70,1
83927,CFG_5514d03a77b0,zp8,70,1
83928,CFG_d96b0c9e44d0,zp8,70,1
83929,CFG_1ec55dc0a2ff,zp8,70,1
83930,CFG_8a51f93d684d,zp8,70,1
83931,CFG_65f78a36ed50,zp8,70,1
83932,CFG_9c659499047b,zp8,70,1
83933,CFG_1ec55dc0a2ff,zp8,70,1
83934,CFG_e87513c8563d,zp8,70,1
83935,CFG_2534839bab0a,zp8,70,1
83936,CFG_ac213567a5a2,zp8,70,1
83937,CFG_17620e2785dc,zp8,70,1
83938,CFG_9c659499047b,zp8,70,1
83939,CFG_3e489afc8bfd,zp8,70,1
83940,CFG_8a51f93d684d,zp8,70,1
83941,CFG_17620e2785dc,zp8,70,1
83942,CFG_2154b722e06b,zp8,70,1
83943,CFG_f18488ce1456,zp8,70,1
83944,CFG_802041076799,zp8,70,1
83945,CFG_d96b0c9e44d0,zp8,70,1
83946,CFG_acabbc62a021,zp8,70,1
83947,CFG_5514d03a77b0,zp8,70,1
83948,CFG_1738a11cbd49,zp8,70,1
83949,CFG_67b539d34471,zp8,70,1
83950,CFG_67b539d34471,zp8,70,1
83951,CFG_5cd0c67d59bc,zp8,70,1
83952,CFG_8a51f93d684d,zp8,70,1
83953,CFG_5514d03a77b0,zp8,70,1
83954,CFG_d39c77a1a4bf,zp8,70,1
83955,CFG_1ec55dc0a2ff,zp8,70,1
83956,CFG_29c3378e155b,zp8,70,1
83957,CFG_de29bb20eaa6,zp8,70,1
83958,CFG_67b539d34471,zp8,70,1
83959,CFG_67b539d34471,zp8,70,1
83960,CFG_b04e3d146803,zp8,70,1
83961,CFG_b8e6a5652de1,zp8,70,1
83962,CFG_2534839bab0a,zp8,70,1
83963,CFG_cf541d0f8a3a,zp8,70,1
83964,CFG_755205a28938,zp8,70,1
83965,CFG_e3950fd94ca1,zp8,70,1
83966,CFG_ac213567a5a2,zp8,70,1
83967,CFG_f18488ce1456,zp8,70,1
83968,CFG_99b4d8a9c762,zp8,70,1
83969,CFG_a1d878e7d840,zp8,70,1
83970,CFG_4bec09598a98,zp8,70,1
83971,CFG_9178f775d49a,zp8,70,1
83972,CFG_e1e6e0c66c93,zp8,70,1
83973,CFG_67b539d34471,zp8,70,1
83974,CFG_9c659499047b,zp8,70,1
83975,CFG_59aede929579,zp8,70,1
83976,CFG_acabbc62a021,zp8,70,1
83977,CFG_59f154754573,zp8,70,1
83978,CFG_e3950fd94ca1,zp8,70,1
83979,CFG_939ca62c69c2,zp8,70,1
83980,CFG_cc5bbb6e9d13,zp8,70,1
83981,CFG_17620e2785dc,zp8,70,1
83982,CFG_5417b1da3239,zp8,70,1
83983,CFG_a1d878e7d840,zp8,70,1
83984,CFG_a9714f85f877,zp8,70,1
83985,CFG_b2a3cbb134c5,zp8,70,1
83986,CFG_5851809b712d,zp8,70,1
83987,CFG_59f154754573,zp8,70,1
83988,CFG_cf541d0f8a3a,zp8,70,1
83989,CFG_ffde3ea1b2e3,zp8,70,1
83990,CFG_6caaadb373ea,zp8,70,1
83991,CFG_8a51f93d684d,zp8,70,1
83992,CFG_f18488ce1456,zp8,70,1
83993,CFG_3278d3379c8a,zp8,70,1
83994,CFG_be784e24b621,zp8,70,1
83995,CFG_59aede929579,zp8,70,1
83996,CFG_bbea204eb2ac,zp8,70,1
83997,CFG_cf541d0f8a3a,zp8,70,1
83998,CFG_ffde3ea1b2e3,zp8,70,1
83999,CFG_a34f76b67ef4,zp8,70,1
84000,CFG_1ec55dc0a2ff,zp8,70,1
84001,CFG_cf541d0f8a3a,zp8,71,1
84002,CFG_1e693796a40d,zp8,71,1
84003,CFG_d96b0c9e44d0,zp8,71,1
84004,CFG_a9714f85f877,zp8,71,1
84005,CFG_ceef49456daa,zp8,71,1
84006,CFG_cf541d0f8a3a,zp8,71,1
84007,CFG_cc5bbb6e9d13,zp8,71,1
84008,CFG_bd6412fc68b0,zp8,71,1
84009,CFG_727914633b9e,zp8,71,1
84010,CFG_a1ebd0490272,zp8,71,1
84011,CFG_1738a11cbd49,zp8,71,1
84012,CFG_8a51f93d684d,zp8,71,1
84013,CFG_8bfc9d62299c,zp8,71,1
84014,CFG_f18488ce1456,zp8,71,1
84015,CFG_5514d03a77b0,zp8,71,1
84016,CFG_275e4ca07248,zp8,71,1
84017,CFG_67b539d34471,zp8,71,1
84018,CFG_7fa53b7ab3bf,zp8,71,1
84019,CFG_bd6412fc68b0,zp8,71,1
84020,CFG_8bfc9d62299c,zp8,71,1
84021,CFG_773ac98270b6,zp8,71,1
84022,CFG_a1d878e7d840,zp8,71,1
84023,CFG_9c659499047b,zp8,71,1
84024,CFG_cf541d0f8a3a,zp8,71,1
84025,CFG_a292c20a75fd,zp8,71,1
84026,CFG_a1d878e7d840,zp8,71,1
84027,CFG_3278d3379c8a,zp8,71,1
84028,CFG_e3950fd94ca1,zp8,71,1
84029,CFG_b2a3cbb134c5,zp8,71,1
84030,CFG_8bfc9d62299c,zp8,71,1
84031,CFG_67b539d34471,zp8,71,1
84032,CFG_939ca62c69c2,zp8,71,1
84033,CFG_939ca62c69c2,zp8,71,1
84034,CFG_d96b0c9e44d0,zp8,71,1
84035,CFG_755205a28938,zp8,71,1
84036,CFG_1e693796a40d,zp8,71,1
84037,CFG_1738a11cbd49,zp8,71,1
84038,CFG_deda15f4c4a8,zp8,71,1
84039,CFG_3278d3379c8a,zp8,71,1
84040,CFG_cf541d0f8a3a,zp8,71,1
84041,CFG_9178f775d49a,zp8,71,1
84042,CFG_36f82e31118f,zp8,71,1
84043,CFG_67b539d34471,zp8,71,1
84044,CFG_9c659499047b,zp8,71,1
84045,CFG_8bfc9d62299c,zp8,71,1
84046,CFG_f993a0fc6256,zp8,71,1
84047,CFG_7fa53b7ab3bf,zp8,71,1
84048,CFG_39fe645ba2f1,zp8,71,1
84049,CFG_b2a3cbb134c5,zp8,71,1
84050,CFG_67b539d34471,zp8,71,1
84051,CFG_67b539d34471,zp8,71,1
84052,CFG_9178f775d49a,zp8,71,1
84053,CFG_e1e6e0c66c93,zp8,71,1
84054,CFG_1ec55dc0a2ff,zp8,71,1
84055,CFG_b8e6a5652de1,zp8,71,1
84056,CFG_17620e2785dc,zp8,71,1
84057,CFG_1ec55dc0a2ff,zp8,71,1
84058,CFG_1ec55dc0a2ff,zp8,71,1
84059,CFG_4bec09598a98,zp8,71,1
84060,CFG_802041076799,zp8,71,1
84061,CFG_c910518048de,zp8,71,1
84062,CFG_99b4d8a9c762,zp8,71,1
84063,CFG_e1e6e0c66c93,zp8,71,1
84064,CFG_f18488ce1456,zp8,71,1
84065,CFG_f18488ce1456,zp8,71,1
84066,CFG_dda2f907b868,zp8,71,1
84067,CFG_773ac98270b6,zp8,71,1
84068,CFG_f18488ce1456,zp8,71,1
84069,CFG_36f82e31118f,zp8,71,1
84070,CFG_1d0f84c0bb06,zp8,71,1
84071,CFG_a1d878e7d840,zp8,71,1
84072,CFG_9178f775d49a,zp8,71,1
84073,CFG_e1e6e0c66c93,zp8,71,1
84074,CFG_625048fefa0b,zp8,71,1
84075,CFG_b2a3cbb134c5,zp8,71,1
84076,CFG_532891bb36ca,zp8,71,1
84077,CFG_1747d90ed031,zp8,71,1
84078,CFG_b04e3d146803,zp8,71,1
84079,CFG_5514d03a77b0,zp8,71,1
84080,CFG_710c47edfbc8,zp8,71,1
84081,CFG_d96b0c9e44d0,zp8,71,1
84082,CFG_6caaadb373ea,zp8,71,1
84083,CFG_b8e6a5652de1,zp8,71,1
84084,CFG_7155e4ee7bdf,zp8,71,1
84085,CFG_e3950fd94ca1,zp8,71,1
84086,CFG_8a51f93d684d,zp8,71,1
84087,CFG_deda15f4c4a8,zp8,71,1
84088,CFG_8bfc9d62299c,zp8,71,1
84089,CFG_a34f76b67ef4,zp8,71,1
84090,CFG_9178f775d49a,zp8,71,1
84091,CFG_e3950fd94ca1,zp8,71,1
84092,CFG_a34f76b67ef4,zp8,71,1
84093,CFG_67b539d34471,zp8,71,1
84094,CFG_67b539d34471,zp8,71,1
84095,CFG_9178f775d49a,zp8,71,1
84096,CFG_b8e6a5652de1,zp8,71,1
84097,CFG_2154b722e06b,zp8,71,1
84098,CFG_ceef49456daa,zp8,71,1
84099,CFG_755205a28938,zp8,71,1
84100,CFG_f18488ce1456,zp8,71,1
84101,CFG_8a51f93d684d,zp8,71,1
84102,CFG_727914633b9e,zp8,71,1
84103,CFG_bd6412fc68b0,zp8,71,1
84104,CFG_59aede929579,zp8,71,1
84105,CFG_65f78a36ed50,zp8,71,1
84106,CFG_1ec55dc0a2ff,zp8,71,1
84107,CFG_8a51f93d684d,zp8,71,1
84108,CFG_8a51f93d684d,zp8,71,1
84109,CFG_1ec55dc0a2ff,zp8,71,1
84110,CFG_9178f775d49a,zp8,71,1
84111,CFG_8a51f93d684d,zp8,71,1
84112,CFG_8a51f93d684d,zp8,71,1
84113,CFG_f18488ce1456,zp8,71,1
84114,CFG_d0face5aa80d,zp8,71,1
84115,CFG_8bfc9d62299c,zp8,71,1
84116,CFG_7155e4ee7bdf,zp8,71,1
84117,CFG_f18488ce1456,zp8,71,1
84118,CFG_b2a3cbb134c5,zp8,71,1
84119,CFG_773ac98270b6,zp8,71,1
84120,CFG_2534839bab0a,zp8,71,1
84121,CFG_1738a11cbd49,zp8,71,1
84122,CFG_be784e24b621,zp8,71,1
84123,CFG_a1ebd0490272,zp8,71,1
84124,CFG_3a3d7179fe0d,zp8,71,1
84125,CFG_9c659499047b,zp8,71,1
84126,CFG_67b539d34471,zp8,71,1
84127,CFG_a1d878e7d840,zp8,71,1
84128,CFG_17620e2785dc,zp8,71,1
84129,CFG_1738a11cbd49,zp8,71,1
84130,CFG_a1d878e7d840,zp8,71,1
84131,CFG_b8e6a5652de1,zp8,71,1
84132,CFG_29c3378e155b,zp8,71,1
84133,CFG_cf541d0f8a3a,zp8,71,1
84134,CFG_755205a28938,zp8,71,1
84135,CFG_ceef49456daa,zp8,71,1
84136,CFG_be784e24b621,zp8,71,1
84137,CFG_1e693796a40d,zp8,71,1
84138,CFG_cf541d0f8a3a,zp8,71,1
84139,CFG_3278d3379c8a,zp8,71,1
84140,CFG_773ac98270b6,zp8,71,1
84141,CFG_b2a3cbb134c5,zp8,71,1
84142,CFG_cf541d0f8a3a,zp8,71,1
84143,CFG_65f78a36ed50,zp8,71,1
84144,CFG_a34f76b67ef4,zp8,71,1
84145,CFG_cf541d0f8a3a,zp8,71,1
84146,CFG_f18488ce1456,zp8,71,1
84147,CFG_e3950fd94ca1,zp8,71,1
84148,CFG_1ec55dc0a2ff,zp8,71,1
84149,CFG_f18488ce1456,zp8,71,1
84150,CFG_67b539d34471,zp8,71,1
84151,CFG_8a51f93d684d,zp8,71,1
84152,CFG_f18488ce1456,zp8,71,1
84153,CFG_5514d03a77b0,zp8,71,1
84154,CFG_67b539d34471,zp8,71,1
84155,CFG_1e693796a40d,zp8,71,1
84156,CFG_d39c77a1a4bf,zp8,71,1
84157,CFG_8a3f0c7c09a9,zp8,71,1
84158,CFG_36f82e31118f,zp8,71,1
84159,CFG_a1d878e7d840,zp8,71,1
84160,CFG_d96b0c9e44d0,zp8,71,1
84161,CFG_9c659499047b,zp8,71,1
84162,CFG_b04e3d146803,zp8,71,1
84163,CFG_e1e6e0c66c93,zp8,71,1
84164,CFG_939ca62c69c2,zp8,71,1
84165,CFG_710c47edfbc8,zp8,71,1
84166,CFG_7cd4c6b023c5,zp8,71,1
84167,CFG_67b539d34471,zp8,71,1
84168,CFG_b2a3cbb134c5,zp8,71,1
84169,CFG_ffde3ea1b2e3,zp8,71,1
84170,CFG_1ec55dc0a2ff,zp8,71,1
84171,CFG_8a51f93d684d,zp8,71,1
84172,CFG_9c659499047b,zp8,71,1
84173,CFG_7155e4ee7bdf,zp8,71,1
84174,CFG_1738a11cbd49,zp8,71,1
84175,CFG_5cd0c67d59bc,zp8,71,1
84176,CFG_be784e24b621,zp8,71,1
84177,CFG_a1d878e7d840,zp8,71,1
84178,CFG_5851809b712d,zp8,71,1
84179,CFG_8a51f93d684d,zp8,71,1
84180,CFG_f18488ce1456,zp8,71,1
84181,CFG_59f154754573,zp8,71,1
84182,CFG_36f82e31118f,zp8,71,1
84183,CFG_939ca62c69c2,zp8,71,1
84184,CFG_1ec55dc0a2ff,zp8,71,1
84185,CFG_67b539d34471,zp8,71,1
84186,CFG_17620e2785dc,zp8,71,1
84187,CFG_67b539d34471,zp8,71,1
84188,CFG_be784e24b621,zp8,71,1
84189,CFG_67b539d34471,zp8,71,1
84190,CFG_a1d878e7d840,zp8,71,1
84191,CFG_ffde3ea1b2e3,zp8,71,1
84192,CFG_c910518048de,zp8,71,1
84193,CFG_1ec55dc0a2ff,zp8,71,1
84194,CFG_b8e6a5652de1,zp8,71,1
84195,CFG_cf541d0f8a3a,zp8,71,1
84196,CFG_755205a28938,zp8,71,1
84197,CFG_3697b100c401,zp8,71,1
84198,CFG_ac213567a5a2,zp8,71,1
84199,CFG_59f154754573,zp8,71,1
84200,CFG_29c3378e155b,zp8,71,1
84201,CFG_2534839bab0a,zp8,71,1
84202,CFG_1ec55dc0a2ff,zp8,71,1
84203,CFG_b8e6a5652de1,zp8,71,1
84204,CFG_7cd4c6b023c5,zp8,71,1
84205,CFG_939ca62c69c2,zp8,71,1
84206,CFG_b8e6a5652de1,zp8,71,1
84207,CFG_710c47edfbc8,zp8,71,1
84208,CFG_59aede929579,zp8,71,1
84209,CFG_67b539d34471,zp8,71,1
84210,CFG_3a3d7179fe0d,zp8,71,1
84211,CFG_1e693796a40d,zp8,71,1
84212,CFG_67b539d34471,zp8,71,1
84213,CFG_17620e2785dc,zp8,71,1
84214,CFG_bbea204eb2ac,zp8,71,1
84215,CFG_3a3d7179fe0d,zp8,71,1
84216,CFG_5851809b712d,zp8,71,1
84217,CFG_f993a0fc6256,zp8,71,1
84218,CFG_ffde3ea1b2e3,zp8,71,1
84219,CFG_77c8b99b43d9,zp8,71,1
84220,CFG_c94b44f1b2f9,zp8,71,1
84221,CFG_637b6e72af93,zp8,71,1
84222,CFG_77c8b99b43d9,zp8,71,1
84223,CFG_9c659499047b,zp8,71,1
84224,CFG_3a3d7179fe0d,zp8,71,1
84225,CFG_773ac98270b6,zp8,71,1
84226,CFG_d7aadf87f0b1,zp8,71,1
84227,CFG_67b539d34471,zp8,71,1
84228,CFG_939ca62c69c2,zp8,71,1
84229,CFG_8bfc9d62299c,zp8,71,1
84230,CFG_deda15f4c4a8,zp8,71,1
84231,CFG_b2bb984b770a,zp8,71,1
84232,CFG_1d0f84c0bb06,zp8,71,1
84233,CFG_e3950fd94ca1,zp8,71,1
84234,CFG_a292c20a75fd,zp8,71,1
84235,CFG_b8e6a5652de1,zp8,71,1
84236,CFG_59f154754573,zp8,71,1
84237,CFG_625048fefa0b,zp8,71,1
84238,CFG_d96b0c9e44d0,zp8,71,1
84239,CFG_3278d3379c8a,zp8,71,1
84240,CFG_9c659499047b,zp8,71,1
84241,CFG_1ec55dc0a2ff,zp8,71,1
84242,CFG_8a51f93d684d,zp8,71,1
84243,CFG_9178f775d49a,zp8,71,1
84244,CFG_8a51f93d684d,zp8,71,1
84245,CFG_802041076799,zp8,71,1
84246,CFG_cf541d0f8a3a,zp8,71,1
84247,CFG_1d0f84c0bb06,zp8,71,1
84248,CFG_3a3d7179fe0d,zp8,71,1
84249,CFG_7155e4ee7bdf,zp8,71,1
84250,CFG_dda2f907b868,zp8,71,1
84251,CFG_d96b0c9e44d0,zp8,71,1
84252,CFG_f18488ce1456,zp8,71,1
84253,CFG_9178f775d49a,zp8,71,1
84254,CFG_17620e2785dc,zp8,71,1
84255,CFG_bd6412fc68b0,zp8,71,1
84256,CFG_5cd0c67d59bc,zp8,71,1
84257,CFG_36f82e31118f,zp8,71,1
84258,CFG_9178f775d49a,zp8,71,1
84259,CFG_773ac98270b6,zp8,71,1
84260,CFG_5514d03a77b0,zp8,71,1
84261,CFG_9178f775d49a,zp8,71,1
84262,CFG_8bfc9d62299c,zp8,71,1
84263,CFG_d96b0c9e44d0,zp8,71,1
84264,CFG_e1e6e0c66c93,zp8,71,1
84265,CFG_f18488ce1456,zp8,71,1
84266,CFG_c910518048de,zp8,71,1
84267,CFG_8bfc9d62299c,zp8,71,1
84268,CFG_1ec55dc0a2ff,zp8,71,1
84269,CFG_e1e6e0c66c93,zp8,71,1
84270,CFG_5531dad98c69,zp8,71,1
84271,CFG_710c47edfbc8,zp8,71,1
84272,CFG_727914633b9e,zp8,71,1
84273,CFG_b8e6a5652de1,zp8,71,1
84274,CFG_710c47edfbc8,zp8,71,1
84275,CFG_8a51f93d684d,zp8,71,1
84276,CFG_939ca62c69c2,zp8,71,1
84277,CFG_cf541d0f8a3a,zp8,71,1
84278,CFG_f18488ce1456,zp8,71,1
84279,CFG_17620e2785dc,zp8,71,1
84280,CFG_2154b722e06b,zp8,71,1
84281,CFG_802041076799,zp8,71,1
84282,CFG_d39c77a1a4bf,zp8,71,1
84283,CFG_b2a3cbb134c5,zp8,71,1
84284,CFG_3a3d7179fe0d,zp8,71,1
84285,CFG_d96b0c9e44d0,zp8,71,1
84286,CFG_5cd0c67d59bc,zp8,71,1
84287,CFG_67b539d34471,zp8,71,1
84288,CFG_b2a3cbb134c5,zp8,71,1
84289,CFG_e3950fd94ca1,zp8,71,1
84290,CFG_e3950fd94ca1,zp8,71,1
84291,CFG_59aede929579,zp8,71,1
84292,CFG_9178f775d49a,zp8,71,1
84293,CFG_9c659499047b,zp8,71,1
84294,CFG_29c3378e155b,zp8,71,1
84295,CFG_939ca62c69c2,zp8,71,1
84296,CFG_8a51f93d684d,zp8,71,1
84297,CFG_a34f76b67ef4,zp8,71,1
84298,CFG_b04e3d146803,zp8,71,1
84299,CFG_5514d03a77b0,zp8,71,1
84300,CFG_f18488ce1456,zp8,71,1
84301,CFG_36f82e31118f,zp8,71,1
84302,CFG_5be0533f7ebf,zp8,71,1
84303,CFG_e3950fd94ca1,zp8,71,1
84304,CFG_9178f775d49a,zp8,71,1
84305,CFG_59f154754573,zp8,71,1
84306,CFG_b8e6a5652de1,zp8,71,1
84307,CFG_cf541d0f8a3a,zp8,71,1
84308,CFG_d96b0c9e44d0,zp8,71,1
84309,CFG_1ec55dc0a2ff,zp8,71,1
84310,CFG_59f154754573,zp8,71,1
84311,CFG_727914633b9e,zp8,71,1
84312,CFG_b8e6a5652de1,zp8,71,1
84313,CFG_d7aadf87f0b1,zp8,71,1
84314,CFG_f18488ce1456,zp8,71,1
84315,CFG_e3950fd94ca1,zp8,71,1
84316,CFG_67b539d34471,zp8,71,1
84317,CFG_67b539d34471,zp8,71,1
84318,CFG_8a51f93d684d,zp8,71,1
84319,CFG_3278d3379c8a,zp8,71,1
84320,CFG_ffde3ea1b2e3,zp8,71,1
84321,CFG_d96b0c9e44d0,zp8,71,1
84322,CFG_275e4ca07248,zp8,71,1
84323,CFG_be784e24b621,zp8,71,1
84324,CFG_1ec55dc0a2ff,zp8,71,1
84325,CFG_939ca62c69c2,zp8,71,1
84326,CFG_f18488ce1456,zp8,71,1
84327,CFG_112bf773e97d,zp8,71,1
84328,CFG_8a51f93d684d,zp8,71,1
84329,CFG_755205a28938,zp8,71,1
84330,CFG_710c47edfbc8,zp8,71,1
84331,CFG_d7aadf87f0b1,zp8,71,1
84332,CFG_65f78a36ed50,zp8,71,1
84333,CFG_f18488ce1456,zp8,71,1
84334,CFG_755205a28938,zp8,71,1
84335,CFG_59f154754573,zp8,71,1
84336,CFG_ce5b3e9775e9,zp8,71,1
84337,CFG_b2a3cbb134c5,zp8,71,1
84338,CFG_c910518048de,zp8,71,1
84339,CFG_f18488ce1456,zp8,71,1
84340,CFG_3a3d7179fe0d,zp8,71,1
84341,CFG_f18488ce1456,zp8,71,1
84342,CFG_275e4ca07248,zp8,71,1
84343,CFG_36f82e31118f,zp8,71,1
84344,CFG_cf541d0f8a3a,zp8,71,1
84345,CFG_2154b722e06b,zp8,71,1
84346,CFG_288ddbff7431,zp8,71,1
84347,CFG_b2a3cbb134c5,zp8,71,1
84348,CFG_939ca62c69c2,zp8,71,1
84349,CFG_9178f775d49a,zp8,71,1
84350,CFG_9178f775d49a,zp8,71,1
84351,CFG_773ac98270b6,zp8,71,1
84352,CFG_c94b44f1b2f9,zp8,71,1
84353,CFG_be784e24b621,zp8,71,1
84354,CFG_275e4ca07248,zp8,71,1
84355,CFG_67b539d34471,zp8,71,1
84356,CFG_1e693796a40d,zp8,71,1
84357,CFG_d39c77a1a4bf,zp8,71,1
84358,CFG_f18488ce1456,zp8,71,1
84359,CFG_8f2957e28805,zp8,71,1
84360,CFG_d96b0c9e44d0,zp8,71,1
84361,CFG_773ac98270b6,zp8,71,1
84362,CFG_67b539d34471,zp8,71,1
84363,CFG_9178f775d49a,zp8,71,1
84364,CFG_5514d03a77b0,zp8,71,1
84365,CFG_773ac98270b6,zp8,71,1
84366,CFG_db37bdfe8c71,zp8,71,1
84367,CFG_d96b0c9e44d0,zp8,71,1
84368,CFG_67b539d34471,zp8,71,1
84369,CFG_b2a3cbb134c5,zp8,71,1
84370,CFG_deda15f4c4a8,zp8,71,1
84371,CFG_2534839bab0a,zp8,71,1
84372,CFG_275e4ca07248,zp8,71,1
84373,CFG_3a3d7179fe0d,zp8,71,1
84374,CFG_2154b722e06b,zp8,71,1
84375,CFG_cf541d0f8a3a,zp8,71,1
84376,CFG_b2a3cbb134c5,zp8,71,1
84377,CFG_1ec55dc0a2ff,zp8,71,1
84378,CFG_e3950fd94ca1,zp8,71,1
84379,CFG_1ec55dc0a2ff,zp8,71,1
84380,CFG_1ec55dc0a2ff,zp8,71,1
84381,CFG_e87513c8563d,zp8,71,1
84382,CFG_f18488ce1456,zp8,71,1
84383,CFG_9c659499047b,zp8,71,1
84384,CFG_9c659499047b,zp8,71,1
84385,CFG_773ac98270b6,zp8,71,1
84386,CFG_59f154754573,zp8,71,1
84387,CFG_8bfc9d62299c,zp8,71,1
84388,CFG_59f154754573,zp8,71,1
84389,CFG_9c659499047b,zp8,71,1
84390,CFG_3a3d7179fe0d,zp8,71,1
84391,CFG_2154b722e06b,zp8,71,1
84392,CFG_802041076799,zp8,71,1
84393,CFG_d96b0c9e44d0,zp8,71,1
84394,CFG_802041076799,zp8,71,1
84395,CFG_a1d878e7d840,zp8,71,1
84396,CFG_de29bb20eaa6,zp8,71,1
84397,CFG_f18488ce1456,zp8,71,1
84398,CFG_de29bb20eaa6,zp8,71,1
84399,CFG_2534839bab0a,zp8,71,1
84400,CFG_99b4d8a9c762,zp8,71,1
84401,CFG_5514d03a77b0,zp8,71,1
84402,CFG_a292c20a75fd,zp8,71,1
84403,CFG_8a51f93d684d,zp8,71,1
84404,CFG_755205a28938,zp8,71,1
84405,CFG_b04e3d146803,zp8,71,1
84406,CFG_dda2f907b868,zp8,71,1
84407,CFG_67b539d34471,zp8,71,1
84408,CFG_59aede929579,zp8,71,1
84409,CFG_65f78a36ed50,zp8,71,1
84410,CFG_77c8b99b43d9,zp8,71,1
84411,CFG_c910518048de,zp8,71,1
84412,CFG_3a3d7179fe0d,zp8,71,1
84413,CFG_3a3d7179fe0d,zp8,71,1
84414,CFG_b8e6a5652de1,zp8,71,1
84415,CFG_a1ebd0490272,zp8,71,1
84416,CFG_c94b44f1b2f9,zp8,71,1
84417,CFG_deda15f4c4a8,zp8,71,1
84418,CFG_8bfc9d62299c,zp8,71,1
84419,CFG_67b539d34471,zp8,71,1
84420,CFG_5851809b712d,zp8,71,1
84421,CFG_29c3378e155b,zp8,71,1
84422,CFG_9c659499047b,zp8,71,1
84423,CFG_29c3378e155b,zp8,71,1
84424,CFG_65f78a36ed50,zp8,71,1
84425,CFG_deda15f4c4a8,zp8,71,1
84426,CFG_dda2f907b868,zp8,71,1
84427,CFG_7cd4c6b023c5,zp8,71,1
84428,CFG_288ddbff7431,zp8,71,1
84429,CFG_d96b0c9e44d0,zp8,71,1
84430,CFG_773ac98270b6,zp8,71,1
84431,CFG_275e4ca07248,zp8,71,1
84432,CFG_1738a11cbd49,zp8,71,1
84433,CFG_c910518048de,zp8,71,1
84434,CFG_17620e2785dc,zp8,71,1
84435,CFG_ffde3ea1b2e3,zp8,71,1
84436,CFG_f993a0fc6256,zp8,71,1
84437,CFG_be784e24b621,zp8,71,1
84438,CFG_9c659499047b,zp8,71,1
84439,CFG_b2a3cbb134c5,zp8,71,1
84440,CFG_67b539d34471,zp8,71,1
84441,CFG_710c47edfbc8,zp8,71,1
84442,CFG_f993a0fc6256,zp8,71,1
84443,CFG_a292c20a75fd,zp8,71,1
84444,CFG_710c47edfbc8,zp8,71,1
84445,CFG_275e4ca07248,zp8,71,1
84446,CFG_b04e3d146803,zp8,71,1
84447,CFG_e3950fd94ca1,zp8,71,1
84448,CFG_59aede929579,zp8,71,1
84449,CFG_6caaadb373ea,zp8,71,1
84450,CFG_f18488ce1456,zp8,71,1
84451,CFG_939ca62c69c2,zp8,71,1
84452,CFG_dda2f907b868,zp8,71,1
84453,CFG_36f82e31118f,zp8,71,1
84454,CFG_9178f775d49a,zp8,71,1
84455,CFG_f18488ce1456,zp8,71,1
84456,CFG_c94b44f1b2f9,zp8,71,1
84457,CFG_b2bb984b770a,zp8,71,1
84458,CFG_3a3d7179fe0d,zp8,71,1
84459,CFG_77c8b99b43d9,zp8,71,1
84460,CFG_e1e6e0c66c93,zp8,71,1
84461,CFG_be784e24b621,zp8,71,1
84462,CFG_a34f76b67ef4,zp8,71,1
84463,CFG_a34f76b67ef4,zp8,71,1
84464,CFG_1d1816b1d9d8,zp8,71,1
84465,CFG_3a3d7179fe0d,zp8,71,1
84466,CFG_67b539d34471,zp8,71,1
84467,CFG_67b539d34471,zp8,71,1
84468,CFG_17620e2785dc,zp8,71,1
84469,CFG_d39c77a1a4bf,zp8,71,1
84470,CFG_9178f775d49a,zp8,71,1
84471,CFG_c94b44f1b2f9,zp8,71,1
84472,CFG_755205a28938,zp8,71,1
84473,CFG_9c659499047b,zp8,71,1
84474,CFG_a1d878e7d840,zp8,71,1
84475,CFG_e1e6e0c66c93,zp8,71,1
84476,CFG_e3386d946379,zp8,71,1
84477,CFG_bbea204eb2ac,zp8,71,1
84478,CFG_939ca62c69c2,zp8,71,1
84479,CFG_d0face5aa80d,zp8,71,1
84480,CFG_ffde3ea1b2e3,zp8,71,1
84481,CFG_29c3378e155b,zp8,71,1
84482,CFG_29c3378e155b,zp8,71,1
84483,CFG_1d1816b1d9d8,zp8,71,1
84484,CFG_cc5bbb6e9d13,zp8,71,1
84485,CFG_17620e2785dc,zp8,71,1
84486,CFG_17620e2785dc,zp8,71,1
84487,CFG_e1e6e0c66c93,zp8,71,1
84488,CFG_1ec55dc0a2ff,zp8,71,1
84489,CFG_1ec55dc0a2ff,zp8,71,1
84490,CFG_5514d03a77b0,zp8,71,1
84491,CFG_8a51f93d684d,zp8,71,1
84492,CFG_939ca62c69c2,zp8,71,1
84493,CFG_7fa53b7ab3bf,zp8,71,1
84494,CFG_3697b100c401,zp8,71,1
84495,CFG_8a3f0c7c09a9,zp8,71,1
84496,CFG_3a3d7179fe0d,zp8,71,1
84497,CFG_17620e2785dc,zp8,71,1
84498,CFG_9178f775d49a,zp8,71,1
84499,CFG_5514d03a77b0,zp8,71,1
84500,CFG_5851809b712d,zp8,71,1
84501,CFG_36f82e31118f,zp8,71,1
84502,CFG_2534839bab0a,zp8,71,1
84503,CFG_ffde3ea1b2e3,zp8,71,1
84504,CFG_de29bb20eaa6,zp8,71,1
84505,CFG_5531dad98c69,zp8,71,1
84506,CFG_8bfc9d62299c,zp8,71,1
84507,CFG_d96b0c9e44d0,zp8,71,1
84508,CFG_deda15f4c4a8,zp8,71,1
84509,CFG_e3950fd94ca1,zp8,71,1
84510,CFG_ac213567a5a2,zp8,71,1
84511,CFG_d96b0c9e44d0,zp8,71,1
84512,CFG_275e4ca07248,zp8,71,1
84513,CFG_288ddbff7431,zp8,71,1
84514,CFG_9178f775d49a,zp8,71,1
84515,CFG_773ac98270b6,zp8,71,1
84516,CFG_275e4ca07248,zp8,71,1
84517,CFG_b2a3cbb134c5,zp8,71,1
84518,CFG_2534839bab0a,zp8,71,1
84519,CFG_802041076799,zp8,71,1
84520,CFG_67b539d34471,zp8,71,1
84521,CFG_4bec09598a98,zp8,71,1
84522,CFG_9c659499047b,zp8,71,1
84523,CFG_3a3d7179fe0d,zp8,71,1
84524,CFG_2534839bab0a,zp8,71,1
84525,CFG_d7aadf87f0b1,zp8,71,1
84526,CFG_29c3378e155b,zp8,71,1
84527,CFG_e1e6e0c66c93,zp8,71,1
84528,CFG_cf541d0f8a3a,zp8,71,1
84529,CFG_17620e2785dc,zp8,71,1
84530,CFG_17620e2785dc,zp8,71,1
84531,CFG_67b539d34471,zp8,71,1
84532,CFG_a292c20a75fd,zp8,71,1
84533,CFG_deda15f4c4a8,zp8,71,1
84534,CFG_1738a11cbd49,zp8,71,1
84535,CFG_be784e24b621,zp8,71,1
84536,CFG_9c659499047b,zp8,71,1
84537,CFG_275e4ca07248,zp8,71,1
84538,CFG_67b539d34471,zp8,71,1
84539,CFG_d96b0c9e44d0,zp8,71,1
84540,CFG_f993a0fc6256,zp8,71,1
84541,CFG_d39c77a1a4bf,zp8,71,1
84542,CFG_cf541d0f8a3a,zp8,71,1
84543,CFG_29c3378e155b,zp8,71,1
84544,CFG_5514d03a77b0,zp8,71,1
84545,CFG_1ec55dc0a2ff,zp8,71,1
84546,CFG_bd6412fc68b0,zp8,71,1
84547,CFG_1738a11cbd49,zp8,71,1
84548,CFG_1ec55dc0a2ff,zp8,71,1
84549,CFG_1ec55dc0a2ff,zp8,71,1
84550,CFG_9178f775d49a,zp8,71,1
84551,CFG_e3950fd94ca1,zp8,71,1
84552,CFG_b8e6a5652de1,zp8,71,1
84553,CFG_b2a3cbb134c5,zp8,71,1
84554,CFG_b2a3cbb134c5,zp8,71,1
84555,CFG_f18488ce1456,zp8,71,1
84556,CFG_3278d3379c8a,zp8,71,1
84557,CFG_1e693796a40d,zp8,71,1
84558,CFG_cf541d0f8a3a,zp8,71,1
84559,CFG_e1e6e0c66c93,zp8,71,1
84560,CFG_ac213567a5a2,zp8,71,1
84561,CFG_d7aadf87f0b1,zp8,71,1
84562,CFG_d7aadf87f0b1,zp8,71,1
84563,CFG_3278d3379c8a,zp8,71,1
84564,CFG_99b4d8a9c762,zp8,71,1
84565,CFG_1ec55dc0a2ff,zp8,71,1
84566,CFG_1ec55dc0a2ff,zp8,71,1
84567,CFG_b2a3cbb134c5,zp8,71,1
84568,CFG_8f2957e28805,zp8,71,1
84569,CFG_17620e2785dc,zp8,71,1
84570,CFG_1ec55dc0a2ff,zp8,71,1
84571,CFG_710c47edfbc8,zp8,71,1
84572,CFG_9178f775d49a,zp8,71,1
84573,CFG_b8e6a5652de1,zp8,71,1
84574,CFG_5cd0c67d59bc,zp8,71,1
84575,CFG_b2a3cbb134c5,zp8,71,1
84576,CFG_b2a3cbb134c5,zp8,71,1
84577,CFG_710c47edfbc8,zp8,71,1
84578,CFG_9c659499047b,zp8,71,1
84579,CFG_e3950fd94ca1,zp8,71,1
84580,CFG_1ec55dc0a2ff,zp8,71,1
84581,CFG_17620e2785dc,zp8,71,1
84582,CFG_8f2957e28805,zp8,71,1
84583,CFG_e3950fd94ca1,zp8,71,1
84584,CFG_cf541d0f8a3a,zp8,71,1
84585,CFG_532891bb36ca,zp8,71,1
84586,CFG_67b539d34471,zp8,71,1
84587,CFG_a34f76b67ef4,zp8,71,1
84588,CFG_a292c20a75fd,zp8,71,1
84589,CFG_9c659499047b,zp8,71,1
84590,CFG_deda15f4c4a8,zp8,71,1
84591,CFG_67b539d34471,zp8,71,1
84592,CFG_e87513c8563d,zp8,71,1
84593,CFG_b8e6a5652de1,zp8,71,1
84594,CFG_3278d3379c8a,zp8,71,1
84595,CFG_77c8b99b43d9,zp8,71,1
84596,CFG_cf541d0f8a3a,zp8,71,1
84597,CFG_b2a3cbb134c5,zp8,71,1
84598,CFG_e1e6e0c66c93,zp8,71,1
84599,CFG_c910518048de,zp8,71,1
84600,CFG_5514d03a77b0,zp8,71,1
84601,CFG_3a3d7179fe0d,zp8,71,1
84602,CFG_67b539d34471,zp8,71,1
84603,CFG_ffde3ea1b2e3,zp8,71,1
84604,CFG_b8e6a5652de1,zp8,71,1
84605,CFG_1738a11cbd49,zp8,71,1
84606,CFG_710c47edfbc8,zp8,71,1
84607,CFG_1ec55dc0a2ff,zp8,71,1
84608,CFG_1738a11cbd49,zp8,71,1
84609,CFG_802041076799,zp8,71,1
84610,CFG_cf541d0f8a3a,zp8,71,1
84611,CFG_29c3378e155b,zp8,71,1
84612,CFG_b8e6a5652de1,zp8,71,1
84613,CFG_77c8b99b43d9,zp8,71,1
84614,CFG_9178f775d49a,zp8,71,1
84615,CFG_9178f775d49a,zp8,71,1
84616,CFG_cf541d0f8a3a,zp8,71,1
84617,CFG_d39c77a1a4bf,zp8,71,1
84618,CFG_bd6412fc68b0,zp8,71,1
84619,CFG_b2a3cbb134c5,zp8,71,1
84620,CFG_773ac98270b6,zp8,71,1
84621,CFG_ac213567a5a2,zp8,71,1
84622,CFG_727914633b9e,zp8,71,1
84623,CFG_de29bb20eaa6,zp8,71,1
84624,CFG_59f154754573,zp8,71,1
84625,CFG_d96b0c9e44d0,zp8,71,1
84626,CFG_3697b100c401,zp8,71,1
84627,CFG_1ec55dc0a2ff,zp8,71,1
84628,CFG_9c659499047b,zp8,71,1
84629,CFG_f18488ce1456,zp8,71,1
84630,CFG_cc5bbb6e9d13,zp8,71,1
84631,CFG_e87513c8563d,zp8,71,1
84632,CFG_d39c77a1a4bf,zp8,71,1
84633,CFG_1738a11cbd49,zp8,71,1
84634,CFG_ac213567a5a2,zp8,71,1
84635,CFG_acabbc62a021,zp8,71,1
84636,CFG_d96b0c9e44d0,zp8,71,1
84637,CFG_e1e6e0c66c93,zp8,71,1
84638,CFG_1ec55dc0a2ff,zp8,71,1
84639,CFG_7fa53b7ab3bf,zp8,71,1
84640,CFG_bbea204eb2ac,zp8,71,1
84641,CFG_727914633b9e,zp8,71,1
84642,CFG_727914633b9e,zp8,71,1
84643,CFG_773ac98270b6,zp8,71,1
84644,CFG_1ec55dc0a2ff,zp8,71,1
84645,CFG_3278d3379c8a,zp8,71,1
84646,CFG_be784e24b621,zp8,71,1
84647,CFG_39fe645ba2f1,zp8,71,1
84648,CFG_1ec55dc0a2ff,zp8,71,1
84649,CFG_bd6412fc68b0,zp8,71,1
84650,CFG_1ec55dc0a2ff,zp8,71,1
84651,CFG_b8e6a5652de1,zp8,71,1
84652,CFG_532891bb36ca,zp8,71,1
84653,CFG_1ec55dc0a2ff,zp8,71,1
84654,CFG_b8e6a5652de1,zp8,71,1
84655,CFG_e87513c8563d,zp8,71,1
84656,CFG_773ac98270b6,zp8,71,1
84657,CFG_939ca62c69c2,zp8,71,1
84658,CFG_773ac98270b6,zp8,71,1
84659,CFG_f18488ce1456,zp8,71,1
84660,CFG_e3386d946379,zp8,71,1
84661,CFG_727914633b9e,zp8,71,1
84662,CFG_9c659499047b,zp8,71,1
84663,CFG_67b539d34471,zp8,71,1
84664,CFG_773ac98270b6,zp8,71,1
84665,CFG_d39c77a1a4bf,zp8,71,1
84666,CFG_f18488ce1456,zp8,71,1
84667,CFG_1ec55dc0a2ff,zp8,71,1
84668,CFG_773ac98270b6,zp8,71,1
84669,CFG_f18488ce1456,zp8,71,1
84670,CFG_9178f775d49a,zp8,71,1
84671,CFG_e3386d946379,zp8,71,1
84672,CFG_1ec55dc0a2ff,zp8,71,1
84673,CFG_17620e2785dc,zp8,71,1
84674,CFG_8a51f93d684d,zp8,71,1
84675,CFG_9c659499047b,zp8,71,1
84676,CFG_939ca62c69c2,zp8,71,1
84677,CFG_f993a0fc6256,zp8,71,1
84678,CFG_1ec55dc0a2ff,zp8,71,1
84679,CFG_8bfc9d62299c,zp8,71,1
84680,CFG_9178f775d49a,zp8,71,1
84681,CFG_d0face5aa80d,zp8,71,1
84682,CFG_5514d03a77b0,zp8,71,1
84683,CFG_deda15f4c4a8,zp8,71,1
84684,CFG_5cd0c67d59bc,zp8,71,1
84685,CFG_2154b722e06b,zp8,71,1
84686,CFG_9178f775d49a,zp8,71,1
84687,CFG_b2a3cbb134c5,zp8,71,1
84688,CFG_e1e6e0c66c93,zp8,71,1
84689,CFG_59f154754573,zp8,71,1
84690,CFG_17620e2785dc,zp8,71,1
84691,CFG_cf541d0f8a3a,zp8,71,1
84692,CFG_8bfc9d62299c,zp8,71,1
84693,CFG_b2a3cbb134c5,zp8,71,1
84694,CFG_59f154754573,zp8,71,1
84695,CFG_deda15f4c4a8,zp8,71,1
84696,CFG_deda15f4c4a8,zp8,71,1
84697,CFG_59aede929579,zp8,71,1
84698,CFG_ffde3ea1b2e3,zp8,71,1
84699,CFG_2534839bab0a,zp8,71,1
84700,CFG_773ac98270b6,zp8,71,1
84701,CFG_cf6528e23789,zp8,71,1
84702,CFG_8bfc9d62299c,zp8,71,1
84703,CFG_1e693796a40d,zp8,71,1
84704,CFG_773ac98270b6,zp8,71,1
84705,CFG_625048fefa0b,zp8,71,1
84706,CFG_755205a28938,zp8,71,1
84707,CFG_a34f76b67ef4,zp8,71,1
84708,CFG_5cd0c67d59bc,zp8,71,1
84709,CFG_1738a11cbd49,zp8,71,1
84710,CFG_d96b0c9e44d0,zp8,71,1
84711,CFG_d7aadf87f0b1,zp8,71,1
84712,CFG_67b539d34471,zp8,71,1
84713,CFG_8bfc9d62299c,zp8,71,1
84714,CFG_1ec55dc0a2ff,zp8,71,1
84715,CFG_67b539d34471,zp8,71,1
84716,CFG_d39c77a1a4bf,zp8,71,1
84717,CFG_d39c77a1a4bf,zp8,71,1
84718,CFG_1e693796a40d,zp8,71,1
84719,CFG_36f82e31118f,zp8,71,1
84720,CFG_59f154754573,zp8,71,1
84721,CFG_67b539d34471,zp8,71,1
84722,CFG_710c47edfbc8,zp8,71,1
84723,CFG_755205a28938,zp8,71,1
84724,CFG_59aede929579,zp8,71,1
84725,CFG_17620e2785dc,zp8,71,1
84726,CFG_5514d03a77b0,zp8,71,1
84727,CFG_773ac98270b6,zp8,71,1
84728,CFG_a34f76b67ef4,zp8,71,1
84729,CFG_1ec55dc0a2ff,zp8,71,1
84730,CFG_f18488ce1456,zp8,71,1
84731,CFG_f18488ce1456,zp8,71,1
84732,CFG_9178f775d49a,zp8,71,1
84733,CFG_9178f775d49a,zp8,71,1
84734,CFG_b2a3cbb134c5,zp8,71,1
84735,CFG_be784e24b621,zp8,71,1
84736,CFG_be784e24b621,zp8,71,1
84737,CFG_cf541d0f8a3a,zp8,71,1
84738,CFG_cf541d0f8a3a,zp8,71,1
84739,CFG_5514d03a77b0,zp8,71,1
84740,CFG_e87513c8563d,zp8,71,1
84741,CFG_5cd0c67d59bc,zp8,71,1
84742,CFG_cf541d0f8a3a,zp8,71,1
84743,CFG_f18488ce1456,zp8,71,1
84744,CFG_e3950fd94ca1,zp8,71,1
84745,CFG_ac213567a5a2,zp8,71,1
84746,CFG_d7aadf87f0b1,zp8,71,1
84747,CFG_cc5bbb6e9d13,zp8,71,1
84748,CFG_e3950fd94ca1,zp8,71,1
84749,CFG_d39c77a1a4bf,zp8,71,1
84750,CFG_b2a3cbb134c5,zp8,71,1
84751,CFG_5514d03a77b0,zp8,71,1
84752,CFG_b8e6a5652de1,zp8,71,1
84753,CFG_8bfc9d62299c,zp8,71,1
84754,CFG_b04e3d146803,zp8,71,1
84755,CFG_710c47edfbc8,zp8,71,1
84756,CFG_8bfc9d62299c,zp8,71,1
84757,CFG_1738a11cbd49,zp8,71,1
84758,CFG_b2a3cbb134c5,zp8,71,1
84759,CFG_755205a28938,zp8,71,1
84760,CFG_b2a3cbb134c5,zp8,71,1
84761,CFG_bbea204eb2ac,zp8,71,1
84762,CFG_f18488ce1456,zp8,71,1
84763,CFG_9c659499047b,zp8,71,1
84764,CFG_59aede929579,zp8,71,1
84765,CFG_be784e24b621,zp8,71,1
84766,CFG_d7aadf87f0b1,zp8,71,1
84767,CFG_9178f775d49a,zp8,71,1
84768,CFG_dda2f907b868,zp8,71,1
84769,CFG_67b539d34471,zp8,71,1
84770,CFG_f18488ce1456,zp8,71,1
84771,CFG_e3950fd94ca1,zp8,71,1
84772,CFG_8a51f93d684d,zp8,71,1
84773,CFG_9c659499047b,zp8,71,1
84774,CFG_8a51f93d684d,zp8,71,1
84775,CFG_e3950fd94ca1,zp8,71,1
84776,CFG_1738a11cbd49,zp8,71,1
84777,CFG_f18488ce1456,zp8,71,1
84778,CFG_deda15f4c4a8,zp8,71,1
84779,CFG_1738a11cbd49,zp8,71,1
84780,CFG_939ca62c69c2,zp8,71,1
84781,CFG_cf541d0f8a3a,zp8,71,1
84782,CFG_e1e6e0c66c93,zp8,71,1
84783,CFG_3697b100c401,zp8,71,1
84784,CFG_ffde3ea1b2e3,zp8,71,1
84785,CFG_e3950fd94ca1,zp8,71,1
84786,CFG_67b539d34471,zp8,71,1
84787,CFG_f18488ce1456,zp8,71,1
84788,CFG_8f2957e28805,zp8,71,1
84789,CFG_9178f775d49a,zp8,71,1
84790,CFG_8a51f93d684d,zp8,71,1
84791,CFG_cf541d0f8a3a,zp8,71,1
84792,CFG_d96b0c9e44d0,zp8,71,1
84793,CFG_e3386d946379,zp8,71,1
84794,CFG_a1ebd0490272,zp8,71,1
84795,CFG_e87513c8563d,zp8,71,1
84796,CFG_802041076799,zp8,71,1
84797,CFG_39fe645ba2f1,zp8,71,1
84798,CFG_be784e24b621,zp8,71,1
84799,CFG_29c3378e155b,zp8,71,1
84800,CFG_802041076799,zp8,71,1
84801,CFG_ceef49456daa,zp8,71,1
84802,CFG_29c3378e155b,zp8,71,1
84803,CFG_2534839bab0a,zp8,71,1
84804,CFG_67b539d34471,zp8,71,1
84805,CFG_e3950fd94ca1,zp8,71,1
84806,CFG_ffde3ea1b2e3,zp8,71,1
84807,CFG_532891bb36ca,zp8,71,1
84808,CFG_f18488ce1456,zp8,71,1
84809,CFG_b2a3cbb134c5,zp8,71,1
84810,CFG_b2a3cbb134c5,zp8,71,1
84811,CFG_ac213567a5a2,zp8,71,1
84812,CFG_8a51f93d684d,zp8,71,1
84813,CFG_81cab8befe03,zp8,71,1
84814,CFG_f18488ce1456,zp8,71,1
84815,CFG_29c3378e155b,zp8,71,1
84816,CFG_a1d878e7d840,zp8,71,1
84817,CFG_e3950fd94ca1,zp8,71,1
84818,CFG_8f2957e28805,zp8,71,1
84819,CFG_3a3d7179fe0d,zp8,71,1
84820,CFG_e3950fd94ca1,zp8,71,1
84821,CFG_39fe645ba2f1,zp8,71,1
84822,CFG_d0face5aa80d,zp8,71,1
84823,CFG_cf6528e23789,zp8,71,1
84824,CFG_67b539d34471,zp8,71,1
84825,CFG_d96b0c9e44d0,zp8,71,1
84826,CFG_39fe645ba2f1,zp8,71,1
84827,CFG_e1e6e0c66c93,zp8,71,1
84828,CFG_1738a11cbd49,zp8,71,1
84829,CFG_be784e24b621,zp8,71,1
84830,CFG_9c659499047b,zp8,71,1
84831,CFG_cc5bbb6e9d13,zp8,71,1
84832,CFG_a292c20a75fd,zp8,71,1
84833,CFG_939ca62c69c2,zp8,71,1
84834,CFG_a34f76b67ef4,zp8,71,1
84835,CFG_5cd0c67d59bc,zp8,71,1
84836,CFG_dda2f907b868,zp8,71,1
84837,CFG_7cd4c6b023c5,zp8,71,1
84838,CFG_f18488ce1456,zp8,71,1
84839,CFG_b8e6a5652de1,zp8,71,1
84840,CFG_5cd0c67d59bc,zp8,71,1
84841,CFG_de29bb20eaa6,zp8,71,1
84842,CFG_a292c20a75fd,zp8,71,1
84843,CFG_1738a11cbd49,zp8,71,1
84844,CFG_1e693796a40d,zp8,71,1
84845,CFG_3278d3379c8a,zp8,71,1
84846,CFG_67b539d34471,zp8,71,1
84847,CFG_1738a11cbd49,zp8,71,1
84848,CFG_be784e24b621,zp8,71,1
84849,CFG_1ec55dc0a2ff,zp8,71,1
84850,CFG_275e4ca07248,zp8,71,1
84851,CFG_29c3378e155b,zp8,71,1
84852,CFG_5cd0c67d59bc,zp8,71,1
84853,CFG_9c659499047b,zp8,71,1
84854,CFG_288ddbff7431,zp8,71,1
84855,CFG_8a51f93d684d,zp8,71,1
84856,CFG_f18488ce1456,zp8,71,1
84857,CFG_710c47edfbc8,zp8,71,1
84858,CFG_d96b0c9e44d0,zp8,71,1
84859,CFG_8a51f93d684d,zp8,71,1
84860,CFG_29c3378e155b,zp8,71,1
84861,CFG_1d1816b1d9d8,zp8,71,1
84862,CFG_ceef49456daa,zp8,71,1
84863,CFG_b2a3cbb134c5,zp8,71,1
84864,CFG_773ac98270b6,zp8,71,1
84865,CFG_755205a28938,zp8,71,1
84866,CFG_710c47edfbc8,zp8,71,1
84867,CFG_a292c20a75fd,zp8,71,1
84868,CFG_1738a11cbd49,zp8,71,1
84869,CFG_8bfc9d62299c,zp8,71,1
84870,CFG_5cd0c67d59bc,zp8,71,1
84871,CFG_755205a28938,zp8,71,1
84872,CFG_ffde3ea1b2e3,zp8,71,1
84873,CFG_5514d03a77b0,zp8,71,1
84874,CFG_f18488ce1456,zp8,71,1
84875,CFG_6caaadb373ea,zp8,71,1
84876,CFG_8a51f93d684d,zp8,71,1
84877,CFG_f993a0fc6256,zp8,71,1
84878,CFG_deda15f4c4a8,zp8,71,1
84879,CFG_710c47edfbc8,zp8,71,1
84880,CFG_3a3d7179fe0d,zp8,71,1
84881,CFG_b2a3cbb134c5,zp8,71,1
84882,CFG_67b539d34471,zp8,71,1
84883,CFG_8a51f93d684d,zp8,71,1
84884,CFG_3e489afc8bfd,zp8,71,1
84885,CFG_1d1816b1d9d8,zp8,71,1
84886,CFG_f18488ce1456,zp8,71,1
84887,CFG_8bfc9d62299c,zp8,71,1
84888,CFG_e1e6e0c66c93,zp8,71,1
84889,CFG_7fa53b7ab3bf,zp8,71,1
84890,CFG_755205a28938,zp8,71,1
84891,CFG_b8e6a5652de1,zp8,71,1
84892,CFG_d0face5aa80d,zp8,71,1
84893,CFG_5cd0c67d59bc,zp8,71,1
84894,CFG_cf541d0f8a3a,zp8,71,1
84895,CFG_17620e2785dc,zp8,71,1
84896,CFG_de29bb20eaa6,zp8,71,1
84897,CFG_29c3378e155b,zp8,71,1
84898,CFG_8a51f93d684d,zp8,71,1
84899,CFG_bd6412fc68b0,zp8,71,1
84900,CFG_a1d878e7d840,zp8,71,1
84901,CFG_8a51f93d684d,zp8,71,1
84902,CFG_f18488ce1456,zp8,71,1
84903,CFG_f18488ce1456,zp8,71,1
84904,CFG_e87513c8563d,zp8,71,1
84905,CFG_9178f775d49a,zp8,71,1
84906,CFG_8a51f93d684d,zp8,71,1
84907,CFG_ceef49456daa,zp8,71,1
84908,CFG_be784e24b621,zp8,71,1
84909,CFG_ceef49456daa,zp8,71,1
84910,CFG_1ec55dc0a2ff,zp8,71,1
84911,CFG_773ac98270b6,zp8,71,1
84912,CFG_3e489afc8bfd,zp8,71,1
84913,CFG_36f82e31118f,zp8,71,1
84914,CFG_b2a3cbb134c5,zp8,71,1
84915,CFG_2534839bab0a,zp8,71,1
84916,CFG_c94b44f1b2f9,zp8,71,1
84917,CFG_e1e6e0c66c93,zp8,71,1
84918,CFG_77c8b99b43d9,zp8,71,1
84919,CFG_b8e6a5652de1,zp8,71,1
84920,CFG_be784e24b621,zp8,71,1
84921,CFG_3a3d7179fe0d,zp8,71,1
84922,CFG_e1e6e0c66c93,zp8,71,1
84923,CFG_288ddbff7431,zp8,71,1
84924,CFG_710c47edfbc8,zp8,71,1
84925,CFG_9178f775d49a,zp8,71,1
84926,CFG_b8e6a5652de1,zp8,71,1
84927,CFG_3e489afc8bfd,zp8,71,1
84928,CFG_532891bb36ca,zp8,71,1
84929,CFG_17620e2785dc,zp8,71,1
84930,CFG_e3950fd94ca1,zp8,71,1
84931,CFG_939ca62c69c2,zp8,71,1
84932,CFG_9178f775d49a,zp8,71,1
84933,CFG_cf541d0f8a3a,zp8,71,1
84934,CFG_9c659499047b,zp8,71,1
84935,CFG_29c3378e155b,zp8,71,1
84936,CFG_9178f775d49a,zp8,71,1
84937,CFG_36f82e31118f,zp8,71,1
84938,CFG_de29bb20eaa6,zp8,71,1
84939,CFG_67b539d34471,zp8,71,1
84940,CFG_3e489afc8bfd,zp8,71,1
84941,CFG_3a3d7179fe0d,zp8,71,1
84942,CFG_9c659499047b,zp8,71,1
84943,CFG_f993a0fc6256,zp8,71,1
84944,CFG_ffde3ea1b2e3,zp8,71,1
84945,CFG_727914633b9e,zp8,71,1
84946,CFG_8a51f93d684d,zp8,71,1
84947,CFG_727914633b9e,zp8,71,1
84948,CFG_36f82e31118f,zp8,71,1
84949,CFG_b2a3cbb134c5,zp8,71,1
84950,CFG_17620e2785dc,zp8,71,1
84951,CFG_d96b0c9e44d0,zp8,71,1
84952,CFG_deda15f4c4a8,zp8,71,1
84953,CFG_773ac98270b6,zp8,71,1
84954,CFG_e3950fd94ca1,zp8,71,1
84955,CFG_deda15f4c4a8,zp8,71,1
84956,CFG_8a51f93d684d,zp8,71,1
84957,CFG_710c47edfbc8,zp8,71,1
84958,CFG_e1e6e0c66c93,zp8,71,1
84959,CFG_9178f775d49a,zp8,71,1
84960,CFG_7155e4ee7bdf,zp8,71,1
84961,CFG_67b539d34471,zp8,71,1
84962,CFG_cf541d0f8a3a,zp8,71,1
84963,CFG_77c8b99b43d9,zp8,71,1
84964,CFG_e3950fd94ca1,zp8,71,1
84965,CFG_deda15f4c4a8,zp8,71,1
84966,CFG_c94b44f1b2f9,zp8,71,1
84967,CFG_67b539d34471,zp8,71,1
84968,CFG_9c659499047b,zp8,71,1
84969,CFG_5cd0c67d59bc,zp8,71,1
84970,CFG_f18488ce1456,zp8,71,1
84971,CFG_755205a28938,zp8,71,1
84972,CFG_deda15f4c4a8,zp8,71,1
84973,CFG_112bf773e97d,zp8,71,1
84974,CFG_d7aadf87f0b1,zp8,71,1
84975,CFG_5cd0c67d59bc,zp8,71,1
84976,CFG_6caaadb373ea,zp8,71,1
84977,CFG_deda15f4c4a8,zp8,71,1
84978,CFG_a1d878e7d840,zp8,71,1
84979,CFG_773ac98270b6,zp8,71,1
84980,CFG_deda15f4c4a8,zp8,71,1
84981,CFG_17620e2785dc,zp8,71,1
84982,CFG_1ec55dc0a2ff,zp8,71,1
84983,CFG_1ec55dc0a2ff,zp8,71,1
84984,CFG_b2a3cbb134c5,zp8,71,1
84985,CFG_1d0f84c0bb06,zp8,71,1
84986,CFG_ffde3ea1b2e3,zp8,71,1
84987,CFG_f18488ce1456,zp8,71,1
84988,CFG_1e693796a40d,zp8,71,1
84989,CFG_deda15f4c4a8,zp8,71,1
84990,CFG_f18488ce1456,zp8,71,1
84991,CFG_5514d03a77b0,zp8,71,1
84992,CFG_3a3d7179fe0d,zp8,71,1
84993,CFG_b8e6a5652de1,zp8,71,1
84994,CFG_f18488ce1456,zp8,71,1
84995,CFG_3a3d7179fe0d,zp8,71,1
84996,CFG_e87513c8563d,zp8,71,1
84997,CFG_9178f775d49a,zp8,71,1
84998,CFG_1ec55dc0a2ff,zp8,71,1
84999,CFG_f18488ce1456,zp8,71,1
85000,CFG_ffde3ea1b2e3,zp8,71,1
85001,CFG_d96b0c9e44d0,zp8,71,1
85002,CFG_9c659499047b,zp8,71,1
85003,CFG_9178f775d49a,zp8,71,1
85004,CFG_d96b0c9e44d0,zp8,71,1
85005,CFG_b8e6a5652de1,zp8,71,1
85006,CFG_8bfc9d62299c,zp8,71,1
85007,CFG_1ec55dc0a2ff,zp8,71,1
85008,CFG_3278d3379c8a,zp8,71,1
85009,CFG_bbea204eb2ac,zp8,71,1
85010,CFG_755205a28938,zp8,71,1
85011,CFG_d7aadf87f0b1,zp8,71,1
85012,CFG_5cd0c67d59bc,zp8,71,1
85013,CFG_8a51f93d684d,zp8,71,1
85014,CFG_9178f775d49a,zp8,71,1
85015,CFG_ac213567a5a2,zp8,71,1
85016,CFG_8a51f93d684d,zp8,71,1
85017,CFG_8bfc9d62299c,zp8,71,1
85018,CFG_17620e2785dc,zp8,71,1
85019,CFG_cc5bbb6e9d13,zp8,71,1
85020,CFG_36f82e31118f,zp8,71,1
85021,CFG_59f154754573,zp8,71,1
85022,CFG_67b539d34471,zp8,71,1
85023,CFG_ffde3ea1b2e3,zp8,71,1
85024,CFG_9c659499047b,zp8,71,1
85025,CFG_939ca62c69c2,zp8,71,1
85026,CFG_773ac98270b6,zp8,71,1
85027,CFG_cf541d0f8a3a,zp8,71,1
85028,CFG_773ac98270b6,zp8,71,1
85029,CFG_d96b0c9e44d0,zp8,71,1
85030,CFG_1747d90ed031,zp8,71,1
85031,CFG_36f82e31118f,zp8,71,1
85032,CFG_8bfc9d62299c,zp8,71,1
85033,CFG_bd6412fc68b0,zp8,71,1
85034,CFG_288ddbff7431,zp8,71,1
85035,CFG_be784e24b621,zp8,71,1
85036,CFG_8a51f93d684d,zp8,71,1
85037,CFG_2534839bab0a,zp8,71,1
85038,CFG_cf6528e23789,zp8,71,1
85039,CFG_8a51f93d684d,zp8,71,1
85040,CFG_ceef49456daa,zp8,71,1
85041,CFG_f18488ce1456,zp8,71,1
85042,CFG_b04e3d146803,zp8,71,1
85043,CFG_ffde3ea1b2e3,zp8,71,1
85044,CFG_65f78a36ed50,zp8,71,1
85045,CFG_f18488ce1456,zp8,71,1
85046,CFG_e1e6e0c66c93,zp8,71,1
85047,CFG_1e693796a40d,zp8,71,1
85048,CFG_a34f76b67ef4,zp8,71,1
85049,CFG_b8e6a5652de1,zp8,71,1
85050,CFG_5cd0c67d59bc,zp8,71,1
85051,CFG_be784e24b621,zp8,71,1
85052,CFG_1ec55dc0a2ff,zp8,71,1
85053,CFG_cc5bbb6e9d13,zp8,71,1
85054,CFG_d96b0c9e44d0,zp8,71,1
85055,CFG_e3950fd94ca1,zp8,71,1
85056,CFG_1ec55dc0a2ff,zp8,71,1
85057,CFG_2534839bab0a,zp8,71,1
85058,CFG_deda15f4c4a8,zp8,71,1
85059,CFG_5514d03a77b0,zp8,71,1
85060,CFG_710c47edfbc8,zp8,71,1
85061,CFG_8bfc9d62299c,zp8,71,1
85062,CFG_cf6528e23789,zp8,71,1
85063,CFG_3278d3379c8a,zp8,71,1
85064,CFG_939ca62c69c2,zp8,71,1
85065,CFG_1ec55dc0a2ff,zp8,71,1
85066,CFG_8a51f93d684d,zp8,71,1
85067,CFG_58ae56c3ee5b,zp8,71,1
85068,CFG_d96b0c9e44d0,zp8,71,1
85069,CFG_db37bdfe8c71,zp8,71,1
85070,CFG_755205a28938,zp8,71,1
85071,CFG_36f82e31118f,zp8,71,1
85072,CFG_2534839bab0a,zp8,71,1
85073,CFG_9178f775d49a,zp8,71,1
85074,CFG_b2a3cbb134c5,zp8,71,1
85075,CFG_1e693796a40d,zp8,71,1
85076,CFG_3a3d7179fe0d,zp8,71,1
85077,CFG_e1e6e0c66c93,zp8,71,1
85078,CFG_f18488ce1456,zp8,71,1
85079,CFG_8a51f93d684d,zp8,71,1
85080,CFG_710c47edfbc8,zp8,71,1
85081,CFG_f18488ce1456,zp8,71,1
85082,CFG_802041076799,zp8,71,1
85083,CFG_3697b100c401,zp8,71,1
85084,CFG_17620e2785dc,zp8,71,1
85085,CFG_8a51f93d684d,zp8,71,1
85086,CFG_c910518048de,zp8,71,1
85087,CFG_8bfc9d62299c,zp8,71,1
85088,CFG_59f154754573,zp8,71,1
85089,CFG_8f2957e28805,zp8,71,1
85090,CFG_8a51f93d684d,zp8,71,1
85091,CFG_8a51f93d684d,zp8,71,1
85092,CFG_cf541d0f8a3a,zp8,71,1
85093,CFG_67b539d34471,zp8,71,1
85094,CFG_c910518048de,zp8,71,1
85095,CFG_3278d3379c8a,zp8,71,1
85096,CFG_f18488ce1456,zp8,71,1
85097,CFG_e1e6e0c66c93,zp8,71,1
85098,CFG_9c659499047b,zp8,71,1
85099,CFG_36f82e31118f,zp8,71,1
85100,CFG_c910518048de,zp8,71,1
85101,CFG_8a51f93d684d,zp8,71,1
85102,CFG_e3386d946379,zp8,71,1
85103,CFG_710c47edfbc8,zp8,71,1
85104,CFG_36f82e31118f,zp8,71,1
85105,CFG_773ac98270b6,zp8,71,1
85106,CFG_e87513c8563d,zp8,71,1
85107,CFG_f18488ce1456,zp8,71,1
85108,CFG_deda15f4c4a8,zp8,71,1
85109,CFG_8a3f0c7c09a9,zp8,71,1
85110,CFG_1e693796a40d,zp8,71,1
85111,CFG_67b539d34471,zp8,71,1
85112,CFG_d39c77a1a4bf,zp8,71,1
85113,CFG_3278d3379c8a,zp8,71,1
85114,CFG_3278d3379c8a,zp8,71,1
85115,CFG_f18488ce1456,zp8,71,1
85116,CFG_939ca62c69c2,zp8,71,1
85117,CFG_710c47edfbc8,zp8,71,1
85118,CFG_9178f775d49a,zp8,71,1
85119,CFG_710c47edfbc8,zp8,71,1
85120,CFG_9178f775d49a,zp8,71,1
85121,CFG_6caaadb373ea,zp8,71,1
85122,CFG_be784e24b621,zp8,71,1
85123,CFG_939ca62c69c2,zp8,71,1
85124,CFG_e3950fd94ca1,zp8,71,1
85125,CFG_3a3d7179fe0d,zp8,71,1
85126,CFG_c910518048de,zp8,71,1
85127,CFG_a1d878e7d840,zp8,71,1
85128,CFG_3a3d7179fe0d,zp8,71,1
85129,CFG_939ca62c69c2,zp8,71,1
85130,CFG_1e693796a40d,zp8,71,1
85131,CFG_59f154754573,zp8,71,1
85132,CFG_59f154754573,zp8,71,1
85133,CFG_ffde3ea1b2e3,zp8,71,1
85134,CFG_67b539d34471,zp8,71,1
85135,CFG_2534839bab0a,zp8,71,1
85136,CFG_deda15f4c4a8,zp8,71,1
85137,CFG_b8e6a5652de1,zp8,71,1
85138,CFG_d39c77a1a4bf,zp8,71,1
85139,CFG_e3950fd94ca1,zp8,71,1
85140,CFG_29c3378e155b,zp8,71,1
85141,CFG_b2a3cbb134c5,zp8,71,1
85142,CFG_9178f775d49a,zp8,71,1
85143,CFG_c910518048de,zp8,71,1
85144,CFG_67b539d34471,zp8,71,1
85145,CFG_29c3378e155b,zp8,71,1
85146,CFG_cf6528e23789,zp8,71,1
85147,CFG_e1e6e0c66c93,zp8,71,1
85148,CFG_77c8b99b43d9,zp8,71,1
85149,CFG_9c659499047b,zp8,71,1
85150,CFG_1738a11cbd49,zp8,71,1
85151,CFG_275e4ca07248,zp8,71,1
85152,CFG_8a51f93d684d,zp8,71,1
85153,CFG_5531dad98c69,zp8,71,1
85154,CFG_65f78a36ed50,zp8,71,1
85155,CFG_773ac98270b6,zp8,71,1
85156,CFG_e1e6e0c66c93,zp8,71,1
85157,CFG_f18488ce1456,zp8,71,1
85158,CFG_755205a28938,zp8,71,1
85159,CFG_773ac98270b6,zp8,71,1
85160,CFG_755205a28938,zp8,71,1
85161,CFG_a1d878e7d840,zp8,71,1
85162,CFG_755205a28938,zp8,71,1
85163,CFG_1ec55dc0a2ff,zp8,71,1
85164,CFG_67b539d34471,zp8,71,1
85165,CFG_17620e2785dc,zp8,71,1
85166,CFG_1738a11cbd49,zp8,71,1
85167,CFG_275e4ca07248,zp8,71,1
85168,CFG_3a3d7179fe0d,zp8,71,1
85169,CFG_5514d03a77b0,zp8,71,1
85170,CFG_1738a11cbd49,zp8,71,1
85171,CFG_e3386d946379,zp8,71,1
85172,CFG_f18488ce1456,zp8,71,1
85173,CFG_59aede929579,zp8,71,1
85174,CFG_3a3d7179fe0d,zp8,71,1
85175,CFG_1738a11cbd49,zp8,71,1
85176,CFG_b2bb984b770a,zp8,71,1
85177,CFG_b8e6a5652de1,zp8,71,1
85178,CFG_d39c77a1a4bf,zp8,71,1
85179,CFG_e3950fd94ca1,zp8,71,1
85180,CFG_39fe645ba2f1,zp8,71,1
85181,CFG_637b6e72af93,zp8,71,1
85182,CFG_8a51f93d684d,zp8,71,1
85183,CFG_67b539d34471,zp8,71,1
85184,CFG_67b539d34471,zp8,71,1
85185,CFG_9178f775d49a,zp8,71,1
85186,CFG_f18488ce1456,zp8,71,1
85187,CFG_e1e6e0c66c93,zp8,71,1
85188,CFG_17620e2785dc,zp8,71,1
85189,CFG_1ec55dc0a2ff,zp8,71,1
85190,CFG_7cd4c6b023c5,zp8,71,1
85191,CFG_17620e2785dc,zp8,71,1
85192,CFG_acabbc62a021,zp8,71,1
85193,CFG_532891bb36ca,zp8,71,1
85194,CFG_7fa53b7ab3bf,zp8,71,1
85195,CFG_2154b722e06b,zp8,71,1
85196,CFG_5cd0c67d59bc,zp8,71,1
85197,CFG_7cd4c6b023c5,zp8,71,1
85198,CFG_17620e2785dc,zp8,71,1
85199,CFG_1ec55dc0a2ff,zp8,71,1
85200,CFG_de29bb20eaa6,zp8,71,1
85201,CFG_17620e2785dc,zp8,71,1
85202,CFG_e87513c8563d,zp8,71,1
85203,CFG_99b4d8a9c762,zp8,71,1
85204,CFG_710c47edfbc8,zp8,71,1
85205,CFG_1738a11cbd49,zp8,71,1
85206,CFG_3a3d7179fe0d,zp8,71,1
85207,CFG_65f78a36ed50,zp8,71,1
85208,CFG_9178f775d49a,zp8,71,1
85209,CFG_773ac98270b6,zp8,71,1
85210,CFG_ffde3ea1b2e3,zp8,71,1
85211,CFG_f90a73d2a477,zp8,71,1
85212,CFG_ac213567a5a2,zp8,71,1
85213,CFG_8bfc9d62299c,zp8,71,1
85214,CFG_773ac98270b6,zp8,71,1
85215,CFG_db37bdfe8c71,zp8,71,1
85216,CFG_625048fefa0b,zp8,71,1
85217,CFG_773ac98270b6,zp8,71,1
85218,CFG_1738a11cbd49,zp8,71,1
85219,CFG_9178f775d49a,zp8,71,1
85220,CFG_17620e2785dc,zp8,71,1
85221,CFG_6caaadb373ea,zp8,71,1
85222,CFG_5514d03a77b0,zp8,71,1
85223,CFG_a34f76b67ef4,zp8,71,1
85224,CFG_c94b44f1b2f9,zp8,71,1
85225,CFG_be784e24b621,zp8,71,1
85226,CFG_3a3d7179fe0d,zp8,71,1
85227,CFG_9178f775d49a,zp8,71,1
85228,CFG_7fa53b7ab3bf,zp8,71,1
85229,CFG_755205a28938,zp8,71,1
85230,CFG_8a51f93d684d,zp8,71,1
85231,CFG_f18488ce1456,zp8,71,1
85232,CFG_be784e24b621,zp8,71,1
85233,CFG_77c8b99b43d9,zp8,71,1
85234,CFG_3a3d7179fe0d,zp8,71,1
85235,CFG_59f154754573,zp8,71,1
85236,CFG_bbea204eb2ac,zp8,71,1
85237,CFG_939ca62c69c2,zp8,71,1
85238,CFG_1e693796a40d,zp8,71,1
85239,CFG_67b539d34471,zp8,71,1
85240,CFG_36f82e31118f,zp8,71,1
85241,CFG_a9714f85f877,zp8,71,1
85242,CFG_9c659499047b,zp8,71,1
85243,CFG_ffde3ea1b2e3,zp8,71,1
85244,CFG_cf541d0f8a3a,zp8,71,1
85245,CFG_1d0f84c0bb06,zp8,71,1
85246,CFG_7155e4ee7bdf,zp8,71,1
85247,CFG_b8e6a5652de1,zp8,71,1
85248,CFG_275e4ca07248,zp8,71,1
85249,CFG_6caaadb373ea,zp8,71,1
85250,CFG_e1e6e0c66c93,zp8,71,1
85251,CFG_8a51f93d684d,zp8,71,1
85252,CFG_2154b722e06b,zp8,71,1
85253,CFG_be784e24b621,zp8,71,1
85254,CFG_cf6528e23789,zp8,71,1
85255,CFG_8bfc9d62299c,zp8,71,1
85256,CFG_e1e6e0c66c93,zp8,71,1
85257,CFG_8bfc9d62299c,zp8,71,1
85258,CFG_8bfc9d62299c,zp8,71,1
85259,CFG_d96b0c9e44d0,zp8,71,1
85260,CFG_5531dad98c69,zp8,71,1
85261,CFG_939ca62c69c2,zp8,71,1
85262,CFG_710c47edfbc8,zp8,71,1
85263,CFG_b2a3cbb134c5,zp8,71,1
85264,CFG_1ec55dc0a2ff,zp8,71,1
85265,CFG_59aede929579,zp8,71,1
85266,CFG_58ae56c3ee5b,zp8,71,1
85267,CFG_e1e6e0c66c93,zp8,71,1
85268,CFG_36f82e31118f,zp8,71,1
85269,CFG_7cd4c6b023c5,zp8,71,1
85270,CFG_3e489afc8bfd,zp8,71,1
85271,CFG_1738a11cbd49,zp8,71,1
85272,CFG_e1e6e0c66c93,zp8,71,1
85273,CFG_b04e3d146803,zp8,71,1
85274,CFG_36f82e31118f,zp8,71,1
85275,CFG_d7aadf87f0b1,zp8,71,1
85276,CFG_7155e4ee7bdf,zp8,71,1
85277,CFG_29c3378e155b,zp8,71,1
85278,CFG_1747d90ed031,zp8,71,1
85279,CFG_deda15f4c4a8,zp8,71,1
85280,CFG_e1e6e0c66c93,zp8,71,1
85281,CFG_7fa53b7ab3bf,zp8,71,1
85282,CFG_802041076799,zp8,71,1
85283,CFG_710c47edfbc8,zp8,71,1
85284,CFG_9c659499047b,zp8,71,1
85285,CFG_2154b722e06b,zp8,71,1
85286,CFG_f18488ce1456,zp8,71,1
85287,CFG_29c3378e155b,zp8,71,1
85288,CFG_c94b44f1b2f9,zp8,71,1
85289,CFG_288ddbff7431,zp8,71,1
85290,CFG_3697b100c401,zp8,71,1
85291,CFG_d0face5aa80d,zp8,71,1
85292,CFG_727914633b9e,zp8,71,1
85293,CFG_f18488ce1456,zp8,71,1
85294,CFG_6caaadb373ea,zp8,71,1
85295,CFG_8a51f93d684d,zp8,71,1
85296,CFG_29c3378e155b,zp8,71,1
85297,CFG_d96b0c9e44d0,zp8,71,1
85298,CFG_8a51f93d684d,zp8,71,1
85299,CFG_4bec09598a98,zp8,71,1
85300,CFG_773ac98270b6,zp8,71,1
85301,CFG_b2a3cbb134c5,zp8,71,1
85302,CFG_be784e24b621,zp8,71,1
85303,CFG_deda15f4c4a8,zp8,71,1
85304,CFG_b2a3cbb134c5,zp8,71,1
85305,CFG_1ec55dc0a2ff,zp8,71,1
85306,CFG_8a51f93d684d,zp8,71,1
85307,CFG_1738a11cbd49,zp8,71,1
85308,CFG_b0eabb76b70f,zp8,71,1
85309,CFG_deda15f4c4a8,zp8,71,1
85310,CFG_b8e6a5652de1,zp8,71,1
85311,CFG_29c3378e155b,zp8,71,1
85312,CFG_5cd0c67d59bc,zp8,71,1
85313,CFG_67b539d34471,zp8,71,1
85314,CFG_17620e2785dc,zp8,71,1
85315,CFG_288ddbff7431,zp8,71,1
85316,CFG_6caaadb373ea,zp8,71,1
85317,CFG_1ec55dc0a2ff,zp8,71,1
85318,CFG_b2a3cbb134c5,zp8,71,1
85319,CFG_5cd0c67d59bc,zp8,71,1
85320,CFG_bbea204eb2ac,zp8,71,1
85321,CFG_bbea204eb2ac,zp8,71,1
85322,CFG_773ac98270b6,zp8,71,1
85323,CFG_bbea204eb2ac,zp8,71,1
85324,CFG_db37bdfe8c71,zp8,71,1
85325,CFG_cf541d0f8a3a,zp8,71,1
85326,CFG_2534839bab0a,zp8,71,1
85327,CFG_9178f775d49a,zp8,71,1
85328,CFG_5cd0c67d59bc,zp8,71,1
85329,CFG_2534839bab0a,zp8,71,1
85330,CFG_755205a28938,zp8,71,1
85331,CFG_59aede929579,zp8,71,1
85332,CFG_7fa53b7ab3bf,zp8,71,1
85333,CFG_de29bb20eaa6,zp8,71,1
85334,CFG_5cd0c67d59bc,zp8,71,1
85335,CFG_ceef49456daa,zp8,71,1
85336,CFG_1e693796a40d,zp8,71,1
85337,CFG_b8e6a5652de1,zp8,71,1
85338,CFG_8a51f93d684d,zp8,71,1
85339,CFG_cf541d0f8a3a,zp8,71,1
85340,CFG_6ff9e417e386,zp8,71,1
85341,CFG_3a3d7179fe0d,zp8,71,1
85342,CFG_29c3378e155b,zp8,71,1
85343,CFG_5cd0c67d59bc,zp8,71,1
85344,CFG_8a51f93d684d,zp8,71,1
85345,CFG_9c659499047b,zp8,71,1
85346,CFG_9c659499047b,zp8,71,1
85347,CFG_1ec55dc0a2ff,zp8,71,1
85348,CFG_773ac98270b6,zp8,71,1
85349,CFG_b8e6a5652de1,zp8,71,1
85350,CFG_17620e2785dc,zp8,71,1
85351,CFG_9178f775d49a,zp8,71,1
85352,CFG_f18488ce1456,zp8,71,1
85353,CFG_59aede929579,zp8,71,1
85354,CFG_de29bb20eaa6,zp8,71,1
85355,CFG_e3950fd94ca1,zp8,71,1
85356,CFG_a1d878e7d840,zp8,71,1
85357,CFG_b04e3d146803,zp8,71,1
85358,CFG_f18488ce1456,zp8,71,1
85359,CFG_8bfc9d62299c,zp8,71,1
85360,CFG_8a51f93d684d,zp8,71,1
85361,CFG_3a3d7179fe0d,zp8,71,1
85362,CFG_b2a3cbb134c5,zp8,71,1
85363,CFG_f18488ce1456,zp8,71,1
85364,CFG_be784e24b621,zp8,71,1
85365,CFG_ac213567a5a2,zp8,71,1
85366,CFG_a1d878e7d840,zp8,71,1
85367,CFG_deda15f4c4a8,zp8,71,1
85368,CFG_2154b722e06b,zp8,71,1
85369,CFG_a292c20a75fd,zp8,71,1
85370,CFG_be784e24b621,zp8,71,1
85371,CFG_cf541d0f8a3a,zp8,71,1
85372,CFG_ffde3ea1b2e3,zp8,71,1
85373,CFG_a1d878e7d840,zp8,71,1
85374,CFG_d96b0c9e44d0,zp8,71,1
85375,CFG_3a3d7179fe0d,zp8,71,1
85376,CFG_ffde3ea1b2e3,zp8,71,1
85377,CFG_f18488ce1456,zp8,71,1
85378,CFG_99b4d8a9c762,zp8,71,1
85379,CFG_1e693796a40d,zp8,71,1
85380,CFG_f18488ce1456,zp8,71,1
85381,CFG_36f82e31118f,zp8,71,1
85382,CFG_36f82e31118f,zp8,71,1
85383,CFG_1ec55dc0a2ff,zp8,71,1
85384,CFG_939ca62c69c2,zp8,71,1
85385,CFG_deda15f4c4a8,zp8,71,1
85386,CFG_ffde3ea1b2e3,zp8,71,1
85387,CFG_d96b0c9e44d0,zp8,71,1
85388,CFG_29c3378e155b,zp8,71,1
85389,CFG_6caaadb373ea,zp8,71,1
85390,CFG_1738a11cbd49,zp8,71,1
85391,CFG_b8e6a5652de1,zp8,71,1
85392,CFG_67b539d34471,zp8,71,1
85393,CFG_8bfc9d62299c,zp8,71,1
85394,CFG_39fe645ba2f1,zp8,71,1
85395,CFG_b2a3cbb134c5,zp8,71,1
85396,CFG_b2a3cbb134c5,zp8,71,1
85397,CFG_bbea204eb2ac,zp8,71,1
85398,CFG_b2a3cbb134c5,zp8,71,1
85399,CFG_ffde3ea1b2e3,zp8,71,1
85400,CFG_f18488ce1456,zp8,71,1
85401,CFG_b2a3cbb134c5,zp8,71,1
85402,CFG_c910518048de,zp8,71,1
85403,CFG_b2a3cbb134c5,zp8,71,1
85404,CFG_710c47edfbc8,zp8,71,1
85405,CFG_59aede929579,zp8,71,1
85406,CFG_773ac98270b6,zp8,71,1
85407,CFG_532891bb36ca,zp8,71,1
85408,CFG_f18488ce1456,zp8,71,1
85409,CFG_b2a3cbb134c5,zp8,71,1
85410,CFG_cf541d0f8a3a,zp8,71,1
85411,CFG_773ac98270b6,zp8,71,1
85412,CFG_1ec55dc0a2ff,zp8,71,1
85413,CFG_be784e24b621,zp8,71,1
85414,CFG_a1d878e7d840,zp8,71,1
85415,CFG_cdb458536382,zp8,71,1
85416,CFG_d7aadf87f0b1,zp8,71,1
85417,CFG_be784e24b621,zp8,71,1
85418,CFG_755205a28938,zp8,71,1
85419,CFG_67b539d34471,zp8,71,1
85420,CFG_b2a3cbb134c5,zp8,71,1
85421,CFG_b8e6a5652de1,zp8,71,1
85422,CFG_a292c20a75fd,zp8,71,1
85423,CFG_a34f76b67ef4,zp8,71,1
85424,CFG_67b539d34471,zp8,71,1
85425,CFG_1e693796a40d,zp8,71,1
85426,CFG_9178f775d49a,zp8,71,1
85427,CFG_9178f775d49a,zp8,71,1
85428,CFG_8bfc9d62299c,zp8,71,1
85429,CFG_9178f775d49a,zp8,71,1
85430,CFG_59aede929579,zp8,71,1
85431,CFG_8bfc9d62299c,zp8,71,1
85432,CFG_f18488ce1456,zp8,71,1
85433,CFG_17620e2785dc,zp8,71,1
85434,CFG_7155e4ee7bdf,zp8,71,1
85435,CFG_ac213567a5a2,zp8,71,1
85436,CFG_ceef49456daa,zp8,71,1
85437,CFG_8a51f93d684d,zp8,71,1
85438,CFG_773ac98270b6,zp8,71,1
85439,CFG_db37bdfe8c71,zp8,71,1
85440,CFG_f18488ce1456,zp8,71,1
85441,CFG_8a51f93d684d,zp8,71,1
85442,CFG_5cd0c67d59bc,zp8,71,1
85443,CFG_288ddbff7431,zp8,71,1
85444,CFG_710c47edfbc8,zp8,71,1
85445,CFG_59aede929579,zp8,71,1
85446,CFG_e1e6e0c66c93,zp8,71,1
85447,CFG_f18488ce1456,zp8,71,1
85448,CFG_727914633b9e,zp8,71,1
85449,CFG_e1e6e0c66c93,zp8,71,1
85450,CFG_29c3378e155b,zp8,71,1
85451,CFG_b2a3cbb134c5,zp8,71,1
85452,CFG_ceef49456daa,zp8,71,1
85453,CFG_710c47edfbc8,zp8,71,1
85454,CFG_f18488ce1456,zp8,71,1
85455,CFG_cf541d0f8a3a,zp8,71,1
85456,CFG_a34f76b67ef4,zp8,71,1
85457,CFG_9178f775d49a,zp8,71,1
85458,CFG_5851809b712d,zp8,71,1
85459,CFG_b2a3cbb134c5,zp8,71,1
85460,CFG_db37bdfe8c71,zp8,71,1
85461,CFG_d96b0c9e44d0,zp8,71,1
85462,CFG_67b539d34471,zp8,71,1
85463,CFG_3278d3379c8a,zp8,71,1
85464,CFG_1ec55dc0a2ff,zp8,71,1
85465,CFG_2154b722e06b,zp8,71,1
85466,CFG_9178f775d49a,zp8,71,1
85467,CFG_1ec55dc0a2ff,zp8,71,1
85468,CFG_ffde3ea1b2e3,zp8,71,1
85469,CFG_67b539d34471,zp8,71,1
85470,CFG_3a3d7179fe0d,zp8,71,1
85471,CFG_67b539d34471,zp8,71,1
85472,CFG_a1ebd0490272,zp8,71,1
85473,CFG_8bfc9d62299c,zp8,71,1
85474,CFG_a1d878e7d840,zp8,71,1
85475,CFG_1ec55dc0a2ff,zp8,71,1
85476,CFG_5514d03a77b0,zp8,71,1
85477,CFG_d7aadf87f0b1,zp8,71,1
85478,CFG_acabbc62a021,zp8,71,1
85479,CFG_939ca62c69c2,zp8,71,1
85480,CFG_5514d03a77b0,zp8,71,1
85481,CFG_8a51f93d684d,zp8,71,1
85482,CFG_9c659499047b,zp8,71,1
85483,CFG_67b539d34471,zp8,71,1
85484,CFG_5cd0c67d59bc,zp8,71,1
85485,CFG_755205a28938,zp8,71,1
85486,CFG_939ca62c69c2,zp8,71,1
85487,CFG_e1e6e0c66c93,zp8,71,1
85488,CFG_755205a28938,zp8,71,1
85489,CFG_8bfc9d62299c,zp8,71,1
85490,CFG_a1ebd0490272,zp8,71,1
85491,CFG_1d1816b1d9d8,zp8,71,1
85492,CFG_77c8b99b43d9,zp8,71,1
85493,CFG_802041076799,zp8,71,1
85494,CFG_8a51f93d684d,zp8,71,1
85495,CFG_29c3378e155b,zp8,71,1
85496,CFG_3697b100c401,zp8,71,1
85497,CFG_d96b0c9e44d0,zp8,71,1
85498,CFG_a292c20a75fd,zp8,71,1
85499,CFG_a1d878e7d840,zp8,71,1
85500,CFG_8a3f0c7c09a9,zp8,71,1
85501,CFG_29c3378e155b,zp8,71,1
85502,CFG_5851809b712d,zp8,71,1
85503,CFG_77c8b99b43d9,zp8,71,1
85504,CFG_a34f76b67ef4,zp8,71,1
85505,CFG_2534839bab0a,zp8,71,1
85506,CFG_3278d3379c8a,zp8,71,1
85507,CFG_b2a3cbb134c5,zp8,71,1
85508,CFG_773ac98270b6,zp8,71,1
85509,CFG_f18488ce1456,zp8,71,1
85510,CFG_17620e2785dc,zp8,71,1
85511,CFG_db37bdfe8c71,zp8,71,1
85512,CFG_2154b722e06b,zp8,71,1
85513,CFG_8a51f93d684d,zp8,71,1
85514,CFG_532891bb36ca,zp8,71,1
85515,CFG_a34f76b67ef4,zp8,71,1
85516,CFG_e1e6e0c66c93,zp8,71,1
85517,CFG_17620e2785dc,zp8,71,1
85518,CFG_773ac98270b6,zp8,71,1
85519,CFG_9c659499047b,zp8,71,1
85520,CFG_e1e6e0c66c93,zp8,71,1
85521,CFG_17620e2785dc,zp8,71,1
85522,CFG_cf541d0f8a3a,zp8,71,1
85523,CFG_773ac98270b6,zp8,71,1
85524,CFG_d39c77a1a4bf,zp8,71,1
85525,CFG_36f82e31118f,zp8,71,1
85526,CFG_59f154754573,zp8,71,1
85527,CFG_b2a3cbb134c5,zp8,71,1
85528,CFG_b2a3cbb134c5,zp8,71,1
85529,CFG_755205a28938,zp8,71,1
85530,CFG_9c659499047b,zp8,71,1
85531,CFG_9178f775d49a,zp8,71,1
85532,CFG_1ec55dc0a2ff,zp8,71,1
85533,CFG_1ec55dc0a2ff,zp8,71,1
85534,CFG_cc5bbb6e9d13,zp8,71,1
85535,CFG_67b539d34471,zp8,71,1
85536,CFG_a1ebd0490272,zp8,71,1
85537,CFG_d96b0c9e44d0,zp8,71,1
85538,CFG_dda2f907b868,zp8,71,1
85539,CFG_2534839bab0a,zp8,71,1
85540,CFG_36f82e31118f,zp8,71,1
85541,CFG_b8e6a5652de1,zp8,71,1
85542,CFG_532891bb36ca,zp8,71,1
85543,CFG_17620e2785dc,zp8,71,1
85544,CFG_36f82e31118f,zp8,71,1
85545,CFG_939ca62c69c2,zp8,71,1
85546,CFG_f18488ce1456,zp8,71,1
85547,CFG_59aede929579,zp8,71,1
85548,CFG_1ec55dc0a2ff,zp8,71,1
85549,CFG_e3386d946379,zp8,71,1
85550,CFG_29c3378e155b,zp8,71,1
85551,CFG_29c3378e155b,zp8,71,1
85552,CFG_5be0533f7ebf,zp8,71,1
85553,CFG_f993a0fc6256,zp8,71,1
85554,CFG_b2a3cbb134c5,zp8,71,1
85555,CFG_1e693796a40d,zp8,71,1
85556,CFG_802041076799,zp8,71,1
85557,CFG_727914633b9e,zp8,71,1
85558,CFG_6ff9e417e386,zp8,71,1
85559,CFG_2534839bab0a,zp8,71,1
85560,CFG_29c3378e155b,zp8,71,1
85561,CFG_a34f76b67ef4,zp8,71,1
85562,CFG_773ac98270b6,zp8,71,1
85563,CFG_9178f775d49a,zp8,71,1
85564,CFG_cf541d0f8a3a,zp8,71,1
85565,CFG_2154b722e06b,zp8,71,1
85566,CFG_5cd0c67d59bc,zp8,71,1
85567,CFG_e1e6e0c66c93,zp8,71,1
85568,CFG_e3950fd94ca1,zp8,71,1
85569,CFG_8a51f93d684d,zp8,71,1
85570,CFG_e87513c8563d,zp8,71,1
85571,CFG_f18488ce1456,zp8,71,1
85572,CFG_b04e3d146803,zp8,71,1
85573,CFG_939ca62c69c2,zp8,71,1
85574,CFG_9178f775d49a,zp8,71,1
85575,CFG_939ca62c69c2,zp8,71,1
85576,CFG_ac213567a5a2,zp8,71,1
85577,CFG_67b539d34471,zp8,71,1
85578,CFG_bbea204eb2ac,zp8,71,1
85579,CFG_99b4d8a9c762,zp8,71,1
85580,CFG_6caaadb373ea,zp8,71,1
85581,CFG_b2a3cbb134c5,zp8,71,1
85582,CFG_bd6412fc68b0,zp8,71,1
85583,CFG_f18488ce1456,zp8,71,1
85584,CFG_3278d3379c8a,zp8,71,1
85585,CFG_d39c77a1a4bf,zp8,71,1
85586,CFG_802041076799,zp8,71,1
85587,CFG_ceef49456daa,zp8,71,1
85588,CFG_3a3d7179fe0d,zp8,71,1
85589,CFG_5531dad98c69,zp8,71,1
85590,CFG_9178f775d49a,zp8,71,1
85591,CFG_6caaadb373ea,zp8,71,1
85592,CFG_deda15f4c4a8,zp8,71,1
85593,CFG_3a3d7179fe0d,zp8,71,1
85594,CFG_773ac98270b6,zp8,71,1
85595,CFG_a9714f85f877,zp8,71,1
85596,CFG_1ec55dc0a2ff,zp8,71,1
85597,CFG_be784e24b621,zp8,71,1
85598,CFG_36f82e31118f,zp8,71,1
85599,CFG_67b539d34471,zp8,71,1
85600,CFG_6caaadb373ea,zp8,71,1
85601,CFG_b0eabb76b70f,zp8,71,1
85602,CFG_b2a3cbb134c5,zp8,71,1
85603,CFG_9178f775d49a,zp8,71,1
85604,CFG_8bfc9d62299c,zp8,71,1
85605,CFG_3697b100c401,zp8,71,1
85606,CFG_cf541d0f8a3a,zp8,71,1
85607,CFG_b2a3cbb134c5,zp8,71,1
85608,CFG_1d1816b1d9d8,zp8,71,1
85609,CFG_9178f775d49a,zp8,71,1
85610,CFG_1ec55dc0a2ff,zp8,71,1
85611,CFG_acabbc62a021,zp8,71,1
85612,CFG_3e489afc8bfd,zp8,71,1
85613,CFG_29c3378e155b,zp8,71,1
85614,CFG_cf541d0f8a3a,zp8,71,1
85615,CFG_710c47edfbc8,zp8,71,1
85616,CFG_ffde3ea1b2e3,zp8,71,1
85617,CFG_288ddbff7431,zp8,71,1
85618,CFG_5cd0c67d59bc,zp8,71,1
85619,CFG_939ca62c69c2,zp8,71,1
85620,CFG_b8e6a5652de1,zp8,71,1
85621,CFG_275e4ca07248,zp8,71,1
85622,CFG_d7aadf87f0b1,zp8,71,1
85623,CFG_67b539d34471,zp8,71,1
85624,CFG_67b539d34471,zp8,71,1
85625,CFG_d96b0c9e44d0,zp8,71,1
85626,CFG_f18488ce1456,zp8,71,1
85627,CFG_e87513c8563d,zp8,71,1
85628,CFG_a34f76b67ef4,zp8,71,1
85629,CFG_b2a3cbb134c5,zp8,71,1
85630,CFG_17620e2785dc,zp8,71,1
85631,CFG_7fa53b7ab3bf,zp8,71,1
85632,CFG_9c659499047b,zp8,71,1
85633,CFG_cf541d0f8a3a,zp8,71,1
85634,CFG_bbea204eb2ac,zp8,71,1
85635,CFG_b2a3cbb134c5,zp8,71,1
85636,CFG_36f82e31118f,zp8,71,1
85637,CFG_727914633b9e,zp8,71,1
85638,CFG_625048fefa0b,zp8,71,1
85639,CFG_5514d03a77b0,zp8,71,1
85640,CFG_59aede929579,zp8,71,1
85641,CFG_e87513c8563d,zp8,71,1
85642,CFG_be784e24b621,zp8,71,1
85643,CFG_17620e2785dc,zp8,71,1
85644,CFG_36f82e31118f,zp8,71,1
85645,CFG_29c3378e155b,zp8,71,1
85646,CFG_773ac98270b6,zp8,71,1
85647,CFG_939ca62c69c2,zp8,71,1
85648,CFG_939ca62c69c2,zp8,71,1
85649,CFG_67b539d34471,zp8,71,1
85650,CFG_5514d03a77b0,zp8,71,1
85651,CFG_d7aadf87f0b1,zp8,71,1
85652,CFG_67b539d34471,zp8,71,1
85653,CFG_e1e6e0c66c93,zp8,71,1
85654,CFG_8a51f93d684d,zp8,71,1
85655,CFG_2154b722e06b,zp8,71,1
85656,CFG_d96b0c9e44d0,zp8,71,1
85657,CFG_17620e2785dc,zp8,71,1
85658,CFG_b8e6a5652de1,zp8,71,1
85659,CFG_17620e2785dc,zp8,71,1
85660,CFG_b8e6a5652de1,zp8,71,1
85661,CFG_e3950fd94ca1,zp8,71,1
85662,CFG_b2a3cbb134c5,zp8,71,1
85663,CFG_d7aadf87f0b1,zp8,71,1
85664,CFG_5514d03a77b0,zp8,71,1
85665,CFG_710c47edfbc8,zp8,71,1
85666,CFG_1e693796a40d,zp8,71,1
85667,CFG_deda15f4c4a8,zp8,71,1
85668,CFG_ffde3ea1b2e3,zp8,71,1
85669,CFG_b8e6a5652de1,zp8,71,1
85670,CFG_1738a11cbd49,zp8,71,1
85671,CFG_9178f775d49a,zp8,71,1
85672,CFG_65f78a36ed50,zp8,71,1
85673,CFG_755205a28938,zp8,71,1
85674,CFG_39fe645ba2f1,zp8,71,1
85675,CFG_67b539d34471,zp8,71,1
85676,CFG_f18488ce1456,zp8,71,1
85677,CFG_3697b100c401,zp8,71,1
85678,CFG_773ac98270b6,zp8,71,1
85679,CFG_ffde3ea1b2e3,zp8,71,1
85680,CFG_a34f76b67ef4,zp8,71,1
85681,CFG_8a51f93d684d,zp8,71,1
85682,CFG_8a51f93d684d,zp8,71,1
85683,CFG_bd6412fc68b0,zp8,71,1
85684,CFG_f18488ce1456,zp8,71,1
85685,CFG_939ca62c69c2,zp8,71,1
85686,CFG_710c47edfbc8,zp8,71,1
85687,CFG_773ac98270b6,zp8,71,1
85688,CFG_1738a11cbd49,zp8,71,1
85689,CFG_acabbc62a021,zp8,71,1
85690,CFG_5cd0c67d59bc,zp8,71,1
85691,CFG_637b6e72af93,zp8,71,1
85692,CFG_ceef49456daa,zp8,71,1
85693,CFG_bd6412fc68b0,zp8,71,1
85694,CFG_288ddbff7431,zp8,71,1
85695,CFG_773ac98270b6,zp8,71,1
85696,CFG_b2bb984b770a,zp8,71,1
85697,CFG_8a51f93d684d,zp8,71,1
85698,CFG_f18488ce1456,zp8,71,1
85699,CFG_3a3d7179fe0d,zp8,71,1
85700,CFG_1ec55dc0a2ff,zp8,71,1
85701,CFG_8a51f93d684d,zp8,71,1
85702,CFG_bd6412fc68b0,zp8,71,1
85703,CFG_e87513c8563d,zp8,71,1
85704,CFG_b8e6a5652de1,zp8,71,1
85705,CFG_36f82e31118f,zp8,71,1
85706,CFG_acabbc62a021,zp8,71,1
85707,CFG_d96b0c9e44d0,zp8,71,1
85708,CFG_a292c20a75fd,zp8,71,1
85709,CFG_5851809b712d,zp8,71,1
85710,CFG_d39c77a1a4bf,zp8,71,1
85711,CFG_755205a28938,zp8,71,1
85712,CFG_f90a73d2a477,zp8,71,1
85713,CFG_1ec55dc0a2ff,zp8,71,1
85714,CFG_727914633b9e,zp8,71,1
85715,CFG_e87513c8563d,zp8,71,1
85716,CFG_f18488ce1456,zp8,71,1
85717,CFG_b2a3cbb134c5,zp8,71,1
85718,CFG_1738a11cbd49,zp8,71,1
85719,CFG_36f82e31118f,zp8,71,1
85720,CFG_8a51f93d684d,zp8,71,1
85721,CFG_be784e24b621,zp8,71,1
85722,CFG_acabbc62a021,zp8,71,1
85723,CFG_f18488ce1456,zp8,71,1
85724,CFG_3a3d7179fe0d,zp8,71,1
85725,CFG_939ca62c69c2,zp8,71,1
85726,CFG_67b539d34471,zp8,71,1
85727,CFG_8bfc9d62299c,zp8,71,1
85728,CFG_532891bb36ca,zp8,71,1
85729,CFG_d96b0c9e44d0,zp8,71,1
85730,CFG_7acc0fd451e2,zp8,71,1
85731,CFG_deda15f4c4a8,zp8,71,1
85732,CFG_3697b100c401,zp8,71,1
85733,CFG_5cd0c67d59bc,zp8,71,1
85734,CFG_b2a3cbb134c5,zp8,71,1
85735,CFG_65f78a36ed50,zp8,71,1
85736,CFG_b2a3cbb134c5,zp8,71,1
85737,CFG_36f82e31118f,zp8,71,1
85738,CFG_5851809b712d,zp8,71,1
85739,CFG_3697b100c401,zp8,71,1
85740,CFG_5cd0c67d59bc,zp8,71,1
85741,CFG_65f78a36ed50,zp8,71,1
85742,CFG_59aede929579,zp8,71,1
85743,CFG_5531dad98c69,zp8,71,1
85744,CFG_f18488ce1456,zp8,71,1
85745,CFG_59f154754573,zp8,71,1
85746,CFG_9178f775d49a,zp8,71,1
85747,CFG_65f78a36ed50,zp8,71,1
85748,CFG_e3386d946379,zp8,71,1
85749,CFG_939ca62c69c2,zp8,71,1
85750,CFG_8bfc9d62299c,zp8,71,1
85751,CFG_36f82e31118f,zp8,71,1
85752,CFG_a1d878e7d840,zp8,71,1
85753,CFG_ac213567a5a2,zp8,71,1
85754,CFG_3278d3379c8a,zp8,71,1
85755,CFG_e1e6e0c66c93,zp8,71,1
85756,CFG_36f82e31118f,zp8,71,1
85757,CFG_939ca62c69c2,zp8,71,1
85758,CFG_59aede929579,zp8,71,1
85759,CFG_d0face5aa80d,zp8,71,1
85760,CFG_9c659499047b,zp8,71,1
85761,CFG_67b539d34471,zp8,71,1
85762,CFG_f18488ce1456,zp8,71,1
85763,CFG_1738a11cbd49,zp8,71,1
85764,CFG_f18488ce1456,zp8,71,1
85765,CFG_36f82e31118f,zp8,71,1
85766,CFG_3278d3379c8a,zp8,71,1
85767,CFG_7fa53b7ab3bf,zp8,71,1
85768,CFG_f18488ce1456,zp8,71,1
85769,CFG_2534839bab0a,zp8,71,1
85770,CFG_bd6412fc68b0,zp8,71,1
85771,CFG_f18488ce1456,zp8,71,1
85772,CFG_9c659499047b,zp8,71,1
85773,CFG_532891bb36ca,zp8,71,1
85774,CFG_f18488ce1456,zp8,71,1
85775,CFG_cf541d0f8a3a,zp8,71,1
85776,CFG_a34f76b67ef4,zp8,71,1
85777,CFG_5cd0c67d59bc,zp8,71,1
85778,CFG_8a51f93d684d,zp8,71,1
85779,CFG_e1e6e0c66c93,zp8,71,1
85780,CFG_36f82e31118f,zp8,71,1
85781,CFG_5514d03a77b0,zp8,71,1
85782,CFG_b2a3cbb134c5,zp8,71,1
85783,CFG_ffde3ea1b2e3,zp8,71,1
85784,CFG_ffde3ea1b2e3,zp8,71,1
85785,CFG_939ca62c69c2,zp8,71,1
85786,CFG_ceef49456daa,zp8,71,1
85787,CFG_8a51f93d684d,zp8,71,1
85788,CFG_c94b44f1b2f9,zp8,71,1
85789,CFG_8a51f93d684d,zp8,71,1
85790,CFG_1738a11cbd49,zp8,71,1
85791,CFG_5514d03a77b0,zp8,71,1
85792,CFG_939ca62c69c2,zp8,71,1
85793,CFG_5cd0c67d59bc,zp8,71,1
85794,CFG_de29bb20eaa6,zp8,71,1
85795,CFG_f18488ce1456,zp8,71,1
85796,CFG_ceef49456daa,zp8,71,1
85797,CFG_cf541d0f8a3a,zp8,71,1
85798,CFG_e1e6e0c66c93,zp8,71,1
85799,CFG_1738a11cbd49,zp8,71,1
85800,CFG_9c659499047b,zp8,71,1
85801,CFG_939ca62c69c2,zp8,71,1
85802,CFG_deda15f4c4a8,zp8,71,1
85803,CFG_29c3378e155b,zp8,71,1
85804,CFG_29c3378e155b,zp8,71,1
85805,CFG_c910518048de,zp8,71,1
85806,CFG_8bfc9d62299c,zp8,71,1
85807,CFG_67b539d34471,zp8,71,1
85808,CFG_e1e6e0c66c93,zp8,71,1
85809,CFG_bd6412fc68b0,zp8,71,1
85810,CFG_b8e6a5652de1,zp8,71,1
85811,CFG_bbea204eb2ac,zp8,71,1
85812,CFG_59f154754573,zp8,71,1
85813,CFG_1ec55dc0a2ff,zp8,71,1
85814,CFG_3a3d7179fe0d,zp8,71,1
85815,CFG_710c47edfbc8,zp8,71,1
85816,CFG_59f154754573,zp8,71,1
85817,CFG_939ca62c69c2,zp8,71,1
85818,CFG_1ec55dc0a2ff,zp8,71,1
85819,CFG_f18488ce1456,zp8,71,1
85820,CFG_29c3378e155b,zp8,71,1
85821,CFG_6caaadb373ea,zp8,71,1
85822,CFG_de29bb20eaa6,zp8,71,1
85823,CFG_b2a3cbb134c5,zp8,71,1
85824,CFG_d7aadf87f0b1,zp8,71,1
85825,CFG_a1ebd0490272,zp8,71,1
85826,CFG_710c47edfbc8,zp8,71,1
85827,CFG_ceef49456daa,zp8,71,1
85828,CFG_67b539d34471,zp8,71,1
85829,CFG_1ec55dc0a2ff,zp8,71,1
85830,CFG_deda15f4c4a8,zp8,71,1
85831,CFG_36f82e31118f,zp8,71,1
85832,CFG_8bfc9d62299c,zp8,71,1
85833,CFG_8bfc9d62299c,zp8,71,1
85834,CFG_39fe645ba2f1,zp8,71,1
85835,CFG_3278d3379c8a,zp8,71,1
85836,CFG_9178f775d49a,zp8,71,1
85837,CFG_939ca62c69c2,zp8,71,1
85838,CFG_29c3378e155b,zp8,71,1
85839,CFG_1738a11cbd49,zp8,71,1
85840,CFG_1ec55dc0a2ff,zp8,71,1
85841,CFG_36f82e31118f,zp8,71,1
85842,CFG_2154b722e06b,zp8,71,1
85843,CFG_f18488ce1456,zp8,71,1
85844,CFG_8bfc9d62299c,zp8,71,1
85845,CFG_deda15f4c4a8,zp8,71,1
85846,CFG_773ac98270b6,zp8,71,1
85847,CFG_e1e6e0c66c93,zp8,71,1
85848,CFG_a292c20a75fd,zp8,71,1
85849,CFG_67b539d34471,zp8,71,1
85850,CFG_1ec55dc0a2ff,zp8,71,1
85851,CFG_39fe645ba2f1,zp8,71,1
85852,CFG_29c3378e155b,zp8,71,1
85853,CFG_e1e6e0c66c93,zp8,71,1
85854,CFG_5cd0c67d59bc,zp8,71,1
85855,CFG_b8e6a5652de1,zp8,71,1
85856,CFG_8a51f93d684d,zp8,71,1
85857,CFG_1738a11cbd49,zp8,71,1
85858,CFG_d96b0c9e44d0,zp8,71,1
85859,CFG_67b539d34471,zp8,71,1
85860,CFG_9c659499047b,zp8,71,1
85861,CFG_b8e6a5652de1,zp8,71,1
85862,CFG_7155e4ee7bdf,zp8,71,1
85863,CFG_58ae56c3ee5b,zp8,71,1
85864,CFG_d96b0c9e44d0,zp8,71,1
85865,CFG_29c3378e155b,zp8,71,1
85866,CFG_9178f775d49a,zp8,71,1
85867,CFG_99b4d8a9c762,zp8,71,1
85868,CFG_7fa53b7ab3bf,zp8,71,1
85869,CFG_9c659499047b,zp8,71,1
85870,CFG_5be0533f7ebf,zp8,71,1
85871,CFG_5cd0c67d59bc,zp8,71,1
85872,CFG_c910518048de,zp8,71,1
85873,CFG_99b4d8a9c762,zp8,71,1
85874,CFG_59aede929579,zp8,71,1
85875,CFG_f18488ce1456,zp8,71,1
85876,CFG_727914633b9e,zp8,71,1
85877,CFG_cf541d0f8a3a,zp8,71,1
85878,CFG_b2a3cbb134c5,zp8,71,1
85879,CFG_a1ebd0490272,zp8,71,1
85880,CFG_2534839bab0a,zp8,71,1
85881,CFG_3a3d7179fe0d,zp8,71,1
85882,CFG_9c659499047b,zp8,71,1
85883,CFG_5cd0c67d59bc,zp8,71,1
85884,CFG_f18488ce1456,zp8,71,1
85885,CFG_288ddbff7431,zp8,71,1
85886,CFG_5cd0c67d59bc,zp8,71,1
85887,CFG_36f82e31118f,zp8,71,1
85888,CFG_665857420cb6,zp8,71,1
85889,CFG_9c659499047b,zp8,71,1
85890,CFG_b2a3cbb134c5,zp8,71,1
85891,CFG_be784e24b621,zp8,71,1
85892,CFG_ffde3ea1b2e3,zp8,71,1
85893,CFG_275e4ca07248,zp8,71,1
85894,CFG_665857420cb6,zp8,71,1
85895,CFG_9178f775d49a,zp8,71,1
85896,CFG_939ca62c69c2,zp8,71,1
85897,CFG_9c659499047b,zp8,71,1
85898,CFG_9c659499047b,zp8,71,1
85899,CFG_8a51f93d684d,zp8,71,1
85900,CFG_e87513c8563d,zp8,71,1
85901,CFG_b2a3cbb134c5,zp8,71,1
85902,CFG_9c659499047b,zp8,71,1
85903,CFG_8a51f93d684d,zp8,71,1
85904,CFG_59aede929579,zp8,71,1
85905,CFG_9178f775d49a,zp8,71,1
85906,CFG_d7aadf87f0b1,zp8,71,1
85907,CFG_1e693796a40d,zp8,71,1
85908,CFG_2534839bab0a,zp8,71,1
85909,CFG_f18488ce1456,zp8,71,1
85910,CFG_cc5bbb6e9d13,zp8,71,1
85911,CFG_710c47edfbc8,zp8,71,1
85912,CFG_17620e2785dc,zp8,71,1
85913,CFG_5cd0c67d59bc,zp8,71,1
85914,CFG_9c659499047b,zp8,71,1
85915,CFG_d96b0c9e44d0,zp8,71,1
85916,CFG_cf6528e23789,zp8,71,1
85917,CFG_b8e6a5652de1,zp8,71,1
85918,CFG_d39c77a1a4bf,zp8,71,1
85919,CFG_77c8b99b43d9,zp8,71,1
85920,CFG_f18488ce1456,zp8,71,1
85921,CFG_cf541d0f8a3a,zp8,71,1
85922,CFG_b0eabb76b70f,zp8,71,1
85923,CFG_9178f775d49a,zp8,71,1
85924,CFG_f18488ce1456,zp8,71,1
85925,CFG_e1e6e0c66c93,zp8,71,1
85926,CFG_cc5bbb6e9d13,zp8,71,1
85927,CFG_f18488ce1456,zp8,71,1
85928,CFG_17620e2785dc,zp8,71,1
85929,CFG_b2a3cbb134c5,zp8,71,1
85930,CFG_a34f76b67ef4,zp8,71,1
85931,CFG_f993a0fc6256,zp8,71,1
85932,CFG_59aede929579,zp8,71,1
85933,CFG_5514d03a77b0,zp8,71,1
85934,CFG_3e489afc8bfd,zp8,71,1
85935,CFG_f18488ce1456,zp8,71,1
85936,CFG_1ec55dc0a2ff,zp8,71,1
85937,CFG_29c3378e155b,zp8,71,1
85938,CFG_710c47edfbc8,zp8,71,1
85939,CFG_29c3378e155b,zp8,71,1
85940,CFG_b04e3d146803,zp8,71,1
85941,CFG_625048fefa0b,zp8,71,1
85942,CFG_c94b44f1b2f9,zp8,71,1
85943,CFG_cf541d0f8a3a,zp8,71,1
85944,CFG_755205a28938,zp8,71,1
85945,CFG_59aede929579,zp8,71,1
85946,CFG_7fa53b7ab3bf,zp8,71,1
85947,CFG_3a3d7179fe0d,zp8,71,1
85948,CFG_5514d03a77b0,zp8,71,1
85949,CFG_17620e2785dc,zp8,71,1
85950,CFG_9178f775d49a,zp8,71,1
85951,CFG_bd6412fc68b0,zp8,71,1
85952,CFG_f18488ce1456,zp8,71,1
85953,CFG_f18488ce1456,zp8,71,1
85954,CFG_cf541d0f8a3a,zp8,71,1
85955,CFG_8bfc9d62299c,zp8,71,1
85956,CFG_9c659499047b,zp8,71,1
85957,CFG_1e693796a40d,zp8,71,1
85958,CFG_3278d3379c8a,zp8,71,1
85959,CFG_1738a11cbd49,zp8,71,1
85960,CFG_f18488ce1456,zp8,71,1
85961,CFG_7cd4c6b023c5,zp8,71,1
85962,CFG_275e4ca07248,zp8,71,1
85963,CFG_3a3d7179fe0d,zp8,71,1
85964,CFG_3a3d7179fe0d,zp8,71,1
85965,CFG_59aede929579,zp8,71,1
85966,CFG_99b4d8a9c762,zp8,71,1
85967,CFG_9c659499047b,zp8,71,1
85968,CFG_3697b100c401,zp8,71,1
85969,CFG_5cd0c67d59bc,zp8,71,1
85970,CFG_a34f76b67ef4,zp8,71,1
85971,CFG_be784e24b621,zp8,71,1
85972,CFG_8a51f93d684d,zp8,71,1
85973,CFG_99b4d8a9c762,zp8,71,1
85974,CFG_8bfc9d62299c,zp8,71,1
85975,CFG_9c659499047b,zp8,71,1
85976,CFG_d96b0c9e44d0,zp8,71,1
85977,CFG_67b539d34471,zp8,71,1
85978,CFG_f18488ce1456,zp8,71,1
85979,CFG_7155e4ee7bdf,zp8,71,1
85980,CFG_710c47edfbc8,zp8,71,1
85981,CFG_bbea204eb2ac,zp8,71,1
85982,CFG_17620e2785dc,zp8,71,1
85983,CFG_727914633b9e,zp8,71,1
85984,CFG_9c659499047b,zp8,71,1
85985,CFG_59f154754573,zp8,71,1
85986,CFG_773ac98270b6,zp8,71,1
85987,CFG_a1d878e7d840,zp8,71,1
85988,CFG_7fa53b7ab3bf,zp8,71,1
85989,CFG_ffde3ea1b2e3,zp8,71,1
85990,CFG_f18488ce1456,zp8,71,1
85991,CFG_9178f775d49a,zp8,71,1
85992,CFG_e3950fd94ca1,zp8,71,1
85993,CFG_f18488ce1456,zp8,71,1
85994,CFG_deda15f4c4a8,zp8,71,1
85995,CFG_710c47edfbc8,zp8,71,1
85996,CFG_b2a3cbb134c5,zp8,71,1
85997,CFG_c910518048de,zp8,71,1
85998,CFG_9178f775d49a,zp8,71,1
85999,CFG_36f82e31118f,zp8,71,1
86000,CFG_39fe645ba2f1,zp8,71,1
86001,CFG_bbea204eb2ac,zp8,72,1
86002,CFG_67b539d34471,zp8,72,1
86003,CFG_f18488ce1456,zp8,72,1
86004,CFG_3a3d7179fe0d,zp8,72,1
86005,CFG_9178f775d49a,zp8,72,1
86006,CFG_a292c20a75fd,zp8,72,1
86007,CFG_9178f775d49a,zp8,72,1
86008,CFG_e1e6e0c66c93,zp8,72,1
86009,CFG_e1e6e0c66c93,zp8,72,1
86010,CFG_acabbc62a021,zp8,72,1
86011,CFG_3278d3379c8a,zp8,72,1
86012,CFG_17620e2785dc,zp8,72,1
86013,CFG_3a3d7179fe0d,zp8,72,1
86014,CFG_deda15f4c4a8,zp8,72,1
86015,CFG_ffde3ea1b2e3,zp8,72,1
86016,CFG_3278d3379c8a,zp8,72,1
86017,CFG_8bfc9d62299c,zp8,72,1
86018,CFG_9178f775d49a,zp8,72,1
86019,CFG_de29bb20eaa6,zp8,72,1
86020,CFG_8a51f93d684d,zp8,72,1
86021,CFG_a1d878e7d840,zp8,72,1
86022,CFG_9178f775d49a,zp8,72,1
86023,CFG_5514d03a77b0,zp8,72,1
86024,CFG_99b4d8a9c762,zp8,72,1
86025,CFG_8a51f93d684d,zp8,72,1
86026,CFG_a1d878e7d840,zp8,72,1
86027,CFG_1ec55dc0a2ff,zp8,72,1
86028,CFG_1738a11cbd49,zp8,72,1
86029,CFG_1ec55dc0a2ff,zp8,72,1
86030,CFG_a34f76b67ef4,zp8,72,1
86031,CFG_939ca62c69c2,zp8,72,1
86032,CFG_36f82e31118f,zp8,72,1
86033,CFG_be784e24b621,zp8,72,1
86034,CFG_deda15f4c4a8,zp8,72,1
86035,CFG_e3950fd94ca1,zp8,72,1
86036,CFG_a1d878e7d840,zp8,72,1
86037,CFG_17620e2785dc,zp8,72,1
86038,CFG_c94b44f1b2f9,zp8,72,1
86039,CFG_deda15f4c4a8,zp8,72,1
86040,CFG_de29bb20eaa6,zp8,72,1
86041,CFG_710c47edfbc8,zp8,72,1
86042,CFG_cf541d0f8a3a,zp8,72,1
86043,CFG_be784e24b621,zp8,72,1
86044,CFG_a34f76b67ef4,zp8,72,1
86045,CFG_1ec55dc0a2ff,zp8,72,1
86046,CFG_b2a3cbb134c5,zp8,72,1
86047,CFG_67b539d34471,zp8,72,1
86048,CFG_ffde3ea1b2e3,zp8,72,1
86049,CFG_5cd0c67d59bc,zp8,72,1
86050,CFG_f18488ce1456,zp8,72,1
86051,CFG_d39c77a1a4bf,zp8,72,1
86052,CFG_b8e6a5652de1,zp8,72,1
86053,CFG_1738a11cbd49,zp8,72,1
86054,CFG_f18488ce1456,zp8,72,1
86055,CFG_2154b722e06b,zp8,72,1
86056,CFG_e3386d946379,zp8,72,1
86057,CFG_b8e6a5652de1,zp8,72,1
86058,CFG_f18488ce1456,zp8,72,1
86059,CFG_5851809b712d,zp8,72,1
86060,CFG_1e693796a40d,zp8,72,1
86061,CFG_ceef49456daa,zp8,72,1
86062,CFG_cf541d0f8a3a,zp8,72,1
86063,CFG_f18488ce1456,zp8,72,1
86064,CFG_b2a3cbb134c5,zp8,72,1
86065,CFG_275e4ca07248,zp8,72,1
86066,CFG_8bfc9d62299c,zp8,72,1
86067,CFG_e1e6e0c66c93,zp8,72,1
86068,CFG_710c47edfbc8,zp8,72,1
86069,CFG_3e489afc8bfd,zp8,72,1
86070,CFG_65f78a36ed50,zp8,72,1
86071,CFG_b2a3cbb134c5,zp8,72,1
86072,CFG_b8e6a5652de1,zp8,72,1
86073,CFG_755205a28938,zp8,72,1
86074,CFG_67b539d34471,zp8,72,1
86075,CFG_2154b722e06b,zp8,72,1
86076,CFG_1738a11cbd49,zp8,72,1
86077,CFG_6caaadb373ea,zp8,72,1
86078,CFG_a1d878e7d840,zp8,72,1
86079,CFG_5cd0c67d59bc,zp8,72,1
86080,CFG_1d0f84c0bb06,zp8,72,1
86081,CFG_9178f775d49a,zp8,72,1
86082,CFG_8bfc9d62299c,zp8,72,1
86083,CFG_f18488ce1456,zp8,72,1
86084,CFG_be784e24b621,zp8,72,1
86085,CFG_f18488ce1456,zp8,72,1
86086,CFG_3a3d7179fe0d,zp8,72,1
86087,CFG_7155e4ee7bdf,zp8,72,1
86088,CFG_e1e6e0c66c93,zp8,72,1
86089,CFG_939ca62c69c2,zp8,72,1
86090,CFG_773ac98270b6,zp8,72,1
86091,CFG_29c3378e155b,zp8,72,1
86092,CFG_deda15f4c4a8,zp8,72,1
86093,CFG_db37bdfe8c71,zp8,72,1
86094,CFG_e1e6e0c66c93,zp8,72,1
86095,CFG_5be0533f7ebf,zp8,72,1
86096,CFG_d39c77a1a4bf,zp8,72,1
86097,CFG_8a51f93d684d,zp8,72,1
86098,CFG_a1d878e7d840,zp8,72,1
86099,CFG_ffde3ea1b2e3,zp8,72,1
86100,CFG_d96b0c9e44d0,zp8,72,1
86101,CFG_9178f775d49a,zp8,72,1
86102,CFG_ac213567a5a2,zp8,72,1
86103,CFG_cf6528e23789,zp8,72,1
86104,CFG_17620e2785dc,zp8,72,1
86105,CFG_a34f76b67ef4,zp8,72,1
86106,CFG_cf541d0f8a3a,zp8,72,1
86107,CFG_59f154754573,zp8,72,1
86108,CFG_5514d03a77b0,zp8,72,1
86109,CFG_8a51f93d684d,zp8,72,1
86110,CFG_e3950fd94ca1,zp8,72,1
86111,CFG_773ac98270b6,zp8,72,1
86112,CFG_5cd0c67d59bc,zp8,72,1
86113,CFG_e1e6e0c66c93,zp8,72,1
86114,CFG_5514d03a77b0,zp8,72,1
86115,CFG_3a3d7179fe0d,zp8,72,1
86116,CFG_b8e6a5652de1,zp8,72,1
86117,CFG_f993a0fc6256,zp8,72,1
86118,CFG_ffde3ea1b2e3,zp8,72,1
86119,CFG_b2a3cbb134c5,zp8,72,1
86120,CFG_7cd4c6b023c5,zp8,72,1
86121,CFG_b8e6a5652de1,zp8,72,1
86122,CFG_8a51f93d684d,zp8,72,1
86123,CFG_8a51f93d684d,zp8,72,1
86124,CFG_a292c20a75fd,zp8,72,1
86125,CFG_be784e24b621,zp8,72,1
86126,CFG_9178f775d49a,zp8,72,1
86127,CFG_a1ebd0490272,zp8,72,1
86128,CFG_5cd0c67d59bc,zp8,72,1
86129,CFG_939ca62c69c2,zp8,72,1
86130,CFG_99b4d8a9c762,zp8,72,1
86131,CFG_b2a3cbb134c5,zp8,72,1
86132,CFG_a1d878e7d840,zp8,72,1
86133,CFG_dda2f907b868,zp8,72,1
86134,CFG_ffde3ea1b2e3,zp8,72,1
86135,CFG_67b539d34471,zp8,72,1
86136,CFG_e1e6e0c66c93,zp8,72,1
86137,CFG_e1e6e0c66c93,zp8,72,1
86138,CFG_5cd0c67d59bc,zp8,72,1
86139,CFG_deda15f4c4a8,zp8,72,1
86140,CFG_d7aadf87f0b1,zp8,72,1
86141,CFG_36f82e31118f,zp8,72,1
86142,CFG_1ec55dc0a2ff,zp8,72,1
86143,CFG_29c3378e155b,zp8,72,1
86144,CFG_cf541d0f8a3a,zp8,72,1
86145,CFG_1738a11cbd49,zp8,72,1
86146,CFG_e1e6e0c66c93,zp8,72,1
86147,CFG_8f2957e28805,zp8,72,1
86148,CFG_de29bb20eaa6,zp8,72,1
86149,CFG_b04e3d146803,zp8,72,1
86150,CFG_1e693796a40d,zp8,72,1
86151,CFG_3a3d7179fe0d,zp8,72,1
86152,CFG_67b539d34471,zp8,72,1
86153,CFG_8a51f93d684d,zp8,72,1
86154,CFG_1e693796a40d,zp8,72,1
86155,CFG_67b539d34471,zp8,72,1
86156,CFG_773ac98270b6,zp8,72,1
86157,CFG_59aede929579,zp8,72,1
86158,CFG_9178f775d49a,zp8,72,1
86159,CFG_773ac98270b6,zp8,72,1
86160,CFG_deda15f4c4a8,zp8,72,1
86161,CFG_8bfc9d62299c,zp8,72,1
86162,CFG_1ec55dc0a2ff,zp8,72,1
86163,CFG_f18488ce1456,zp8,72,1
86164,CFG_39fe645ba2f1,zp8,72,1
86165,CFG_5514d03a77b0,zp8,72,1
86166,CFG_b2a3cbb134c5,zp8,72,1
86167,CFG_939ca62c69c2,zp8,72,1
86168,CFG_f18488ce1456,zp8,72,1
86169,CFG_17620e2785dc,zp8,72,1
86170,CFG_1e693796a40d,zp8,72,1
86171,CFG_b2a3cbb134c5,zp8,72,1
86172,CFG_f18488ce1456,zp8,72,1
86173,CFG_710c47edfbc8,zp8,72,1
86174,CFG_be784e24b621,zp8,72,1
86175,CFG_773ac98270b6,zp8,72,1
86176,CFG_f18488ce1456,zp8,72,1
86177,CFG_625048fefa0b,zp8,72,1
86178,CFG_a34f76b67ef4,zp8,72,1
86179,CFG_e1e6e0c66c93,zp8,72,1
86180,CFG_1ec55dc0a2ff,zp8,72,1
86181,CFG_8a51f93d684d,zp8,72,1
86182,CFG_e87513c8563d,zp8,72,1
86183,CFG_773ac98270b6,zp8,72,1
86184,CFG_f18488ce1456,zp8,72,1
86185,CFG_8bfc9d62299c,zp8,72,1
86186,CFG_bbea204eb2ac,zp8,72,1
86187,CFG_17620e2785dc,zp8,72,1
86188,CFG_bbea204eb2ac,zp8,72,1
86189,CFG_e3950fd94ca1,zp8,72,1
86190,CFG_3a3d7179fe0d,zp8,72,1
86191,CFG_39fe645ba2f1,zp8,72,1
86192,CFG_b2a3cbb134c5,zp8,72,1
86193,CFG_7155e4ee7bdf,zp8,72,1
86194,CFG_a1d878e7d840,zp8,72,1
86195,CFG_b2a3cbb134c5,zp8,72,1
86196,CFG_755205a28938,zp8,72,1
86197,CFG_39fe645ba2f1,zp8,72,1
86198,CFG_2154b722e06b,zp8,72,1
86199,CFG_17620e2785dc,zp8,72,1
86200,CFG_ac213567a5a2,zp8,72,1
86201,CFG_939ca62c69c2,zp8,72,1
86202,CFG_ffde3ea1b2e3,zp8,72,1
86203,CFG_d7aadf87f0b1,zp8,72,1
86204,CFG_1d1816b1d9d8,zp8,72,1
86205,CFG_db37bdfe8c71,zp8,72,1
86206,CFG_773ac98270b6,zp8,72,1
86207,CFG_b2a3cbb134c5,zp8,72,1
86208,CFG_e1e6e0c66c93,zp8,72,1
86209,CFG_be784e24b621,zp8,72,1
86210,CFG_b2a3cbb134c5,zp8,72,1
86211,CFG_8a51f93d684d,zp8,72,1
86212,CFG_7155e4ee7bdf,zp8,72,1
86213,CFG_1738a11cbd49,zp8,72,1
86214,CFG_f18488ce1456,zp8,72,1
86215,CFG_1d0f84c0bb06,zp8,72,1
86216,CFG_a34f76b67ef4,zp8,72,1
86217,CFG_1e693796a40d,zp8,72,1
86218,CFG_b2a3cbb134c5,zp8,72,1
86219,CFG_b2a3cbb134c5,zp8,72,1
86220,CFG_b2a3cbb134c5,zp8,72,1
86221,CFG_36f82e31118f,zp8,72,1
86222,CFG_39fe645ba2f1,zp8,72,1
86223,CFG_de29bb20eaa6,zp8,72,1
86224,CFG_b2a3cbb134c5,zp8,72,1
86225,CFG_8bfc9d62299c,zp8,72,1
86226,CFG_288ddbff7431,zp8,72,1
86227,CFG_5cd0c67d59bc,zp8,72,1
86228,CFG_e3950fd94ca1,zp8,72,1
86229,CFG_1ec55dc0a2ff,zp8,72,1
86230,CFG_c910518048de,zp8,72,1
86231,CFG_2534839bab0a,zp8,72,1
86232,CFG_8a51f93d684d,zp8,72,1
86233,CFG_8a51f93d684d,zp8,72,1
86234,CFG_8bfc9d62299c,zp8,72,1
86235,CFG_b04e3d146803,zp8,72,1
86236,CFG_b2a3cbb134c5,zp8,72,1
86237,CFG_1ec55dc0a2ff,zp8,72,1
86238,CFG_a1ebd0490272,zp8,72,1
86239,CFG_f18488ce1456,zp8,72,1
86240,CFG_e3950fd94ca1,zp8,72,1
86241,CFG_d96b0c9e44d0,zp8,72,1
86242,CFG_9178f775d49a,zp8,72,1
86243,CFG_d96b0c9e44d0,zp8,72,1
86244,CFG_39fe645ba2f1,zp8,72,1
86245,CFG_cf541d0f8a3a,zp8,72,1
86246,CFG_1ec55dc0a2ff,zp8,72,1
86247,CFG_773ac98270b6,zp8,72,1
86248,CFG_36f82e31118f,zp8,72,1
86249,CFG_f18488ce1456,zp8,72,1
86250,CFG_9c659499047b,zp8,72,1
86251,CFG_b8e6a5652de1,zp8,72,1
86252,CFG_9178f775d49a,zp8,72,1
86253,CFG_59f154754573,zp8,72,1
86254,CFG_c910518048de,zp8,72,1
86255,CFG_ffde3ea1b2e3,zp8,72,1
86256,CFG_773ac98270b6,zp8,72,1
86257,CFG_773ac98270b6,zp8,72,1
86258,CFG_f18488ce1456,zp8,72,1
86259,CFG_9c659499047b,zp8,72,1
86260,CFG_8a51f93d684d,zp8,72,1
86261,CFG_29c3378e155b,zp8,72,1
86262,CFG_59aede929579,zp8,72,1
86263,CFG_ffde3ea1b2e3,zp8,72,1
86264,CFG_7155e4ee7bdf,zp8,72,1
86265,CFG_b2a3cbb134c5,zp8,72,1
86266,CFG_d39c77a1a4bf,zp8,72,1
86267,CFG_29c3378e155b,zp8,72,1
86268,CFG_5cd0c67d59bc,zp8,72,1
86269,CFG_8a51f93d684d,zp8,72,1
86270,CFG_17620e2785dc,zp8,72,1
86271,CFG_b2a3cbb134c5,zp8,72,1
86272,CFG_ac213567a5a2,zp8,72,1
86273,CFG_802041076799,zp8,72,1
86274,CFG_8bfc9d62299c,zp8,72,1
86275,CFG_b2a3cbb134c5,zp8,72,1
86276,CFG_b04e3d146803,zp8,72,1
86277,CFG_36f82e31118f,zp8,72,1
86278,CFG_be784e24b621,zp8,72,1
86279,CFG_3a3d7179fe0d,zp8,72,1
86280,CFG_deda15f4c4a8,zp8,72,1
86281,CFG_f18488ce1456,zp8,72,1
86282,CFG_b2a3cbb134c5,zp8,72,1
86283,CFG_f18488ce1456,zp8,72,1
86284,CFG_9178f775d49a,zp8,72,1
86285,CFG_b2a3cbb134c5,zp8,72,1
86286,CFG_cf541d0f8a3a,zp8,72,1
86287,CFG_36f82e31118f,zp8,72,1
86288,CFG_b8e6a5652de1,zp8,72,1
86289,CFG_710c47edfbc8,zp8,72,1
86290,CFG_773ac98270b6,zp8,72,1
86291,CFG_8bfc9d62299c,zp8,72,1
86292,CFG_be784e24b621,zp8,72,1
86293,CFG_5be0533f7ebf,zp8,72,1
86294,CFG_de29bb20eaa6,zp8,72,1
86295,CFG_f18488ce1456,zp8,72,1
86296,CFG_5cd0c67d59bc,zp8,72,1
86297,CFG_cc5bbb6e9d13,zp8,72,1
86298,CFG_1ec55dc0a2ff,zp8,72,1
86299,CFG_532891bb36ca,zp8,72,1
86300,CFG_9c659499047b,zp8,72,1
86301,CFG_deda15f4c4a8,zp8,72,1
86302,CFG_7155e4ee7bdf,zp8,72,1
86303,CFG_b2a3cbb134c5,zp8,72,1
86304,CFG_f18488ce1456,zp8,72,1
86305,CFG_1738a11cbd49,zp8,72,1
86306,CFG_f18488ce1456,zp8,72,1
86307,CFG_3a3d7179fe0d,zp8,72,1
86308,CFG_59f154754573,zp8,72,1
86309,CFG_2154b722e06b,zp8,72,1
86310,CFG_e3950fd94ca1,zp8,72,1
86311,CFG_39fe645ba2f1,zp8,72,1
86312,CFG_59aede929579,zp8,72,1
86313,CFG_9178f775d49a,zp8,72,1
86314,CFG_cf541d0f8a3a,zp8,72,1
86315,CFG_5514d03a77b0,zp8,72,1
86316,CFG_710c47edfbc8,zp8,72,1
86317,CFG_99b4d8a9c762,zp8,72,1
86318,CFG_d96b0c9e44d0,zp8,72,1
86319,CFG_710c47edfbc8,zp8,72,1
86320,CFG_f18488ce1456,zp8,72,1
86321,CFG_3a3d7179fe0d,zp8,72,1
86322,CFG_1738a11cbd49,zp8,72,1
86323,CFG_939ca62c69c2,zp8,72,1
86324,CFG_d39c77a1a4bf,zp8,72,1
86325,CFG_e3950fd94ca1,zp8,72,1
86326,CFG_275e4ca07248,zp8,72,1
86327,CFG_f18488ce1456,zp8,72,1
86328,CFG_e3950fd94ca1,zp8,72,1
86329,CFG_e1e6e0c66c93,zp8,72,1
86330,CFG_710c47edfbc8,zp8,72,1
86331,CFG_a1d878e7d840,zp8,72,1
86332,CFG_deda15f4c4a8,zp8,72,1
86333,CFG_cf541d0f8a3a,zp8,72,1
86334,CFG_9c659499047b,zp8,72,1
86335,CFG_9c659499047b,zp8,72,1
86336,CFG_67b539d34471,zp8,72,1
86337,CFG_9178f775d49a,zp8,72,1
86338,CFG_8bfc9d62299c,zp8,72,1
86339,CFG_d7aadf87f0b1,zp8,72,1
86340,CFG_67b539d34471,zp8,72,1
86341,CFG_f18488ce1456,zp8,72,1
86342,CFG_c910518048de,zp8,72,1
86343,CFG_cf541d0f8a3a,zp8,72,1
86344,CFG_ac213567a5a2,zp8,72,1
86345,CFG_5cd0c67d59bc,zp8,72,1
86346,CFG_a1d878e7d840,zp8,72,1
86347,CFG_8a51f93d684d,zp8,72,1
86348,CFG_d7aadf87f0b1,zp8,72,1
86349,CFG_1747d90ed031,zp8,72,1
86350,CFG_1ec55dc0a2ff,zp8,72,1
86351,CFG_f18488ce1456,zp8,72,1
86352,CFG_67b539d34471,zp8,72,1
86353,CFG_773ac98270b6,zp8,72,1
86354,CFG_59aede929579,zp8,72,1
86355,CFG_e3950fd94ca1,zp8,72,1
86356,CFG_d96b0c9e44d0,zp8,72,1
86357,CFG_cf541d0f8a3a,zp8,72,1
86358,CFG_9178f775d49a,zp8,72,1
86359,CFG_d39c77a1a4bf,zp8,72,1
86360,CFG_e3950fd94ca1,zp8,72,1
86361,CFG_710c47edfbc8,zp8,72,1
86362,CFG_67b539d34471,zp8,72,1
86363,CFG_ffde3ea1b2e3,zp8,72,1
86364,CFG_755205a28938,zp8,72,1
86365,CFG_2154b722e06b,zp8,72,1
86366,CFG_e87513c8563d,zp8,72,1
86367,CFG_2534839bab0a,zp8,72,1
86368,CFG_f993a0fc6256,zp8,72,1
86369,CFG_a1d878e7d840,zp8,72,1
86370,CFG_3a3d7179fe0d,zp8,72,1
86371,CFG_36f82e31118f,zp8,72,1
86372,CFG_9178f775d49a,zp8,72,1
86373,CFG_3a3d7179fe0d,zp8,72,1
86374,CFG_f18488ce1456,zp8,72,1
86375,CFG_59f154754573,zp8,72,1
86376,CFG_1ec55dc0a2ff,zp8,72,1
86377,CFG_755205a28938,zp8,72,1
86378,CFG_802041076799,zp8,72,1
86379,CFG_3a3d7179fe0d,zp8,72,1
86380,CFG_67b539d34471,zp8,72,1
86381,CFG_17620e2785dc,zp8,72,1
86382,CFG_1ec55dc0a2ff,zp8,72,1
86383,CFG_b2a3cbb134c5,zp8,72,1
86384,CFG_e3950fd94ca1,zp8,72,1
86385,CFG_8bfc9d62299c,zp8,72,1
86386,CFG_939ca62c69c2,zp8,72,1
86387,CFG_67b539d34471,zp8,72,1
86388,CFG_773ac98270b6,zp8,72,1
86389,CFG_1ec55dc0a2ff,zp8,72,1
86390,CFG_3a3d7179fe0d,zp8,72,1
86391,CFG_f18488ce1456,zp8,72,1
86392,CFG_b2a3cbb134c5,zp8,72,1
86393,CFG_773ac98270b6,zp8,72,1
86394,CFG_8a51f93d684d,zp8,72,1
86395,CFG_9178f775d49a,zp8,72,1
86396,CFG_773ac98270b6,zp8,72,1
86397,CFG_e1e6e0c66c93,zp8,72,1
86398,CFG_f18488ce1456,zp8,72,1
86399,CFG_8a51f93d684d,zp8,72,1
86400,CFG_773ac98270b6,zp8,72,1
86401,CFG_a1d878e7d840,zp8,72,1
86402,CFG_17620e2785dc,zp8,72,1
86403,CFG_4cd2b98cde9e,zp8,72,1
86404,CFG_727914633b9e,zp8,72,1
86405,CFG_8a51f93d684d,zp8,72,1
86406,CFG_17620e2785dc,zp8,72,1
86407,CFG_5514d03a77b0,zp8,72,1
86408,CFG_cf541d0f8a3a,zp8,72,1
86409,CFG_7fa53b7ab3bf,zp8,72,1
86410,CFG_36f82e31118f,zp8,72,1
86411,CFG_3a3d7179fe0d,zp8,72,1
86412,CFG_67b539d34471,zp8,72,1
86413,CFG_a292c20a75fd,zp8,72,1
86414,CFG_755205a28938,zp8,72,1
86415,CFG_1ec55dc0a2ff,zp8,72,1
86416,CFG_d96b0c9e44d0,zp8,72,1
86417,CFG_7fa53b7ab3bf,zp8,72,1
86418,CFG_de29bb20eaa6,zp8,72,1
86419,CFG_b8e6a5652de1,zp8,72,1
86420,CFG_67b539d34471,zp8,72,1
86421,CFG_ceef49456daa,zp8,72,1
86422,CFG_59aede929579,zp8,72,1
86423,CFG_36f82e31118f,zp8,72,1
86424,CFG_deda15f4c4a8,zp8,72,1
86425,CFG_9c659499047b,zp8,72,1
86426,CFG_1747d90ed031,zp8,72,1
86427,CFG_9178f775d49a,zp8,72,1
86428,CFG_2534839bab0a,zp8,72,1
86429,CFG_99b4d8a9c762,zp8,72,1
86430,CFG_67b539d34471,zp8,72,1
86431,CFG_36f82e31118f,zp8,72,1
86432,CFG_b0eabb76b70f,zp8,72,1
86433,CFG_e3950fd94ca1,zp8,72,1
86434,CFG_a292c20a75fd,zp8,72,1
86435,CFG_9178f775d49a,zp8,72,1
86436,CFG_3278d3379c8a,zp8,72,1
86437,CFG_59aede929579,zp8,72,1
86438,CFG_deda15f4c4a8,zp8,72,1
86439,CFG_36f82e31118f,zp8,72,1
86440,CFG_be784e24b621,zp8,72,1
86441,CFG_8a51f93d684d,zp8,72,1
86442,CFG_9178f775d49a,zp8,72,1
86443,CFG_9178f775d49a,zp8,72,1
86444,CFG_f18488ce1456,zp8,72,1
86445,CFG_17620e2785dc,zp8,72,1
86446,CFG_d7aadf87f0b1,zp8,72,1
86447,CFG_e3950fd94ca1,zp8,72,1
86448,CFG_be784e24b621,zp8,72,1
86449,CFG_ffde3ea1b2e3,zp8,72,1
86450,CFG_8a51f93d684d,zp8,72,1
86451,CFG_755205a28938,zp8,72,1
86452,CFG_ceef49456daa,zp8,72,1
86453,CFG_a1ebd0490272,zp8,72,1
86454,CFG_a1d878e7d840,zp8,72,1
86455,CFG_cc5bbb6e9d13,zp8,72,1
86456,CFG_773ac98270b6,zp8,72,1
86457,CFG_755205a28938,zp8,72,1
86458,CFG_f18488ce1456,zp8,72,1
86459,CFG_36f82e31118f,zp8,72,1
86460,CFG_773ac98270b6,zp8,72,1
86461,CFG_d96b0c9e44d0,zp8,72,1
86462,CFG_deda15f4c4a8,zp8,72,1
86463,CFG_f18488ce1456,zp8,72,1
86464,CFG_1738a11cbd49,zp8,72,1
86465,CFG_be784e24b621,zp8,72,1
86466,CFG_773ac98270b6,zp8,72,1
86467,CFG_39fe645ba2f1,zp8,72,1
86468,CFG_275e4ca07248,zp8,72,1
86469,CFG_773ac98270b6,zp8,72,1
86470,CFG_b8e6a5652de1,zp8,72,1
86471,CFG_710c47edfbc8,zp8,72,1
86472,CFG_b2a3cbb134c5,zp8,72,1
86473,CFG_8a51f93d684d,zp8,72,1
86474,CFG_f18488ce1456,zp8,72,1
86475,CFG_9178f775d49a,zp8,72,1
86476,CFG_f18488ce1456,zp8,72,1
86477,CFG_5851809b712d,zp8,72,1
86478,CFG_d7aadf87f0b1,zp8,72,1
86479,CFG_bbea204eb2ac,zp8,72,1
86480,CFG_939ca62c69c2,zp8,72,1
86481,CFG_8a51f93d684d,zp8,72,1
86482,CFG_b2a3cbb134c5,zp8,72,1
86483,CFG_755205a28938,zp8,72,1
86484,CFG_deda15f4c4a8,zp8,72,1
86485,CFG_755205a28938,zp8,72,1
86486,CFG_5cd0c67d59bc,zp8,72,1
86487,CFG_773ac98270b6,zp8,72,1
86488,CFG_d96b0c9e44d0,zp8,72,1
86489,CFG_755205a28938,zp8,72,1
86490,CFG_a1d878e7d840,zp8,72,1
86491,CFG_29c3378e155b,zp8,72,1
86492,CFG_59aede929579,zp8,72,1
86493,CFG_d7aadf87f0b1,zp8,72,1
86494,CFG_be784e24b621,zp8,72,1
86495,CFG_29c3378e155b,zp8,72,1
86496,CFG_a1ebd0490272,zp8,72,1
86497,CFG_9c659499047b,zp8,72,1
86498,CFG_b8e6a5652de1,zp8,72,1
86499,CFG_cf541d0f8a3a,zp8,72,1
86500,CFG_a292c20a75fd,zp8,72,1
86501,CFG_ac213567a5a2,zp8,72,1
86502,CFG_b8e6a5652de1,zp8,72,1
86503,CFG_7fa53b7ab3bf,zp8,72,1
86504,CFG_8a51f93d684d,zp8,72,1
86505,CFG_59f154754573,zp8,72,1
86506,CFG_1ec55dc0a2ff,zp8,72,1
86507,CFG_f18488ce1456,zp8,72,1
86508,CFG_2154b722e06b,zp8,72,1
86509,CFG_b2a3cbb134c5,zp8,72,1
86510,CFG_59f154754573,zp8,72,1
86511,CFG_939ca62c69c2,zp8,72,1
86512,CFG_5514d03a77b0,zp8,72,1
86513,CFG_727914633b9e,zp8,72,1
86514,CFG_b2a3cbb134c5,zp8,72,1
86515,CFG_d0face5aa80d,zp8,72,1
86516,CFG_8bfc9d62299c,zp8,72,1
86517,CFG_b2a3cbb134c5,zp8,72,1
86518,CFG_36f82e31118f,zp8,72,1
86519,CFG_59f154754573,zp8,72,1
86520,CFG_cf541d0f8a3a,zp8,72,1
86521,CFG_e1e6e0c66c93,zp8,72,1
86522,CFG_e1e6e0c66c93,zp8,72,1
86523,CFG_1738a11cbd49,zp8,72,1
86524,CFG_1ec55dc0a2ff,zp8,72,1
86525,CFG_3a3d7179fe0d,zp8,72,1
86526,CFG_36f82e31118f,zp8,72,1
86527,CFG_deda15f4c4a8,zp8,72,1
86528,CFG_1d1816b1d9d8,zp8,72,1
86529,CFG_b2a3cbb134c5,zp8,72,1
86530,CFG_bbea204eb2ac,zp8,72,1
86531,CFG_710c47edfbc8,zp8,72,1
86532,CFG_9178f775d49a,zp8,72,1
86533,CFG_cf541d0f8a3a,zp8,72,1
86534,CFG_9178f775d49a,zp8,72,1
86535,CFG_cf541d0f8a3a,zp8,72,1
86536,CFG_3a3d7179fe0d,zp8,72,1
86537,CFG_17620e2785dc,zp8,72,1
86538,CFG_f18488ce1456,zp8,72,1
86539,CFG_b2a3cbb134c5,zp8,72,1
86540,CFG_67b539d34471,zp8,72,1
86541,CFG_67b539d34471,zp8,72,1
86542,CFG_59f154754573,zp8,72,1
86543,CFG_b2a3cbb134c5,zp8,72,1
86544,CFG_2154b722e06b,zp8,72,1
86545,CFG_9178f775d49a,zp8,72,1
86546,CFG_625048fefa0b,zp8,72,1
86547,CFG_288ddbff7431,zp8,72,1
86548,CFG_8a51f93d684d,zp8,72,1
86549,CFG_77c8b99b43d9,zp8,72,1
86550,CFG_67b539d34471,zp8,72,1
86551,CFG_637b6e72af93,zp8,72,1
86552,CFG_d7aadf87f0b1,zp8,72,1
86553,CFG_a34f76b67ef4,zp8,72,1
86554,CFG_e87513c8563d,zp8,72,1
86555,CFG_cf541d0f8a3a,zp8,72,1
86556,CFG_b2a3cbb134c5,zp8,72,1
86557,CFG_773ac98270b6,zp8,72,1
86558,CFG_d39c77a1a4bf,zp8,72,1
86559,CFG_cf541d0f8a3a,zp8,72,1
86560,CFG_b2a3cbb134c5,zp8,72,1
86561,CFG_a1d878e7d840,zp8,72,1
86562,CFG_cf541d0f8a3a,zp8,72,1
86563,CFG_3697b100c401,zp8,72,1
86564,CFG_755205a28938,zp8,72,1
86565,CFG_59f154754573,zp8,72,1
86566,CFG_36f82e31118f,zp8,72,1
86567,CFG_65f78a36ed50,zp8,72,1
86568,CFG_755205a28938,zp8,72,1
86569,CFG_29c3378e155b,zp8,72,1
86570,CFG_59f154754573,zp8,72,1
86571,CFG_cf541d0f8a3a,zp8,72,1
86572,CFG_ffde3ea1b2e3,zp8,72,1
86573,CFG_773ac98270b6,zp8,72,1
86574,CFG_d0face5aa80d,zp8,72,1
86575,CFG_cf541d0f8a3a,zp8,72,1
86576,CFG_3697b100c401,zp8,72,1
86577,CFG_5851809b712d,zp8,72,1
86578,CFG_cf541d0f8a3a,zp8,72,1
86579,CFG_be784e24b621,zp8,72,1
86580,CFG_17620e2785dc,zp8,72,1
86581,CFG_9178f775d49a,zp8,72,1
86582,CFG_deda15f4c4a8,zp8,72,1
86583,CFG_f18488ce1456,zp8,72,1
86584,CFG_f18488ce1456,zp8,72,1
86585,CFG_b2a3cbb134c5,zp8,72,1
86586,CFG_be784e24b621,zp8,72,1
86587,CFG_f18488ce1456,zp8,72,1
86588,CFG_de29bb20eaa6,zp8,72,1
86589,CFG_67b539d34471,zp8,72,1
86590,CFG_773ac98270b6,zp8,72,1
86591,CFG_f18488ce1456,zp8,72,1
86592,CFG_ceef49456daa,zp8,72,1
86593,CFG_9178f775d49a,zp8,72,1
86594,CFG_a34f76b67ef4,zp8,72,1
86595,CFG_39fe645ba2f1,zp8,72,1
86596,CFG_9178f775d49a,zp8,72,1
86597,CFG_9c659499047b,zp8,72,1
86598,CFG_e87513c8563d,zp8,72,1
86599,CFG_5514d03a77b0,zp8,72,1
86600,CFG_3324700714f1,zp8,72,1
86601,CFG_bbea204eb2ac,zp8,72,1
86602,CFG_5851809b712d,zp8,72,1
86603,CFG_b2a3cbb134c5,zp8,72,1
86604,CFG_67b539d34471,zp8,72,1
86605,CFG_7fa53b7ab3bf,zp8,72,1
86606,CFG_2534839bab0a,zp8,72,1
86607,CFG_b2bb984b770a,zp8,72,1
86608,CFG_7fa53b7ab3bf,zp8,72,1
86609,CFG_e3950fd94ca1,zp8,72,1
86610,CFG_5514d03a77b0,zp8,72,1
86611,CFG_5cd0c67d59bc,zp8,72,1
86612,CFG_67b539d34471,zp8,72,1
86613,CFG_39fe645ba2f1,zp8,72,1
86614,CFG_cf541d0f8a3a,zp8,72,1
86615,CFG_67b539d34471,zp8,72,1
86616,CFG_b2a3cbb134c5,zp8,72,1
86617,CFG_cf541d0f8a3a,zp8,72,1
86618,CFG_939ca62c69c2,zp8,72,1
86619,CFG_f18488ce1456,zp8,72,1
86620,CFG_d39c77a1a4bf,zp8,72,1
86621,CFG_1d0f84c0bb06,zp8,72,1
86622,CFG_1ec55dc0a2ff,zp8,72,1
86623,CFG_9c659499047b,zp8,72,1
86624,CFG_3a3d7179fe0d,zp8,72,1
86625,CFG_9c659499047b,zp8,72,1
86626,CFG_7cd4c6b023c5,zp8,72,1
86627,CFG_db37bdfe8c71,zp8,72,1
86628,CFG_e1e6e0c66c93,zp8,72,1
86629,CFG_36f82e31118f,zp8,72,1
86630,CFG_6caaadb373ea,zp8,72,1
86631,CFG_1738a11cbd49,zp8,72,1
86632,CFG_e1e6e0c66c93,zp8,72,1
86633,CFG_9178f775d49a,zp8,72,1
86634,CFG_d96b0c9e44d0,zp8,72,1
86635,CFG_f18488ce1456,zp8,72,1
86636,CFG_cf541d0f8a3a,zp8,72,1
86637,CFG_7fa53b7ab3bf,zp8,72,1
86638,CFG_67b539d34471,zp8,72,1
86639,CFG_5cd0c67d59bc,zp8,72,1
86640,CFG_ffde3ea1b2e3,zp8,72,1
86641,CFG_d7aadf87f0b1,zp8,72,1
86642,CFG_d39c77a1a4bf,zp8,72,1
86643,CFG_deda15f4c4a8,zp8,72,1
86644,CFG_8bfc9d62299c,zp8,72,1
86645,CFG_755205a28938,zp8,72,1
86646,CFG_39fe645ba2f1,zp8,72,1
86647,CFG_ceef49456daa,zp8,72,1
86648,CFG_5514d03a77b0,zp8,72,1
86649,CFG_59f154754573,zp8,72,1
86650,CFG_625048fefa0b,zp8,72,1
86651,CFG_d96b0c9e44d0,zp8,72,1
86652,CFG_67b539d34471,zp8,72,1
86653,CFG_727914633b9e,zp8,72,1
86654,CFG_773ac98270b6,zp8,72,1
86655,CFG_d0face5aa80d,zp8,72,1
86656,CFG_ffde3ea1b2e3,zp8,72,1
86657,CFG_a1d878e7d840,zp8,72,1
86658,CFG_b2a3cbb134c5,zp8,72,1
86659,CFG_36f82e31118f,zp8,72,1
86660,CFG_9178f775d49a,zp8,72,1
86661,CFG_773ac98270b6,zp8,72,1
86662,CFG_e1e6e0c66c93,zp8,72,1
86663,CFG_9178f775d49a,zp8,72,1
86664,CFG_8a51f93d684d,zp8,72,1
86665,CFG_8a51f93d684d,zp8,72,1
86666,CFG_67b539d34471,zp8,72,1
86667,CFG_625048fefa0b,zp8,72,1
86668,CFG_e87513c8563d,zp8,72,1
86669,CFG_be784e24b621,zp8,72,1
86670,CFG_8bfc9d62299c,zp8,72,1
86671,CFG_e3386d946379,zp8,72,1
86672,CFG_deda15f4c4a8,zp8,72,1
86673,CFG_773ac98270b6,zp8,72,1
86674,CFG_6ff9e417e386,zp8,72,1
86675,CFG_2534839bab0a,zp8,72,1
86676,CFG_b2a3cbb134c5,zp8,72,1
86677,CFG_8a51f93d684d,zp8,72,1
86678,CFG_773ac98270b6,zp8,72,1
86679,CFG_59aede929579,zp8,72,1
86680,CFG_ffde3ea1b2e3,zp8,72,1
86681,CFG_b8e6a5652de1,zp8,72,1
86682,CFG_727914633b9e,zp8,72,1
86683,CFG_939ca62c69c2,zp8,72,1
86684,CFG_5cd0c67d59bc,zp8,72,1
86685,CFG_a1d878e7d840,zp8,72,1
86686,CFG_ffde3ea1b2e3,zp8,72,1
86687,CFG_1e693796a40d,zp8,72,1
86688,CFG_cf541d0f8a3a,zp8,72,1
86689,CFG_b2a3cbb134c5,zp8,72,1
86690,CFG_deda15f4c4a8,zp8,72,1
86691,CFG_ceef49456daa,zp8,72,1
86692,CFG_3a3d7179fe0d,zp8,72,1
86693,CFG_bbea204eb2ac,zp8,72,1
86694,CFG_288ddbff7431,zp8,72,1
86695,CFG_f18488ce1456,zp8,72,1
86696,CFG_bbea204eb2ac,zp8,72,1
86697,CFG_1ec55dc0a2ff,zp8,72,1
86698,CFG_d96b0c9e44d0,zp8,72,1
86699,CFG_e3950fd94ca1,zp8,72,1
86700,CFG_17620e2785dc,zp8,72,1
86701,CFG_3278d3379c8a,zp8,72,1
86702,CFG_17620e2785dc,zp8,72,1
86703,CFG_39fe645ba2f1,zp8,72,1
86704,CFG_1738a11cbd49,zp8,72,1
86705,CFG_ac213567a5a2,zp8,72,1
86706,CFG_773ac98270b6,zp8,72,1
86707,CFG_e87513c8563d,zp8,72,1
86708,CFG_1ec55dc0a2ff,zp8,72,1
86709,CFG_67b539d34471,zp8,72,1
86710,CFG_39fe645ba2f1,zp8,72,1
86711,CFG_2534839bab0a,zp8,72,1
86712,CFG_b8e6a5652de1,zp8,72,1
86713,CFG_7cd4c6b023c5,zp8,72,1
86714,CFG_39fe645ba2f1,zp8,72,1
86715,CFG_5851809b712d,zp8,72,1
86716,CFG_59aede929579,zp8,72,1
86717,CFG_b8e6a5652de1,zp8,72,1
86718,CFG_710c47edfbc8,zp8,72,1
86719,CFG_e3950fd94ca1,zp8,72,1
86720,CFG_9c659499047b,zp8,72,1
86721,CFG_de29bb20eaa6,zp8,72,1
86722,CFG_a1d878e7d840,zp8,72,1
86723,CFG_b8e6a5652de1,zp8,72,1
86724,CFG_9178f775d49a,zp8,72,1
86725,CFG_17620e2785dc,zp8,72,1
86726,CFG_deda15f4c4a8,zp8,72,1
86727,CFG_39fe645ba2f1,zp8,72,1
86728,CFG_e1e6e0c66c93,zp8,72,1
86729,CFG_710c47edfbc8,zp8,72,1
86730,CFG_8bfc9d62299c,zp8,72,1
86731,CFG_b2a3cbb134c5,zp8,72,1
86732,CFG_1738a11cbd49,zp8,72,1
86733,CFG_59f154754573,zp8,72,1
86734,CFG_d96b0c9e44d0,zp8,72,1
86735,CFG_9178f775d49a,zp8,72,1
86736,CFG_67b539d34471,zp8,72,1
86737,CFG_99b4d8a9c762,zp8,72,1
86738,CFG_f18488ce1456,zp8,72,1
86739,CFG_f18488ce1456,zp8,72,1
86740,CFG_c94b44f1b2f9,zp8,72,1
86741,CFG_ffde3ea1b2e3,zp8,72,1
86742,CFG_9178f775d49a,zp8,72,1
86743,CFG_8bfc9d62299c,zp8,72,1
86744,CFG_ceef49456daa,zp8,72,1
86745,CFG_b8e6a5652de1,zp8,72,1
86746,CFG_e3950fd94ca1,zp8,72,1
86747,CFG_e87513c8563d,zp8,72,1
86748,CFG_17620e2785dc,zp8,72,1
86749,CFG_59f154754573,zp8,72,1
86750,CFG_bbea204eb2ac,zp8,72,1
86751,CFG_3a3d7179fe0d,zp8,72,1
86752,CFG_1738a11cbd49,zp8,72,1
86753,CFG_9c659499047b,zp8,72,1
86754,CFG_1ec55dc0a2ff,zp8,72,1
86755,CFG_a34f76b67ef4,zp8,72,1
86756,CFG_67b539d34471,zp8,72,1
86757,CFG_ac213567a5a2,zp8,72,1
86758,CFG_8a51f93d684d,zp8,72,1
86759,CFG_2154b722e06b,zp8,72,1
86760,CFG_a1ebd0490272,zp8,72,1
86761,CFG_1ec55dc0a2ff,zp8,72,1
86762,CFG_8bfc9d62299c,zp8,72,1
86763,CFG_9c659499047b,zp8,72,1
86764,CFG_39fe645ba2f1,zp8,72,1
86765,CFG_99b4d8a9c762,zp8,72,1
86766,CFG_8a51f93d684d,zp8,72,1
86767,CFG_b8e6a5652de1,zp8,72,1
86768,CFG_3a3d7179fe0d,zp8,72,1
86769,CFG_f18488ce1456,zp8,72,1
86770,CFG_17620e2785dc,zp8,72,1
86771,CFG_e87513c8563d,zp8,72,1
86772,CFG_1ec55dc0a2ff,zp8,72,1
86773,CFG_f18488ce1456,zp8,72,1
86774,CFG_59aede929579,zp8,72,1
86775,CFG_5cd0c67d59bc,zp8,72,1
86776,CFG_755205a28938,zp8,72,1
86777,CFG_d39c77a1a4bf,zp8,72,1
86778,CFG_3a3d7179fe0d,zp8,72,1
86779,CFG_2534839bab0a,zp8,72,1
86780,CFG_9c659499047b,zp8,72,1
86781,CFG_f18488ce1456,zp8,72,1
86782,CFG_773ac98270b6,zp8,72,1
86783,CFG_3697b100c401,zp8,72,1
86784,CFG_e1e6e0c66c93,zp8,72,1
86785,CFG_be784e24b621,zp8,72,1
86786,CFG_755205a28938,zp8,72,1
86787,CFG_cf541d0f8a3a,zp8,72,1
86788,CFG_8a51f93d684d,zp8,72,1
86789,CFG_5cd0c67d59bc,zp8,72,1
86790,CFG_d96b0c9e44d0,zp8,72,1
86791,CFG_f18488ce1456,zp8,72,1
86792,CFG_939ca62c69c2,zp8,72,1
86793,CFG_710c47edfbc8,zp8,72,1
86794,CFG_be784e24b621,zp8,72,1
86795,CFG_b2a3cbb134c5,zp8,72,1
86796,CFG_65f78a36ed50,zp8,72,1
86797,CFG_36f82e31118f,zp8,72,1
86798,CFG_9178f775d49a,zp8,72,1
86799,CFG_deda15f4c4a8,zp8,72,1
86800,CFG_a34f76b67ef4,zp8,72,1
86801,CFG_7cd4c6b023c5,zp8,72,1
86802,CFG_f18488ce1456,zp8,72,1
86803,CFG_e1e6e0c66c93,zp8,72,1
86804,CFG_7155e4ee7bdf,zp8,72,1
86805,CFG_17620e2785dc,zp8,72,1
86806,CFG_de29bb20eaa6,zp8,72,1
86807,CFG_8a51f93d684d,zp8,72,1
86808,CFG_cf541d0f8a3a,zp8,72,1
86809,CFG_29c3378e155b,zp8,72,1
86810,CFG_727914633b9e,zp8,72,1
86811,CFG_f18488ce1456,zp8,72,1
86812,CFG_deda15f4c4a8,zp8,72,1
86813,CFG_7cd4c6b023c5,zp8,72,1
86814,CFG_b2a3cbb134c5,zp8,72,1
86815,CFG_1ec55dc0a2ff,zp8,72,1
86816,CFG_9178f775d49a,zp8,72,1
86817,CFG_9178f775d49a,zp8,72,1
86818,CFG_db37bdfe8c71,zp8,72,1
86819,CFG_cc5bbb6e9d13,zp8,72,1
86820,CFG_ffde3ea1b2e3,zp8,72,1
86821,CFG_deda15f4c4a8,zp8,72,1
86822,CFG_773ac98270b6,zp8,72,1
86823,CFG_710c47edfbc8,zp8,72,1
86824,CFG_1ec55dc0a2ff,zp8,72,1
86825,CFG_e3950fd94ca1,zp8,72,1
86826,CFG_1ec55dc0a2ff,zp8,72,1
86827,CFG_773ac98270b6,zp8,72,1
86828,CFG_7fa53b7ab3bf,zp8,72,1
86829,CFG_be784e24b621,zp8,72,1
86830,CFG_8bfc9d62299c,zp8,72,1
86831,CFG_deda15f4c4a8,zp8,72,1
86832,CFG_be784e24b621,zp8,72,1
86833,CFG_f18488ce1456,zp8,72,1
86834,CFG_de29bb20eaa6,zp8,72,1
86835,CFG_939ca62c69c2,zp8,72,1
86836,CFG_be784e24b621,zp8,72,1
86837,CFG_a34f76b67ef4,zp8,72,1
86838,CFG_9c659499047b,zp8,72,1
86839,CFG_67b539d34471,zp8,72,1
86840,CFG_67b539d34471,zp8,72,1
86841,CFG_d7aadf87f0b1,zp8,72,1
86842,CFG_5be0533f7ebf,zp8,72,1
86843,CFG_710c47edfbc8,zp8,72,1
86844,CFG_1738a11cbd49,zp8,72,1
86845,CFG_f18488ce1456,zp8,72,1
86846,CFG_a9714f85f877,zp8,72,1
86847,CFG_67b539d34471,zp8,72,1
86848,CFG_773ac98270b6,zp8,72,1
86849,CFG_bbea204eb2ac,zp8,72,1
86850,CFG_275e4ca07248,zp8,72,1
86851,CFG_b2a3cbb134c5,zp8,72,1
86852,CFG_a1d878e7d840,zp8,72,1
86853,CFG_773ac98270b6,zp8,72,1
86854,CFG_9c659499047b,zp8,72,1
86855,CFG_be784e24b621,zp8,72,1
86856,CFG_6caaadb373ea,zp8,72,1
86857,CFG_bbea204eb2ac,zp8,72,1
86858,CFG_deda15f4c4a8,zp8,72,1
86859,CFG_e3386d946379,zp8,72,1
86860,CFG_59aede929579,zp8,72,1
86861,CFG_d7aadf87f0b1,zp8,72,1
86862,CFG_1738a11cbd49,zp8,72,1
86863,CFG_59aede929579,zp8,72,1
86864,CFG_c94b44f1b2f9,zp8,72,1
86865,CFG_e3950fd94ca1,zp8,72,1
86866,CFG_59aede929579,zp8,72,1
86867,CFG_1e693796a40d,zp8,72,1
86868,CFG_d39c77a1a4bf,zp8,72,1
86869,CFG_9178f775d49a,zp8,72,1
86870,CFG_5514d03a77b0,zp8,72,1
86871,CFG_7fa53b7ab3bf,zp8,72,1
86872,CFG_59f154754573,zp8,72,1
86873,CFG_3e489afc8bfd,zp8,72,1
86874,CFG_ac213567a5a2,zp8,72,1
86875,CFG_710c47edfbc8,zp8,72,1
86876,CFG_67b539d34471,zp8,72,1
86877,CFG_3a3d7179fe0d,zp8,72,1
86878,CFG_e1e6e0c66c93,zp8,72,1
86879,CFG_8a51f93d684d,zp8,72,1
86880,CFG_a292c20a75fd,zp8,72,1
86881,CFG_755205a28938,zp8,72,1
86882,CFG_deda15f4c4a8,zp8,72,1
86883,CFG_e87513c8563d,zp8,72,1
86884,CFG_67b539d34471,zp8,72,1
86885,CFG_59f154754573,zp8,72,1
86886,CFG_8a51f93d684d,zp8,72,1
86887,CFG_3a3d7179fe0d,zp8,72,1
86888,CFG_2534839bab0a,zp8,72,1
86889,CFG_ffde3ea1b2e3,zp8,72,1
86890,CFG_1ec55dc0a2ff,zp8,72,1
86891,CFG_e1e6e0c66c93,zp8,72,1
86892,CFG_7fa53b7ab3bf,zp8,72,1
86893,CFG_9178f775d49a,zp8,72,1
86894,CFG_db37bdfe8c71,zp8,72,1
86895,CFG_ffde3ea1b2e3,zp8,72,1
86896,CFG_c910518048de,zp8,72,1
86897,CFG_939ca62c69c2,zp8,72,1
86898,CFG_755205a28938,zp8,72,1
86899,CFG_dda2f907b868,zp8,72,1
86900,CFG_1ec55dc0a2ff,zp8,72,1
86901,CFG_ffde3ea1b2e3,zp8,72,1
86902,CFG_9178f775d49a,zp8,72,1
86903,CFG_d96b0c9e44d0,zp8,72,1
86904,CFG_65f78a36ed50,zp8,72,1
86905,CFG_d39c77a1a4bf,zp8,72,1
86906,CFG_d96b0c9e44d0,zp8,72,1
86907,CFG_67b539d34471,zp8,72,1
86908,CFG_532891bb36ca,zp8,72,1
86909,CFG_9c659499047b,zp8,72,1
86910,CFG_755205a28938,zp8,72,1
86911,CFG_a292c20a75fd,zp8,72,1
86912,CFG_9c659499047b,zp8,72,1
86913,CFG_deda15f4c4a8,zp8,72,1
86914,CFG_67b539d34471,zp8,72,1
86915,CFG_8a51f93d684d,zp8,72,1
86916,CFG_288ddbff7431,zp8,72,1
86917,CFG_36f82e31118f,zp8,72,1
86918,CFG_9178f775d49a,zp8,72,1
86919,CFG_773ac98270b6,zp8,72,1
86920,CFG_9178f775d49a,zp8,72,1
86921,CFG_1738a11cbd49,zp8,72,1
86922,CFG_29c3378e155b,zp8,72,1
86923,CFG_773ac98270b6,zp8,72,1
86924,CFG_8bfc9d62299c,zp8,72,1
86925,CFG_f18488ce1456,zp8,72,1
86926,CFG_8bfc9d62299c,zp8,72,1
86927,CFG_7fa53b7ab3bf,zp8,72,1
86928,CFG_e1e6e0c66c93,zp8,72,1
86929,CFG_e1e6e0c66c93,zp8,72,1
86930,CFG_f993a0fc6256,zp8,72,1
86931,CFG_773ac98270b6,zp8,72,1
86932,CFG_a1d878e7d840,zp8,72,1
86933,CFG_cf6528e23789,zp8,72,1
86934,CFG_f18488ce1456,zp8,72,1
86935,CFG_ffde3ea1b2e3,zp8,72,1
86936,CFG_2154b722e06b,zp8,72,1
86937,CFG_e3386d946379,zp8,72,1
86938,CFG_1ec55dc0a2ff,zp8,72,1
86939,CFG_755205a28938,zp8,72,1
86940,CFG_5cd0c67d59bc,zp8,72,1
86941,CFG_67b539d34471,zp8,72,1
86942,CFG_b8e6a5652de1,zp8,72,1
86943,CFG_755205a28938,zp8,72,1
86944,CFG_1ec55dc0a2ff,zp8,72,1
86945,CFG_939ca62c69c2,zp8,72,1
86946,CFG_d96b0c9e44d0,zp8,72,1
86947,CFG_65f78a36ed50,zp8,72,1
86948,CFG_67b539d34471,zp8,72,1
86949,CFG_8a51f93d684d,zp8,72,1
86950,CFG_3a3d7179fe0d,zp8,72,1
86951,CFG_b2a3cbb134c5,zp8,72,1
86952,CFG_3e489afc8bfd,zp8,72,1
86953,CFG_8bfc9d62299c,zp8,72,1
86954,CFG_e3950fd94ca1,zp8,72,1
86955,CFG_9178f775d49a,zp8,72,1
86956,CFG_cf541d0f8a3a,zp8,72,1
86957,CFG_d96b0c9e44d0,zp8,72,1
86958,CFG_9c659499047b,zp8,72,1
86959,CFG_bbea204eb2ac,zp8,72,1
86960,CFG_cf541d0f8a3a,zp8,72,1
86961,CFG_1e693796a40d,zp8,72,1
86962,CFG_29c3378e155b,zp8,72,1
86963,CFG_3278d3379c8a,zp8,72,1
86964,CFG_b2a3cbb134c5,zp8,72,1
86965,CFG_f18488ce1456,zp8,72,1
86966,CFG_9178f775d49a,zp8,72,1
86967,CFG_dda2f907b868,zp8,72,1
86968,CFG_9178f775d49a,zp8,72,1
86969,CFG_9178f775d49a,zp8,72,1
86970,CFG_1ec55dc0a2ff,zp8,72,1
86971,CFG_288ddbff7431,zp8,72,1
86972,CFG_f18488ce1456,zp8,72,1
86973,CFG_4bec09598a98,zp8,72,1
86974,CFG_b04e3d146803,zp8,72,1
86975,CFG_b8e6a5652de1,zp8,72,1
86976,CFG_625048fefa0b,zp8,72,1
86977,CFG_36f82e31118f,zp8,72,1
86978,CFG_cf541d0f8a3a,zp8,72,1
86979,CFG_be784e24b621,zp8,72,1
86980,CFG_ceef49456daa,zp8,72,1
86981,CFG_36f82e31118f,zp8,72,1
86982,CFG_f18488ce1456,zp8,72,1
86983,CFG_9178f775d49a,zp8,72,1
86984,CFG_8f2957e28805,zp8,72,1
86985,CFG_3a3d7179fe0d,zp8,72,1
86986,CFG_d7aadf87f0b1,zp8,72,1
86987,CFG_1ec55dc0a2ff,zp8,72,1
86988,CFG_1738a11cbd49,zp8,72,1
86989,CFG_67b539d34471,zp8,72,1
86990,CFG_58ae56c3ee5b,zp8,72,1
86991,CFG_67b539d34471,zp8,72,1
86992,CFG_9178f775d49a,zp8,72,1
86993,CFG_9178f775d49a,zp8,72,1
86994,CFG_8bfc9d62299c,zp8,72,1
86995,CFG_f18488ce1456,zp8,72,1
86996,CFG_5514d03a77b0,zp8,72,1
86997,CFG_773ac98270b6,zp8,72,1
86998,CFG_f18488ce1456,zp8,72,1
86999,CFG_f18488ce1456,zp8,72,1
87000,CFG_1738a11cbd49,zp8,72,1
87001,CFG_3697b100c401,zp8,72,1
87002,CFG_939ca62c69c2,zp8,72,1
87003,CFG_8a51f93d684d,zp8,72,1
87004,CFG_1738a11cbd49,zp8,72,1
87005,CFG_b2a3cbb134c5,zp8,72,1
87006,CFG_acabbc62a021,zp8,72,1
87007,CFG_bd6412fc68b0,zp8,72,1
87008,CFG_67b539d34471,zp8,72,1
87009,CFG_59f154754573,zp8,72,1
87010,CFG_f18488ce1456,zp8,72,1
87011,CFG_3a3d7179fe0d,zp8,72,1
87012,CFG_e3950fd94ca1,zp8,72,1
87013,CFG_1ec55dc0a2ff,zp8,72,1
87014,CFG_5cd0c67d59bc,zp8,72,1
87015,CFG_c910518048de,zp8,72,1
87016,CFG_36f82e31118f,zp8,72,1
87017,CFG_710c47edfbc8,zp8,72,1
87018,CFG_1ec55dc0a2ff,zp8,72,1
87019,CFG_3278d3379c8a,zp8,72,1
87020,CFG_1ec55dc0a2ff,zp8,72,1
87021,CFG_625048fefa0b,zp8,72,1
87022,CFG_2154b722e06b,zp8,72,1
87023,CFG_acabbc62a021,zp8,72,1
87024,CFG_3e489afc8bfd,zp8,72,1
87025,CFG_9178f775d49a,zp8,72,1
87026,CFG_deda15f4c4a8,zp8,72,1
87027,CFG_36f82e31118f,zp8,72,1
87028,CFG_3a3d7179fe0d,zp8,72,1
87029,CFG_710c47edfbc8,zp8,72,1
87030,CFG_cf541d0f8a3a,zp8,72,1
87031,CFG_8a51f93d684d,zp8,72,1
87032,CFG_67b539d34471,zp8,72,1
87033,CFG_710c47edfbc8,zp8,72,1
87034,CFG_f764ab45c11f,zp8,72,1
87035,CFG_755205a28938,zp8,72,1
87036,CFG_f18488ce1456,zp8,72,1
87037,CFG_f18488ce1456,zp8,72,1
87038,CFG_f18488ce1456,zp8,72,1
87039,CFG_de29bb20eaa6,zp8,72,1
87040,CFG_17620e2785dc,zp8,72,1
87041,CFG_b2a3cbb134c5,zp8,72,1
87042,CFG_5cd0c67d59bc,zp8,72,1
87043,CFG_a34f76b67ef4,zp8,72,1
87044,CFG_b2a3cbb134c5,zp8,72,1
87045,CFG_1e693796a40d,zp8,72,1
87046,CFG_ceef49456daa,zp8,72,1
87047,CFG_f18488ce1456,zp8,72,1
87048,CFG_939ca62c69c2,zp8,72,1
87049,CFG_3a3d7179fe0d,zp8,72,1
87050,CFG_17620e2785dc,zp8,72,1
87051,CFG_e1e6e0c66c93,zp8,72,1
87052,CFG_288ddbff7431,zp8,72,1
87053,CFG_773ac98270b6,zp8,72,1
87054,CFG_d7aadf87f0b1,zp8,72,1
87055,CFG_6caaadb373ea,zp8,72,1
87056,CFG_9178f775d49a,zp8,72,1
87057,CFG_e3950fd94ca1,zp8,72,1
87058,CFG_dda2f907b868,zp8,72,1
87059,CFG_59f154754573,zp8,72,1
87060,CFG_3a3d7179fe0d,zp8,72,1
87061,CFG_1738a11cbd49,zp8,72,1
87062,CFG_8a51f93d684d,zp8,72,1
87063,CFG_7cd4c6b023c5,zp8,72,1
87064,CFG_d7aadf87f0b1,zp8,72,1
87065,CFG_8bfc9d62299c,zp8,72,1
87066,CFG_710c47edfbc8,zp8,72,1
87067,CFG_1ec55dc0a2ff,zp8,72,1
87068,CFG_acabbc62a021,zp8,72,1
87069,CFG_ceef49456daa,zp8,72,1
87070,CFG_29c3378e155b,zp8,72,1
87071,CFG_b2a3cbb134c5,zp8,72,1
87072,CFG_5cd0c67d59bc,zp8,72,1
87073,CFG_d0face5aa80d,zp8,72,1
87074,CFG_7cd4c6b023c5,zp8,72,1
87075,CFG_b2a3cbb134c5,zp8,72,1
87076,CFG_1ec55dc0a2ff,zp8,72,1
87077,CFG_db37bdfe8c71,zp8,72,1
87078,CFG_9c659499047b,zp8,72,1
87079,CFG_1e693796a40d,zp8,72,1
87080,CFG_f18488ce1456,zp8,72,1
87081,CFG_b2a3cbb134c5,zp8,72,1
87082,CFG_36f82e31118f,zp8,72,1
87083,CFG_59aede929579,zp8,72,1
87084,CFG_710c47edfbc8,zp8,72,1
87085,CFG_e3950fd94ca1,zp8,72,1
87086,CFG_f90a73d2a477,zp8,72,1
87087,CFG_99b4d8a9c762,zp8,72,1
87088,CFG_ceef49456daa,zp8,72,1
87089,CFG_5cd0c67d59bc,zp8,72,1
87090,CFG_2534839bab0a,zp8,72,1
87091,CFG_59aede929579,zp8,72,1
87092,CFG_1738a11cbd49,zp8,72,1
87093,CFG_be784e24b621,zp8,72,1
87094,CFG_1738a11cbd49,zp8,72,1
87095,CFG_de29bb20eaa6,zp8,72,1
87096,CFG_939ca62c69c2,zp8,72,1
87097,CFG_1ec55dc0a2ff,zp8,72,1
87098,CFG_29c3378e155b,zp8,72,1
87099,CFG_1ec55dc0a2ff,zp8,72,1
87100,CFG_cf541d0f8a3a,zp8,72,1
87101,CFG_be784e24b621,zp8,72,1
87102,CFG_b0eabb76b70f,zp8,72,1
87103,CFG_b2a3cbb134c5,zp8,72,1
87104,CFG_b2a3cbb134c5,zp8,72,1
87105,CFG_be784e24b621,zp8,72,1
87106,CFG_a292c20a75fd,zp8,72,1
87107,CFG_7cd4c6b023c5,zp8,72,1
87108,CFG_be784e24b621,zp8,72,1
87109,CFG_59aede929579,zp8,72,1
87110,CFG_7155e4ee7bdf,zp8,72,1
87111,CFG_29c3378e155b,zp8,72,1
87112,CFG_625048fefa0b,zp8,72,1
87113,CFG_3a3d7179fe0d,zp8,72,1
87114,CFG_755205a28938,zp8,72,1
87115,CFG_7fa53b7ab3bf,zp8,72,1
87116,CFG_9c659499047b,zp8,72,1
87117,CFG_1e693796a40d,zp8,72,1
87118,CFG_b2a3cbb134c5,zp8,72,1
87119,CFG_29c3378e155b,zp8,72,1
87120,CFG_5cd0c67d59bc,zp8,72,1
87121,CFG_1ec55dc0a2ff,zp8,72,1
87122,CFG_deda15f4c4a8,zp8,72,1
87123,CFG_8a51f93d684d,zp8,72,1
87124,CFG_8a51f93d684d,zp8,72,1
87125,CFG_67b539d34471,zp8,72,1
87126,CFG_3a3d7179fe0d,zp8,72,1
87127,CFG_939ca62c69c2,zp8,72,1
87128,CFG_1ec55dc0a2ff,zp8,72,1
87129,CFG_1738a11cbd49,zp8,72,1
87130,CFG_cf541d0f8a3a,zp8,72,1
87131,CFG_773ac98270b6,zp8,72,1
87132,CFG_67b539d34471,zp8,72,1
87133,CFG_b2a3cbb134c5,zp8,72,1
87134,CFG_be784e24b621,zp8,72,1
87135,CFG_2534839bab0a,zp8,72,1
87136,CFG_be784e24b621,zp8,72,1
87137,CFG_f18488ce1456,zp8,72,1
87138,CFG_939ca62c69c2,zp8,72,1
87139,CFG_773ac98270b6,zp8,72,1
87140,CFG_1ec55dc0a2ff,zp8,72,1
87141,CFG_a9714f85f877,zp8,72,1
87142,CFG_b2a3cbb134c5,zp8,72,1
87143,CFG_e3950fd94ca1,zp8,72,1
87144,CFG_7cd4c6b023c5,zp8,72,1
87145,CFG_f18488ce1456,zp8,72,1
87146,CFG_e3386d946379,zp8,72,1
87147,CFG_deda15f4c4a8,zp8,72,1
87148,CFG_17620e2785dc,zp8,72,1
87149,CFG_f18488ce1456,zp8,72,1
87150,CFG_3697b100c401,zp8,72,1
87151,CFG_1738a11cbd49,zp8,72,1
87152,CFG_17620e2785dc,zp8,72,1
87153,CFG_be784e24b621,zp8,72,1
87154,CFG_a1ebd0490272,zp8,72,1
87155,CFG_625048fefa0b,zp8,72,1
87156,CFG_7fa53b7ab3bf,zp8,72,1
87157,CFG_7155e4ee7bdf,zp8,72,1
87158,CFG_625048fefa0b,zp8,72,1
87159,CFG_8a51f93d684d,zp8,72,1
87160,CFG_e3386d946379,zp8,72,1
87161,CFG_8a51f93d684d,zp8,72,1
87162,CFG_deda15f4c4a8,zp8,72,1
87163,CFG_a1d878e7d840,zp8,72,1
87164,CFG_b8e6a5652de1,zp8,72,1
87165,CFG_1738a11cbd49,zp8,72,1
87166,CFG_3a3d7179fe0d,zp8,72,1
87167,CFG_9c659499047b,zp8,72,1
87168,CFG_8a51f93d684d,zp8,72,1
87169,CFG_36f82e31118f,zp8,72,1
87170,CFG_be784e24b621,zp8,72,1
87171,CFG_deda15f4c4a8,zp8,72,1
87172,CFG_3a3d7179fe0d,zp8,72,1
87173,CFG_e1e6e0c66c93,zp8,72,1
87174,CFG_a1d878e7d840,zp8,72,1
87175,CFG_e87513c8563d,zp8,72,1
87176,CFG_8bfc9d62299c,zp8,72,1
87177,CFG_67b539d34471,zp8,72,1
87178,CFG_2534839bab0a,zp8,72,1
87179,CFG_36f82e31118f,zp8,72,1
87180,CFG_275e4ca07248,zp8,72,1
87181,CFG_773ac98270b6,zp8,72,1
87182,CFG_cc5bbb6e9d13,zp8,72,1
87183,CFG_637b6e72af93,zp8,72,1
87184,CFG_5514d03a77b0,zp8,72,1
87185,CFG_deda15f4c4a8,zp8,72,1
87186,CFG_1e693796a40d,zp8,72,1
87187,CFG_4bec09598a98,zp8,72,1
87188,CFG_59f154754573,zp8,72,1
87189,CFG_3a3d7179fe0d,zp8,72,1
87190,CFG_a1ebd0490272,zp8,72,1
87191,CFG_939ca62c69c2,zp8,72,1
87192,CFG_5514d03a77b0,zp8,72,1
87193,CFG_a1d878e7d840,zp8,72,1
87194,CFG_4cd2b98cde9e,zp8,72,1
87195,CFG_9178f775d49a,zp8,72,1
87196,CFG_b2a3cbb134c5,zp8,72,1
87197,CFG_3278d3379c8a,zp8,72,1
87198,CFG_727914633b9e,zp8,72,1
87199,CFG_4cd2b98cde9e,zp8,72,1
87200,CFG_17620e2785dc,zp8,72,1
87201,CFG_773ac98270b6,zp8,72,1
87202,CFG_773ac98270b6,zp8,72,1
87203,CFG_a9714f85f877,zp8,72,1
87204,CFG_1738a11cbd49,zp8,72,1
87205,CFG_1ec55dc0a2ff,zp8,72,1
87206,CFG_a1d878e7d840,zp8,72,1
87207,CFG_f993a0fc6256,zp8,72,1
87208,CFG_9c659499047b,zp8,72,1
87209,CFG_b2a3cbb134c5,zp8,72,1
87210,CFG_3278d3379c8a,zp8,72,1
87211,CFG_a292c20a75fd,zp8,72,1
87212,CFG_6ff9e417e386,zp8,72,1
87213,CFG_dda2f907b868,zp8,72,1
87214,CFG_2154b722e06b,zp8,72,1
87215,CFG_b2a3cbb134c5,zp8,72,1
87216,CFG_99b4d8a9c762,zp8,72,1
87217,CFG_755205a28938,zp8,72,1
87218,CFG_8a51f93d684d,zp8,72,1
87219,CFG_9c659499047b,zp8,72,1
87220,CFG_67b539d34471,zp8,72,1
87221,CFG_1738a11cbd49,zp8,72,1
87222,CFG_d7aadf87f0b1,zp8,72,1
87223,CFG_5514d03a77b0,zp8,72,1
87224,CFG_5cd0c67d59bc,zp8,72,1
87225,CFG_755205a28938,zp8,72,1
87226,CFG_8a51f93d684d,zp8,72,1
87227,CFG_8a51f93d684d,zp8,72,1
87228,CFG_755205a28938,zp8,72,1
87229,CFG_17620e2785dc,zp8,72,1
87230,CFG_e1e6e0c66c93,zp8,72,1
87231,CFG_5cd0c67d59bc,zp8,72,1
87232,CFG_8a51f93d684d,zp8,72,1
87233,CFG_db37bdfe8c71,zp8,72,1
87234,CFG_802041076799,zp8,72,1
87235,CFG_acabbc62a021,zp8,72,1
87236,CFG_b2a3cbb134c5,zp8,72,1
87237,CFG_cf541d0f8a3a,zp8,72,1
87238,CFG_5514d03a77b0,zp8,72,1
87239,CFG_39fe645ba2f1,zp8,72,1
87240,CFG_67b539d34471,zp8,72,1
87241,CFG_77c8b99b43d9,zp8,72,1
87242,CFG_67b539d34471,zp8,72,1
87243,CFG_77c8b99b43d9,zp8,72,1
87244,CFG_77c8b99b43d9,zp8,72,1
87245,CFG_29c3378e155b,zp8,72,1
87246,CFG_755205a28938,zp8,72,1
87247,CFG_77c8b99b43d9,zp8,72,1
87248,CFG_bd6412fc68b0,zp8,72,1
87249,CFG_67b539d34471,zp8,72,1
87250,CFG_8bfc9d62299c,zp8,72,1
87251,CFG_77c8b99b43d9,zp8,72,1
87252,CFG_ffde3ea1b2e3,zp8,72,1
87253,CFG_77c8b99b43d9,zp8,72,1
87254,CFG_67b539d34471,zp8,72,1
87255,CFG_c94b44f1b2f9,zp8,72,1
87256,CFG_755205a28938,zp8,72,1
87257,CFG_ac213567a5a2,zp8,72,1
87258,CFG_77c8b99b43d9,zp8,72,1
87259,CFG_77c8b99b43d9,zp8,72,1
87260,CFG_77c8b99b43d9,zp8,72,1
87261,CFG_77c8b99b43d9,zp8,72,1
87262,CFG_77c8b99b43d9,zp8,72,1
87263,CFG_a34f76b67ef4,zp8,72,1
87264,CFG_77c8b99b43d9,zp8,72,1
87265,CFG_1738a11cbd49,zp8,72,1
87266,CFG_77c8b99b43d9,zp8,72,1
87267,CFG_67b539d34471,zp8,72,1
87268,CFG_77c8b99b43d9,zp8,72,1
87269,CFG_77c8b99b43d9,zp8,72,1
87270,CFG_29c3378e155b,zp8,72,1
87271,CFG_755205a28938,zp8,72,1
87272,CFG_77c8b99b43d9,zp8,72,1
87273,CFG_bd6412fc68b0,zp8,72,1
87274,CFG_67b539d34471,zp8,72,1
87275,CFG_8bfc9d62299c,zp8,72,1
87276,CFG_77c8b99b43d9,zp8,72,1
87277,CFG_ffde3ea1b2e3,zp8,72,1
87278,CFG_77c8b99b43d9,zp8,72,1
87279,CFG_d96b0c9e44d0,zp8,72,1
87280,CFG_cf541d0f8a3a,zp8,72,1
87281,CFG_f18488ce1456,zp8,72,1
87282,CFG_67b539d34471,zp8,72,1
87283,CFG_5514d03a77b0,zp8,72,1
87284,CFG_a34f76b67ef4,zp8,72,1
87285,CFG_f18488ce1456,zp8,72,1
87286,CFG_1d0f84c0bb06,zp8,72,1
87287,CFG_1ec55dc0a2ff,zp8,72,1
87288,CFG_29c3378e155b,zp8,72,1
87289,CFG_f18488ce1456,zp8,72,1
87290,CFG_773ac98270b6,zp8,72,1
87291,CFG_77c8b99b43d9,zp8,72,1
87292,CFG_77c8b99b43d9,zp8,72,1
87293,CFG_77c8b99b43d9,zp8,72,1
87294,CFG_77c8b99b43d9,zp8,72,1
87295,CFG_77c8b99b43d9,zp8,72,1
87296,CFG_a34f76b67ef4,zp8,72,1
87297,CFG_77c8b99b43d9,zp8,72,1
87298,CFG_1738a11cbd49,zp8,72,1
87299,CFG_77c8b99b43d9,zp8,72,1
87300,CFG_67b539d34471,zp8,72,1
87301,CFG_77c8b99b43d9,zp8,72,1
87302,CFG_77c8b99b43d9,zp8,72,1
87303,CFG_29c3378e155b,zp8,72,1
87304,CFG_755205a28938,zp8,72,1
87305,CFG_77c8b99b43d9,zp8,72,1
87306,CFG_bd6412fc68b0,zp8,72,1
87307,CFG_67b539d34471,zp8,72,1
87308,CFG_8bfc9d62299c,zp8,72,1
87309,CFG_77c8b99b43d9,zp8,72,1
87310,CFG_ffde3ea1b2e3,zp8,72,1
87311,CFG_77c8b99b43d9,zp8,72,1
87312,CFG_67b539d34471,zp8,72,1
87313,CFG_c94b44f1b2f9,zp8,72,1
87314,CFG_755205a28938,zp8,72,1
87315,CFG_ac213567a5a2,zp8,72,1
87316,CFG_77c8b99b43d9,zp8,72,1
87317,CFG_77c8b99b43d9,zp8,72,1
87318,CFG_77c8b99b43d9,zp8,72,1
87319,CFG_77c8b99b43d9,zp8,72,1
87320,CFG_77c8b99b43d9,zp8,72,1
87321,CFG_a34f76b67ef4,zp8,72,1
87322,CFG_77c8b99b43d9,zp8,72,1
87323,CFG_1738a11cbd49,zp8,72,1
87324,CFG_77c8b99b43d9,zp8,72,1
87325,CFG_67b539d34471,zp8,72,1
87326,CFG_77c8b99b43d9,zp8,72,1
87327,CFG_77c8b99b43d9,zp8,72,1
87328,CFG_29c3378e155b,zp8,72,1
87329,CFG_755205a28938,zp8,72,1
87330,CFG_77c8b99b43d9,zp8,72,1
87331,CFG_bd6412fc68b0,zp8,72,1
87332,CFG_67b539d34471,zp8,72,1
87333,CFG_8bfc9d62299c,zp8,72,1
87334,CFG_77c8b99b43d9,zp8,72,1
87335,CFG_ffde3ea1b2e3,zp8,72,1
87336,CFG_77c8b99b43d9,zp8,72,1
87337,CFG_d39c77a1a4bf,zp8,72,1
87338,CFG_773ac98270b6,zp8,72,1
87339,CFG_f18488ce1456,zp8,72,1
87340,CFG_deda15f4c4a8,zp8,72,1
87341,CFG_e87513c8563d,zp8,72,1
87342,CFG_39fe645ba2f1,zp8,72,1
87343,CFG_9178f775d49a,zp8,72,1
87344,CFG_77c8b99b43d9,zp8,72,1
87345,CFG_77c8b99b43d9,zp8,72,1
87346,CFG_77c8b99b43d9,zp8,72,1
87347,CFG_77c8b99b43d9,zp8,72,1
87348,CFG_77c8b99b43d9,zp8,72,1
87349,CFG_a34f76b67ef4,zp8,72,1
87350,CFG_77c8b99b43d9,zp8,72,1
87351,CFG_1738a11cbd49,zp8,72,1
87352,CFG_77c8b99b43d9,zp8,72,1
87353,CFG_67b539d34471,zp8,72,1
87354,CFG_77c8b99b43d9,zp8,72,1
87355,CFG_77c8b99b43d9,zp8,72,1
87356,CFG_29c3378e155b,zp8,72,1
87357,CFG_755205a28938,zp8,72,1
87358,CFG_77c8b99b43d9,zp8,72,1
87359,CFG_bd6412fc68b0,zp8,72,1
87360,CFG_67b539d34471,zp8,72,1
87361,CFG_8bfc9d62299c,zp8,72,1
87362,CFG_77c8b99b43d9,zp8,72,1
87363,CFG_ffde3ea1b2e3,zp8,72,1
87364,CFG_77c8b99b43d9,zp8,72,1
87365,CFG_67b539d34471,zp8,72,1
87366,CFG_c94b44f1b2f9,zp8,72,1
87367,CFG_755205a28938,zp8,72,1
87368,CFG_ac213567a5a2,zp8,72,1
87369,CFG_77c8b99b43d9,zp8,72,1
87370,CFG_77c8b99b43d9,zp8,72,1
87371,CFG_77c8b99b43d9,zp8,72,1
87372,CFG_77c8b99b43d9,zp8,72,1
87373,CFG_77c8b99b43d9,zp8,72,1
87374,CFG_a34f76b67ef4,zp8,72,1
87375,CFG_77c8b99b43d9,zp8,72,1
87376,CFG_1738a11cbd49,zp8,72,1
87377,CFG_77c8b99b43d9,zp8,72,1
87378,CFG_67b539d34471,zp8,72,1
87379,CFG_77c8b99b43d9,zp8,72,1
87380,CFG_77c8b99b43d9,zp8,72,1
87381,CFG_29c3378e155b,zp8,72,1
87382,CFG_755205a28938,zp8,72,1
87383,CFG_77c8b99b43d9,zp8,72,1
87384,CFG_bd6412fc68b0,zp8,72,1
87385,CFG_67b539d34471,zp8,72,1
87386,CFG_8bfc9d62299c,zp8,72,1
87387,CFG_77c8b99b43d9,zp8,72,1
87388,CFG_ffde3ea1b2e3,zp8,72,1
87389,CFG_77c8b99b43d9,zp8,72,1
87390,CFG_ac213567a5a2,zp8,72,1
87391,CFG_be784e24b621,zp8,72,1
87392,CFG_59f154754573,zp8,72,1
87393,CFG_a292c20a75fd,zp8,72,1
87394,CFG_710c47edfbc8,zp8,72,1
87395,CFG_e3950fd94ca1,zp8,72,1
87396,CFG_1738a11cbd49,zp8,72,1
87397,CFG_1ec55dc0a2ff,zp8,72,1
87398,CFG_1ec55dc0a2ff,zp8,72,1
87399,CFG_f18488ce1456,zp8,72,1
87400,CFG_f18488ce1456,zp8,72,1
87401,CFG_deda15f4c4a8,zp8,72,1
87402,CFG_db37bdfe8c71,zp8,72,1
87403,CFG_5514d03a77b0,zp8,72,1
87404,CFG_b2a3cbb134c5,zp8,72,1
87405,CFG_67b539d34471,zp8,72,1
87406,CFG_9178f775d49a,zp8,72,1
87407,CFG_b2a3cbb134c5,zp8,72,1
87408,CFG_939ca62c69c2,zp8,72,1
87409,CFG_532891bb36ca,zp8,72,1
87410,CFG_9c659499047b,zp8,72,1
87411,CFG_bbea204eb2ac,zp8,72,1
87412,CFG_17620e2785dc,zp8,72,1
87413,CFG_77c8b99b43d9,zp8,72,1
87414,CFG_77c8b99b43d9,zp8,72,1
87415,CFG_77c8b99b43d9,zp8,72,1
87416,CFG_77c8b99b43d9,zp8,72,1
87417,CFG_77c8b99b43d9,zp8,72,1
87418,CFG_a34f76b67ef4,zp8,72,1
87419,CFG_77c8b99b43d9,zp8,72,1
87420,CFG_1738a11cbd49,zp8,72,1
87421,CFG_77c8b99b43d9,zp8,72,1
87422,CFG_67b539d34471,zp8,72,1
87423,CFG_77c8b99b43d9,zp8,72,1
87424,CFG_77c8b99b43d9,zp8,72,1
87425,CFG_29c3378e155b,zp8,72,1
87426,CFG_755205a28938,zp8,72,1
87427,CFG_77c8b99b43d9,zp8,72,1
87428,CFG_bd6412fc68b0,zp8,72,1
87429,CFG_67b539d34471,zp8,72,1
87430,CFG_8bfc9d62299c,zp8,72,1
87431,CFG_77c8b99b43d9,zp8,72,1
87432,CFG_ffde3ea1b2e3,zp8,72,1
87433,CFG_77c8b99b43d9,zp8,72,1
87434,CFG_67b539d34471,zp8,72,1
87435,CFG_c94b44f1b2f9,zp8,72,1
87436,CFG_755205a28938,zp8,72,1
87437,CFG_ac213567a5a2,zp8,72,1
87438,CFG_77c8b99b43d9,zp8,72,1
87439,CFG_77c8b99b43d9,zp8,72,1
87440,CFG_77c8b99b43d9,zp8,72,1
87441,CFG_77c8b99b43d9,zp8,72,1
87442,CFG_77c8b99b43d9,zp8,72,1
87443,CFG_a34f76b67ef4,zp8,72,1
87444,CFG_77c8b99b43d9,zp8,72,1
87445,CFG_1738a11cbd49,zp8,72,1
87446,CFG_77c8b99b43d9,zp8,72,1
87447,CFG_67b539d34471,zp8,72,1
87448,CFG_77c8b99b43d9,zp8,72,1
87449,CFG_77c8b99b43d9,zp8,72,1
87450,CFG_29c3378e155b,zp8,72,1
87451,CFG_755205a28938,zp8,72,1
87452,CFG_77c8b99b43d9,zp8,72,1
87453,CFG_bd6412fc68b0,zp8,72,1
87454,CFG_67b539d34471,zp8,72,1
87455,CFG_8bfc9d62299c,zp8,72,1
87456,CFG_77c8b99b43d9,zp8,72,1
87457,CFG_ffde3ea1b2e3,zp8,72,1
87458,CFG_77c8b99b43d9,zp8,72,1
87459,CFG_d96b0c9e44d0,zp8,72,1
87460,CFG_cf541d0f8a3a,zp8,72,1
87461,CFG_f18488ce1456,zp8,72,1
87462,CFG_67b539d34471,zp8,72,1
87463,CFG_5514d03a77b0,zp8,72,1
87464,CFG_a34f76b67ef4,zp8,72,1
87465,CFG_f18488ce1456,zp8,72,1
87466,CFG_1d0f84c0bb06,zp8,72,1
87467,CFG_1ec55dc0a2ff,zp8,72,1
87468,CFG_29c3378e155b,zp8,72,1
87469,CFG_f18488ce1456,zp8,72,1
87470,CFG_773ac98270b6,zp8,72,1
87471,CFG_77c8b99b43d9,zp8,72,1
87472,CFG_77c8b99b43d9,zp8,72,1
87473,CFG_77c8b99b43d9,zp8,72,1
87474,CFG_77c8b99b43d9,zp8,72,1
87475,CFG_77c8b99b43d9,zp8,72,1
87476,CFG_a34f76b67ef4,zp8,72,1
87477,CFG_77c8b99b43d9,zp8,72,1
87478,CFG_1738a11cbd49,zp8,72,1
87479,CFG_77c8b99b43d9,zp8,72,1
87480,CFG_67b539d34471,zp8,72,1
87481,CFG_77c8b99b43d9,zp8,72,1
87482,CFG_77c8b99b43d9,zp8,72,1
87483,CFG_29c3378e155b,zp8,72,1
87484,CFG_755205a28938,zp8,72,1
87485,CFG_77c8b99b43d9,zp8,72,1
87486,CFG_bd6412fc68b0,zp8,72,1
87487,CFG_67b539d34471,zp8,72,1
87488,CFG_8bfc9d62299c,zp8,72,1
87489,CFG_77c8b99b43d9,zp8,72,1
87490,CFG_ffde3ea1b2e3,zp8,72,1
87491,CFG_77c8b99b43d9,zp8,72,1
87492,CFG_67b539d34471,zp8,72,1
87493,CFG_c94b44f1b2f9,zp8,72,1
87494,CFG_755205a28938,zp8,72,1
87495,CFG_ac213567a5a2,zp8,72,1
87496,CFG_77c8b99b43d9,zp8,72,1
87497,CFG_77c8b99b43d9,zp8,72,1
87498,CFG_77c8b99b43d9,zp8,72,1
87499,CFG_77c8b99b43d9,zp8,72,1
87500,CFG_77c8b99b43d9,zp8,72,1
87501,CFG_a34f76b67ef4,zp8,72,1
87502,CFG_77c8b99b43d9,zp8,72,1
87503,CFG_1738a11cbd49,zp8,72,1
87504,CFG_77c8b99b43d9,zp8,72,1
87505,CFG_67b539d34471,zp8,72,1
87506,CFG_77c8b99b43d9,zp8,72,1
87507,CFG_77c8b99b43d9,zp8,72,1
87508,CFG_29c3378e155b,zp8,72,1
87509,CFG_755205a28938,zp8,72,1
87510,CFG_77c8b99b43d9,zp8,72,1
87511,CFG_bd6412fc68b0,zp8,72,1
87512,CFG_67b539d34471,zp8,72,1
87513,CFG_8bfc9d62299c,zp8,72,1
87514,CFG_77c8b99b43d9,zp8,72,1
87515,CFG_ffde3ea1b2e3,zp8,72,1
87516,CFG_77c8b99b43d9,zp8,72,1
87517,CFG_d39c77a1a4bf,zp8,72,1
87518,CFG_773ac98270b6,zp8,72,1
87519,CFG_f18488ce1456,zp8,72,1
87520,CFG_deda15f4c4a8,zp8,72,1
87521,CFG_e87513c8563d,zp8,72,1
87522,CFG_39fe645ba2f1,zp8,72,1
87523,CFG_9178f775d49a,zp8,72,1
87524,CFG_77c8b99b43d9,zp8,72,1
87525,CFG_77c8b99b43d9,zp8,72,1
87526,CFG_77c8b99b43d9,zp8,72,1
87527,CFG_77c8b99b43d9,zp8,72,1
87528,CFG_77c8b99b43d9,zp8,72,1
87529,CFG_a34f76b67ef4,zp8,72,1
87530,CFG_77c8b99b43d9,zp8,72,1
87531,CFG_1738a11cbd49,zp8,72,1
87532,CFG_77c8b99b43d9,zp8,72,1
87533,CFG_67b539d34471,zp8,72,1
87534,CFG_77c8b99b43d9,zp8,72,1
87535,CFG_77c8b99b43d9,zp8,72,1
87536,CFG_29c3378e155b,zp8,72,1
87537,CFG_755205a28938,zp8,72,1
87538,CFG_77c8b99b43d9,zp8,72,1
87539,CFG_bd6412fc68b0,zp8,72,1
87540,CFG_67b539d34471,zp8,72,1
87541,CFG_8bfc9d62299c,zp8,72,1
87542,CFG_77c8b99b43d9,zp8,72,1
87543,CFG_ffde3ea1b2e3,zp8,72,1
87544,CFG_77c8b99b43d9,zp8,72,1
87545,CFG_67b539d34471,zp8,72,1
87546,CFG_c94b44f1b2f9,zp8,72,1
87547,CFG_755205a28938,zp8,72,1
87548,CFG_ac213567a5a2,zp8,72,1
87549,CFG_77c8b99b43d9,zp8,72,1
87550,CFG_77c8b99b43d9,zp8,72,1
87551,CFG_77c8b99b43d9,zp8,72,1
87552,CFG_77c8b99b43d9,zp8,72,1
87553,CFG_77c8b99b43d9,zp8,72,1
87554,CFG_a34f76b67ef4,zp8,72,1
87555,CFG_77c8b99b43d9,zp8,72,1
87556,CFG_1738a11cbd49,zp8,72,1
87557,CFG_77c8b99b43d9,zp8,72,1
87558,CFG_67b539d34471,zp8,72,1
87559,CFG_77c8b99b43d9,zp8,72,1
87560,CFG_77c8b99b43d9,zp8,72,1
87561,CFG_29c3378e155b,zp8,72,1
87562,CFG_755205a28938,zp8,72,1
87563,CFG_77c8b99b43d9,zp8,72,1
87564,CFG_bd6412fc68b0,zp8,72,1
87565,CFG_67b539d34471,zp8,72,1
87566,CFG_8bfc9d62299c,zp8,72,1
87567,CFG_77c8b99b43d9,zp8,72,1
87568,CFG_ffde3ea1b2e3,zp8,72,1
87569,CFG_77c8b99b43d9,zp8,72,1
87570,CFG_bbea204eb2ac,zp8,72,1
87571,CFG_f18488ce1456,zp8,72,1
87572,CFG_36f82e31118f,zp8,72,1
87573,CFG_8bfc9d62299c,zp8,72,1
87574,CFG_8bfc9d62299c,zp8,72,1
87575,CFG_7cd4c6b023c5,zp8,72,1
87576,CFG_be784e24b621,zp8,72,1
87577,CFG_67b539d34471,zp8,72,1
87578,CFG_17620e2785dc,zp8,72,1
87579,CFG_275e4ca07248,zp8,72,1
87580,CFG_b2a3cbb134c5,zp8,72,1
87581,CFG_36f82e31118f,zp8,72,1
87582,CFG_1738a11cbd49,zp8,72,1
87583,CFG_5cd0c67d59bc,zp8,72,1
87584,CFG_3a3d7179fe0d,zp8,72,1
87585,CFG_939ca62c69c2,zp8,72,1
87586,CFG_755205a28938,zp8,72,1
87587,CFG_b2a3cbb134c5,zp8,72,1
87588,CFG_275e4ca07248,zp8,72,1
87589,CFG_f993a0fc6256,zp8,72,1
87590,CFG_939ca62c69c2,zp8,72,1
87591,CFG_5514d03a77b0,zp8,72,1
87592,CFG_f18488ce1456,zp8,72,1
87593,CFG_e3950fd94ca1,zp8,72,1
87594,CFG_8a51f93d684d,zp8,72,1
87595,CFG_7155e4ee7bdf,zp8,72,1
87596,CFG_1ec55dc0a2ff,zp8,72,1
87597,CFG_29c3378e155b,zp8,72,1
87598,CFG_3a3d7179fe0d,zp8,72,1
87599,CFG_67b539d34471,zp8,72,1
87600,CFG_b2a3cbb134c5,zp8,72,1
87601,CFG_532891bb36ca,zp8,72,1
87602,CFG_be784e24b621,zp8,72,1
87603,CFG_3e489afc8bfd,zp8,72,1
87604,CFG_b2a3cbb134c5,zp8,72,1
87605,CFG_b8e6a5652de1,zp8,72,1
87606,CFG_b0eabb76b70f,zp8,72,1
87607,CFG_36f82e31118f,zp8,72,1
87608,CFG_d96b0c9e44d0,zp8,72,1
87609,CFG_de29bb20eaa6,zp8,72,1
87610,CFG_b2a3cbb134c5,zp8,72,1
87611,CFG_dda2f907b868,zp8,72,1
87612,CFG_9c659499047b,zp8,72,1
87613,CFG_67b539d34471,zp8,72,1
87614,CFG_b04e3d146803,zp8,72,1
87615,CFG_e1e6e0c66c93,zp8,72,1
87616,CFG_deda15f4c4a8,zp8,72,1
87617,CFG_939ca62c69c2,zp8,72,1
87618,CFG_112bf773e97d,zp8,72,1
87619,CFG_3a3d7179fe0d,zp8,72,1
87620,CFG_773ac98270b6,zp8,72,1
87621,CFG_1ec55dc0a2ff,zp8,72,1
87622,CFG_5514d03a77b0,zp8,72,1
87623,CFG_6caaadb373ea,zp8,72,1
87624,CFG_710c47edfbc8,zp8,72,1
87625,CFG_b2a3cbb134c5,zp8,72,1
87626,CFG_2154b722e06b,zp8,72,1
87627,CFG_d96b0c9e44d0,zp8,72,1
87628,CFG_17620e2785dc,zp8,72,1
87629,CFG_e3386d946379,zp8,72,1
87630,CFG_be784e24b621,zp8,72,1
87631,CFG_deda15f4c4a8,zp8,72,1
87632,CFG_cf541d0f8a3a,zp8,72,1
87633,CFG_ffde3ea1b2e3,zp8,72,1
87634,CFG_59f154754573,zp8,72,1
87635,CFG_ffde3ea1b2e3,zp8,72,1
87636,CFG_99b4d8a9c762,zp8,72,1
87637,CFG_5be0533f7ebf,zp8,72,1
87638,CFG_d96b0c9e44d0,zp8,72,1
87639,CFG_be784e24b621,zp8,72,1
87640,CFG_be784e24b621,zp8,72,1
87641,CFG_5cd0c67d59bc,zp8,72,1
87642,CFG_3a3d7179fe0d,zp8,72,1
87643,CFG_2154b722e06b,zp8,72,1
87644,CFG_d96b0c9e44d0,zp8,72,1
87645,CFG_67b539d34471,zp8,72,1
87646,CFG_77c8b99b43d9,zp8,72,1
87647,CFG_77c8b99b43d9,zp8,72,1
87648,CFG_77c8b99b43d9,zp8,72,1
87649,CFG_77c8b99b43d9,zp8,72,1
87650,CFG_77c8b99b43d9,zp8,72,1
87651,CFG_a34f76b67ef4,zp8,72,1
87652,CFG_77c8b99b43d9,zp8,72,1
87653,CFG_1738a11cbd49,zp8,72,1
87654,CFG_77c8b99b43d9,zp8,72,1
87655,CFG_67b539d34471,zp8,72,1
87656,CFG_77c8b99b43d9,zp8,72,1
87657,CFG_77c8b99b43d9,zp8,72,1
87658,CFG_29c3378e155b,zp8,72,1
87659,CFG_755205a28938,zp8,72,1
87660,CFG_77c8b99b43d9,zp8,72,1
87661,CFG_bd6412fc68b0,zp8,72,1
87662,CFG_67b539d34471,zp8,72,1
87663,CFG_8bfc9d62299c,zp8,72,1
87664,CFG_77c8b99b43d9,zp8,72,1
87665,CFG_ffde3ea1b2e3,zp8,72,1
87666,CFG_77c8b99b43d9,zp8,72,1
87667,CFG_67b539d34471,zp8,72,1
87668,CFG_c94b44f1b2f9,zp8,72,1
87669,CFG_755205a28938,zp8,72,1
87670,CFG_ac213567a5a2,zp8,72,1
87671,CFG_77c8b99b43d9,zp8,72,1
87672,CFG_77c8b99b43d9,zp8,72,1
87673,CFG_77c8b99b43d9,zp8,72,1
87674,CFG_77c8b99b43d9,zp8,72,1
87675,CFG_77c8b99b43d9,zp8,72,1
87676,CFG_a34f76b67ef4,zp8,72,1
87677,CFG_77c8b99b43d9,zp8,72,1
87678,CFG_1738a11cbd49,zp8,72,1
87679,CFG_77c8b99b43d9,zp8,72,1
87680,CFG_67b539d34471,zp8,72,1
87681,CFG_77c8b99b43d9,zp8,72,1
87682,CFG_77c8b99b43d9,zp8,72,1
87683,CFG_29c3378e155b,zp8,72,1
87684,CFG_755205a28938,zp8,72,1
87685,CFG_77c8b99b43d9,zp8,72,1
87686,CFG_bd6412fc68b0,zp8,72,1
87687,CFG_67b539d34471,zp8,72,1
87688,CFG_8bfc9d62299c,zp8,72,1
87689,CFG_77c8b99b43d9,zp8,72,1
87690,CFG_ffde3ea1b2e3,zp8,72,1
87691,CFG_77c8b99b43d9,zp8,72,1
87692,CFG_d96b0c9e44d0,zp8,72,1
87693,CFG_cf541d0f8a3a,zp8,72,1
87694,CFG_f18488ce1456,zp8,72,1
87695,CFG_67b539d34471,zp8,72,1
87696,CFG_5514d03a77b0,zp8,72,1
87697,CFG_a34f76b67ef4,zp8,72,1
87698,CFG_f18488ce1456,zp8,72,1
87699,CFG_1d0f84c0bb06,zp8,72,1
87700,CFG_1ec55dc0a2ff,zp8,72,1
87701,CFG_29c3378e155b,zp8,72,1
87702,CFG_f18488ce1456,zp8,72,1
87703,CFG_773ac98270b6,zp8,72,1
87704,CFG_77c8b99b43d9,zp8,72,1
87705,CFG_77c8b99b43d9,zp8,72,1
87706,CFG_77c8b99b43d9,zp8,72,1
87707,CFG_77c8b99b43d9,zp8,72,1
87708,CFG_77c8b99b43d9,zp8,72,1
87709,CFG_a34f76b67ef4,zp8,72,1
87710,CFG_77c8b99b43d9,zp8,72,1
87711,CFG_1738a11cbd49,zp8,72,1
87712,CFG_77c8b99b43d9,zp8,72,1
87713,CFG_67b539d34471,zp8,72,1
87714,CFG_77c8b99b43d9,zp8,72,1
87715,CFG_77c8b99b43d9,zp8,72,1
87716,CFG_29c3378e155b,zp8,72,1
87717,CFG_755205a28938,zp8,72,1
87718,CFG_77c8b99b43d9,zp8,72,1
87719,CFG_bd6412fc68b0,zp8,72,1
87720,CFG_67b539d34471,zp8,72,1
87721,CFG_8bfc9d62299c,zp8,72,1
87722,CFG_77c8b99b43d9,zp8,72,1
87723,CFG_ffde3ea1b2e3,zp8,72,1
87724,CFG_77c8b99b43d9,zp8,72,1
87725,CFG_67b539d34471,zp8,72,1
87726,CFG_c94b44f1b2f9,zp8,72,1
87727,CFG_755205a28938,zp8,72,1
87728,CFG_ac213567a5a2,zp8,72,1
87729,CFG_77c8b99b43d9,zp8,72,1
87730,CFG_77c8b99b43d9,zp8,72,1
87731,CFG_77c8b99b43d9,zp8,72,1
87732,CFG_77c8b99b43d9,zp8,72,1
87733,CFG_77c8b99b43d9,zp8,72,1
87734,CFG_a34f76b67ef4,zp8,72,1
87735,CFG_77c8b99b43d9,zp8,72,1
87736,CFG_1738a11cbd49,zp8,72,1
87737,CFG_77c8b99b43d9,zp8,72,1
87738,CFG_67b539d34471,zp8,72,1
87739,CFG_77c8b99b43d9,zp8,72,1
87740,CFG_77c8b99b43d9,zp8,72,1
87741,CFG_29c3378e155b,zp8,72,1
87742,CFG_755205a28938,zp8,72,1
87743,CFG_77c8b99b43d9,zp8,72,1
87744,CFG_bd6412fc68b0,zp8,72,1
87745,CFG_67b539d34471,zp8,72,1
87746,CFG_8bfc9d62299c,zp8,72,1
87747,CFG_77c8b99b43d9,zp8,72,1
87748,CFG_ffde3ea1b2e3,zp8,72,1
87749,CFG_77c8b99b43d9,zp8,72,1
87750,CFG_d39c77a1a4bf,zp8,72,1
87751,CFG_773ac98270b6,zp8,72,1
87752,CFG_f18488ce1456,zp8,72,1
87753,CFG_deda15f4c4a8,zp8,72,1
87754,CFG_e87513c8563d,zp8,72,1
87755,CFG_39fe645ba2f1,zp8,72,1
87756,CFG_9178f775d49a,zp8,72,1
87757,CFG_77c8b99b43d9,zp8,72,1
87758,CFG_77c8b99b43d9,zp8,72,1
87759,CFG_77c8b99b43d9,zp8,72,1
87760,CFG_77c8b99b43d9,zp8,72,1
87761,CFG_77c8b99b43d9,zp8,72,1
87762,CFG_a34f76b67ef4,zp8,72,1
87763,CFG_77c8b99b43d9,zp8,72,1
87764,CFG_1738a11cbd49,zp8,72,1
87765,CFG_77c8b99b43d9,zp8,72,1
87766,CFG_67b539d34471,zp8,72,1
87767,CFG_77c8b99b43d9,zp8,72,1
87768,CFG_77c8b99b43d9,zp8,72,1
87769,CFG_29c3378e155b,zp8,72,1
87770,CFG_755205a28938,zp8,72,1
87771,CFG_77c8b99b43d9,zp8,72,1
87772,CFG_bd6412fc68b0,zp8,72,1
87773,CFG_67b539d34471,zp8,72,1
87774,CFG_8bfc9d62299c,zp8,72,1
87775,CFG_77c8b99b43d9,zp8,72,1
87776,CFG_ffde3ea1b2e3,zp8,72,1
87777,CFG_77c8b99b43d9,zp8,72,1
87778,CFG_67b539d34471,zp8,72,1
87779,CFG_c94b44f1b2f9,zp8,72,1
87780,CFG_755205a28938,zp8,72,1
87781,CFG_ac213567a5a2,zp8,72,1
87782,CFG_77c8b99b43d9,zp8,72,1
87783,CFG_77c8b99b43d9,zp8,72,1
87784,CFG_77c8b99b43d9,zp8,72,1
87785,CFG_77c8b99b43d9,zp8,72,1
87786,CFG_77c8b99b43d9,zp8,72,1
87787,CFG_a34f76b67ef4,zp8,72,1
87788,CFG_77c8b99b43d9,zp8,72,1
87789,CFG_1738a11cbd49,zp8,72,1
87790,CFG_77c8b99b43d9,zp8,72,1
87791,CFG_67b539d34471,zp8,72,1
87792,CFG_77c8b99b43d9,zp8,72,1
87793,CFG_77c8b99b43d9,zp8,72,1
87794,CFG_29c3378e155b,zp8,72,1
87795,CFG_755205a28938,zp8,72,1
87796,CFG_77c8b99b43d9,zp8,72,1
87797,CFG_bd6412fc68b0,zp8,72,1
87798,CFG_67b539d34471,zp8,72,1
87799,CFG_8bfc9d62299c,zp8,72,1
87800,CFG_77c8b99b43d9,zp8,72,1
87801,CFG_ffde3ea1b2e3,zp8,72,1
87802,CFG_77c8b99b43d9,zp8,72,1
87803,CFG_36f82e31118f,zp8,72,1
87804,CFG_5cd0c67d59bc,zp8,72,1
87805,CFG_f18488ce1456,zp8,72,1
87806,CFG_59aede929579,zp8,72,1
87807,CFG_e1e6e0c66c93,zp8,72,1
87808,CFG_112bf773e97d,zp8,72,1
87809,CFG_2154b722e06b,zp8,72,1
87810,CFG_625048fefa0b,zp8,72,1
87811,CFG_625048fefa0b,zp8,72,1
87812,CFG_be784e24b621,zp8,72,1
87813,CFG_5514d03a77b0,zp8,72,1
87814,CFG_9c659499047b,zp8,72,1
87815,CFG_be784e24b621,zp8,72,1
87816,CFG_db37bdfe8c71,zp8,72,1
87817,CFG_b8e6a5652de1,zp8,72,1
87818,CFG_7cd4c6b023c5,zp8,72,1
87819,CFG_cf541d0f8a3a,zp8,72,1
87820,CFG_29c3378e155b,zp8,72,1
87821,CFG_d0face5aa80d,zp8,72,1
87822,CFG_1ec55dc0a2ff,zp8,72,1
87823,CFG_be784e24b621,zp8,72,1
87824,CFG_112bf773e97d,zp8,72,1
87825,CFG_c910518048de,zp8,72,1
87826,CFG_a1ebd0490272,zp8,72,1
87827,CFG_ffde3ea1b2e3,zp8,72,1
87828,CFG_6caaadb373ea,zp8,72,1
87829,CFG_99b4d8a9c762,zp8,72,1
87830,CFG_8a3f0c7c09a9,zp8,72,1
87831,CFG_9c659499047b,zp8,72,1
87832,CFG_cc5bbb6e9d13,zp8,72,1
87833,CFG_e1e6e0c66c93,zp8,72,1
87834,CFG_6caaadb373ea,zp8,72,1
87835,CFG_755205a28938,zp8,72,1
87836,CFG_e1e6e0c66c93,zp8,72,1
87837,CFG_4cd2b98cde9e,zp8,72,1
87838,CFG_f18488ce1456,zp8,72,1
87839,CFG_8bfc9d62299c,zp8,72,1
87840,CFG_9178f775d49a,zp8,72,1
87841,CFG_8bfc9d62299c,zp8,72,1
87842,CFG_288ddbff7431,zp8,72,1
87843,CFG_67b539d34471,zp8,72,1
87844,CFG_e3950fd94ca1,zp8,72,1
87845,CFG_773ac98270b6,zp8,72,1
87846,CFG_275e4ca07248,zp8,72,1
87847,CFG_8a3f0c7c09a9,zp8,72,1
87848,CFG_b2a3cbb134c5,zp8,72,1
87849,CFG_db37bdfe8c71,zp8,72,1
87850,CFG_9178f775d49a,zp8,72,1
87851,CFG_f18488ce1456,zp8,72,1
87852,CFG_67b539d34471,zp8,72,1
87853,CFG_d96b0c9e44d0,zp8,72,1
87854,CFG_cf541d0f8a3a,zp8,72,1
87855,CFG_8a51f93d684d,zp8,72,1
87856,CFG_b2a3cbb134c5,zp8,72,1
87857,CFG_f18488ce1456,zp8,72,1
87858,CFG_b8e6a5652de1,zp8,72,1
87859,CFG_f993a0fc6256,zp8,72,1
87860,CFG_36f82e31118f,zp8,72,1
87861,CFG_d0face5aa80d,zp8,72,1
87862,CFG_8bfc9d62299c,zp8,72,1
87863,CFG_36f82e31118f,zp8,72,1
87864,CFG_67b539d34471,zp8,72,1
87865,CFG_d96b0c9e44d0,zp8,72,1
87866,CFG_b8e6a5652de1,zp8,72,1
87867,CFG_99b4d8a9c762,zp8,72,1
87868,CFG_755205a28938,zp8,72,1
87869,CFG_cf6528e23789,zp8,72,1
87870,CFG_17620e2785dc,zp8,72,1
87871,CFG_5cd0c67d59bc,zp8,72,1
87872,CFG_755205a28938,zp8,72,1
87873,CFG_d96b0c9e44d0,zp8,72,1
87874,CFG_a1d878e7d840,zp8,72,1
87875,CFG_ffde3ea1b2e3,zp8,72,1
87876,CFG_d0face5aa80d,zp8,72,1
87877,CFG_710c47edfbc8,zp8,72,1
87878,CFG_8bfc9d62299c,zp8,72,1
87879,CFG_65f78a36ed50,zp8,72,1
87880,CFG_29c3378e155b,zp8,72,1
87881,CFG_59f154754573,zp8,72,1
87882,CFG_3278d3379c8a,zp8,72,1
87883,CFG_dda2f907b868,zp8,72,1
87884,CFG_be784e24b621,zp8,72,1
87885,CFG_ffde3ea1b2e3,zp8,72,1
87886,CFG_e1e6e0c66c93,zp8,72,1
87887,CFG_29c3378e155b,zp8,72,1
87888,CFG_1e693796a40d,zp8,72,1
87889,CFG_1ec55dc0a2ff,zp8,72,1
87890,CFG_e3950fd94ca1,zp8,72,1
87891,CFG_9178f775d49a,zp8,72,1
87892,CFG_9178f775d49a,zp8,72,1
87893,CFG_d96b0c9e44d0,zp8,72,1
87894,CFG_3a3d7179fe0d,zp8,72,1
87895,CFG_b2a3cbb134c5,zp8,72,1
87896,CFG_29c3378e155b,zp8,72,1
87897,CFG_59f154754573,zp8,72,1
87898,CFG_f993a0fc6256,zp8,72,1
87899,CFG_67b539d34471,zp8,72,1
87900,CFG_deda15f4c4a8,zp8,72,1
87901,CFG_2534839bab0a,zp8,72,1
87902,CFG_67b539d34471,zp8,72,1
87903,CFG_e3950fd94ca1,zp8,72,1
87904,CFG_1738a11cbd49,zp8,72,1
87905,CFG_de29bb20eaa6,zp8,72,1
87906,CFG_8bfc9d62299c,zp8,72,1
87907,CFG_5cd0c67d59bc,zp8,72,1
87908,CFG_67b539d34471,zp8,72,1
87909,CFG_d96b0c9e44d0,zp8,72,1
87910,CFG_1ec55dc0a2ff,zp8,72,1
87911,CFG_8bfc9d62299c,zp8,72,1
87912,CFG_9178f775d49a,zp8,72,1
87913,CFG_9c659499047b,zp8,72,1
87914,CFG_e3950fd94ca1,zp8,72,1
87915,CFG_773ac98270b6,zp8,72,1
87916,CFG_9178f775d49a,zp8,72,1
87917,CFG_deda15f4c4a8,zp8,72,1
87918,CFG_b8e6a5652de1,zp8,72,1
87919,CFG_1ec55dc0a2ff,zp8,72,1
87920,CFG_36f82e31118f,zp8,72,1
87921,CFG_ceef49456daa,zp8,72,1
87922,CFG_b2a3cbb134c5,zp8,72,1
87923,CFG_3a3d7179fe0d,zp8,72,1
87924,CFG_637b6e72af93,zp8,72,1
87925,CFG_5cd0c67d59bc,zp8,72,1
87926,CFG_29c3378e155b,zp8,72,1
87927,CFG_77c8b99b43d9,zp8,72,1
87928,CFG_77c8b99b43d9,zp8,72,1
87929,CFG_77c8b99b43d9,zp8,72,1
87930,CFG_77c8b99b43d9,zp8,72,1
87931,CFG_77c8b99b43d9,zp8,72,1
87932,CFG_a34f76b67ef4,zp8,72,1
87933,CFG_77c8b99b43d9,zp8,72,1
87934,CFG_1738a11cbd49,zp8,72,1
87935,CFG_77c8b99b43d9,zp8,72,1
87936,CFG_67b539d34471,zp8,72,1
87937,CFG_77c8b99b43d9,zp8,72,1
87938,CFG_77c8b99b43d9,zp8,72,1
87939,CFG_29c3378e155b,zp8,72,1
87940,CFG_755205a28938,zp8,72,1
87941,CFG_77c8b99b43d9,zp8,72,1
87942,CFG_bd6412fc68b0,zp8,72,1
87943,CFG_67b539d34471,zp8,72,1
87944,CFG_8bfc9d62299c,zp8,72,1
87945,CFG_77c8b99b43d9,zp8,72,1
87946,CFG_ffde3ea1b2e3,zp8,72,1
87947,CFG_77c8b99b43d9,zp8,72,1
87948,CFG_67b539d34471,zp8,72,1
87949,CFG_c94b44f1b2f9,zp8,72,1
87950,CFG_755205a28938,zp8,72,1
87951,CFG_ac213567a5a2,zp8,72,1
87952,CFG_77c8b99b43d9,zp8,72,1
87953,CFG_77c8b99b43d9,zp8,72,1
87954,CFG_77c8b99b43d9,zp8,72,1
87955,CFG_77c8b99b43d9,zp8,72,1
87956,CFG_77c8b99b43d9,zp8,72,1
87957,CFG_a34f76b67ef4,zp8,72,1
87958,CFG_77c8b99b43d9,zp8,72,1
87959,CFG_1738a11cbd49,zp8,72,1
87960,CFG_77c8b99b43d9,zp8,72,1
87961,CFG_67b539d34471,zp8,72,1
87962,CFG_77c8b99b43d9,zp8,72,1
87963,CFG_77c8b99b43d9,zp8,72,1
87964,CFG_29c3378e155b,zp8,72,1
87965,CFG_755205a28938,zp8,72,1
87966,CFG_77c8b99b43d9,zp8,72,1
87967,CFG_bd6412fc68b0,zp8,72,1
87968,CFG_67b539d34471,zp8,72,1
87969,CFG_8bfc9d62299c,zp8,72,1
87970,CFG_77c8b99b43d9,zp8,72,1
87971,CFG_ffde3ea1b2e3,zp8,72,1
87972,CFG_77c8b99b43d9,zp8,72,1
87973,CFG_d96b0c9e44d0,zp8,72,1
87974,CFG_cf541d0f8a3a,zp8,72,1
87975,CFG_f18488ce1456,zp8,72,1
87976,CFG_67b539d34471,zp8,72,1
87977,CFG_5514d03a77b0,zp8,72,1
87978,CFG_a34f76b67ef4,zp8,72,1
87979,CFG_f18488ce1456,zp8,72,1
87980,CFG_1d0f84c0bb06,zp8,72,1
87981,CFG_1ec55dc0a2ff,zp8,72,1
87982,CFG_29c3378e155b,zp8,72,1
87983,CFG_f18488ce1456,zp8,72,1
87984,CFG_773ac98270b6,zp8,72,1
87985,CFG_77c8b99b43d9,zp8,72,1
87986,CFG_77c8b99b43d9,zp8,72,1
87987,CFG_77c8b99b43d9,zp8,72,1
87988,CFG_77c8b99b43d9,zp8,72,1
87989,CFG_77c8b99b43d9,zp8,72,1
87990,CFG_a34f76b67ef4,zp8,72,1
87991,CFG_77c8b99b43d9,zp8,72,1
87992,CFG_1738a11cbd49,zp8,72,1
87993,CFG_77c8b99b43d9,zp8,72,1
87994,CFG_67b539d34471,zp8,72,1
87995,CFG_77c8b99b43d9,zp8,72,1
87996,CFG_77c8b99b43d9,zp8,72,1
87997,CFG_29c3378e155b,zp8,72,1
87998,CFG_755205a28938,zp8,72,1
87999,CFG_77c8b99b43d9,zp8,72,1
88000,CFG_bd6412fc68b0,zp8,72,1
88001,CFG_67b539d34471,zp8,73,1
88002,CFG_8bfc9d62299c,zp8,73,1
88003,CFG_77c8b99b43d9,zp8,73,1
88004,CFG_ffde3ea1b2e3,zp8,73,1
88005,CFG_77c8b99b43d9,zp8,73,1
88006,CFG_67b539d34471,zp8,73,1
88007,CFG_c94b44f1b2f9,zp8,73,1
88008,CFG_755205a28938,zp8,73,1
88009,CFG_ac213567a5a2,zp8,73,1
88010,CFG_77c8b99b43d9,zp8,73,1
88011,CFG_77c8b99b43d9,zp8,73,1
88012,CFG_77c8b99b43d9,zp8,73,1
88013,CFG_77c8b99b43d9,zp8,73,1
88014,CFG_77c8b99b43d9,zp8,73,1
88015,CFG_a34f76b67ef4,zp8,73,1
88016,CFG_77c8b99b43d9,zp8,73,1
88017,CFG_1738a11cbd49,zp8,73,1
88018,CFG_77c8b99b43d9,zp8,73,1
88019,CFG_67b539d34471,zp8,73,1
88020,CFG_77c8b99b43d9,zp8,73,1
88021,CFG_77c8b99b43d9,zp8,73,1
88022,CFG_29c3378e155b,zp8,73,1
88023,CFG_755205a28938,zp8,73,1
88024,CFG_77c8b99b43d9,zp8,73,1
88025,CFG_bd6412fc68b0,zp8,73,1
88026,CFG_67b539d34471,zp8,73,1
88027,CFG_8bfc9d62299c,zp8,73,1
88028,CFG_77c8b99b43d9,zp8,73,1
88029,CFG_ffde3ea1b2e3,zp8,73,1
88030,CFG_77c8b99b43d9,zp8,73,1
88031,CFG_d39c77a1a4bf,zp8,73,1
88032,CFG_773ac98270b6,zp8,73,1
88033,CFG_f18488ce1456,zp8,73,1
88034,CFG_deda15f4c4a8,zp8,73,1
88035,CFG_e87513c8563d,zp8,73,1
88036,CFG_39fe645ba2f1,zp8,73,1
88037,CFG_9178f775d49a,zp8,73,1
88038,CFG_77c8b99b43d9,zp8,73,1
88039,CFG_77c8b99b43d9,zp8,73,1
88040,CFG_77c8b99b43d9,zp8,73,1
88041,CFG_77c8b99b43d9,zp8,73,1
88042,CFG_77c8b99b43d9,zp8,73,1
88043,CFG_a34f76b67ef4,zp8,73,1
88044,CFG_77c8b99b43d9,zp8,73,1
88045,CFG_1738a11cbd49,zp8,73,1
88046,CFG_77c8b99b43d9,zp8,73,1
88047,CFG_67b539d34471,zp8,73,1
88048,CFG_77c8b99b43d9,zp8,73,1
88049,CFG_77c8b99b43d9,zp8,73,1
88050,CFG_29c3378e155b,zp8,73,1
88051,CFG_755205a28938,zp8,73,1
88052,CFG_77c8b99b43d9,zp8,73,1
88053,CFG_bd6412fc68b0,zp8,73,1
88054,CFG_67b539d34471,zp8,73,1
88055,CFG_8bfc9d62299c,zp8,73,1
88056,CFG_77c8b99b43d9,zp8,73,1
88057,CFG_ffde3ea1b2e3,zp8,73,1
88058,CFG_77c8b99b43d9,zp8,73,1
88059,CFG_67b539d34471,zp8,73,1
88060,CFG_c94b44f1b2f9,zp8,73,1
88061,CFG_755205a28938,zp8,73,1
88062,CFG_ac213567a5a2,zp8,73,1
88063,CFG_77c8b99b43d9,zp8,73,1
88064,CFG_77c8b99b43d9,zp8,73,1
88065,CFG_77c8b99b43d9,zp8,73,1
88066,CFG_77c8b99b43d9,zp8,73,1
88067,CFG_77c8b99b43d9,zp8,73,1
88068,CFG_a34f76b67ef4,zp8,73,1
88069,CFG_77c8b99b43d9,zp8,73,1
88070,CFG_1738a11cbd49,zp8,73,1
88071,CFG_77c8b99b43d9,zp8,73,1
88072,CFG_67b539d34471,zp8,73,1
88073,CFG_77c8b99b43d9,zp8,73,1
88074,CFG_77c8b99b43d9,zp8,73,1
88075,CFG_29c3378e155b,zp8,73,1
88076,CFG_755205a28938,zp8,73,1
88077,CFG_77c8b99b43d9,zp8,73,1
88078,CFG_bd6412fc68b0,zp8,73,1
88079,CFG_67b539d34471,zp8,73,1
88080,CFG_8bfc9d62299c,zp8,73,1
88081,CFG_77c8b99b43d9,zp8,73,1
88082,CFG_ffde3ea1b2e3,zp8,73,1
88083,CFG_77c8b99b43d9,zp8,73,1
88084,CFG_be784e24b621,zp8,73,1
88085,CFG_cf541d0f8a3a,zp8,73,1
88086,CFG_77c8b99b43d9,zp8,73,1
88087,CFG_77c8b99b43d9,zp8,73,1
88088,CFG_77c8b99b43d9,zp8,73,1
88089,CFG_77c8b99b43d9,zp8,73,1
88090,CFG_77c8b99b43d9,zp8,73,1
88091,CFG_a34f76b67ef4,zp8,73,1
88092,CFG_77c8b99b43d9,zp8,73,1
88093,CFG_1738a11cbd49,zp8,73,1
88094,CFG_77c8b99b43d9,zp8,73,1
88095,CFG_67b539d34471,zp8,73,1
88096,CFG_77c8b99b43d9,zp8,73,1
88097,CFG_77c8b99b43d9,zp8,73,1
88098,CFG_29c3378e155b,zp8,73,1
88099,CFG_755205a28938,zp8,73,1
88100,CFG_77c8b99b43d9,zp8,73,1
88101,CFG_bd6412fc68b0,zp8,73,1
88102,CFG_67b539d34471,zp8,73,1
88103,CFG_8bfc9d62299c,zp8,73,1
88104,CFG_77c8b99b43d9,zp8,73,1
88105,CFG_ffde3ea1b2e3,zp8,73,1
88106,CFG_77c8b99b43d9,zp8,73,1
88107,CFG_67b539d34471,zp8,73,1
88108,CFG_c94b44f1b2f9,zp8,73,1
88109,CFG_755205a28938,zp8,73,1
88110,CFG_ac213567a5a2,zp8,73,1
88111,CFG_77c8b99b43d9,zp8,73,1
88112,CFG_77c8b99b43d9,zp8,73,1
88113,CFG_77c8b99b43d9,zp8,73,1
88114,CFG_77c8b99b43d9,zp8,73,1
88115,CFG_77c8b99b43d9,zp8,73,1
88116,CFG_a34f76b67ef4,zp8,73,1
88117,CFG_77c8b99b43d9,zp8,73,1
88118,CFG_1738a11cbd49,zp8,73,1
88119,CFG_77c8b99b43d9,zp8,73,1
88120,CFG_67b539d34471,zp8,73,1
88121,CFG_77c8b99b43d9,zp8,73,1
88122,CFG_77c8b99b43d9,zp8,73,1
88123,CFG_29c3378e155b,zp8,73,1
88124,CFG_755205a28938,zp8,73,1
88125,CFG_77c8b99b43d9,zp8,73,1
88126,CFG_bd6412fc68b0,zp8,73,1
88127,CFG_67b539d34471,zp8,73,1
88128,CFG_8bfc9d62299c,zp8,73,1
88129,CFG_77c8b99b43d9,zp8,73,1
88130,CFG_ffde3ea1b2e3,zp8,73,1
88131,CFG_77c8b99b43d9,zp8,73,1
88132,CFG_d96b0c9e44d0,zp8,73,1
88133,CFG_cf541d0f8a3a,zp8,73,1
88134,CFG_f18488ce1456,zp8,73,1
88135,CFG_67b539d34471,zp8,73,1
88136,CFG_5514d03a77b0,zp8,73,1
88137,CFG_a34f76b67ef4,zp8,73,1
88138,CFG_f18488ce1456,zp8,73,1
88139,CFG_1d0f84c0bb06,zp8,73,1
88140,CFG_1ec55dc0a2ff,zp8,73,1
88141,CFG_29c3378e155b,zp8,73,1
88142,CFG_f18488ce1456,zp8,73,1
88143,CFG_773ac98270b6,zp8,73,1
88144,CFG_77c8b99b43d9,zp8,73,1
88145,CFG_77c8b99b43d9,zp8,73,1
88146,CFG_77c8b99b43d9,zp8,73,1
88147,CFG_77c8b99b43d9,zp8,73,1
88148,CFG_77c8b99b43d9,zp8,73,1
88149,CFG_a34f76b67ef4,zp8,73,1
88150,CFG_77c8b99b43d9,zp8,73,1
88151,CFG_1738a11cbd49,zp8,73,1
88152,CFG_77c8b99b43d9,zp8,73,1
88153,CFG_67b539d34471,zp8,73,1
88154,CFG_77c8b99b43d9,zp8,73,1
88155,CFG_77c8b99b43d9,zp8,73,1
88156,CFG_29c3378e155b,zp8,73,1
88157,CFG_755205a28938,zp8,73,1
88158,CFG_77c8b99b43d9,zp8,73,1
88159,CFG_bd6412fc68b0,zp8,73,1
88160,CFG_67b539d34471,zp8,73,1
88161,CFG_8bfc9d62299c,zp8,73,1
88162,CFG_77c8b99b43d9,zp8,73,1
88163,CFG_ffde3ea1b2e3,zp8,73,1
88164,CFG_77c8b99b43d9,zp8,73,1
88165,CFG_67b539d34471,zp8,73,1
88166,CFG_c94b44f1b2f9,zp8,73,1
88167,CFG_755205a28938,zp8,73,1
88168,CFG_ac213567a5a2,zp8,73,1
88169,CFG_77c8b99b43d9,zp8,73,1
88170,CFG_77c8b99b43d9,zp8,73,1
88171,CFG_77c8b99b43d9,zp8,73,1
88172,CFG_77c8b99b43d9,zp8,73,1
88173,CFG_77c8b99b43d9,zp8,73,1
88174,CFG_a34f76b67ef4,zp8,73,1
88175,CFG_77c8b99b43d9,zp8,73,1
88176,CFG_1738a11cbd49,zp8,73,1
88177,CFG_77c8b99b43d9,zp8,73,1
88178,CFG_67b539d34471,zp8,73,1
88179,CFG_77c8b99b43d9,zp8,73,1
88180,CFG_77c8b99b43d9,zp8,73,1
88181,CFG_29c3378e155b,zp8,73,1
88182,CFG_755205a28938,zp8,73,1
88183,CFG_77c8b99b43d9,zp8,73,1
88184,CFG_bd6412fc68b0,zp8,73,1
88185,CFG_67b539d34471,zp8,73,1
88186,CFG_8bfc9d62299c,zp8,73,1
88187,CFG_77c8b99b43d9,zp8,73,1
88188,CFG_ffde3ea1b2e3,zp8,73,1
88189,CFG_77c8b99b43d9,zp8,73,1
88190,CFG_d39c77a1a4bf,zp8,73,1
88191,CFG_773ac98270b6,zp8,73,1
88192,CFG_f18488ce1456,zp8,73,1
88193,CFG_deda15f4c4a8,zp8,73,1
88194,CFG_e87513c8563d,zp8,73,1
88195,CFG_39fe645ba2f1,zp8,73,1
88196,CFG_9178f775d49a,zp8,73,1
88197,CFG_77c8b99b43d9,zp8,73,1
88198,CFG_77c8b99b43d9,zp8,73,1
88199,CFG_77c8b99b43d9,zp8,73,1
88200,CFG_77c8b99b43d9,zp8,73,1
88201,CFG_77c8b99b43d9,zp8,73,1
88202,CFG_a34f76b67ef4,zp8,73,1
88203,CFG_77c8b99b43d9,zp8,73,1
88204,CFG_1738a11cbd49,zp8,73,1
88205,CFG_77c8b99b43d9,zp8,73,1
88206,CFG_67b539d34471,zp8,73,1
88207,CFG_77c8b99b43d9,zp8,73,1
88208,CFG_77c8b99b43d9,zp8,73,1
88209,CFG_29c3378e155b,zp8,73,1
88210,CFG_755205a28938,zp8,73,1
88211,CFG_77c8b99b43d9,zp8,73,1
88212,CFG_bd6412fc68b0,zp8,73,1
88213,CFG_67b539d34471,zp8,73,1
88214,CFG_8bfc9d62299c,zp8,73,1
88215,CFG_77c8b99b43d9,zp8,73,1
88216,CFG_ffde3ea1b2e3,zp8,73,1
88217,CFG_77c8b99b43d9,zp8,73,1
88218,CFG_67b539d34471,zp8,73,1
88219,CFG_c94b44f1b2f9,zp8,73,1
88220,CFG_755205a28938,zp8,73,1
88221,CFG_ac213567a5a2,zp8,73,1
88222,CFG_77c8b99b43d9,zp8,73,1
88223,CFG_77c8b99b43d9,zp8,73,1
88224,CFG_77c8b99b43d9,zp8,73,1
88225,CFG_77c8b99b43d9,zp8,73,1
88226,CFG_77c8b99b43d9,zp8,73,1
88227,CFG_a34f76b67ef4,zp8,73,1
88228,CFG_77c8b99b43d9,zp8,73,1
88229,CFG_1738a11cbd49,zp8,73,1
88230,CFG_77c8b99b43d9,zp8,73,1
88231,CFG_67b539d34471,zp8,73,1
88232,CFG_77c8b99b43d9,zp8,73,1
88233,CFG_77c8b99b43d9,zp8,73,1
88234,CFG_29c3378e155b,zp8,73,1
88235,CFG_755205a28938,zp8,73,1
88236,CFG_77c8b99b43d9,zp8,73,1
88237,CFG_bd6412fc68b0,zp8,73,1
88238,CFG_67b539d34471,zp8,73,1
88239,CFG_8bfc9d62299c,zp8,73,1
88240,CFG_77c8b99b43d9,zp8,73,1
88241,CFG_ffde3ea1b2e3,zp8,73,1
88242,CFG_77c8b99b43d9,zp8,73,1
88243,CFG_77c8b99b43d9,zp8,73,1
88244,CFG_1738a11cbd49,zp8,73,1
88245,CFG_77c8b99b43d9,zp8,73,1
88246,CFG_67b539d34471,zp8,73,1
88247,CFG_77c8b99b43d9,zp8,73,1
88248,CFG_77c8b99b43d9,zp8,73,1
88249,CFG_29c3378e155b,zp8,73,1
88250,CFG_755205a28938,zp8,73,1
88251,CFG_77c8b99b43d9,zp8,73,1
88252,CFG_bd6412fc68b0,zp8,73,1
88253,CFG_67b539d34471,zp8,73,1
88254,CFG_8bfc9d62299c,zp8,73,1
88255,CFG_77c8b99b43d9,zp8,73,1
88256,CFG_ffde3ea1b2e3,zp8,73,1
88257,CFG_77c8b99b43d9,zp8,73,1
88258,CFG_67b539d34471,zp8,73,1
88259,CFG_c94b44f1b2f9,zp8,73,1
88260,CFG_755205a28938,zp8,73,1
88261,CFG_ac213567a5a2,zp8,73,1
88262,CFG_77c8b99b43d9,zp8,73,1
88263,CFG_77c8b99b43d9,zp8,73,1
88264,CFG_77c8b99b43d9,zp8,73,1
88265,CFG_77c8b99b43d9,zp8,73,1
88266,CFG_77c8b99b43d9,zp8,73,1
88267,CFG_a34f76b67ef4,zp8,73,1
88268,CFG_77c8b99b43d9,zp8,73,1
88269,CFG_1738a11cbd49,zp8,73,1
88270,CFG_77c8b99b43d9,zp8,73,1
88271,CFG_67b539d34471,zp8,73,1
88272,CFG_77c8b99b43d9,zp8,73,1
88273,CFG_77c8b99b43d9,zp8,73,1
88274,CFG_29c3378e155b,zp8,73,1
88275,CFG_755205a28938,zp8,73,1
88276,CFG_77c8b99b43d9,zp8,73,1
88277,CFG_bd6412fc68b0,zp8,73,1
88278,CFG_67b539d34471,zp8,73,1
88279,CFG_8bfc9d62299c,zp8,73,1
88280,CFG_77c8b99b43d9,zp8,73,1
88281,CFG_ffde3ea1b2e3,zp8,73,1
88282,CFG_77c8b99b43d9,zp8,73,1
88283,CFG_d96b0c9e44d0,zp8,73,1
88284,CFG_cf541d0f8a3a,zp8,73,1
88285,CFG_f18488ce1456,zp8,73,1
88286,CFG_67b539d34471,zp8,73,1
88287,CFG_5514d03a77b0,zp8,73,1
88288,CFG_a34f76b67ef4,zp8,73,1
88289,CFG_f18488ce1456,zp8,73,1
88290,CFG_1d0f84c0bb06,zp8,73,1
88291,CFG_1ec55dc0a2ff,zp8,73,1
88292,CFG_29c3378e155b,zp8,73,1
88293,CFG_f18488ce1456,zp8,73,1
88294,CFG_773ac98270b6,zp8,73,1
88295,CFG_77c8b99b43d9,zp8,73,1
88296,CFG_77c8b99b43d9,zp8,73,1
88297,CFG_77c8b99b43d9,zp8,73,1
88298,CFG_77c8b99b43d9,zp8,73,1
88299,CFG_77c8b99b43d9,zp8,73,1
88300,CFG_a34f76b67ef4,zp8,73,1
88301,CFG_77c8b99b43d9,zp8,73,1
88302,CFG_1738a11cbd49,zp8,73,1
88303,CFG_77c8b99b43d9,zp8,73,1
88304,CFG_67b539d34471,zp8,73,1
88305,CFG_77c8b99b43d9,zp8,73,1
88306,CFG_77c8b99b43d9,zp8,73,1
88307,CFG_29c3378e155b,zp8,73,1
88308,CFG_755205a28938,zp8,73,1
88309,CFG_77c8b99b43d9,zp8,73,1
88310,CFG_bd6412fc68b0,zp8,73,1
88311,CFG_67b539d34471,zp8,73,1
88312,CFG_8bfc9d62299c,zp8,73,1
88313,CFG_77c8b99b43d9,zp8,73,1
88314,CFG_ffde3ea1b2e3,zp8,73,1
88315,CFG_77c8b99b43d9,zp8,73,1
88316,CFG_67b539d34471,zp8,73,1
88317,CFG_c94b44f1b2f9,zp8,73,1
88318,CFG_755205a28938,zp8,73,1
88319,CFG_ac213567a5a2,zp8,73,1
88320,CFG_77c8b99b43d9,zp8,73,1
88321,CFG_77c8b99b43d9,zp8,73,1
88322,CFG_77c8b99b43d9,zp8,73,1
88323,CFG_77c8b99b43d9,zp8,73,1
88324,CFG_77c8b99b43d9,zp8,73,1
88325,CFG_a34f76b67ef4,zp8,73,1
88326,CFG_77c8b99b43d9,zp8,73,1
88327,CFG_1738a11cbd49,zp8,73,1
88328,CFG_77c8b99b43d9,zp8,73,1
88329,CFG_67b539d34471,zp8,73,1
88330,CFG_77c8b99b43d9,zp8,73,1
88331,CFG_77c8b99b43d9,zp8,73,1
88332,CFG_29c3378e155b,zp8,73,1
88333,CFG_755205a28938,zp8,73,1
88334,CFG_77c8b99b43d9,zp8,73,1
88335,CFG_bd6412fc68b0,zp8,73,1
88336,CFG_67b539d34471,zp8,73,1
88337,CFG_8bfc9d62299c,zp8,73,1
88338,CFG_77c8b99b43d9,zp8,73,1
88339,CFG_ffde3ea1b2e3,zp8,73,1
88340,CFG_77c8b99b43d9,zp8,73,1
88341,CFG_d39c77a1a4bf,zp8,73,1
88342,CFG_773ac98270b6,zp8,73,1
88343,CFG_f18488ce1456,zp8,73,1
88344,CFG_deda15f4c4a8,zp8,73,1
88345,CFG_e87513c8563d,zp8,73,1
88346,CFG_39fe645ba2f1,zp8,73,1
88347,CFG_9178f775d49a,zp8,73,1
88348,CFG_77c8b99b43d9,zp8,73,1
88349,CFG_77c8b99b43d9,zp8,73,1
88350,CFG_77c8b99b43d9,zp8,73,1
88351,CFG_77c8b99b43d9,zp8,73,1
88352,CFG_77c8b99b43d9,zp8,73,1
88353,CFG_a34f76b67ef4,zp8,73,1
88354,CFG_77c8b99b43d9,zp8,73,1
88355,CFG_1738a11cbd49,zp8,73,1
88356,CFG_77c8b99b43d9,zp8,73,1
88357,CFG_67b539d34471,zp8,73,1
88358,CFG_77c8b99b43d9,zp8,73,1
88359,CFG_77c8b99b43d9,zp8,73,1
88360,CFG_29c3378e155b,zp8,73,1
88361,CFG_755205a28938,zp8,73,1
88362,CFG_77c8b99b43d9,zp8,73,1
88363,CFG_bd6412fc68b0,zp8,73,1
88364,CFG_67b539d34471,zp8,73,1
88365,CFG_8bfc9d62299c,zp8,73,1
88366,CFG_77c8b99b43d9,zp8,73,1
88367,CFG_ffde3ea1b2e3,zp8,73,1
88368,CFG_77c8b99b43d9,zp8,73,1
88369,CFG_67b539d34471,zp8,73,1
88370,CFG_c94b44f1b2f9,zp8,73,1
88371,CFG_755205a28938,zp8,73,1
88372,CFG_ac213567a5a2,zp8,73,1
88373,CFG_77c8b99b43d9,zp8,73,1
88374,CFG_77c8b99b43d9,zp8,73,1
88375,CFG_77c8b99b43d9,zp8,73,1
88376,CFG_77c8b99b43d9,zp8,73,1
88377,CFG_77c8b99b43d9,zp8,73,1
88378,CFG_a34f76b67ef4,zp8,73,1
88379,CFG_77c8b99b43d9,zp8,73,1
88380,CFG_1738a11cbd49,zp8,73,1
88381,CFG_77c8b99b43d9,zp8,73,1
88382,CFG_67b539d34471,zp8,73,1
88383,CFG_77c8b99b43d9,zp8,73,1
88384,CFG_77c8b99b43d9,zp8,73,1
88385,CFG_29c3378e155b,zp8,73,1
88386,CFG_755205a28938,zp8,73,1
88387,CFG_77c8b99b43d9,zp8,73,1
88388,CFG_bd6412fc68b0,zp8,73,1
88389,CFG_67b539d34471,zp8,73,1
88390,CFG_8bfc9d62299c,zp8,73,1
88391,CFG_77c8b99b43d9,zp8,73,1
88392,CFG_ffde3ea1b2e3,zp8,73,1
88393,CFG_77c8b99b43d9,zp8,73,1
88394,CFG_67b539d34471,zp8,73,1
88395,CFG_5514d03a77b0,zp8,73,1
88396,CFG_a34f76b67ef4,zp8,73,1
88397,CFG_f18488ce1456,zp8,73,1
88398,CFG_1d0f84c0bb06,zp8,73,1
88399,CFG_1ec55dc0a2ff,zp8,73,1
88400,CFG_29c3378e155b,zp8,73,1
88401,CFG_f18488ce1456,zp8,73,1
88402,CFG_773ac98270b6,zp8,73,1
88403,CFG_77c8b99b43d9,zp8,73,1
88404,CFG_77c8b99b43d9,zp8,73,1
88405,CFG_77c8b99b43d9,zp8,73,1
88406,CFG_77c8b99b43d9,zp8,73,1
88407,CFG_77c8b99b43d9,zp8,73,1
88408,CFG_a34f76b67ef4,zp8,73,1
88409,CFG_77c8b99b43d9,zp8,73,1
88410,CFG_1738a11cbd49,zp8,73,1
88411,CFG_77c8b99b43d9,zp8,73,1
88412,CFG_67b539d34471,zp8,73,1
88413,CFG_77c8b99b43d9,zp8,73,1
88414,CFG_77c8b99b43d9,zp8,73,1
88415,CFG_29c3378e155b,zp8,73,1
88416,CFG_755205a28938,zp8,73,1
88417,CFG_77c8b99b43d9,zp8,73,1
88418,CFG_bd6412fc68b0,zp8,73,1
88419,CFG_67b539d34471,zp8,73,1
88420,CFG_8bfc9d62299c,zp8,73,1
88421,CFG_77c8b99b43d9,zp8,73,1
88422,CFG_ffde3ea1b2e3,zp8,73,1
88423,CFG_77c8b99b43d9,zp8,73,1
88424,CFG_67b539d34471,zp8,73,1
88425,CFG_c94b44f1b2f9,zp8,73,1
88426,CFG_755205a28938,zp8,73,1
88427,CFG_ac213567a5a2,zp8,73,1
88428,CFG_77c8b99b43d9,zp8,73,1
88429,CFG_77c8b99b43d9,zp8,73,1
88430,CFG_77c8b99b43d9,zp8,73,1
88431,CFG_77c8b99b43d9,zp8,73,1
88432,CFG_77c8b99b43d9,zp8,73,1
88433,CFG_a34f76b67ef4,zp8,73,1
88434,CFG_77c8b99b43d9,zp8,73,1
88435,CFG_1738a11cbd49,zp8,73,1
88436,CFG_77c8b99b43d9,zp8,73,1
88437,CFG_67b539d34471,zp8,73,1
88438,CFG_77c8b99b43d9,zp8,73,1
88439,CFG_77c8b99b43d9,zp8,73,1
88440,CFG_29c3378e155b,zp8,73,1
88441,CFG_755205a28938,zp8,73,1
88442,CFG_77c8b99b43d9,zp8,73,1
88443,CFG_bd6412fc68b0,zp8,73,1
88444,CFG_67b539d34471,zp8,73,1
88445,CFG_8bfc9d62299c,zp8,73,1
88446,CFG_77c8b99b43d9,zp8,73,1
88447,CFG_ffde3ea1b2e3,zp8,73,1
88448,CFG_77c8b99b43d9,zp8,73,1
88449,CFG_d39c77a1a4bf,zp8,73,1
88450,CFG_773ac98270b6,zp8,73,1
88451,CFG_f18488ce1456,zp8,73,1
88452,CFG_deda15f4c4a8,zp8,73,1
88453,CFG_e87513c8563d,zp8,73,1
88454,CFG_39fe645ba2f1,zp8,73,1
88455,CFG_9178f775d49a,zp8,73,1
88456,CFG_77c8b99b43d9,zp8,73,1
88457,CFG_77c8b99b43d9,zp8,73,1
88458,CFG_77c8b99b43d9,zp8,73,1
88459,CFG_77c8b99b43d9,zp8,73,1
88460,CFG_77c8b99b43d9,zp8,73,1
88461,CFG_a34f76b67ef4,zp8,73,1
88462,CFG_77c8b99b43d9,zp8,73,1
88463,CFG_1738a11cbd49,zp8,73,1
88464,CFG_77c8b99b43d9,zp8,73,1
88465,CFG_67b539d34471,zp8,73,1
88466,CFG_77c8b99b43d9,zp8,73,1
88467,CFG_77c8b99b43d9,zp8,73,1
88468,CFG_29c3378e155b,zp8,73,1
88469,CFG_755205a28938,zp8,73,1
88470,CFG_77c8b99b43d9,zp8,73,1
88471,CFG_bd6412fc68b0,zp8,73,1
88472,CFG_67b539d34471,zp8,73,1
88473,CFG_8bfc9d62299c,zp8,73,1
88474,CFG_77c8b99b43d9,zp8,73,1
88475,CFG_ffde3ea1b2e3,zp8,73,1
88476,CFG_77c8b99b43d9,zp8,73,1
88477,CFG_67b539d34471,zp8,73,1
88478,CFG_c94b44f1b2f9,zp8,73,1
88479,CFG_755205a28938,zp8,73,1
88480,CFG_ac213567a5a2,zp8,73,1
88481,CFG_77c8b99b43d9,zp8,73,1
88482,CFG_77c8b99b43d9,zp8,73,1
88483,CFG_77c8b99b43d9,zp8,73,1
88484,CFG_77c8b99b43d9,zp8,73,1
88485,CFG_77c8b99b43d9,zp8,73,1
88486,CFG_a34f76b67ef4,zp8,73,1
88487,CFG_77c8b99b43d9,zp8,73,1
88488,CFG_1738a11cbd49,zp8,73,1
88489,CFG_77c8b99b43d9,zp8,73,1
88490,CFG_67b539d34471,zp8,73,1
88491,CFG_77c8b99b43d9,zp8,73,1
88492,CFG_77c8b99b43d9,zp8,73,1
88493,CFG_29c3378e155b,zp8,73,1
88494,CFG_755205a28938,zp8,73,1
88495,CFG_77c8b99b43d9,zp8,73,1
88496,CFG_bd6412fc68b0,zp8,73,1
88497,CFG_67b539d34471,zp8,73,1
88498,CFG_8bfc9d62299c,zp8,73,1
88499,CFG_77c8b99b43d9,zp8,73,1
88500,CFG_ffde3ea1b2e3,zp8,73,1
88501,CFG_77c8b99b43d9,zp8,73,1
88502,CFG_77c8b99b43d9,zp8,73,1
88503,CFG_77c8b99b43d9,zp8,73,1
88504,CFG_77c8b99b43d9,zp8,73,1
88505,CFG_a34f76b67ef4,zp8,73,1
88506,CFG_77c8b99b43d9,zp8,73,1
88507,CFG_1738a11cbd49,zp8,73,1
88508,CFG_77c8b99b43d9,zp8,73,1
88509,CFG_67b539d34471,zp8,73,1
88510,CFG_77c8b99b43d9,zp8,73,1
88511,CFG_77c8b99b43d9,zp8,73,1
88512,CFG_29c3378e155b,zp8,73,1
88513,CFG_755205a28938,zp8,73,1
88514,CFG_77c8b99b43d9,zp8,73,1
88515,CFG_bd6412fc68b0,zp8,73,1
88516,CFG_67b539d34471,zp8,73,1
88517,CFG_8bfc9d62299c,zp8,73,1
88518,CFG_77c8b99b43d9,zp8,73,1
88519,CFG_ffde3ea1b2e3,zp8,73,1
88520,CFG_77c8b99b43d9,zp8,73,1
88521,CFG_67b539d34471,zp8,73,1
88522,CFG_c94b44f1b2f9,zp8,73,1
88523,CFG_755205a28938,zp8,73,1
88524,CFG_ac213567a5a2,zp8,73,1
88525,CFG_77c8b99b43d9,zp8,73,1
88526,CFG_77c8b99b43d9,zp8,73,1
88527,CFG_77c8b99b43d9,zp8,73,1
88528,CFG_77c8b99b43d9,zp8,73,1
88529,CFG_77c8b99b43d9,zp8,73,1
88530,CFG_a34f76b67ef4,zp8,73,1
88531,CFG_77c8b99b43d9,zp8,73,1
88532,CFG_1738a11cbd49,zp8,73,1
88533,CFG_77c8b99b43d9,zp8,73,1
88534,CFG_67b539d34471,zp8,73,1
88535,CFG_77c8b99b43d9,zp8,73,1
88536,CFG_77c8b99b43d9,zp8,73,1
88537,CFG_29c3378e155b,zp8,73,1
88538,CFG_755205a28938,zp8,73,1
88539,CFG_77c8b99b43d9,zp8,73,1
88540,CFG_bd6412fc68b0,zp8,73,1
88541,CFG_67b539d34471,zp8,73,1
88542,CFG_8bfc9d62299c,zp8,73,1
88543,CFG_77c8b99b43d9,zp8,73,1
88544,CFG_ffde3ea1b2e3,zp8,73,1
88545,CFG_77c8b99b43d9,zp8,73,1
88546,CFG_be784e24b621,zp8,73,1
88547,CFG_cf541d0f8a3a,zp8,73,1
88548,CFG_77c8b99b43d9,zp8,73,1
88549,CFG_77c8b99b43d9,zp8,73,1
88550,CFG_77c8b99b43d9,zp8,73,1
88551,CFG_77c8b99b43d9,zp8,73,1
88552,CFG_77c8b99b43d9,zp8,73,1
88553,CFG_a34f76b67ef4,zp8,73,1
88554,CFG_77c8b99b43d9,zp8,73,1
88555,CFG_1738a11cbd49,zp8,73,1
88556,CFG_77c8b99b43d9,zp8,73,1
88557,CFG_67b539d34471,zp8,73,1
88558,CFG_77c8b99b43d9,zp8,73,1
88559,CFG_77c8b99b43d9,zp8,73,1
88560,CFG_29c3378e155b,zp8,73,1
88561,CFG_755205a28938,zp8,73,1
88562,CFG_77c8b99b43d9,zp8,73,1
88563,CFG_bd6412fc68b0,zp8,73,1
88564,CFG_67b539d34471,zp8,73,1
88565,CFG_8bfc9d62299c,zp8,73,1
88566,CFG_77c8b99b43d9,zp8,73,1
88567,CFG_ffde3ea1b2e3,zp8,73,1
88568,CFG_77c8b99b43d9,zp8,73,1
88569,CFG_67b539d34471,zp8,73,1
88570,CFG_c94b44f1b2f9,zp8,73,1
88571,CFG_755205a28938,zp8,73,1
88572,CFG_ac213567a5a2,zp8,73,1
88573,CFG_77c8b99b43d9,zp8,73,1
88574,CFG_77c8b99b43d9,zp8,73,1
88575,CFG_77c8b99b43d9,zp8,73,1
88576,CFG_77c8b99b43d9,zp8,73,1
88577,CFG_77c8b99b43d9,zp8,73,1
88578,CFG_a34f76b67ef4,zp8,73,1
88579,CFG_77c8b99b43d9,zp8,73,1
88580,CFG_1738a11cbd49,zp8,73,1
88581,CFG_77c8b99b43d9,zp8,73,1
88582,CFG_67b539d34471,zp8,73,1
88583,CFG_77c8b99b43d9,zp8,73,1
88584,CFG_77c8b99b43d9,zp8,73,1
88585,CFG_29c3378e155b,zp8,73,1
88586,CFG_755205a28938,zp8,73,1
88587,CFG_77c8b99b43d9,zp8,73,1
88588,CFG_bd6412fc68b0,zp8,73,1
88589,CFG_67b539d34471,zp8,73,1
88590,CFG_8bfc9d62299c,zp8,73,1
88591,CFG_77c8b99b43d9,zp8,73,1
88592,CFG_ffde3ea1b2e3,zp8,73,1
88593,CFG_77c8b99b43d9,zp8,73,1
88594,CFG_d96b0c9e44d0,zp8,73,1
88595,CFG_cf541d0f8a3a,zp8,73,1
88596,CFG_f18488ce1456,zp8,73,1
88597,CFG_67b539d34471,zp8,73,1
88598,CFG_5514d03a77b0,zp8,73,1
88599,CFG_a34f76b67ef4,zp8,73,1
88600,CFG_f18488ce1456,zp8,73,1
88601,CFG_1d0f84c0bb06,zp8,73,1
88602,CFG_1ec55dc0a2ff,zp8,73,1
88603,CFG_29c3378e155b,zp8,73,1
88604,CFG_f18488ce1456,zp8,73,1
88605,CFG_773ac98270b6,zp8,73,1
88606,CFG_77c8b99b43d9,zp8,73,1
88607,CFG_77c8b99b43d9,zp8,73,1
88608,CFG_77c8b99b43d9,zp8,73,1
88609,CFG_77c8b99b43d9,zp8,73,1
88610,CFG_77c8b99b43d9,zp8,73,1
88611,CFG_a34f76b67ef4,zp8,73,1
88612,CFG_77c8b99b43d9,zp8,73,1
88613,CFG_1738a11cbd49,zp8,73,1
88614,CFG_77c8b99b43d9,zp8,73,1
88615,CFG_67b539d34471,zp8,73,1
88616,CFG_77c8b99b43d9,zp8,73,1
88617,CFG_77c8b99b43d9,zp8,73,1
88618,CFG_29c3378e155b,zp8,73,1
88619,CFG_755205a28938,zp8,73,1
88620,CFG_77c8b99b43d9,zp8,73,1
88621,CFG_bd6412fc68b0,zp8,73,1
88622,CFG_67b539d34471,zp8,73,1
88623,CFG_8bfc9d62299c,zp8,73,1
88624,CFG_77c8b99b43d9,zp8,73,1
88625,CFG_ffde3ea1b2e3,zp8,73,1
88626,CFG_77c8b99b43d9,zp8,73,1
88627,CFG_67b539d34471,zp8,73,1
88628,CFG_c94b44f1b2f9,zp8,73,1
88629,CFG_755205a28938,zp8,73,1
88630,CFG_ac213567a5a2,zp8,73,1
88631,CFG_77c8b99b43d9,zp8,73,1
88632,CFG_77c8b99b43d9,zp8,73,1
88633,CFG_77c8b99b43d9,zp8,73,1
88634,CFG_77c8b99b43d9,zp8,73,1
88635,CFG_77c8b99b43d9,zp8,73,1
88636,CFG_a34f76b67ef4,zp8,73,1
88637,CFG_77c8b99b43d9,zp8,73,1
88638,CFG_1738a11cbd49,zp8,73,1
88639,CFG_77c8b99b43d9,zp8,73,1
88640,CFG_67b539d34471,zp8,73,1
88641,CFG_77c8b99b43d9,zp8,73,1
88642,CFG_77c8b99b43d9,zp8,73,1
88643,CFG_29c3378e155b,zp8,73,1
88644,CFG_755205a28938,zp8,73,1
88645,CFG_77c8b99b43d9,zp8,73,1
88646,CFG_bd6412fc68b0,zp8,73,1
88647,CFG_67b539d34471,zp8,73,1
88648,CFG_8bfc9d62299c,zp8,73,1
88649,CFG_77c8b99b43d9,zp8,73,1
88650,CFG_ffde3ea1b2e3,zp8,73,1
88651,CFG_77c8b99b43d9,zp8,73,1
88652,CFG_d39c77a1a4bf,zp8,73,1
88653,CFG_773ac98270b6,zp8,73,1
88654,CFG_f18488ce1456,zp8,73,1
88655,CFG_deda15f4c4a8,zp8,73,1
88656,CFG_e87513c8563d,zp8,73,1
88657,CFG_39fe645ba2f1,zp8,73,1
88658,CFG_9178f775d49a,zp8,73,1
88659,CFG_77c8b99b43d9,zp8,73,1
88660,CFG_77c8b99b43d9,zp8,73,1
88661,CFG_77c8b99b43d9,zp8,73,1
88662,CFG_77c8b99b43d9,zp8,73,1
88663,CFG_77c8b99b43d9,zp8,73,1
88664,CFG_a34f76b67ef4,zp8,73,1
88665,CFG_77c8b99b43d9,zp8,73,1
88666,CFG_1738a11cbd49,zp8,73,1
88667,CFG_77c8b99b43d9,zp8,73,1
88668,CFG_67b539d34471,zp8,73,1
88669,CFG_77c8b99b43d9,zp8,73,1
88670,CFG_77c8b99b43d9,zp8,73,1
88671,CFG_29c3378e155b,zp8,73,1
88672,CFG_755205a28938,zp8,73,1
88673,CFG_77c8b99b43d9,zp8,73,1
88674,CFG_bd6412fc68b0,zp8,73,1
88675,CFG_67b539d34471,zp8,73,1
88676,CFG_8bfc9d62299c,zp8,73,1
88677,CFG_77c8b99b43d9,zp8,73,1
88678,CFG_ffde3ea1b2e3,zp8,73,1
88679,CFG_77c8b99b43d9,zp8,73,1
88680,CFG_67b539d34471,zp8,73,1
88681,CFG_c94b44f1b2f9,zp8,73,1
88682,CFG_755205a28938,zp8,73,1
88683,CFG_ac213567a5a2,zp8,73,1
88684,CFG_77c8b99b43d9,zp8,73,1
88685,CFG_77c8b99b43d9,zp8,73,1
88686,CFG_77c8b99b43d9,zp8,73,1
88687,CFG_77c8b99b43d9,zp8,73,1
88688,CFG_77c8b99b43d9,zp8,73,1
88689,CFG_a34f76b67ef4,zp8,73,1
88690,CFG_77c8b99b43d9,zp8,73,1
88691,CFG_1738a11cbd49,zp8,73,1
88692,CFG_77c8b99b43d9,zp8,73,1
88693,CFG_67b539d34471,zp8,73,1
88694,CFG_77c8b99b43d9,zp8,73,1
88695,CFG_77c8b99b43d9,zp8,73,1
88696,CFG_29c3378e155b,zp8,73,1
88697,CFG_755205a28938,zp8,73,1
88698,CFG_77c8b99b43d9,zp8,73,1
88699,CFG_bd6412fc68b0,zp8,73,1
88700,CFG_67b539d34471,zp8,73,1
88701,CFG_8bfc9d62299c,zp8,73,1
88702,CFG_77c8b99b43d9,zp8,73,1
88703,CFG_ffde3ea1b2e3,zp8,73,1
88704,CFG_77c8b99b43d9,zp8,73,1
88705,CFG_773ac98270b6,zp8,73,1
88706,CFG_c910518048de,zp8,73,1
88707,CFG_cf541d0f8a3a,zp8,73,1
88708,CFG_f18488ce1456,zp8,73,1
88709,CFG_cf541d0f8a3a,zp8,73,1
88710,CFG_f18488ce1456,zp8,73,1
88711,CFG_773ac98270b6,zp8,73,1
88712,CFG_2534839bab0a,zp8,73,1
88713,CFG_8bfc9d62299c,zp8,73,1
88714,CFG_59aede929579,zp8,73,1
88715,CFG_58ae56c3ee5b,zp8,73,1
88716,CFG_1ec55dc0a2ff,zp8,73,1
88717,CFG_e3950fd94ca1,zp8,73,1
88718,CFG_ac213567a5a2,zp8,73,1
88719,CFG_7fa53b7ab3bf,zp8,73,1
88720,CFG_d39c77a1a4bf,zp8,73,1
88721,CFG_67b539d34471,zp8,73,1
88722,CFG_2534839bab0a,zp8,73,1
88723,CFG_65f78a36ed50,zp8,73,1
88724,CFG_1e693796a40d,zp8,73,1
88725,CFG_36f82e31118f,zp8,73,1
88726,CFG_be784e24b621,zp8,73,1
88727,CFG_67b539d34471,zp8,73,1
88728,CFG_67b539d34471,zp8,73,1
88729,CFG_9178f775d49a,zp8,73,1
88730,CFG_67b539d34471,zp8,73,1
88731,CFG_39fe645ba2f1,zp8,73,1
88732,CFG_cc5bbb6e9d13,zp8,73,1
88733,CFG_1738a11cbd49,zp8,73,1
88734,CFG_b2a3cbb134c5,zp8,73,1
88735,CFG_ffde3ea1b2e3,zp8,73,1
88736,CFG_e1e6e0c66c93,zp8,73,1
88737,CFG_36f82e31118f,zp8,73,1
88738,CFG_99b4d8a9c762,zp8,73,1
88739,CFG_8bfc9d62299c,zp8,73,1
88740,CFG_3a3d7179fe0d,zp8,73,1
88741,CFG_5cd0c67d59bc,zp8,73,1
88742,CFG_deda15f4c4a8,zp8,73,1
88743,CFG_b2a3cbb134c5,zp8,73,1
88744,CFG_d7aadf87f0b1,zp8,73,1
88745,CFG_be784e24b621,zp8,73,1
88746,CFG_1d1816b1d9d8,zp8,73,1
88747,CFG_b2a3cbb134c5,zp8,73,1
88748,CFG_755205a28938,zp8,73,1
88749,CFG_e1e6e0c66c93,zp8,73,1
88750,CFG_e1e6e0c66c93,zp8,73,1
88751,CFG_be784e24b621,zp8,73,1
88752,CFG_67b539d34471,zp8,73,1
88753,CFG_5514d03a77b0,zp8,73,1
88754,CFG_77c8b99b43d9,zp8,73,1
88755,CFG_288ddbff7431,zp8,73,1
88756,CFG_8bfc9d62299c,zp8,73,1
88757,CFG_f18488ce1456,zp8,73,1
88758,CFG_9c659499047b,zp8,73,1
88759,CFG_8a51f93d684d,zp8,73,1
88760,CFG_9178f775d49a,zp8,73,1
88761,CFG_f18488ce1456,zp8,73,1
88762,CFG_deda15f4c4a8,zp8,73,1
88763,CFG_f993a0fc6256,zp8,73,1
88764,CFG_b2a3cbb134c5,zp8,73,1
88765,CFG_8a51f93d684d,zp8,73,1
88766,CFG_1d0f84c0bb06,zp8,73,1
88767,CFG_1d0f84c0bb06,zp8,73,1
88768,CFG_67b539d34471,zp8,73,1
88769,CFG_cf541d0f8a3a,zp8,73,1
88770,CFG_59aede929579,zp8,73,1
88771,CFG_de29bb20eaa6,zp8,73,1
88772,CFG_755205a28938,zp8,73,1
88773,CFG_39fe645ba2f1,zp8,73,1
88774,CFG_9178f775d49a,zp8,73,1
88775,CFG_67b539d34471,zp8,73,1
88776,CFG_67b539d34471,zp8,73,1
88777,CFG_cf541d0f8a3a,zp8,73,1
88778,CFG_cf541d0f8a3a,zp8,73,1
88779,CFG_773ac98270b6,zp8,73,1
88780,CFG_b8e6a5652de1,zp8,73,1
88781,CFG_bbea204eb2ac,zp8,73,1
88782,CFG_ceef49456daa,zp8,73,1
88783,CFG_ffde3ea1b2e3,zp8,73,1
88784,CFG_acabbc62a021,zp8,73,1
88785,CFG_939ca62c69c2,zp8,73,1
88786,CFG_5be0533f7ebf,zp8,73,1
88787,CFG_67b539d34471,zp8,73,1
88788,CFG_7fa53b7ab3bf,zp8,73,1
88789,CFG_b2a3cbb134c5,zp8,73,1
88790,CFG_1738a11cbd49,zp8,73,1
88791,CFG_9c659499047b,zp8,73,1
88792,CFG_8bfc9d62299c,zp8,73,1
88793,CFG_be784e24b621,zp8,73,1
88794,CFG_6caaadb373ea,zp8,73,1
88795,CFG_e87513c8563d,zp8,73,1
88796,CFG_be784e24b621,zp8,73,1
88797,CFG_be784e24b621,zp8,73,1
88798,CFG_f18488ce1456,zp8,73,1
88799,CFG_d7aadf87f0b1,zp8,73,1
88800,CFG_b8e6a5652de1,zp8,73,1
88801,CFG_be784e24b621,zp8,73,1
88802,CFG_59aede929579,zp8,73,1
88803,CFG_d7aadf87f0b1,zp8,73,1
88804,CFG_1e693796a40d,zp8,73,1
88805,CFG_1ec55dc0a2ff,zp8,73,1
88806,CFG_b2a3cbb134c5,zp8,73,1
88807,CFG_59aede929579,zp8,73,1
88808,CFG_9c659499047b,zp8,73,1
88809,CFG_755205a28938,zp8,73,1
88810,CFG_d7aadf87f0b1,zp8,73,1
88811,CFG_a34f76b67ef4,zp8,73,1
88812,CFG_d96b0c9e44d0,zp8,73,1
88813,CFG_2534839bab0a,zp8,73,1
88814,CFG_3a3d7179fe0d,zp8,73,1
88815,CFG_39fe645ba2f1,zp8,73,1
88816,CFG_6ff9e417e386,zp8,73,1
88817,CFG_ac213567a5a2,zp8,73,1
88818,CFG_bbea204eb2ac,zp8,73,1
88819,CFG_9c659499047b,zp8,73,1
88820,CFG_b2a3cbb134c5,zp8,73,1
88821,CFG_bd6412fc68b0,zp8,73,1
88822,CFG_d39c77a1a4bf,zp8,73,1
88823,CFG_e3950fd94ca1,zp8,73,1
88824,CFG_36f82e31118f,zp8,73,1
88825,CFG_1ec55dc0a2ff,zp8,73,1
88826,CFG_773ac98270b6,zp8,73,1
88827,CFG_773ac98270b6,zp8,73,1
88828,CFG_939ca62c69c2,zp8,73,1
88829,CFG_b2a3cbb134c5,zp8,73,1
88830,CFG_275e4ca07248,zp8,73,1
88831,CFG_275e4ca07248,zp8,73,1
88832,CFG_cc5bbb6e9d13,zp8,73,1
88833,CFG_a34f76b67ef4,zp8,73,1
88834,CFG_3a3d7179fe0d,zp8,73,1
88835,CFG_e3950fd94ca1,zp8,73,1
88836,CFG_9178f775d49a,zp8,73,1
88837,CFG_1ec55dc0a2ff,zp8,73,1
88838,CFG_710c47edfbc8,zp8,73,1
88839,CFG_67b539d34471,zp8,73,1
88840,CFG_17620e2785dc,zp8,73,1
88841,CFG_727914633b9e,zp8,73,1
88842,CFG_5531dad98c69,zp8,73,1
88843,CFG_cf541d0f8a3a,zp8,73,1
88844,CFG_9178f775d49a,zp8,73,1
88845,CFG_f18488ce1456,zp8,73,1
88846,CFG_a292c20a75fd,zp8,73,1
88847,CFG_36f82e31118f,zp8,73,1
88848,CFG_7fa53b7ab3bf,zp8,73,1
88849,CFG_f18488ce1456,zp8,73,1
88850,CFG_bd6412fc68b0,zp8,73,1
88851,CFG_67b539d34471,zp8,73,1
88852,CFG_1ec55dc0a2ff,zp8,73,1
88853,CFG_c910518048de,zp8,73,1
88854,CFG_e3950fd94ca1,zp8,73,1
88855,CFG_1ec55dc0a2ff,zp8,73,1
88856,CFG_17620e2785dc,zp8,73,1
88857,CFG_b8e6a5652de1,zp8,73,1
88858,CFG_cf541d0f8a3a,zp8,73,1
88859,CFG_f18488ce1456,zp8,73,1
88860,CFG_3a3d7179fe0d,zp8,73,1
88861,CFG_ac213567a5a2,zp8,73,1
88862,CFG_65f78a36ed50,zp8,73,1
88863,CFG_be784e24b621,zp8,73,1
88864,CFG_b8e6a5652de1,zp8,73,1
88865,CFG_9178f775d49a,zp8,73,1
88866,CFG_59aede929579,zp8,73,1
88867,CFG_1ec55dc0a2ff,zp8,73,1
88868,CFG_8a51f93d684d,zp8,73,1
88869,CFG_a292c20a75fd,zp8,73,1
88870,CFG_727914633b9e,zp8,73,1
88871,CFG_36f82e31118f,zp8,73,1
88872,CFG_8bfc9d62299c,zp8,73,1
88873,CFG_9178f775d49a,zp8,73,1
88874,CFG_f18488ce1456,zp8,73,1
88875,CFG_9c659499047b,zp8,73,1
88876,CFG_7fa53b7ab3bf,zp8,73,1
88877,CFG_8a51f93d684d,zp8,73,1
88878,CFG_e1e6e0c66c93,zp8,73,1
88879,CFG_3697b100c401,zp8,73,1
88880,CFG_e1e6e0c66c93,zp8,73,1
88881,CFG_3a3d7179fe0d,zp8,73,1
88882,CFG_ffde3ea1b2e3,zp8,73,1
88883,CFG_1ec55dc0a2ff,zp8,73,1
88884,CFG_2534839bab0a,zp8,73,1
88885,CFG_67b539d34471,zp8,73,1
88886,CFG_1ec55dc0a2ff,zp8,73,1
88887,CFG_3a3d7179fe0d,zp8,73,1
88888,CFG_2154b722e06b,zp8,73,1
88889,CFG_e1e6e0c66c93,zp8,73,1
88890,CFG_7fa53b7ab3bf,zp8,73,1
88891,CFG_1ec55dc0a2ff,zp8,73,1
88892,CFG_39fe645ba2f1,zp8,73,1
88893,CFG_36f82e31118f,zp8,73,1
88894,CFG_8a51f93d684d,zp8,73,1
88895,CFG_ac213567a5a2,zp8,73,1
88896,CFG_a34f76b67ef4,zp8,73,1
88897,CFG_cf541d0f8a3a,zp8,73,1
88898,CFG_f18488ce1456,zp8,73,1
88899,CFG_9178f775d49a,zp8,73,1
88900,CFG_59aede929579,zp8,73,1
88901,CFG_3e489afc8bfd,zp8,73,1
88902,CFG_710c47edfbc8,zp8,73,1
88903,CFG_1738a11cbd49,zp8,73,1
88904,CFG_a34f76b67ef4,zp8,73,1
88905,CFG_5514d03a77b0,zp8,73,1
88906,CFG_1738a11cbd49,zp8,73,1
88907,CFG_deda15f4c4a8,zp8,73,1
88908,CFG_acabbc62a021,zp8,73,1
88909,CFG_be784e24b621,zp8,73,1
88910,CFG_8a51f93d684d,zp8,73,1
88911,CFG_1e693796a40d,zp8,73,1
88912,CFG_59f154754573,zp8,73,1
88913,CFG_7fa53b7ab3bf,zp8,73,1
88914,CFG_9c659499047b,zp8,73,1
88915,CFG_e1e6e0c66c93,zp8,73,1
88916,CFG_d96b0c9e44d0,zp8,73,1
88917,CFG_3697b100c401,zp8,73,1
88918,CFG_1747d90ed031,zp8,73,1
88919,CFG_9178f775d49a,zp8,73,1
88920,CFG_5514d03a77b0,zp8,73,1
88921,CFG_d7aadf87f0b1,zp8,73,1
88922,CFG_59aede929579,zp8,73,1
88923,CFG_59f154754573,zp8,73,1
88924,CFG_39fe645ba2f1,zp8,73,1
88925,CFG_e1e6e0c66c93,zp8,73,1
88926,CFG_e3950fd94ca1,zp8,73,1
88927,CFG_99b4d8a9c762,zp8,73,1
88928,CFG_b2a3cbb134c5,zp8,73,1
88929,CFG_f18488ce1456,zp8,73,1
88930,CFG_b04e3d146803,zp8,73,1
88931,CFG_ffde3ea1b2e3,zp8,73,1
88932,CFG_f18488ce1456,zp8,73,1
88933,CFG_5851809b712d,zp8,73,1
88934,CFG_29c3378e155b,zp8,73,1
88935,CFG_5cd0c67d59bc,zp8,73,1
88936,CFG_773ac98270b6,zp8,73,1
88937,CFG_e3386d946379,zp8,73,1
88938,CFG_637b6e72af93,zp8,73,1
88939,CFG_4cd2b98cde9e,zp8,73,1
88940,CFG_1ec55dc0a2ff,zp8,73,1
88941,CFG_d96b0c9e44d0,zp8,73,1
88942,CFG_939ca62c69c2,zp8,73,1
88943,CFG_d96b0c9e44d0,zp8,73,1
88944,CFG_bbea204eb2ac,zp8,73,1
88945,CFG_9178f775d49a,zp8,73,1
88946,CFG_1ec55dc0a2ff,zp8,73,1
88947,CFG_1738a11cbd49,zp8,73,1
88948,CFG_d7aadf87f0b1,zp8,73,1
88949,CFG_2154b722e06b,zp8,73,1
88950,CFG_67b539d34471,zp8,73,1
88951,CFG_5851809b712d,zp8,73,1
88952,CFG_67b539d34471,zp8,73,1
88953,CFG_e1e6e0c66c93,zp8,73,1
88954,CFG_e3950fd94ca1,zp8,73,1
88955,CFG_c94b44f1b2f9,zp8,73,1
88956,CFG_cf541d0f8a3a,zp8,73,1
88957,CFG_727914633b9e,zp8,73,1
88958,CFG_39fe645ba2f1,zp8,73,1
88959,CFG_1d0f84c0bb06,zp8,73,1
88960,CFG_b04e3d146803,zp8,73,1
88961,CFG_67b539d34471,zp8,73,1
88962,CFG_7cd4c6b023c5,zp8,73,1
88963,CFG_deda15f4c4a8,zp8,73,1
88964,CFG_9178f775d49a,zp8,73,1
88965,CFG_f90a73d2a477,zp8,73,1
88966,CFG_67b539d34471,zp8,73,1
88967,CFG_939ca62c69c2,zp8,73,1
88968,CFG_59f154754573,zp8,73,1
88969,CFG_2154b722e06b,zp8,73,1
88970,CFG_8a51f93d684d,zp8,73,1
88971,CFG_cc5bbb6e9d13,zp8,73,1
88972,CFG_36f82e31118f,zp8,73,1
88973,CFG_773ac98270b6,zp8,73,1
88974,CFG_17620e2785dc,zp8,73,1
88975,CFG_f18488ce1456,zp8,73,1
88976,CFG_d96b0c9e44d0,zp8,73,1
88977,CFG_59aede929579,zp8,73,1
88978,CFG_8bfc9d62299c,zp8,73,1
88979,CFG_36f82e31118f,zp8,73,1
88980,CFG_7cd4c6b023c5,zp8,73,1
88981,CFG_1d1816b1d9d8,zp8,73,1
88982,CFG_ffde3ea1b2e3,zp8,73,1
88983,CFG_7fa53b7ab3bf,zp8,73,1
88984,CFG_2534839bab0a,zp8,73,1
88985,CFG_b2a3cbb134c5,zp8,73,1
88986,CFG_be784e24b621,zp8,73,1
88987,CFG_ac213567a5a2,zp8,73,1
88988,CFG_3278d3379c8a,zp8,73,1
88989,CFG_9178f775d49a,zp8,73,1
88990,CFG_b2a3cbb134c5,zp8,73,1
88991,CFG_5851809b712d,zp8,73,1
88992,CFG_f18488ce1456,zp8,73,1
88993,CFG_f18488ce1456,zp8,73,1
88994,CFG_5851809b712d,zp8,73,1
88995,CFG_9c659499047b,zp8,73,1
88996,CFG_36f82e31118f,zp8,73,1
88997,CFG_d96b0c9e44d0,zp8,73,1
88998,CFG_f18488ce1456,zp8,73,1
88999,CFG_36f82e31118f,zp8,73,1
89000,CFG_17620e2785dc,zp8,73,1
89001,CFG_cf541d0f8a3a,zp8,73,1
89002,CFG_e3950fd94ca1,zp8,73,1
89003,CFG_2534839bab0a,zp8,73,1
89004,CFG_deda15f4c4a8,zp8,73,1
89005,CFG_d96b0c9e44d0,zp8,73,1
89006,CFG_802041076799,zp8,73,1
89007,CFG_1ec55dc0a2ff,zp8,73,1
89008,CFG_de29bb20eaa6,zp8,73,1
89009,CFG_5531dad98c69,zp8,73,1
89010,CFG_2534839bab0a,zp8,73,1
89011,CFG_9c659499047b,zp8,73,1
89012,CFG_e87513c8563d,zp8,73,1
89013,CFG_3278d3379c8a,zp8,73,1
89014,CFG_8bfc9d62299c,zp8,73,1
89015,CFG_1738a11cbd49,zp8,73,1
89016,CFG_e3950fd94ca1,zp8,73,1
89017,CFG_1738a11cbd49,zp8,73,1
89018,CFG_f18488ce1456,zp8,73,1
89019,CFG_29c3378e155b,zp8,73,1
89020,CFG_f18488ce1456,zp8,73,1
89021,CFG_8bfc9d62299c,zp8,73,1
89022,CFG_2534839bab0a,zp8,73,1
89023,CFG_773ac98270b6,zp8,73,1
89024,CFG_deda15f4c4a8,zp8,73,1
89025,CFG_59aede929579,zp8,73,1
89026,CFG_2154b722e06b,zp8,73,1
89027,CFG_d96b0c9e44d0,zp8,73,1
89028,CFG_5531dad98c69,zp8,73,1
89029,CFG_e1e6e0c66c93,zp8,73,1
89030,CFG_deda15f4c4a8,zp8,73,1
89031,CFG_ceef49456daa,zp8,73,1
89032,CFG_f18488ce1456,zp8,73,1
89033,CFG_ce5b3e9775e9,zp8,73,1
89034,CFG_f18488ce1456,zp8,73,1
89035,CFG_cf541d0f8a3a,zp8,73,1
89036,CFG_d39c77a1a4bf,zp8,73,1
89037,CFG_ffde3ea1b2e3,zp8,73,1
89038,CFG_67b539d34471,zp8,73,1
89039,CFG_755205a28938,zp8,73,1
89040,CFG_f18488ce1456,zp8,73,1
89041,CFG_a1ebd0490272,zp8,73,1
89042,CFG_e3950fd94ca1,zp8,73,1
89043,CFG_67b539d34471,zp8,73,1
89044,CFG_f18488ce1456,zp8,73,1
89045,CFG_f18488ce1456,zp8,73,1
89046,CFG_710c47edfbc8,zp8,73,1
89047,CFG_deda15f4c4a8,zp8,73,1
89048,CFG_9c659499047b,zp8,73,1
89049,CFG_67b539d34471,zp8,73,1
89050,CFG_f18488ce1456,zp8,73,1
89051,CFG_e1e6e0c66c93,zp8,73,1
89052,CFG_8a51f93d684d,zp8,73,1
89053,CFG_b8e6a5652de1,zp8,73,1
89054,CFG_5531dad98c69,zp8,73,1
89055,CFG_d96b0c9e44d0,zp8,73,1
89056,CFG_36f82e31118f,zp8,73,1
89057,CFG_ffde3ea1b2e3,zp8,73,1
89058,CFG_6caaadb373ea,zp8,73,1
89059,CFG_67b539d34471,zp8,73,1
89060,CFG_755205a28938,zp8,73,1
89061,CFG_532891bb36ca,zp8,73,1
89062,CFG_1ec55dc0a2ff,zp8,73,1
89063,CFG_b8e6a5652de1,zp8,73,1
89064,CFG_59f154754573,zp8,73,1
89065,CFG_be784e24b621,zp8,73,1
89066,CFG_36f82e31118f,zp8,73,1
89067,CFG_5cd0c67d59bc,zp8,73,1
89068,CFG_59f154754573,zp8,73,1
89069,CFG_939ca62c69c2,zp8,73,1
89070,CFG_67b539d34471,zp8,73,1
89071,CFG_b0eabb76b70f,zp8,73,1
89072,CFG_e3386d946379,zp8,73,1
89073,CFG_b8e6a5652de1,zp8,73,1
89074,CFG_9c659499047b,zp8,73,1
89075,CFG_58ae56c3ee5b,zp8,73,1
89076,CFG_17620e2785dc,zp8,73,1
89077,CFG_cf541d0f8a3a,zp8,73,1
89078,CFG_67b539d34471,zp8,73,1
89079,CFG_9c659499047b,zp8,73,1
89080,CFG_112bf773e97d,zp8,73,1
89081,CFG_1738a11cbd49,zp8,73,1
89082,CFG_5514d03a77b0,zp8,73,1
89083,CFG_f18488ce1456,zp8,73,1
89084,CFG_a292c20a75fd,zp8,73,1
89085,CFG_bbea204eb2ac,zp8,73,1
89086,CFG_cf6528e23789,zp8,73,1
89087,CFG_3a3d7179fe0d,zp8,73,1
89088,CFG_9c659499047b,zp8,73,1
89089,CFG_e3950fd94ca1,zp8,73,1
89090,CFG_9178f775d49a,zp8,73,1
89091,CFG_710c47edfbc8,zp8,73,1
89092,CFG_9c659499047b,zp8,73,1
89093,CFG_b2a3cbb134c5,zp8,73,1
89094,CFG_773ac98270b6,zp8,73,1
89095,CFG_755205a28938,zp8,73,1
89096,CFG_cf541d0f8a3a,zp8,73,1
89097,CFG_1ec55dc0a2ff,zp8,73,1
89098,CFG_59f154754573,zp8,73,1
89099,CFG_a34f76b67ef4,zp8,73,1
89100,CFG_f18488ce1456,zp8,73,1
89101,CFG_755205a28938,zp8,73,1
89102,CFG_773ac98270b6,zp8,73,1
89103,CFG_36f82e31118f,zp8,73,1
89104,CFG_67b539d34471,zp8,73,1
89105,CFG_5cd0c67d59bc,zp8,73,1
89106,CFG_8f2957e28805,zp8,73,1
89107,CFG_65f78a36ed50,zp8,73,1
89108,CFG_dda2f907b868,zp8,73,1
89109,CFG_f18488ce1456,zp8,73,1
89110,CFG_773ac98270b6,zp8,73,1
89111,CFG_a34f76b67ef4,zp8,73,1
89112,CFG_8bfc9d62299c,zp8,73,1
89113,CFG_3278d3379c8a,zp8,73,1
89114,CFG_773ac98270b6,zp8,73,1
89115,CFG_8bfc9d62299c,zp8,73,1
89116,CFG_d96b0c9e44d0,zp8,73,1
89117,CFG_cf541d0f8a3a,zp8,73,1
89118,CFG_1ec55dc0a2ff,zp8,73,1
89119,CFG_939ca62c69c2,zp8,73,1
89120,CFG_1e693796a40d,zp8,73,1
89121,CFG_5514d03a77b0,zp8,73,1
89122,CFG_3a3d7179fe0d,zp8,73,1
89123,CFG_d96b0c9e44d0,zp8,73,1
89124,CFG_7fa53b7ab3bf,zp8,73,1
89125,CFG_939ca62c69c2,zp8,73,1
89126,CFG_e3950fd94ca1,zp8,73,1
89127,CFG_b2a3cbb134c5,zp8,73,1
89128,CFG_1ec55dc0a2ff,zp8,73,1
89129,CFG_7fa53b7ab3bf,zp8,73,1
89130,CFG_b2a3cbb134c5,zp8,73,1
89131,CFG_710c47edfbc8,zp8,73,1
89132,CFG_59aede929579,zp8,73,1
89133,CFG_a34f76b67ef4,zp8,73,1
89134,CFG_d7aadf87f0b1,zp8,73,1
89135,CFG_7fa53b7ab3bf,zp8,73,1
89136,CFG_be784e24b621,zp8,73,1
89137,CFG_cf541d0f8a3a,zp8,73,1
89138,CFG_773ac98270b6,zp8,73,1
89139,CFG_a292c20a75fd,zp8,73,1
89140,CFG_bbea204eb2ac,zp8,73,1
89141,CFG_e1e6e0c66c93,zp8,73,1
89142,CFG_1ec55dc0a2ff,zp8,73,1
89143,CFG_59aede929579,zp8,73,1
89144,CFG_710c47edfbc8,zp8,73,1
89145,CFG_36f82e31118f,zp8,73,1
89146,CFG_a1d878e7d840,zp8,73,1
89147,CFG_5cd0c67d59bc,zp8,73,1
89148,CFG_67b539d34471,zp8,73,1
89149,CFG_8a3f0c7c09a9,zp8,73,1
89150,CFG_cf541d0f8a3a,zp8,73,1
89151,CFG_773ac98270b6,zp8,73,1
89152,CFG_8a51f93d684d,zp8,73,1
89153,CFG_d7aadf87f0b1,zp8,73,1
89154,CFG_17620e2785dc,zp8,73,1
89155,CFG_1ec55dc0a2ff,zp8,73,1
89156,CFG_8a51f93d684d,zp8,73,1
89157,CFG_625048fefa0b,zp8,73,1
89158,CFG_f18488ce1456,zp8,73,1
89159,CFG_8bfc9d62299c,zp8,73,1
89160,CFG_b2bb984b770a,zp8,73,1
89161,CFG_f18488ce1456,zp8,73,1
89162,CFG_ffde3ea1b2e3,zp8,73,1
89163,CFG_67b539d34471,zp8,73,1
89164,CFG_8a51f93d684d,zp8,73,1
89165,CFG_755205a28938,zp8,73,1
89166,CFG_a1d878e7d840,zp8,73,1
89167,CFG_f18488ce1456,zp8,73,1
89168,CFG_1ec55dc0a2ff,zp8,73,1
89169,CFG_2154b722e06b,zp8,73,1
89170,CFG_f18488ce1456,zp8,73,1
89171,CFG_de29bb20eaa6,zp8,73,1
89172,CFG_939ca62c69c2,zp8,73,1
89173,CFG_1ec55dc0a2ff,zp8,73,1
89174,CFG_8bfc9d62299c,zp8,73,1
89175,CFG_d96b0c9e44d0,zp8,73,1
89176,CFG_9c659499047b,zp8,73,1
89177,CFG_b0eabb76b70f,zp8,73,1
89178,CFG_6caaadb373ea,zp8,73,1
89179,CFG_1ec55dc0a2ff,zp8,73,1
89180,CFG_d39c77a1a4bf,zp8,73,1
89181,CFG_275e4ca07248,zp8,73,1
89182,CFG_67b539d34471,zp8,73,1
89183,CFG_cf541d0f8a3a,zp8,73,1
89184,CFG_d0face5aa80d,zp8,73,1
89185,CFG_ffde3ea1b2e3,zp8,73,1
89186,CFG_d96b0c9e44d0,zp8,73,1
89187,CFG_e3950fd94ca1,zp8,73,1
89188,CFG_7fa53b7ab3bf,zp8,73,1
89189,CFG_ffde3ea1b2e3,zp8,73,1
89190,CFG_65f78a36ed50,zp8,73,1
89191,CFG_8a51f93d684d,zp8,73,1
89192,CFG_ffde3ea1b2e3,zp8,73,1
89193,CFG_e1e6e0c66c93,zp8,73,1
89194,CFG_1738a11cbd49,zp8,73,1
89195,CFG_625048fefa0b,zp8,73,1
89196,CFG_6caaadb373ea,zp8,73,1
89197,CFG_1738a11cbd49,zp8,73,1
89198,CFG_17620e2785dc,zp8,73,1
89199,CFG_f18488ce1456,zp8,73,1
89200,CFG_bbea204eb2ac,zp8,73,1
89201,CFG_8a51f93d684d,zp8,73,1
89202,CFG_d96b0c9e44d0,zp8,73,1
89203,CFG_1738a11cbd49,zp8,73,1
89204,CFG_9c659499047b,zp8,73,1
89205,CFG_7155e4ee7bdf,zp8,73,1
89206,CFG_b2a3cbb134c5,zp8,73,1
89207,CFG_a292c20a75fd,zp8,73,1
89208,CFG_67b539d34471,zp8,73,1
89209,CFG_67b539d34471,zp8,73,1
89210,CFG_2534839bab0a,zp8,73,1
89211,CFG_5514d03a77b0,zp8,73,1
89212,CFG_36f82e31118f,zp8,73,1
89213,CFG_3278d3379c8a,zp8,73,1
89214,CFG_8a51f93d684d,zp8,73,1
89215,CFG_939ca62c69c2,zp8,73,1
89216,CFG_59f154754573,zp8,73,1
89217,CFG_2154b722e06b,zp8,73,1
89218,CFG_67b539d34471,zp8,73,1
89219,CFG_f18488ce1456,zp8,73,1
89220,CFG_36f82e31118f,zp8,73,1
89221,CFG_773ac98270b6,zp8,73,1
89222,CFG_39fe645ba2f1,zp8,73,1
89223,CFG_a1ebd0490272,zp8,73,1
89224,CFG_be784e24b621,zp8,73,1
89225,CFG_2154b722e06b,zp8,73,1
89226,CFG_67b539d34471,zp8,73,1
89227,CFG_1738a11cbd49,zp8,73,1
89228,CFG_9178f775d49a,zp8,73,1
89229,CFG_deda15f4c4a8,zp8,73,1
89230,CFG_755205a28938,zp8,73,1
89231,CFG_5851809b712d,zp8,73,1
89232,CFG_39fe645ba2f1,zp8,73,1
89233,CFG_b2a3cbb134c5,zp8,73,1
89234,CFG_d96b0c9e44d0,zp8,73,1
89235,CFG_d96b0c9e44d0,zp8,73,1
89236,CFG_59f154754573,zp8,73,1
89237,CFG_288ddbff7431,zp8,73,1
89238,CFG_a1ebd0490272,zp8,73,1
89239,CFG_b2a3cbb134c5,zp8,73,1
89240,CFG_1ec55dc0a2ff,zp8,73,1
89241,CFG_de29bb20eaa6,zp8,73,1
89242,CFG_9178f775d49a,zp8,73,1
89243,CFG_67b539d34471,zp8,73,1
89244,CFG_1738a11cbd49,zp8,73,1
89245,CFG_2154b722e06b,zp8,73,1
89246,CFG_1ec55dc0a2ff,zp8,73,1
89247,CFG_9c659499047b,zp8,73,1
89248,CFG_b2a3cbb134c5,zp8,73,1
89249,CFG_f18488ce1456,zp8,73,1
89250,CFG_8bfc9d62299c,zp8,73,1
89251,CFG_ac213567a5a2,zp8,73,1
89252,CFG_b2a3cbb134c5,zp8,73,1
89253,CFG_e3950fd94ca1,zp8,73,1
89254,CFG_59aede929579,zp8,73,1
89255,CFG_cf541d0f8a3a,zp8,73,1
89256,CFG_9178f775d49a,zp8,73,1
89257,CFG_1ec55dc0a2ff,zp8,73,1
89258,CFG_e3386d946379,zp8,73,1
89259,CFG_9178f775d49a,zp8,73,1
89260,CFG_3278d3379c8a,zp8,73,1
89261,CFG_8bfc9d62299c,zp8,73,1
89262,CFG_1ec55dc0a2ff,zp8,73,1
89263,CFG_a1d878e7d840,zp8,73,1
89264,CFG_9178f775d49a,zp8,73,1
89265,CFG_b2a3cbb134c5,zp8,73,1
89266,CFG_1ec55dc0a2ff,zp8,73,1
89267,CFG_36f82e31118f,zp8,73,1
89268,CFG_a34f76b67ef4,zp8,73,1
89269,CFG_755205a28938,zp8,73,1
89270,CFG_b2a3cbb134c5,zp8,73,1
89271,CFG_7155e4ee7bdf,zp8,73,1
89272,CFG_67b539d34471,zp8,73,1
89273,CFG_be784e24b621,zp8,73,1
89274,CFG_773ac98270b6,zp8,73,1
89275,CFG_ceef49456daa,zp8,73,1
89276,CFG_29c3378e155b,zp8,73,1
89277,CFG_deda15f4c4a8,zp8,73,1
89278,CFG_3a3d7179fe0d,zp8,73,1
89279,CFG_8a51f93d684d,zp8,73,1
89280,CFG_9c659499047b,zp8,73,1
89281,CFG_f18488ce1456,zp8,73,1
89282,CFG_59aede929579,zp8,73,1
89283,CFG_3278d3379c8a,zp8,73,1
89284,CFG_ffde3ea1b2e3,zp8,73,1
89285,CFG_5cd0c67d59bc,zp8,73,1
89286,CFG_d39c77a1a4bf,zp8,73,1
89287,CFG_8a51f93d684d,zp8,73,1
89288,CFG_1ec55dc0a2ff,zp8,73,1
89289,CFG_5be0533f7ebf,zp8,73,1
89290,CFG_802041076799,zp8,73,1
89291,CFG_755205a28938,zp8,73,1
89292,CFG_59aede929579,zp8,73,1
89293,CFG_f18488ce1456,zp8,73,1
89294,CFG_a292c20a75fd,zp8,73,1
89295,CFG_acabbc62a021,zp8,73,1
89296,CFG_29c3378e155b,zp8,73,1
89297,CFG_a34f76b67ef4,zp8,73,1
89298,CFG_f18488ce1456,zp8,73,1
89299,CFG_288ddbff7431,zp8,73,1
89300,CFG_ac213567a5a2,zp8,73,1
89301,CFG_e3950fd94ca1,zp8,73,1
89302,CFG_5be0533f7ebf,zp8,73,1
89303,CFG_1ec55dc0a2ff,zp8,73,1
89304,CFG_36f82e31118f,zp8,73,1
89305,CFG_9178f775d49a,zp8,73,1
89306,CFG_a34f76b67ef4,zp8,73,1
89307,CFG_7fa53b7ab3bf,zp8,73,1
89308,CFG_67b539d34471,zp8,73,1
89309,CFG_8a51f93d684d,zp8,73,1
89310,CFG_67b539d34471,zp8,73,1
89311,CFG_b2a3cbb134c5,zp8,73,1
89312,CFG_36f82e31118f,zp8,73,1
89313,CFG_b2a3cbb134c5,zp8,73,1
89314,CFG_773ac98270b6,zp8,73,1
89315,CFG_275e4ca07248,zp8,73,1
89316,CFG_9178f775d49a,zp8,73,1
89317,CFG_59f154754573,zp8,73,1
89318,CFG_cf6528e23789,zp8,73,1
89319,CFG_e3950fd94ca1,zp8,73,1
89320,CFG_3697b100c401,zp8,73,1
89321,CFG_2154b722e06b,zp8,73,1
89322,CFG_cc5bbb6e9d13,zp8,73,1
89323,CFG_e87513c8563d,zp8,73,1
89324,CFG_b2a3cbb134c5,zp8,73,1
89325,CFG_8a51f93d684d,zp8,73,1
89326,CFG_f18488ce1456,zp8,73,1
89327,CFG_1ec55dc0a2ff,zp8,73,1
89328,CFG_3a3d7179fe0d,zp8,73,1
89329,CFG_f18488ce1456,zp8,73,1
89330,CFG_a1d878e7d840,zp8,73,1
89331,CFG_39fe645ba2f1,zp8,73,1
89332,CFG_dda2f907b868,zp8,73,1
89333,CFG_f18488ce1456,zp8,73,1
89334,CFG_710c47edfbc8,zp8,73,1
89335,CFG_9c659499047b,zp8,73,1
89336,CFG_de29bb20eaa6,zp8,73,1
89337,CFG_e3950fd94ca1,zp8,73,1
89338,CFG_d7aadf87f0b1,zp8,73,1
89339,CFG_c94b44f1b2f9,zp8,73,1
89340,CFG_8a51f93d684d,zp8,73,1
89341,CFG_17620e2785dc,zp8,73,1
89342,CFG_59f154754573,zp8,73,1
89343,CFG_d0face5aa80d,zp8,73,1
89344,CFG_8a51f93d684d,zp8,73,1
89345,CFG_288ddbff7431,zp8,73,1
89346,CFG_be784e24b621,zp8,73,1
89347,CFG_d96b0c9e44d0,zp8,73,1
89348,CFG_7fa53b7ab3bf,zp8,73,1
89349,CFG_939ca62c69c2,zp8,73,1
89350,CFG_773ac98270b6,zp8,73,1
89351,CFG_9178f775d49a,zp8,73,1
89352,CFG_773ac98270b6,zp8,73,1
89353,CFG_a1d878e7d840,zp8,73,1
89354,CFG_727914633b9e,zp8,73,1
89355,CFG_e3386d946379,zp8,73,1
89356,CFG_deda15f4c4a8,zp8,73,1
89357,CFG_b2a3cbb134c5,zp8,73,1
89358,CFG_be784e24b621,zp8,73,1
89359,CFG_2154b722e06b,zp8,73,1
89360,CFG_9178f775d49a,zp8,73,1
89361,CFG_e1e6e0c66c93,zp8,73,1
89362,CFG_deda15f4c4a8,zp8,73,1
89363,CFG_7cd4c6b023c5,zp8,73,1
89364,CFG_f18488ce1456,zp8,73,1
89365,CFG_7cd4c6b023c5,zp8,73,1
89366,CFG_c94b44f1b2f9,zp8,73,1
89367,CFG_b2a3cbb134c5,zp8,73,1
89368,CFG_3a3d7179fe0d,zp8,73,1
89369,CFG_d7aadf87f0b1,zp8,73,1
89370,CFG_939ca62c69c2,zp8,73,1
89371,CFG_f18488ce1456,zp8,73,1
89372,CFG_8a51f93d684d,zp8,73,1
89373,CFG_7fa53b7ab3bf,zp8,73,1
89374,CFG_b2a3cbb134c5,zp8,73,1
89375,CFG_727914633b9e,zp8,73,1
89376,CFG_36f82e31118f,zp8,73,1
89377,CFG_773ac98270b6,zp8,73,1
89378,CFG_939ca62c69c2,zp8,73,1
89379,CFG_3a3d7179fe0d,zp8,73,1
89380,CFG_3a3d7179fe0d,zp8,73,1
89381,CFG_d7aadf87f0b1,zp8,73,1
89382,CFG_c910518048de,zp8,73,1
89383,CFG_9178f775d49a,zp8,73,1
89384,CFG_f18488ce1456,zp8,73,1
89385,CFG_b2a3cbb134c5,zp8,73,1
89386,CFG_1e693796a40d,zp8,73,1
89387,CFG_f18488ce1456,zp8,73,1
89388,CFG_8bfc9d62299c,zp8,73,1
89389,CFG_773ac98270b6,zp8,73,1
89390,CFG_802041076799,zp8,73,1
89391,CFG_a1d878e7d840,zp8,73,1
89392,CFG_65f78a36ed50,zp8,73,1
89393,CFG_36f82e31118f,zp8,73,1
89394,CFG_9178f775d49a,zp8,73,1
89395,CFG_a292c20a75fd,zp8,73,1
89396,CFG_9178f775d49a,zp8,73,1
89397,CFG_bbea204eb2ac,zp8,73,1
89398,CFG_9178f775d49a,zp8,73,1
89399,CFG_8bfc9d62299c,zp8,73,1
89400,CFG_e3950fd94ca1,zp8,73,1
89401,CFG_f18488ce1456,zp8,73,1
89402,CFG_5851809b712d,zp8,73,1
89403,CFG_be784e24b621,zp8,73,1
89404,CFG_7fa53b7ab3bf,zp8,73,1
89405,CFG_17620e2785dc,zp8,73,1
89406,CFG_b2a3cbb134c5,zp8,73,1
89407,CFG_5514d03a77b0,zp8,73,1
89408,CFG_3a3d7179fe0d,zp8,73,1
89409,CFG_3e489afc8bfd,zp8,73,1
89410,CFG_b04e3d146803,zp8,73,1
89411,CFG_e3950fd94ca1,zp8,73,1
89412,CFG_1ec55dc0a2ff,zp8,73,1
89413,CFG_c910518048de,zp8,73,1
89414,CFG_9c659499047b,zp8,73,1
89415,CFG_f18488ce1456,zp8,73,1
89416,CFG_5cd0c67d59bc,zp8,73,1
89417,CFG_cf541d0f8a3a,zp8,73,1
89418,CFG_288ddbff7431,zp8,73,1
89419,CFG_c910518048de,zp8,73,1
89420,CFG_f18488ce1456,zp8,73,1
89421,CFG_9178f775d49a,zp8,73,1
89422,CFG_e87513c8563d,zp8,73,1
89423,CFG_b2a3cbb134c5,zp8,73,1
89424,CFG_be784e24b621,zp8,73,1
89425,CFG_9c659499047b,zp8,73,1
89426,CFG_1738a11cbd49,zp8,73,1
89427,CFG_17620e2785dc,zp8,73,1
89428,CFG_d7aadf87f0b1,zp8,73,1
89429,CFG_1738a11cbd49,zp8,73,1
89430,CFG_e1e6e0c66c93,zp8,73,1
89431,CFG_dda2f907b868,zp8,73,1
89432,CFG_9c659499047b,zp8,73,1
89433,CFG_67b539d34471,zp8,73,1
89434,CFG_8bfc9d62299c,zp8,73,1
89435,CFG_5851809b712d,zp8,73,1
89436,CFG_9c659499047b,zp8,73,1
89437,CFG_773ac98270b6,zp8,73,1
89438,CFG_3a3d7179fe0d,zp8,73,1
89439,CFG_ac213567a5a2,zp8,73,1
89440,CFG_9178f775d49a,zp8,73,1
89441,CFG_bbea204eb2ac,zp8,73,1
89442,CFG_8a51f93d684d,zp8,73,1
89443,CFG_8a51f93d684d,zp8,73,1
89444,CFG_710c47edfbc8,zp8,73,1
89445,CFG_e1e6e0c66c93,zp8,73,1
89446,CFG_77c8b99b43d9,zp8,73,1
89447,CFG_d96b0c9e44d0,zp8,73,1
89448,CFG_b2a3cbb134c5,zp8,73,1
89449,CFG_59aede929579,zp8,73,1
89450,CFG_d96b0c9e44d0,zp8,73,1
89451,CFG_3a3d7179fe0d,zp8,73,1
89452,CFG_b8e6a5652de1,zp8,73,1
89453,CFG_ffde3ea1b2e3,zp8,73,1
89454,CFG_b2a3cbb134c5,zp8,73,1
89455,CFG_ceef49456daa,zp8,73,1
89456,CFG_9c659499047b,zp8,73,1
89457,CFG_5514d03a77b0,zp8,73,1
89458,CFG_8a51f93d684d,zp8,73,1
89459,CFG_9178f775d49a,zp8,73,1
89460,CFG_939ca62c69c2,zp8,73,1
89461,CFG_e1e6e0c66c93,zp8,73,1
89462,CFG_755205a28938,zp8,73,1
89463,CFG_275e4ca07248,zp8,73,1
89464,CFG_b2a3cbb134c5,zp8,73,1
89465,CFG_f18488ce1456,zp8,73,1
89466,CFG_acabbc62a021,zp8,73,1
89467,CFG_939ca62c69c2,zp8,73,1
89468,CFG_39fe645ba2f1,zp8,73,1
89469,CFG_e1e6e0c66c93,zp8,73,1
89470,CFG_b8e6a5652de1,zp8,73,1
89471,CFG_c94b44f1b2f9,zp8,73,1
89472,CFG_ffde3ea1b2e3,zp8,73,1
89473,CFG_9c659499047b,zp8,73,1
89474,CFG_a34f76b67ef4,zp8,73,1
89475,CFG_d96b0c9e44d0,zp8,73,1
89476,CFG_1ec55dc0a2ff,zp8,73,1
89477,CFG_39fe645ba2f1,zp8,73,1
89478,CFG_9178f775d49a,zp8,73,1
89479,CFG_59aede929579,zp8,73,1
89480,CFG_9178f775d49a,zp8,73,1
89481,CFG_9c659499047b,zp8,73,1
89482,CFG_3a3d7179fe0d,zp8,73,1
89483,CFG_8a51f93d684d,zp8,73,1
89484,CFG_9178f775d49a,zp8,73,1
89485,CFG_9c659499047b,zp8,73,1
89486,CFG_b2a3cbb134c5,zp8,73,1
89487,CFG_b2a3cbb134c5,zp8,73,1
89488,CFG_39fe645ba2f1,zp8,73,1
89489,CFG_d39c77a1a4bf,zp8,73,1
89490,CFG_5cd0c67d59bc,zp8,73,1
89491,CFG_b2a3cbb134c5,zp8,73,1
89492,CFG_d7aadf87f0b1,zp8,73,1
89493,CFG_6caaadb373ea,zp8,73,1
89494,CFG_e3950fd94ca1,zp8,73,1
89495,CFG_67b539d34471,zp8,73,1
89496,CFG_1ec55dc0a2ff,zp8,73,1
89497,CFG_36f82e31118f,zp8,73,1
89498,CFG_8a51f93d684d,zp8,73,1
89499,CFG_f18488ce1456,zp8,73,1
89500,CFG_9178f775d49a,zp8,73,1
89501,CFG_8a51f93d684d,zp8,73,1
89502,CFG_e3950fd94ca1,zp8,73,1
89503,CFG_d39c77a1a4bf,zp8,73,1
89504,CFG_e87513c8563d,zp8,73,1
89505,CFG_ac213567a5a2,zp8,73,1
89506,CFG_d7aadf87f0b1,zp8,73,1
89507,CFG_bbea204eb2ac,zp8,73,1
89508,CFG_9178f775d49a,zp8,73,1
89509,CFG_deda15f4c4a8,zp8,73,1
89510,CFG_d96b0c9e44d0,zp8,73,1
89511,CFG_36f82e31118f,zp8,73,1
89512,CFG_1ec55dc0a2ff,zp8,73,1
89513,CFG_be784e24b621,zp8,73,1
89514,CFG_39fe645ba2f1,zp8,73,1
89515,CFG_8a51f93d684d,zp8,73,1
89516,CFG_f993a0fc6256,zp8,73,1
89517,CFG_cf541d0f8a3a,zp8,73,1
89518,CFG_275e4ca07248,zp8,73,1
89519,CFG_b8e6a5652de1,zp8,73,1
89520,CFG_7acc0fd451e2,zp8,73,1
89521,CFG_f90a73d2a477,zp8,73,1
89522,CFG_727914633b9e,zp8,73,1
89523,CFG_288ddbff7431,zp8,73,1
89524,CFG_7155e4ee7bdf,zp8,73,1
89525,CFG_b2a3cbb134c5,zp8,73,1
89526,CFG_2534839bab0a,zp8,73,1
89527,CFG_39fe645ba2f1,zp8,73,1
89528,CFG_39fe645ba2f1,zp8,73,1
89529,CFG_36f82e31118f,zp8,73,1
89530,CFG_5cd0c67d59bc,zp8,73,1
89531,CFG_773ac98270b6,zp8,73,1
89532,CFG_cf541d0f8a3a,zp8,73,1
89533,CFG_59f154754573,zp8,73,1
89534,CFG_5514d03a77b0,zp8,73,1
89535,CFG_939ca62c69c2,zp8,73,1
89536,CFG_c910518048de,zp8,73,1
89537,CFG_67b539d34471,zp8,73,1
89538,CFG_59f154754573,zp8,73,1
89539,CFG_f18488ce1456,zp8,73,1
89540,CFG_b2a3cbb134c5,zp8,73,1
89541,CFG_b8e6a5652de1,zp8,73,1
89542,CFG_939ca62c69c2,zp8,73,1
89543,CFG_deda15f4c4a8,zp8,73,1
89544,CFG_e3386d946379,zp8,73,1
89545,CFG_e3386d946379,zp8,73,1
89546,CFG_db37bdfe8c71,zp8,73,1
89547,CFG_b2a3cbb134c5,zp8,73,1
89548,CFG_58ae56c3ee5b,zp8,73,1
89549,CFG_d96b0c9e44d0,zp8,73,1
89550,CFG_deda15f4c4a8,zp8,73,1
89551,CFG_1d1816b1d9d8,zp8,73,1
89552,CFG_5531dad98c69,zp8,73,1
89553,CFG_f18488ce1456,zp8,73,1
89554,CFG_ac213567a5a2,zp8,73,1
89555,CFG_1738a11cbd49,zp8,73,1
89556,CFG_2154b722e06b,zp8,73,1
89557,CFG_710c47edfbc8,zp8,73,1
89558,CFG_29c3378e155b,zp8,73,1
89559,CFG_be784e24b621,zp8,73,1
89560,CFG_7acc0fd451e2,zp8,73,1
89561,CFG_67b539d34471,zp8,73,1
89562,CFG_deda15f4c4a8,zp8,73,1
89563,CFG_f18488ce1456,zp8,73,1
89564,CFG_b2a3cbb134c5,zp8,73,1
89565,CFG_2534839bab0a,zp8,73,1
89566,CFG_7fa53b7ab3bf,zp8,73,1
89567,CFG_275e4ca07248,zp8,73,1
89568,CFG_de29bb20eaa6,zp8,73,1
89569,CFG_e1e6e0c66c93,zp8,73,1
89570,CFG_17620e2785dc,zp8,73,1
89571,CFG_5be0533f7ebf,zp8,73,1
89572,CFG_f18488ce1456,zp8,73,1
89573,CFG_275e4ca07248,zp8,73,1
89574,CFG_9178f775d49a,zp8,73,1
89575,CFG_e3950fd94ca1,zp8,73,1
89576,CFG_b2a3cbb134c5,zp8,73,1
89577,CFG_f18488ce1456,zp8,73,1
89578,CFG_de29bb20eaa6,zp8,73,1
89579,CFG_b2a3cbb134c5,zp8,73,1
89580,CFG_d0face5aa80d,zp8,73,1
89581,CFG_b2a3cbb134c5,zp8,73,1
89582,CFG_710c47edfbc8,zp8,73,1
89583,CFG_67b539d34471,zp8,73,1
89584,CFG_e87513c8563d,zp8,73,1
89585,CFG_5cd0c67d59bc,zp8,73,1
89586,CFG_710c47edfbc8,zp8,73,1
89587,CFG_77c8b99b43d9,zp8,73,1
89588,CFG_cc5bbb6e9d13,zp8,73,1
89589,CFG_8bfc9d62299c,zp8,73,1
89590,CFG_db37bdfe8c71,zp8,73,1
89591,CFG_773ac98270b6,zp8,73,1
89592,CFG_b8e6a5652de1,zp8,73,1
89593,CFG_625048fefa0b,zp8,73,1
89594,CFG_1738a11cbd49,zp8,73,1
89595,CFG_939ca62c69c2,zp8,73,1
89596,CFG_d96b0c9e44d0,zp8,73,1
89597,CFG_d7aadf87f0b1,zp8,73,1
89598,CFG_5514d03a77b0,zp8,73,1
89599,CFG_b04e3d146803,zp8,73,1
89600,CFG_5cd0c67d59bc,zp8,73,1
89601,CFG_1ec55dc0a2ff,zp8,73,1
89602,CFG_8a51f93d684d,zp8,73,1
89603,CFG_b2a3cbb134c5,zp8,73,1
89604,CFG_e1e6e0c66c93,zp8,73,1
89605,CFG_b04e3d146803,zp8,73,1
89606,CFG_e3386d946379,zp8,73,1
89607,CFG_e1e6e0c66c93,zp8,73,1
89608,CFG_de29bb20eaa6,zp8,73,1
89609,CFG_d96b0c9e44d0,zp8,73,1
89610,CFG_1738a11cbd49,zp8,73,1
89611,CFG_b2a3cbb134c5,zp8,73,1
89612,CFG_17620e2785dc,zp8,73,1
89613,CFG_de29bb20eaa6,zp8,73,1
89614,CFG_755205a28938,zp8,73,1
89615,CFG_ffde3ea1b2e3,zp8,73,1
89616,CFG_1738a11cbd49,zp8,73,1
89617,CFG_1ec55dc0a2ff,zp8,73,1
89618,CFG_755205a28938,zp8,73,1
89619,CFG_9178f775d49a,zp8,73,1
89620,CFG_b0eabb76b70f,zp8,73,1
89621,CFG_39fe645ba2f1,zp8,73,1
89622,CFG_f18488ce1456,zp8,73,1
89623,CFG_b8e6a5652de1,zp8,73,1
89624,CFG_db37bdfe8c71,zp8,73,1
89625,CFG_b2a3cbb134c5,zp8,73,1
89626,CFG_1ec55dc0a2ff,zp8,73,1
89627,CFG_939ca62c69c2,zp8,73,1
89628,CFG_6caaadb373ea,zp8,73,1
89629,CFG_29c3378e155b,zp8,73,1
89630,CFG_1ec55dc0a2ff,zp8,73,1
89631,CFG_3697b100c401,zp8,73,1
89632,CFG_b2a3cbb134c5,zp8,73,1
89633,CFG_d0face5aa80d,zp8,73,1
89634,CFG_b2a3cbb134c5,zp8,73,1
89635,CFG_e87513c8563d,zp8,73,1
89636,CFG_7cd4c6b023c5,zp8,73,1
89637,CFG_9178f775d49a,zp8,73,1
89638,CFG_b2a3cbb134c5,zp8,73,1
89639,CFG_727914633b9e,zp8,73,1
89640,CFG_29c3378e155b,zp8,73,1
89641,CFG_e1e6e0c66c93,zp8,73,1
89642,CFG_e1e6e0c66c93,zp8,73,1
89643,CFG_9c659499047b,zp8,73,1
89644,CFG_67b539d34471,zp8,73,1
89645,CFG_1738a11cbd49,zp8,73,1
89646,CFG_802041076799,zp8,73,1
89647,CFG_cc5bbb6e9d13,zp8,73,1
89648,CFG_8a51f93d684d,zp8,73,1
89649,CFG_e3950fd94ca1,zp8,73,1
89650,CFG_288ddbff7431,zp8,73,1
89651,CFG_d7aadf87f0b1,zp8,73,1
89652,CFG_5514d03a77b0,zp8,73,1
89653,CFG_de29bb20eaa6,zp8,73,1
89654,CFG_5be0533f7ebf,zp8,73,1
89655,CFG_cf541d0f8a3a,zp8,73,1
89656,CFG_5cd0c67d59bc,zp8,73,1
89657,CFG_67b539d34471,zp8,73,1
89658,CFG_b2a3cbb134c5,zp8,73,1
89659,CFG_7cd4c6b023c5,zp8,73,1
89660,CFG_f18488ce1456,zp8,73,1
89661,CFG_77c8b99b43d9,zp8,73,1
89662,CFG_2154b722e06b,zp8,73,1
89663,CFG_1d0f84c0bb06,zp8,73,1
89664,CFG_e1e6e0c66c93,zp8,73,1
89665,CFG_3a3d7179fe0d,zp8,73,1
89666,CFG_c94b44f1b2f9,zp8,73,1
89667,CFG_e3386d946379,zp8,73,1
89668,CFG_3697b100c401,zp8,73,1
89669,CFG_b8e6a5652de1,zp8,73,1
89670,CFG_1ec55dc0a2ff,zp8,73,1
89671,CFG_b04e3d146803,zp8,73,1
89672,CFG_e1e6e0c66c93,zp8,73,1
89673,CFG_1ec55dc0a2ff,zp8,73,1
89674,CFG_67b539d34471,zp8,73,1
89675,CFG_29c3378e155b,zp8,73,1
89676,CFG_17620e2785dc,zp8,73,1
89677,CFG_1738a11cbd49,zp8,73,1
89678,CFG_deda15f4c4a8,zp8,73,1
89679,CFG_deda15f4c4a8,zp8,73,1
89680,CFG_2154b722e06b,zp8,73,1
89681,CFG_ceef49456daa,zp8,73,1
89682,CFG_8bfc9d62299c,zp8,73,1
89683,CFG_1e693796a40d,zp8,73,1
89684,CFG_1ec55dc0a2ff,zp8,73,1
89685,CFG_9c659499047b,zp8,73,1
89686,CFG_cc5bbb6e9d13,zp8,73,1
89687,CFG_59f154754573,zp8,73,1
89688,CFG_939ca62c69c2,zp8,73,1
89689,CFG_8bfc9d62299c,zp8,73,1
89690,CFG_a292c20a75fd,zp8,73,1
89691,CFG_8bfc9d62299c,zp8,73,1
89692,CFG_b8e6a5652de1,zp8,73,1
89693,CFG_1ec55dc0a2ff,zp8,73,1
89694,CFG_1738a11cbd49,zp8,73,1
89695,CFG_9178f775d49a,zp8,73,1
89696,CFG_67b539d34471,zp8,73,1
89697,CFG_a34f76b67ef4,zp8,73,1
89698,CFG_36f82e31118f,zp8,73,1
89699,CFG_29c3378e155b,zp8,73,1
89700,CFG_8a51f93d684d,zp8,73,1
89701,CFG_be784e24b621,zp8,73,1
89702,CFG_b8e6a5652de1,zp8,73,1
89703,CFG_3278d3379c8a,zp8,73,1
89704,CFG_1e693796a40d,zp8,73,1
89705,CFG_939ca62c69c2,zp8,73,1
89706,CFG_f18488ce1456,zp8,73,1
89707,CFG_b2a3cbb134c5,zp8,73,1
89708,CFG_67b539d34471,zp8,73,1
89709,CFG_f18488ce1456,zp8,73,1
89710,CFG_1ec55dc0a2ff,zp8,73,1
89711,CFG_1ec55dc0a2ff,zp8,73,1
89712,CFG_9178f775d49a,zp8,73,1
89713,CFG_29c3378e155b,zp8,73,1
89714,CFG_17620e2785dc,zp8,73,1
89715,CFG_939ca62c69c2,zp8,73,1
89716,CFG_9178f775d49a,zp8,73,1
89717,CFG_f18488ce1456,zp8,73,1
89718,CFG_d96b0c9e44d0,zp8,73,1
89719,CFG_b2a3cbb134c5,zp8,73,1
89720,CFG_3a3d7179fe0d,zp8,73,1
89721,CFG_bd6412fc68b0,zp8,73,1
89722,CFG_7fa53b7ab3bf,zp8,73,1
89723,CFG_f18488ce1456,zp8,73,1
89724,CFG_3a3d7179fe0d,zp8,73,1
89725,CFG_deda15f4c4a8,zp8,73,1
89726,CFG_ffde3ea1b2e3,zp8,73,1
89727,CFG_8bfc9d62299c,zp8,73,1
89728,CFG_9178f775d49a,zp8,73,1
89729,CFG_9178f775d49a,zp8,73,1
89730,CFG_755205a28938,zp8,73,1
89731,CFG_d7aadf87f0b1,zp8,73,1
89732,CFG_7cd4c6b023c5,zp8,73,1
89733,CFG_802041076799,zp8,73,1
89734,CFG_2154b722e06b,zp8,73,1
89735,CFG_59f154754573,zp8,73,1
89736,CFG_8a51f93d684d,zp8,73,1
89737,CFG_bbea204eb2ac,zp8,73,1
89738,CFG_d96b0c9e44d0,zp8,73,1
89739,CFG_1738a11cbd49,zp8,73,1
89740,CFG_59f154754573,zp8,73,1
89741,CFG_deda15f4c4a8,zp8,73,1
89742,CFG_710c47edfbc8,zp8,73,1
89743,CFG_9c659499047b,zp8,73,1
89744,CFG_d39c77a1a4bf,zp8,73,1
89745,CFG_773ac98270b6,zp8,73,1
89746,CFG_a34f76b67ef4,zp8,73,1
89747,CFG_ffde3ea1b2e3,zp8,73,1
89748,CFG_3697b100c401,zp8,73,1
89749,CFG_77c8b99b43d9,zp8,73,1
89750,CFG_a34f76b67ef4,zp8,73,1
89751,CFG_e3950fd94ca1,zp8,73,1
89752,CFG_1738a11cbd49,zp8,73,1
89753,CFG_1d0f84c0bb06,zp8,73,1
89754,CFG_3278d3379c8a,zp8,73,1
89755,CFG_e1e6e0c66c93,zp8,73,1
89756,CFG_deda15f4c4a8,zp8,73,1
89757,CFG_d7aadf87f0b1,zp8,73,1
89758,CFG_e87513c8563d,zp8,73,1
89759,CFG_f18488ce1456,zp8,73,1
89760,CFG_a1d878e7d840,zp8,73,1
89761,CFG_1ec55dc0a2ff,zp8,73,1
89762,CFG_8bfc9d62299c,zp8,73,1
89763,CFG_2534839bab0a,zp8,73,1
89764,CFG_a1ebd0490272,zp8,73,1
89765,CFG_36f82e31118f,zp8,73,1
89766,CFG_36f82e31118f,zp8,73,1
89767,CFG_b2a3cbb134c5,zp8,73,1
89768,CFG_1e693796a40d,zp8,73,1
89769,CFG_d39c77a1a4bf,zp8,73,1
89770,CFG_59f154754573,zp8,73,1
89771,CFG_773ac98270b6,zp8,73,1
89772,CFG_a292c20a75fd,zp8,73,1
89773,CFG_5cd0c67d59bc,zp8,73,1
89774,CFG_be784e24b621,zp8,73,1
89775,CFG_710c47edfbc8,zp8,73,1
89776,CFG_9c659499047b,zp8,73,1
89777,CFG_288ddbff7431,zp8,73,1
89778,CFG_3a3d7179fe0d,zp8,73,1
89779,CFG_755205a28938,zp8,73,1
89780,CFG_939ca62c69c2,zp8,73,1
89781,CFG_1ec55dc0a2ff,zp8,73,1
89782,CFG_1e693796a40d,zp8,73,1
89783,CFG_59f154754573,zp8,73,1
89784,CFG_be784e24b621,zp8,73,1
89785,CFG_9178f775d49a,zp8,73,1
89786,CFG_f18488ce1456,zp8,73,1
89787,CFG_36f82e31118f,zp8,73,1
89788,CFG_be784e24b621,zp8,73,1
89789,CFG_59f154754573,zp8,73,1
89790,CFG_6ff9e417e386,zp8,73,1
89791,CFG_36f82e31118f,zp8,73,1
89792,CFG_39fe645ba2f1,zp8,73,1
89793,CFG_9178f775d49a,zp8,73,1
89794,CFG_727914633b9e,zp8,73,1
89795,CFG_3a3d7179fe0d,zp8,73,1
89796,CFG_3a3d7179fe0d,zp8,73,1
89797,CFG_710c47edfbc8,zp8,73,1
89798,CFG_2154b722e06b,zp8,73,1
89799,CFG_5851809b712d,zp8,73,1
89800,CFG_67b539d34471,zp8,73,1
89801,CFG_9178f775d49a,zp8,73,1
89802,CFG_f18488ce1456,zp8,73,1
89803,CFG_59f154754573,zp8,73,1
89804,CFG_9178f775d49a,zp8,73,1
89805,CFG_b04e3d146803,zp8,73,1
89806,CFG_e3950fd94ca1,zp8,73,1
89807,CFG_deda15f4c4a8,zp8,73,1
89808,CFG_1d1816b1d9d8,zp8,73,1
89809,CFG_8a51f93d684d,zp8,73,1
89810,CFG_b2a3cbb134c5,zp8,73,1
89811,CFG_59aede929579,zp8,73,1
89812,CFG_f993a0fc6256,zp8,73,1
89813,CFG_ac213567a5a2,zp8,73,1
89814,CFG_de29bb20eaa6,zp8,73,1
89815,CFG_5cd0c67d59bc,zp8,73,1
89816,CFG_939ca62c69c2,zp8,73,1
89817,CFG_db37bdfe8c71,zp8,73,1
89818,CFG_939ca62c69c2,zp8,73,1
89819,CFG_7155e4ee7bdf,zp8,73,1
89820,CFG_a1d878e7d840,zp8,73,1
89821,CFG_9178f775d49a,zp8,73,1
89822,CFG_755205a28938,zp8,73,1
89823,CFG_cf541d0f8a3a,zp8,73,1
89824,CFG_8a51f93d684d,zp8,73,1
89825,CFG_67b539d34471,zp8,73,1
89826,CFG_755205a28938,zp8,73,1
89827,CFG_acabbc62a021,zp8,73,1
89828,CFG_755205a28938,zp8,73,1
89829,CFG_67b539d34471,zp8,73,1
89830,CFG_cf541d0f8a3a,zp8,73,1
89831,CFG_9178f775d49a,zp8,73,1
89832,CFG_939ca62c69c2,zp8,73,1
89833,CFG_9178f775d49a,zp8,73,1
89834,CFG_cf541d0f8a3a,zp8,73,1
89835,CFG_ac213567a5a2,zp8,73,1
89836,CFG_e1e6e0c66c93,zp8,73,1
89837,CFG_a292c20a75fd,zp8,73,1
89838,CFG_be784e24b621,zp8,73,1
89839,CFG_be784e24b621,zp8,73,1
89840,CFG_8a51f93d684d,zp8,73,1
89841,CFG_8a51f93d684d,zp8,73,1
89842,CFG_9178f775d49a,zp8,73,1
89843,CFG_d96b0c9e44d0,zp8,73,1
89844,CFG_727914633b9e,zp8,73,1
89845,CFG_275e4ca07248,zp8,73,1
89846,CFG_6caaadb373ea,zp8,73,1
89847,CFG_39fe645ba2f1,zp8,73,1
89848,CFG_a1ebd0490272,zp8,73,1
89849,CFG_1ec55dc0a2ff,zp8,73,1
89850,CFG_8a51f93d684d,zp8,73,1
89851,CFG_bbea204eb2ac,zp8,73,1
89852,CFG_59f154754573,zp8,73,1
89853,CFG_cf541d0f8a3a,zp8,73,1
89854,CFG_7fa53b7ab3bf,zp8,73,1
89855,CFG_773ac98270b6,zp8,73,1
89856,CFG_b8e6a5652de1,zp8,73,1
89857,CFG_5514d03a77b0,zp8,73,1
89858,CFG_d96b0c9e44d0,zp8,73,1
89859,CFG_802041076799,zp8,73,1
89860,CFG_36f82e31118f,zp8,73,1
89861,CFG_d96b0c9e44d0,zp8,73,1
89862,CFG_939ca62c69c2,zp8,73,1
89863,CFG_755205a28938,zp8,73,1
89864,CFG_67b539d34471,zp8,73,1
89865,CFG_e3950fd94ca1,zp8,73,1
89866,CFG_1e693796a40d,zp8,73,1
89867,CFG_39fe645ba2f1,zp8,73,1
89868,CFG_67b539d34471,zp8,73,1
89869,CFG_939ca62c69c2,zp8,73,1
89870,CFG_a1d878e7d840,zp8,73,1
89871,CFG_710c47edfbc8,zp8,73,1
89872,CFG_8a51f93d684d,zp8,73,1
89873,CFG_3a3d7179fe0d,zp8,73,1
89874,CFG_9178f775d49a,zp8,73,1
89875,CFG_8a51f93d684d,zp8,73,1
89876,CFG_1ec55dc0a2ff,zp8,73,1
89877,CFG_a1d878e7d840,zp8,73,1
89878,CFG_59f154754573,zp8,73,1
89879,CFG_f18488ce1456,zp8,73,1
89880,CFG_17620e2785dc,zp8,73,1
89881,CFG_9c659499047b,zp8,73,1
89882,CFG_8bfc9d62299c,zp8,73,1
89883,CFG_b8e6a5652de1,zp8,73,1
89884,CFG_7fa53b7ab3bf,zp8,73,1
89885,CFG_1ec55dc0a2ff,zp8,73,1
89886,CFG_8a51f93d684d,zp8,73,1
89887,CFG_59f154754573,zp8,73,1
89888,CFG_de29bb20eaa6,zp8,73,1
89889,CFG_b2a3cbb134c5,zp8,73,1
89890,CFG_5cd0c67d59bc,zp8,73,1
89891,CFG_d39c77a1a4bf,zp8,73,1
89892,CFG_cf541d0f8a3a,zp8,73,1
89893,CFG_275e4ca07248,zp8,73,1
89894,CFG_755205a28938,zp8,73,1
89895,CFG_d0face5aa80d,zp8,73,1
89896,CFG_637b6e72af93,zp8,73,1
89897,CFG_a1d878e7d840,zp8,73,1
89898,CFG_e3950fd94ca1,zp8,73,1
89899,CFG_1738a11cbd49,zp8,73,1
89900,CFG_17620e2785dc,zp8,73,1
89901,CFG_29c3378e155b,zp8,73,1
89902,CFG_e1e6e0c66c93,zp8,73,1
89903,CFG_59aede929579,zp8,73,1
89904,CFG_ac213567a5a2,zp8,73,1
89905,CFG_755205a28938,zp8,73,1
89906,CFG_65f78a36ed50,zp8,73,1
89907,CFG_b8e6a5652de1,zp8,73,1
89908,CFG_939ca62c69c2,zp8,73,1
89909,CFG_9178f775d49a,zp8,73,1
89910,CFG_e1e6e0c66c93,zp8,73,1
89911,CFG_bbea204eb2ac,zp8,73,1
89912,CFG_b2a3cbb134c5,zp8,73,1
89913,CFG_710c47edfbc8,zp8,73,1
89914,CFG_bbea204eb2ac,zp8,73,1
89915,CFG_ffde3ea1b2e3,zp8,73,1
89916,CFG_59aede929579,zp8,73,1
89917,CFG_67b539d34471,zp8,73,1
89918,CFG_39fe645ba2f1,zp8,73,1
89919,CFG_9178f775d49a,zp8,73,1
89920,CFG_8a51f93d684d,zp8,73,1
89921,CFG_e1e6e0c66c93,zp8,73,1
89922,CFG_67b539d34471,zp8,73,1
89923,CFG_755205a28938,zp8,73,1
89924,CFG_f18488ce1456,zp8,73,1
89925,CFG_d96b0c9e44d0,zp8,73,1
89926,CFG_3a3d7179fe0d,zp8,73,1
89927,CFG_802041076799,zp8,73,1
89928,CFG_b8e6a5652de1,zp8,73,1
89929,CFG_d96b0c9e44d0,zp8,73,1
89930,CFG_67b539d34471,zp8,73,1
89931,CFG_727914633b9e,zp8,73,1
89932,CFG_3278d3379c8a,zp8,73,1
89933,CFG_5cd0c67d59bc,zp8,73,1
89934,CFG_cc5bbb6e9d13,zp8,73,1
89935,CFG_1ec55dc0a2ff,zp8,73,1
89936,CFG_e3950fd94ca1,zp8,73,1
89937,CFG_939ca62c69c2,zp8,73,1
89938,CFG_9c659499047b,zp8,73,1
89939,CFG_1ec55dc0a2ff,zp8,73,1
89940,CFG_b8e6a5652de1,zp8,73,1
89941,CFG_39fe645ba2f1,zp8,73,1
89942,CFG_6caaadb373ea,zp8,73,1
89943,CFG_cf541d0f8a3a,zp8,73,1
89944,CFG_3a3d7179fe0d,zp8,73,1
89945,CFG_1e693796a40d,zp8,73,1
89946,CFG_3a3d7179fe0d,zp8,73,1
89947,CFG_cf6528e23789,zp8,73,1
89948,CFG_65f78a36ed50,zp8,73,1
89949,CFG_3a3d7179fe0d,zp8,73,1
89950,CFG_59f154754573,zp8,73,1
89951,CFG_755205a28938,zp8,73,1
89952,CFG_8a51f93d684d,zp8,73,1
89953,CFG_755205a28938,zp8,73,1
89954,CFG_b04e3d146803,zp8,73,1
89955,CFG_773ac98270b6,zp8,73,1
89956,CFG_b04e3d146803,zp8,73,1
89957,CFG_d7aadf87f0b1,zp8,73,1
89958,CFG_532891bb36ca,zp8,73,1
89959,CFG_773ac98270b6,zp8,73,1
89960,CFG_b2a3cbb134c5,zp8,73,1
89961,CFG_c94b44f1b2f9,zp8,73,1
89962,CFG_deda15f4c4a8,zp8,73,1
89963,CFG_8a51f93d684d,zp8,73,1
89964,CFG_637b6e72af93,zp8,73,1
89965,CFG_a34f76b67ef4,zp8,73,1
89966,CFG_5514d03a77b0,zp8,73,1
89967,CFG_773ac98270b6,zp8,73,1
89968,CFG_b2a3cbb134c5,zp8,73,1
89969,CFG_ceef49456daa,zp8,73,1
89970,CFG_36f82e31118f,zp8,73,1
89971,CFG_1738a11cbd49,zp8,73,1
89972,CFG_e3386d946379,zp8,73,1
89973,CFG_e3386d946379,zp8,73,1
89974,CFG_9178f775d49a,zp8,73,1
89975,CFG_1d0f84c0bb06,zp8,73,1
89976,CFG_5cd0c67d59bc,zp8,73,1
89977,CFG_b8e6a5652de1,zp8,73,1
89978,CFG_cf541d0f8a3a,zp8,73,1
89979,CFG_be784e24b621,zp8,73,1
89980,CFG_b8e6a5652de1,zp8,73,1
89981,CFG_1d1816b1d9d8,zp8,73,1
89982,CFG_755205a28938,zp8,73,1
89983,CFG_f18488ce1456,zp8,73,1
89984,CFG_9c659499047b,zp8,73,1
89985,CFG_6ff9e417e386,zp8,73,1
89986,CFG_b2a3cbb134c5,zp8,73,1
89987,CFG_d96b0c9e44d0,zp8,73,1
89988,CFG_1ec55dc0a2ff,zp8,73,1
89989,CFG_cf541d0f8a3a,zp8,73,1
89990,CFG_cf541d0f8a3a,zp8,73,1
89991,CFG_cc5bbb6e9d13,zp8,73,1
89992,CFG_8a51f93d684d,zp8,73,1
89993,CFG_ffde3ea1b2e3,zp8,73,1
89994,CFG_cf541d0f8a3a,zp8,73,1
89995,CFG_dda2f907b868,zp8,73,1
89996,CFG_17620e2785dc,zp8,73,1
89997,CFG_7155e4ee7bdf,zp8,73,1
89998,CFG_a34f76b67ef4,zp8,73,1
89999,CFG_1ec55dc0a2ff,zp8,73,1
90000,CFG_7cd4c6b023c5,zp8,73,1
90001,CFG_a1d878e7d840,zp8,74,1
90002,CFG_3278d3379c8a,zp8,74,1
90003,CFG_9c659499047b,zp8,74,1
90004,CFG_e3950fd94ca1,zp8,74,1
90005,CFG_b2a3cbb134c5,zp8,74,1
90006,CFG_67b539d34471,zp8,74,1
90007,CFG_7155e4ee7bdf,zp8,74,1
90008,CFG_d96b0c9e44d0,zp8,74,1
90009,CFG_be784e24b621,zp8,74,1
90010,CFG_67b539d34471,zp8,74,1
90011,CFG_cf541d0f8a3a,zp8,74,1
90012,CFG_17620e2785dc,zp8,74,1
90013,CFG_710c47edfbc8,zp8,74,1
90014,CFG_ceef49456daa,zp8,74,1
90015,CFG_8a51f93d684d,zp8,74,1
90016,CFG_7155e4ee7bdf,zp8,74,1
90017,CFG_d39c77a1a4bf,zp8,74,1
90018,CFG_9178f775d49a,zp8,74,1
90019,CFG_e3386d946379,zp8,74,1
90020,CFG_9178f775d49a,zp8,74,1
90021,CFG_9c659499047b,zp8,74,1
90022,CFG_6caaadb373ea,zp8,74,1
90023,CFG_7155e4ee7bdf,zp8,74,1
90024,CFG_773ac98270b6,zp8,74,1
90025,CFG_67b539d34471,zp8,74,1
90026,CFG_8a51f93d684d,zp8,74,1
90027,CFG_773ac98270b6,zp8,74,1
90028,CFG_59aede929579,zp8,74,1
90029,CFG_7fa53b7ab3bf,zp8,74,1
90030,CFG_d96b0c9e44d0,zp8,74,1
90031,CFG_29c3378e155b,zp8,74,1
90032,CFG_67b539d34471,zp8,74,1
90033,CFG_773ac98270b6,zp8,74,1
90034,CFG_deda15f4c4a8,zp8,74,1
90035,CFG_f18488ce1456,zp8,74,1
90036,CFG_cc5bbb6e9d13,zp8,74,1
90037,CFG_1ec55dc0a2ff,zp8,74,1
90038,CFG_1738a11cbd49,zp8,74,1
90039,CFG_8a51f93d684d,zp8,74,1
90040,CFG_710c47edfbc8,zp8,74,1
90041,CFG_d7aadf87f0b1,zp8,74,1
90042,CFG_ac213567a5a2,zp8,74,1
90043,CFG_b04e3d146803,zp8,74,1
90044,CFG_29c3378e155b,zp8,74,1
90045,CFG_1ec55dc0a2ff,zp8,74,1
90046,CFG_acabbc62a021,zp8,74,1
90047,CFG_17620e2785dc,zp8,74,1
90048,CFG_59f154754573,zp8,74,1
90049,CFG_755205a28938,zp8,74,1
90050,CFG_e1e6e0c66c93,zp8,74,1
90051,CFG_773ac98270b6,zp8,74,1
90052,CFG_1ec55dc0a2ff,zp8,74,1
90053,CFG_1738a11cbd49,zp8,74,1
90054,CFG_a1d878e7d840,zp8,74,1
90055,CFG_f18488ce1456,zp8,74,1
90056,CFG_755205a28938,zp8,74,1
90057,CFG_d0face5aa80d,zp8,74,1
90058,CFG_d7aadf87f0b1,zp8,74,1
90059,CFG_d7aadf87f0b1,zp8,74,1
90060,CFG_de29bb20eaa6,zp8,74,1
90061,CFG_1d0f84c0bb06,zp8,74,1
90062,CFG_36f82e31118f,zp8,74,1
90063,CFG_c910518048de,zp8,74,1
90064,CFG_8f2957e28805,zp8,74,1
90065,CFG_d39c77a1a4bf,zp8,74,1
90066,CFG_36f82e31118f,zp8,74,1
90067,CFG_d39c77a1a4bf,zp8,74,1
90068,CFG_8a51f93d684d,zp8,74,1
90069,CFG_de29bb20eaa6,zp8,74,1
90070,CFG_be784e24b621,zp8,74,1
90071,CFG_b04e3d146803,zp8,74,1
90072,CFG_67b539d34471,zp8,74,1
90073,CFG_8a51f93d684d,zp8,74,1
90074,CFG_deda15f4c4a8,zp8,74,1
90075,CFG_59f154754573,zp8,74,1
90076,CFG_5cd0c67d59bc,zp8,74,1
90077,CFG_9178f775d49a,zp8,74,1
90078,CFG_be784e24b621,zp8,74,1
90079,CFG_ceef49456daa,zp8,74,1
90080,CFG_710c47edfbc8,zp8,74,1
90081,CFG_b2a3cbb134c5,zp8,74,1
90082,CFG_cf541d0f8a3a,zp8,74,1
90083,CFG_17620e2785dc,zp8,74,1
90084,CFG_d7aadf87f0b1,zp8,74,1
90085,CFG_67b539d34471,zp8,74,1
90086,CFG_6caaadb373ea,zp8,74,1
90087,CFG_773ac98270b6,zp8,74,1
90088,CFG_5cd0c67d59bc,zp8,74,1
90089,CFG_939ca62c69c2,zp8,74,1
90090,CFG_b2a3cbb134c5,zp8,74,1
90091,CFG_36f82e31118f,zp8,74,1
90092,CFG_de29bb20eaa6,zp8,74,1
90093,CFG_9178f775d49a,zp8,74,1
90094,CFG_1747d90ed031,zp8,74,1
90095,CFG_939ca62c69c2,zp8,74,1
90096,CFG_2534839bab0a,zp8,74,1
90097,CFG_ffde3ea1b2e3,zp8,74,1
90098,CFG_1d0f84c0bb06,zp8,74,1
90099,CFG_773ac98270b6,zp8,74,1
90100,CFG_d7aadf87f0b1,zp8,74,1
90101,CFG_e3950fd94ca1,zp8,74,1
90102,CFG_8f2957e28805,zp8,74,1
90103,CFG_67b539d34471,zp8,74,1
90104,CFG_ffde3ea1b2e3,zp8,74,1
90105,CFG_59f154754573,zp8,74,1
90106,CFG_755205a28938,zp8,74,1
90107,CFG_5514d03a77b0,zp8,74,1
90108,CFG_d39c77a1a4bf,zp8,74,1
90109,CFG_67b539d34471,zp8,74,1
90110,CFG_d96b0c9e44d0,zp8,74,1
90111,CFG_773ac98270b6,zp8,74,1
90112,CFG_f18488ce1456,zp8,74,1
90113,CFG_3a3d7179fe0d,zp8,74,1
90114,CFG_1ec55dc0a2ff,zp8,74,1
90115,CFG_81cab8befe03,zp8,74,1
90116,CFG_8bfc9d62299c,zp8,74,1
90117,CFG_f18488ce1456,zp8,74,1
90118,CFG_802041076799,zp8,74,1
90119,CFG_802041076799,zp8,74,1
90120,CFG_67b539d34471,zp8,74,1
90121,CFG_1ec55dc0a2ff,zp8,74,1
90122,CFG_29c3378e155b,zp8,74,1
90123,CFG_727914633b9e,zp8,74,1
90124,CFG_939ca62c69c2,zp8,74,1
90125,CFG_dda2f907b868,zp8,74,1
90126,CFG_a1ebd0490272,zp8,74,1
90127,CFG_9178f775d49a,zp8,74,1
90128,CFG_710c47edfbc8,zp8,74,1
90129,CFG_99b4d8a9c762,zp8,74,1
90130,CFG_b2a3cbb134c5,zp8,74,1
90131,CFG_e3950fd94ca1,zp8,74,1
90132,CFG_67b539d34471,zp8,74,1
90133,CFG_5cd0c67d59bc,zp8,74,1
90134,CFG_3a3d7179fe0d,zp8,74,1
90135,CFG_1ec55dc0a2ff,zp8,74,1
90136,CFG_8a51f93d684d,zp8,74,1
90137,CFG_67b539d34471,zp8,74,1
90138,CFG_d39c77a1a4bf,zp8,74,1
90139,CFG_dda2f907b868,zp8,74,1
90140,CFG_9178f775d49a,zp8,74,1
90141,CFG_8bfc9d62299c,zp8,74,1
90142,CFG_cf541d0f8a3a,zp8,74,1
90143,CFG_d96b0c9e44d0,zp8,74,1
90144,CFG_7fa53b7ab3bf,zp8,74,1
90145,CFG_1e693796a40d,zp8,74,1
90146,CFG_773ac98270b6,zp8,74,1
90147,CFG_8a51f93d684d,zp8,74,1
90148,CFG_8a51f93d684d,zp8,74,1
90149,CFG_b2a3cbb134c5,zp8,74,1
90150,CFG_5cd0c67d59bc,zp8,74,1
90151,CFG_5514d03a77b0,zp8,74,1
90152,CFG_cf541d0f8a3a,zp8,74,1
90153,CFG_deda15f4c4a8,zp8,74,1
90154,CFG_99b4d8a9c762,zp8,74,1
90155,CFG_36f82e31118f,zp8,74,1
90156,CFG_8bfc9d62299c,zp8,74,1
90157,CFG_39fe645ba2f1,zp8,74,1
90158,CFG_cc5bbb6e9d13,zp8,74,1
90159,CFG_1ec55dc0a2ff,zp8,74,1
90160,CFG_67b539d34471,zp8,74,1
90161,CFG_f18488ce1456,zp8,74,1
90162,CFG_36f82e31118f,zp8,74,1
90163,CFG_288ddbff7431,zp8,74,1
90164,CFG_36f82e31118f,zp8,74,1
90165,CFG_8bfc9d62299c,zp8,74,1
90166,CFG_275e4ca07248,zp8,74,1
90167,CFG_1e693796a40d,zp8,74,1
90168,CFG_9178f775d49a,zp8,74,1
90169,CFG_755205a28938,zp8,74,1
90170,CFG_3e489afc8bfd,zp8,74,1
90171,CFG_81cab8befe03,zp8,74,1
90172,CFG_8a51f93d684d,zp8,74,1
90173,CFG_a9714f85f877,zp8,74,1
90174,CFG_1ec55dc0a2ff,zp8,74,1
90175,CFG_be784e24b621,zp8,74,1
90176,CFG_1ec55dc0a2ff,zp8,74,1
90177,CFG_755205a28938,zp8,74,1
90178,CFG_a34f76b67ef4,zp8,74,1
90179,CFG_cf541d0f8a3a,zp8,74,1
90180,CFG_deda15f4c4a8,zp8,74,1
90181,CFG_77c8b99b43d9,zp8,74,1
90182,CFG_755205a28938,zp8,74,1
90183,CFG_e1e6e0c66c93,zp8,74,1
90184,CFG_acabbc62a021,zp8,74,1
90185,CFG_36f82e31118f,zp8,74,1
90186,CFG_5cd0c67d59bc,zp8,74,1
90187,CFG_ffde3ea1b2e3,zp8,74,1
90188,CFG_7fa53b7ab3bf,zp8,74,1
90189,CFG_8a51f93d684d,zp8,74,1
90190,CFG_7cd4c6b023c5,zp8,74,1
90191,CFG_939ca62c69c2,zp8,74,1
90192,CFG_8bfc9d62299c,zp8,74,1
90193,CFG_1e693796a40d,zp8,74,1
90194,CFG_ac213567a5a2,zp8,74,1
90195,CFG_8a51f93d684d,zp8,74,1
90196,CFG_e1e6e0c66c93,zp8,74,1
90197,CFG_1d0f84c0bb06,zp8,74,1
90198,CFG_e1e6e0c66c93,zp8,74,1
90199,CFG_cf6528e23789,zp8,74,1
90200,CFG_cf541d0f8a3a,zp8,74,1
90201,CFG_3a3d7179fe0d,zp8,74,1
90202,CFG_727914633b9e,zp8,74,1
90203,CFG_f18488ce1456,zp8,74,1
90204,CFG_67b539d34471,zp8,74,1
90205,CFG_b8e6a5652de1,zp8,74,1
90206,CFG_be784e24b621,zp8,74,1
90207,CFG_d7aadf87f0b1,zp8,74,1
90208,CFG_cf541d0f8a3a,zp8,74,1
90209,CFG_39fe645ba2f1,zp8,74,1
90210,CFG_755205a28938,zp8,74,1
90211,CFG_a34f76b67ef4,zp8,74,1
90212,CFG_9c659499047b,zp8,74,1
90213,CFG_773ac98270b6,zp8,74,1
90214,CFG_36f82e31118f,zp8,74,1
90215,CFG_9c659499047b,zp8,74,1
90216,CFG_b2a3cbb134c5,zp8,74,1
90217,CFG_1ec55dc0a2ff,zp8,74,1
90218,CFG_b2a3cbb134c5,zp8,74,1
90219,CFG_d39c77a1a4bf,zp8,74,1
90220,CFG_17620e2785dc,zp8,74,1
90221,CFG_3278d3379c8a,zp8,74,1
90222,CFG_cf541d0f8a3a,zp8,74,1
90223,CFG_e87513c8563d,zp8,74,1
90224,CFG_8a51f93d684d,zp8,74,1
90225,CFG_773ac98270b6,zp8,74,1
90226,CFG_773ac98270b6,zp8,74,1
90227,CFG_e87513c8563d,zp8,74,1
90228,CFG_5be0533f7ebf,zp8,74,1
90229,CFG_755205a28938,zp8,74,1
90230,CFG_36f82e31118f,zp8,74,1
90231,CFG_deda15f4c4a8,zp8,74,1
90232,CFG_bbea204eb2ac,zp8,74,1
90233,CFG_1ec55dc0a2ff,zp8,74,1
90234,CFG_f18488ce1456,zp8,74,1
90235,CFG_29c3378e155b,zp8,74,1
90236,CFG_b2a3cbb134c5,zp8,74,1
90237,CFG_17620e2785dc,zp8,74,1
90238,CFG_d39c77a1a4bf,zp8,74,1
90239,CFG_2154b722e06b,zp8,74,1
90240,CFG_1738a11cbd49,zp8,74,1
90241,CFG_d96b0c9e44d0,zp8,74,1
90242,CFG_deda15f4c4a8,zp8,74,1
90243,CFG_1ec55dc0a2ff,zp8,74,1
90244,CFG_2154b722e06b,zp8,74,1
90245,CFG_625048fefa0b,zp8,74,1
90246,CFG_cc5bbb6e9d13,zp8,74,1
90247,CFG_d7aadf87f0b1,zp8,74,1
90248,CFG_59f154754573,zp8,74,1
90249,CFG_acabbc62a021,zp8,74,1
90250,CFG_3278d3379c8a,zp8,74,1
90251,CFG_cf541d0f8a3a,zp8,74,1
90252,CFG_67b539d34471,zp8,74,1
90253,CFG_5cd0c67d59bc,zp8,74,1
90254,CFG_b2a3cbb134c5,zp8,74,1
90255,CFG_5cd0c67d59bc,zp8,74,1
90256,CFG_710c47edfbc8,zp8,74,1
90257,CFG_29c3378e155b,zp8,74,1
90258,CFG_be784e24b621,zp8,74,1
90259,CFG_9178f775d49a,zp8,74,1
90260,CFG_d96b0c9e44d0,zp8,74,1
90261,CFG_be784e24b621,zp8,74,1
90262,CFG_ffde3ea1b2e3,zp8,74,1
90263,CFG_67b539d34471,zp8,74,1
90264,CFG_de29bb20eaa6,zp8,74,1
90265,CFG_3a3d7179fe0d,zp8,74,1
90266,CFG_8bfc9d62299c,zp8,74,1
90267,CFG_3a3d7179fe0d,zp8,74,1
90268,CFG_ffde3ea1b2e3,zp8,74,1
90269,CFG_8a51f93d684d,zp8,74,1
90270,CFG_3a3d7179fe0d,zp8,74,1
90271,CFG_710c47edfbc8,zp8,74,1
90272,CFG_a1d878e7d840,zp8,74,1
90273,CFG_1ec55dc0a2ff,zp8,74,1
90274,CFG_b2a3cbb134c5,zp8,74,1
90275,CFG_755205a28938,zp8,74,1
90276,CFG_deda15f4c4a8,zp8,74,1
90277,CFG_d96b0c9e44d0,zp8,74,1
90278,CFG_755205a28938,zp8,74,1
90279,CFG_ac213567a5a2,zp8,74,1
90280,CFG_a1d878e7d840,zp8,74,1
90281,CFG_625048fefa0b,zp8,74,1
90282,CFG_1738a11cbd49,zp8,74,1
90283,CFG_9c659499047b,zp8,74,1
90284,CFG_1d1816b1d9d8,zp8,74,1
90285,CFG_532891bb36ca,zp8,74,1
90286,CFG_b2a3cbb134c5,zp8,74,1
90287,CFG_939ca62c69c2,zp8,74,1
90288,CFG_b04e3d146803,zp8,74,1
90289,CFG_1ec55dc0a2ff,zp8,74,1
90290,CFG_b0eabb76b70f,zp8,74,1
90291,CFG_17620e2785dc,zp8,74,1
90292,CFG_be784e24b621,zp8,74,1
90293,CFG_8a51f93d684d,zp8,74,1
90294,CFG_bbea204eb2ac,zp8,74,1
90295,CFG_2154b722e06b,zp8,74,1
90296,CFG_ffde3ea1b2e3,zp8,74,1
90297,CFG_939ca62c69c2,zp8,74,1
90298,CFG_a1d878e7d840,zp8,74,1
90299,CFG_36f82e31118f,zp8,74,1
90300,CFG_77c8b99b43d9,zp8,74,1
90301,CFG_b2a3cbb134c5,zp8,74,1
90302,CFG_1738a11cbd49,zp8,74,1
90303,CFG_f18488ce1456,zp8,74,1
90304,CFG_17620e2785dc,zp8,74,1
90305,CFG_727914633b9e,zp8,74,1
90306,CFG_3278d3379c8a,zp8,74,1
90307,CFG_cf541d0f8a3a,zp8,74,1
90308,CFG_b2a3cbb134c5,zp8,74,1
90309,CFG_a1d878e7d840,zp8,74,1
90310,CFG_67b539d34471,zp8,74,1
90311,CFG_755205a28938,zp8,74,1
90312,CFG_bd6412fc68b0,zp8,74,1
90313,CFG_3697b100c401,zp8,74,1
90314,CFG_d0face5aa80d,zp8,74,1
90315,CFG_1738a11cbd49,zp8,74,1
90316,CFG_39fe645ba2f1,zp8,74,1
90317,CFG_d39c77a1a4bf,zp8,74,1
90318,CFG_ceef49456daa,zp8,74,1
90319,CFG_be784e24b621,zp8,74,1
90320,CFG_2154b722e06b,zp8,74,1
90321,CFG_1e693796a40d,zp8,74,1
90322,CFG_939ca62c69c2,zp8,74,1
90323,CFG_2154b722e06b,zp8,74,1
90324,CFG_a1ebd0490272,zp8,74,1
90325,CFG_288ddbff7431,zp8,74,1
90326,CFG_8a51f93d684d,zp8,74,1
90327,CFG_7acc0fd451e2,zp8,74,1
90328,CFG_17620e2785dc,zp8,74,1
90329,CFG_f18488ce1456,zp8,74,1
90330,CFG_f18488ce1456,zp8,74,1
90331,CFG_a34f76b67ef4,zp8,74,1
90332,CFG_755205a28938,zp8,74,1
90333,CFG_3a3d7179fe0d,zp8,74,1
90334,CFG_2154b722e06b,zp8,74,1
90335,CFG_de29bb20eaa6,zp8,74,1
90336,CFG_cf541d0f8a3a,zp8,74,1
90337,CFG_ceef49456daa,zp8,74,1
90338,CFG_9178f775d49a,zp8,74,1
90339,CFG_f18488ce1456,zp8,74,1
90340,CFG_59aede929579,zp8,74,1
90341,CFG_e3950fd94ca1,zp8,74,1
90342,CFG_a292c20a75fd,zp8,74,1
90343,CFG_cc5bbb6e9d13,zp8,74,1
90344,CFG_b8e6a5652de1,zp8,74,1
90345,CFG_b2a3cbb134c5,zp8,74,1
90346,CFG_db37bdfe8c71,zp8,74,1
90347,CFG_17620e2785dc,zp8,74,1
90348,CFG_9178f775d49a,zp8,74,1
90349,CFG_1738a11cbd49,zp8,74,1
90350,CFG_b8e6a5652de1,zp8,74,1
90351,CFG_59f154754573,zp8,74,1
90352,CFG_deda15f4c4a8,zp8,74,1
90353,CFG_1ec55dc0a2ff,zp8,74,1
90354,CFG_8a51f93d684d,zp8,74,1
90355,CFG_f18488ce1456,zp8,74,1
90356,CFG_532891bb36ca,zp8,74,1
90357,CFG_a1d878e7d840,zp8,74,1
90358,CFG_710c47edfbc8,zp8,74,1
90359,CFG_d39c77a1a4bf,zp8,74,1
90360,CFG_637b6e72af93,zp8,74,1
90361,CFG_cc5bbb6e9d13,zp8,74,1
90362,CFG_2154b722e06b,zp8,74,1
90363,CFG_5cd0c67d59bc,zp8,74,1
90364,CFG_67b539d34471,zp8,74,1
90365,CFG_755205a28938,zp8,74,1
90366,CFG_67b539d34471,zp8,74,1
90367,CFG_db37bdfe8c71,zp8,74,1
90368,CFG_8bfc9d62299c,zp8,74,1
90369,CFG_59aede929579,zp8,74,1
90370,CFG_f18488ce1456,zp8,74,1
90371,CFG_1e693796a40d,zp8,74,1
90372,CFG_b8e6a5652de1,zp8,74,1
90373,CFG_1d0f84c0bb06,zp8,74,1
90374,CFG_36f82e31118f,zp8,74,1
90375,CFG_9c659499047b,zp8,74,1
90376,CFG_67b539d34471,zp8,74,1
90377,CFG_ffde3ea1b2e3,zp8,74,1
90378,CFG_8a51f93d684d,zp8,74,1
90379,CFG_1ec55dc0a2ff,zp8,74,1
90380,CFG_9178f775d49a,zp8,74,1
90381,CFG_36f82e31118f,zp8,74,1
90382,CFG_b2a3cbb134c5,zp8,74,1
90383,CFG_67b539d34471,zp8,74,1
90384,CFG_3a3d7179fe0d,zp8,74,1
90385,CFG_ffde3ea1b2e3,zp8,74,1
90386,CFG_29c3378e155b,zp8,74,1
90387,CFG_773ac98270b6,zp8,74,1
90388,CFG_5cd0c67d59bc,zp8,74,1
90389,CFG_e3950fd94ca1,zp8,74,1
90390,CFG_b8e6a5652de1,zp8,74,1
90391,CFG_773ac98270b6,zp8,74,1
90392,CFG_9c659499047b,zp8,74,1
90393,CFG_755205a28938,zp8,74,1
90394,CFG_deda15f4c4a8,zp8,74,1
90395,CFG_9c659499047b,zp8,74,1
90396,CFG_17620e2785dc,zp8,74,1
90397,CFG_a1d878e7d840,zp8,74,1
90398,CFG_755205a28938,zp8,74,1
90399,CFG_1ec55dc0a2ff,zp8,74,1
90400,CFG_acabbc62a021,zp8,74,1
90401,CFG_cf541d0f8a3a,zp8,74,1
90402,CFG_bbea204eb2ac,zp8,74,1
90403,CFG_17620e2785dc,zp8,74,1
90404,CFG_ffde3ea1b2e3,zp8,74,1
90405,CFG_a9714f85f877,zp8,74,1
90406,CFG_7fa53b7ab3bf,zp8,74,1
90407,CFG_3697b100c401,zp8,74,1
90408,CFG_802041076799,zp8,74,1
90409,CFG_cf541d0f8a3a,zp8,74,1
90410,CFG_5cd0c67d59bc,zp8,74,1
90411,CFG_9178f775d49a,zp8,74,1
90412,CFG_29c3378e155b,zp8,74,1
90413,CFG_dda2f907b868,zp8,74,1
90414,CFG_9178f775d49a,zp8,74,1
90415,CFG_b8e6a5652de1,zp8,74,1
90416,CFG_7cd4c6b023c5,zp8,74,1
90417,CFG_6caaadb373ea,zp8,74,1
90418,CFG_1ec55dc0a2ff,zp8,74,1
90419,CFG_7155e4ee7bdf,zp8,74,1
90420,CFG_8a51f93d684d,zp8,74,1
90421,CFG_7cd4c6b023c5,zp8,74,1
90422,CFG_cf541d0f8a3a,zp8,74,1
90423,CFG_6caaadb373ea,zp8,74,1
90424,CFG_9c659499047b,zp8,74,1
90425,CFG_275e4ca07248,zp8,74,1
90426,CFG_9c659499047b,zp8,74,1
90427,CFG_ceef49456daa,zp8,74,1
90428,CFG_7fa53b7ab3bf,zp8,74,1
90429,CFG_6caaadb373ea,zp8,74,1
90430,CFG_b8e6a5652de1,zp8,74,1
90431,CFG_275e4ca07248,zp8,74,1
90432,CFG_f18488ce1456,zp8,74,1
90433,CFG_1738a11cbd49,zp8,74,1
90434,CFG_7fa53b7ab3bf,zp8,74,1
90435,CFG_1738a11cbd49,zp8,74,1
90436,CFG_2154b722e06b,zp8,74,1
90437,CFG_59aede929579,zp8,74,1
90438,CFG_9c659499047b,zp8,74,1
90439,CFG_1ec55dc0a2ff,zp8,74,1
90440,CFG_9178f775d49a,zp8,74,1
90441,CFG_cf541d0f8a3a,zp8,74,1
90442,CFG_de29bb20eaa6,zp8,74,1
90443,CFG_cf541d0f8a3a,zp8,74,1
90444,CFG_36f82e31118f,zp8,74,1
90445,CFG_e3950fd94ca1,zp8,74,1
90446,CFG_8a51f93d684d,zp8,74,1
90447,CFG_8a51f93d684d,zp8,74,1
90448,CFG_c910518048de,zp8,74,1
90449,CFG_cf541d0f8a3a,zp8,74,1
90450,CFG_ffde3ea1b2e3,zp8,74,1
90451,CFG_c910518048de,zp8,74,1
90452,CFG_b8e6a5652de1,zp8,74,1
90453,CFG_275e4ca07248,zp8,74,1
90454,CFG_755205a28938,zp8,74,1
90455,CFG_67b539d34471,zp8,74,1
90456,CFG_29c3378e155b,zp8,74,1
90457,CFG_727914633b9e,zp8,74,1
90458,CFG_b2a3cbb134c5,zp8,74,1
90459,CFG_1ec55dc0a2ff,zp8,74,1
90460,CFG_8bfc9d62299c,zp8,74,1
90461,CFG_8f2957e28805,zp8,74,1
90462,CFG_e87513c8563d,zp8,74,1
90463,CFG_de29bb20eaa6,zp8,74,1
90464,CFG_deda15f4c4a8,zp8,74,1
90465,CFG_f18488ce1456,zp8,74,1
90466,CFG_ffde3ea1b2e3,zp8,74,1
90467,CFG_802041076799,zp8,74,1
90468,CFG_1ec55dc0a2ff,zp8,74,1
90469,CFG_8a51f93d684d,zp8,74,1
90470,CFG_2534839bab0a,zp8,74,1
90471,CFG_39fe645ba2f1,zp8,74,1
90472,CFG_36f82e31118f,zp8,74,1
90473,CFG_dda2f907b868,zp8,74,1
90474,CFG_5514d03a77b0,zp8,74,1
90475,CFG_7cd4c6b023c5,zp8,74,1
90476,CFG_f18488ce1456,zp8,74,1
90477,CFG_e3950fd94ca1,zp8,74,1
90478,CFG_cf541d0f8a3a,zp8,74,1
90479,CFG_3a3d7179fe0d,zp8,74,1
90480,CFG_b2a3cbb134c5,zp8,74,1
90481,CFG_8a51f93d684d,zp8,74,1
90482,CFG_532891bb36ca,zp8,74,1
90483,CFG_36f82e31118f,zp8,74,1
90484,CFG_755205a28938,zp8,74,1
90485,CFG_1ec55dc0a2ff,zp8,74,1
90486,CFG_773ac98270b6,zp8,74,1
90487,CFG_d96b0c9e44d0,zp8,74,1
90488,CFG_d7aadf87f0b1,zp8,74,1
90489,CFG_2154b722e06b,zp8,74,1
90490,CFG_17620e2785dc,zp8,74,1
90491,CFG_17620e2785dc,zp8,74,1
90492,CFG_deda15f4c4a8,zp8,74,1
90493,CFG_dda2f907b868,zp8,74,1
90494,CFG_755205a28938,zp8,74,1
90495,CFG_755205a28938,zp8,74,1
90496,CFG_c94b44f1b2f9,zp8,74,1
90497,CFG_a1ebd0490272,zp8,74,1
90498,CFG_5514d03a77b0,zp8,74,1
90499,CFG_288ddbff7431,zp8,74,1
90500,CFG_ffde3ea1b2e3,zp8,74,1
90501,CFG_7fa53b7ab3bf,zp8,74,1
90502,CFG_773ac98270b6,zp8,74,1
90503,CFG_c94b44f1b2f9,zp8,74,1
90504,CFG_67b539d34471,zp8,74,1
90505,CFG_2154b722e06b,zp8,74,1
90506,CFG_e1e6e0c66c93,zp8,74,1
90507,CFG_939ca62c69c2,zp8,74,1
90508,CFG_939ca62c69c2,zp8,74,1
90509,CFG_be784e24b621,zp8,74,1
90510,CFG_cf541d0f8a3a,zp8,74,1
90511,CFG_cf541d0f8a3a,zp8,74,1
90512,CFG_b2a3cbb134c5,zp8,74,1
90513,CFG_de29bb20eaa6,zp8,74,1
90514,CFG_7fa53b7ab3bf,zp8,74,1
90515,CFG_8a51f93d684d,zp8,74,1
90516,CFG_1ec55dc0a2ff,zp8,74,1
90517,CFG_8a51f93d684d,zp8,74,1
90518,CFG_f18488ce1456,zp8,74,1
90519,CFG_36f82e31118f,zp8,74,1
90520,CFG_d96b0c9e44d0,zp8,74,1
90521,CFG_36f82e31118f,zp8,74,1
90522,CFG_1738a11cbd49,zp8,74,1
90523,CFG_d96b0c9e44d0,zp8,74,1
90524,CFG_5cd0c67d59bc,zp8,74,1
90525,CFG_29c3378e155b,zp8,74,1
90526,CFG_b2a3cbb134c5,zp8,74,1
90527,CFG_f993a0fc6256,zp8,74,1
90528,CFG_1738a11cbd49,zp8,74,1
90529,CFG_9178f775d49a,zp8,74,1
90530,CFG_f18488ce1456,zp8,74,1
90531,CFG_29c3378e155b,zp8,74,1
90532,CFG_f18488ce1456,zp8,74,1
90533,CFG_e3950fd94ca1,zp8,74,1
90534,CFG_9178f775d49a,zp8,74,1
90535,CFG_8a51f93d684d,zp8,74,1
90536,CFG_802041076799,zp8,74,1
90537,CFG_7fa53b7ab3bf,zp8,74,1
90538,CFG_275e4ca07248,zp8,74,1
90539,CFG_67b539d34471,zp8,74,1
90540,CFG_275e4ca07248,zp8,74,1
90541,CFG_8a51f93d684d,zp8,74,1
90542,CFG_e3950fd94ca1,zp8,74,1
90543,CFG_dda2f907b868,zp8,74,1
90544,CFG_f18488ce1456,zp8,74,1
90545,CFG_acabbc62a021,zp8,74,1
90546,CFG_d96b0c9e44d0,zp8,74,1
90547,CFG_17620e2785dc,zp8,74,1
90548,CFG_be784e24b621,zp8,74,1
90549,CFG_5514d03a77b0,zp8,74,1
90550,CFG_3a3d7179fe0d,zp8,74,1
90551,CFG_2154b722e06b,zp8,74,1
90552,CFG_8a51f93d684d,zp8,74,1
90553,CFG_773ac98270b6,zp8,74,1
90554,CFG_67b539d34471,zp8,74,1
90555,CFG_f18488ce1456,zp8,74,1
90556,CFG_8a51f93d684d,zp8,74,1
90557,CFG_cf541d0f8a3a,zp8,74,1
90558,CFG_f993a0fc6256,zp8,74,1
90559,CFG_773ac98270b6,zp8,74,1
90560,CFG_e1e6e0c66c93,zp8,74,1
90561,CFG_cf541d0f8a3a,zp8,74,1
90562,CFG_8a51f93d684d,zp8,74,1
90563,CFG_5cd0c67d59bc,zp8,74,1
90564,CFG_f18488ce1456,zp8,74,1
90565,CFG_ffde3ea1b2e3,zp8,74,1
90566,CFG_9178f775d49a,zp8,74,1
90567,CFG_67b539d34471,zp8,74,1
90568,CFG_5514d03a77b0,zp8,74,1
90569,CFG_be784e24b621,zp8,74,1
90570,CFG_5cd0c67d59bc,zp8,74,1
90571,CFG_d7aadf87f0b1,zp8,74,1
90572,CFG_8a51f93d684d,zp8,74,1
90573,CFG_3a3d7179fe0d,zp8,74,1
90574,CFG_cf541d0f8a3a,zp8,74,1
90575,CFG_275e4ca07248,zp8,74,1
90576,CFG_de29bb20eaa6,zp8,74,1
90577,CFG_deda15f4c4a8,zp8,74,1
90578,CFG_532891bb36ca,zp8,74,1
90579,CFG_773ac98270b6,zp8,74,1
90580,CFG_ffde3ea1b2e3,zp8,74,1
90581,CFG_6caaadb373ea,zp8,74,1
90582,CFG_e1e6e0c66c93,zp8,74,1
90583,CFG_3a3d7179fe0d,zp8,74,1
90584,CFG_cf541d0f8a3a,zp8,74,1
90585,CFG_9c659499047b,zp8,74,1
90586,CFG_bbea204eb2ac,zp8,74,1
90587,CFG_8bfc9d62299c,zp8,74,1
90588,CFG_b2a3cbb134c5,zp8,74,1
90589,CFG_9178f775d49a,zp8,74,1
90590,CFG_b2a3cbb134c5,zp8,74,1
90591,CFG_5514d03a77b0,zp8,74,1
90592,CFG_dda2f907b868,zp8,74,1
90593,CFG_59f154754573,zp8,74,1
90594,CFG_2154b722e06b,zp8,74,1
90595,CFG_2534839bab0a,zp8,74,1
90596,CFG_773ac98270b6,zp8,74,1
90597,CFG_a1ebd0490272,zp8,74,1
90598,CFG_8bfc9d62299c,zp8,74,1
90599,CFG_3a3d7179fe0d,zp8,74,1
90600,CFG_ffde3ea1b2e3,zp8,74,1
90601,CFG_1d0f84c0bb06,zp8,74,1
90602,CFG_d96b0c9e44d0,zp8,74,1
90603,CFG_ac213567a5a2,zp8,74,1
90604,CFG_d0face5aa80d,zp8,74,1
90605,CFG_a1d878e7d840,zp8,74,1
90606,CFG_1ec55dc0a2ff,zp8,74,1
90607,CFG_deda15f4c4a8,zp8,74,1
90608,CFG_1ec55dc0a2ff,zp8,74,1
90609,CFG_ac213567a5a2,zp8,74,1
90610,CFG_17620e2785dc,zp8,74,1
90611,CFG_59f154754573,zp8,74,1
90612,CFG_a34f76b67ef4,zp8,74,1
90613,CFG_5417b1da3239,zp8,74,1
90614,CFG_2534839bab0a,zp8,74,1
90615,CFG_f18488ce1456,zp8,74,1
90616,CFG_532891bb36ca,zp8,74,1
90617,CFG_939ca62c69c2,zp8,74,1
90618,CFG_2154b722e06b,zp8,74,1
90619,CFG_773ac98270b6,zp8,74,1
90620,CFG_f18488ce1456,zp8,74,1
90621,CFG_29c3378e155b,zp8,74,1
90622,CFG_be784e24b621,zp8,74,1
90623,CFG_39fe645ba2f1,zp8,74,1
90624,CFG_710c47edfbc8,zp8,74,1
90625,CFG_29c3378e155b,zp8,74,1
90626,CFG_3a3d7179fe0d,zp8,74,1
90627,CFG_755205a28938,zp8,74,1
90628,CFG_3a3d7179fe0d,zp8,74,1
90629,CFG_ceef49456daa,zp8,74,1
90630,CFG_755205a28938,zp8,74,1
90631,CFG_8a51f93d684d,zp8,74,1
90632,CFG_2534839bab0a,zp8,74,1
90633,CFG_b2a3cbb134c5,zp8,74,1
90634,CFG_be784e24b621,zp8,74,1
90635,CFG_3278d3379c8a,zp8,74,1
90636,CFG_ceef49456daa,zp8,74,1
90637,CFG_ffde3ea1b2e3,zp8,74,1
90638,CFG_939ca62c69c2,zp8,74,1
90639,CFG_1ec55dc0a2ff,zp8,74,1
90640,CFG_b2a3cbb134c5,zp8,74,1
90641,CFG_6caaadb373ea,zp8,74,1
90642,CFG_ffde3ea1b2e3,zp8,74,1
90643,CFG_3a3d7179fe0d,zp8,74,1
90644,CFG_67b539d34471,zp8,74,1
90645,CFG_deda15f4c4a8,zp8,74,1
90646,CFG_9178f775d49a,zp8,74,1
90647,CFG_ffde3ea1b2e3,zp8,74,1
90648,CFG_cf541d0f8a3a,zp8,74,1
90649,CFG_d39c77a1a4bf,zp8,74,1
90650,CFG_1ec55dc0a2ff,zp8,74,1
90651,CFG_3e489afc8bfd,zp8,74,1
90652,CFG_b8e6a5652de1,zp8,74,1
90653,CFG_d7aadf87f0b1,zp8,74,1
90654,CFG_81cab8befe03,zp8,74,1
90655,CFG_1738a11cbd49,zp8,74,1
90656,CFG_1738a11cbd49,zp8,74,1
90657,CFG_8a51f93d684d,zp8,74,1
90658,CFG_f18488ce1456,zp8,74,1
90659,CFG_7fa53b7ab3bf,zp8,74,1
90660,CFG_1e693796a40d,zp8,74,1
90661,CFG_29c3378e155b,zp8,74,1
90662,CFG_deda15f4c4a8,zp8,74,1
90663,CFG_cf6528e23789,zp8,74,1
90664,CFG_c910518048de,zp8,74,1
90665,CFG_8bfc9d62299c,zp8,74,1
90666,CFG_67b539d34471,zp8,74,1
90667,CFG_755205a28938,zp8,74,1
90668,CFG_8f2957e28805,zp8,74,1
90669,CFG_deda15f4c4a8,zp8,74,1
90670,CFG_36f82e31118f,zp8,74,1
90671,CFG_36f82e31118f,zp8,74,1
90672,CFG_8a51f93d684d,zp8,74,1
90673,CFG_939ca62c69c2,zp8,74,1
90674,CFG_d0face5aa80d,zp8,74,1
90675,CFG_3a3d7179fe0d,zp8,74,1
90676,CFG_710c47edfbc8,zp8,74,1
90677,CFG_17620e2785dc,zp8,74,1
90678,CFG_e3950fd94ca1,zp8,74,1
90679,CFG_5cd0c67d59bc,zp8,74,1
90680,CFG_deda15f4c4a8,zp8,74,1
90681,CFG_f18488ce1456,zp8,74,1
90682,CFG_5514d03a77b0,zp8,74,1
90683,CFG_deda15f4c4a8,zp8,74,1
90684,CFG_f18488ce1456,zp8,74,1
90685,CFG_a1d878e7d840,zp8,74,1
90686,CFG_5514d03a77b0,zp8,74,1
90687,CFG_a1ebd0490272,zp8,74,1
90688,CFG_773ac98270b6,zp8,74,1
90689,CFG_1738a11cbd49,zp8,74,1
90690,CFG_7fa53b7ab3bf,zp8,74,1
90691,CFG_5514d03a77b0,zp8,74,1
90692,CFG_3e489afc8bfd,zp8,74,1
90693,CFG_e3950fd94ca1,zp8,74,1
90694,CFG_1ec55dc0a2ff,zp8,74,1
90695,CFG_6caaadb373ea,zp8,74,1
90696,CFG_a1ebd0490272,zp8,74,1
90697,CFG_67b539d34471,zp8,74,1
90698,CFG_1d1816b1d9d8,zp8,74,1
90699,CFG_8f2957e28805,zp8,74,1
90700,CFG_710c47edfbc8,zp8,74,1
90701,CFG_67b539d34471,zp8,74,1
90702,CFG_39fe645ba2f1,zp8,74,1
90703,CFG_f18488ce1456,zp8,74,1
90704,CFG_6caaadb373ea,zp8,74,1
90705,CFG_8bfc9d62299c,zp8,74,1
90706,CFG_29c3378e155b,zp8,74,1
90707,CFG_8a51f93d684d,zp8,74,1
90708,CFG_cc5bbb6e9d13,zp8,74,1
90709,CFG_1ec55dc0a2ff,zp8,74,1
90710,CFG_3278d3379c8a,zp8,74,1
90711,CFG_be784e24b621,zp8,74,1
90712,CFG_9178f775d49a,zp8,74,1
90713,CFG_b2a3cbb134c5,zp8,74,1
90714,CFG_deda15f4c4a8,zp8,74,1
90715,CFG_1738a11cbd49,zp8,74,1
90716,CFG_59aede929579,zp8,74,1
90717,CFG_f18488ce1456,zp8,74,1
90718,CFG_939ca62c69c2,zp8,74,1
90719,CFG_17620e2785dc,zp8,74,1
90720,CFG_cc5bbb6e9d13,zp8,74,1
90721,CFG_1747d90ed031,zp8,74,1
90722,CFG_8a51f93d684d,zp8,74,1
90723,CFG_be784e24b621,zp8,74,1
90724,CFG_36f82e31118f,zp8,74,1
90725,CFG_67b539d34471,zp8,74,1
90726,CFG_8bfc9d62299c,zp8,74,1
90727,CFG_deda15f4c4a8,zp8,74,1
90728,CFG_a9714f85f877,zp8,74,1
90729,CFG_b2a3cbb134c5,zp8,74,1
90730,CFG_f18488ce1456,zp8,74,1
90731,CFG_8a51f93d684d,zp8,74,1
90732,CFG_8bfc9d62299c,zp8,74,1
90733,CFG_a292c20a75fd,zp8,74,1
90734,CFG_710c47edfbc8,zp8,74,1
90735,CFG_939ca62c69c2,zp8,74,1
90736,CFG_1ec55dc0a2ff,zp8,74,1
90737,CFG_dda2f907b868,zp8,74,1
90738,CFG_65f78a36ed50,zp8,74,1
90739,CFG_ffde3ea1b2e3,zp8,74,1
90740,CFG_3697b100c401,zp8,74,1
90741,CFG_29c3378e155b,zp8,74,1
90742,CFG_cf541d0f8a3a,zp8,74,1
90743,CFG_1738a11cbd49,zp8,74,1
90744,CFG_e3386d946379,zp8,74,1
90745,CFG_e1e6e0c66c93,zp8,74,1
90746,CFG_625048fefa0b,zp8,74,1
90747,CFG_cf541d0f8a3a,zp8,74,1
90748,CFG_8a51f93d684d,zp8,74,1
90749,CFG_ac213567a5a2,zp8,74,1
90750,CFG_5851809b712d,zp8,74,1
90751,CFG_67b539d34471,zp8,74,1
90752,CFG_755205a28938,zp8,74,1
90753,CFG_9c659499047b,zp8,74,1
90754,CFG_1ec55dc0a2ff,zp8,74,1
90755,CFG_29c3378e155b,zp8,74,1
90756,CFG_4cd2b98cde9e,zp8,74,1
90757,CFG_5cd0c67d59bc,zp8,74,1
90758,CFG_a1ebd0490272,zp8,74,1
90759,CFG_7cd4c6b023c5,zp8,74,1
90760,CFG_59f154754573,zp8,74,1
90761,CFG_5514d03a77b0,zp8,74,1
90762,CFG_bd6412fc68b0,zp8,74,1
90763,CFG_f18488ce1456,zp8,74,1
90764,CFG_1ec55dc0a2ff,zp8,74,1
90765,CFG_8a51f93d684d,zp8,74,1
90766,CFG_3a3d7179fe0d,zp8,74,1
90767,CFG_67b539d34471,zp8,74,1
90768,CFG_d39c77a1a4bf,zp8,74,1
90769,CFG_39fe645ba2f1,zp8,74,1
90770,CFG_77c8b99b43d9,zp8,74,1
90771,CFG_3a3d7179fe0d,zp8,74,1
90772,CFG_5514d03a77b0,zp8,74,1
90773,CFG_36f82e31118f,zp8,74,1
90774,CFG_59aede929579,zp8,74,1
90775,CFG_29c3378e155b,zp8,74,1
90776,CFG_36f82e31118f,zp8,74,1
90777,CFG_773ac98270b6,zp8,74,1
90778,CFG_b2a3cbb134c5,zp8,74,1
90779,CFG_ceef49456daa,zp8,74,1
90780,CFG_cf541d0f8a3a,zp8,74,1
90781,CFG_5514d03a77b0,zp8,74,1
90782,CFG_939ca62c69c2,zp8,74,1
90783,CFG_4cd2b98cde9e,zp8,74,1
90784,CFG_b2a3cbb134c5,zp8,74,1
90785,CFG_755205a28938,zp8,74,1
90786,CFG_5531dad98c69,zp8,74,1
90787,CFG_67b539d34471,zp8,74,1
90788,CFG_d96b0c9e44d0,zp8,74,1
90789,CFG_625048fefa0b,zp8,74,1
90790,CFG_f993a0fc6256,zp8,74,1
90791,CFG_7fa53b7ab3bf,zp8,74,1
90792,CFG_5851809b712d,zp8,74,1
90793,CFG_39fe645ba2f1,zp8,74,1
90794,CFG_f18488ce1456,zp8,74,1
90795,CFG_a9714f85f877,zp8,74,1
90796,CFG_3278d3379c8a,zp8,74,1
90797,CFG_ffde3ea1b2e3,zp8,74,1
90798,CFG_b2a3cbb134c5,zp8,74,1
90799,CFG_c910518048de,zp8,74,1
90800,CFG_39fe645ba2f1,zp8,74,1
90801,CFG_f18488ce1456,zp8,74,1
90802,CFG_deda15f4c4a8,zp8,74,1
90803,CFG_1ec55dc0a2ff,zp8,74,1
90804,CFG_cf541d0f8a3a,zp8,74,1
90805,CFG_67b539d34471,zp8,74,1
90806,CFG_8bfc9d62299c,zp8,74,1
90807,CFG_17620e2785dc,zp8,74,1
90808,CFG_d96b0c9e44d0,zp8,74,1
90809,CFG_1738a11cbd49,zp8,74,1
90810,CFG_f18488ce1456,zp8,74,1
90811,CFG_8a51f93d684d,zp8,74,1
90812,CFG_e3950fd94ca1,zp8,74,1
90813,CFG_2154b722e06b,zp8,74,1
90814,CFG_1ec55dc0a2ff,zp8,74,1
90815,CFG_59aede929579,zp8,74,1
90816,CFG_9178f775d49a,zp8,74,1
90817,CFG_d96b0c9e44d0,zp8,74,1
90818,CFG_5cd0c67d59bc,zp8,74,1
90819,CFG_3709eca534a7,zp8,74,1
90820,CFG_bbea204eb2ac,zp8,74,1
90821,CFG_8bfc9d62299c,zp8,74,1
90822,CFG_ac213567a5a2,zp8,74,1
90823,CFG_67b539d34471,zp8,74,1
90824,CFG_b2a3cbb134c5,zp8,74,1
90825,CFG_112bf773e97d,zp8,74,1
90826,CFG_b8e6a5652de1,zp8,74,1
90827,CFG_b8e6a5652de1,zp8,74,1
90828,CFG_d96b0c9e44d0,zp8,74,1
90829,CFG_cf541d0f8a3a,zp8,74,1
90830,CFG_802041076799,zp8,74,1
90831,CFG_cf541d0f8a3a,zp8,74,1
90832,CFG_288ddbff7431,zp8,74,1
90833,CFG_5cd0c67d59bc,zp8,74,1
90834,CFG_6caaadb373ea,zp8,74,1
90835,CFG_9c659499047b,zp8,74,1
90836,CFG_e3950fd94ca1,zp8,74,1
90837,CFG_8bfc9d62299c,zp8,74,1
90838,CFG_cf541d0f8a3a,zp8,74,1
90839,CFG_a1d878e7d840,zp8,74,1
90840,CFG_8a51f93d684d,zp8,74,1
90841,CFG_36f82e31118f,zp8,74,1
90842,CFG_7fa53b7ab3bf,zp8,74,1
90843,CFG_625048fefa0b,zp8,74,1
90844,CFG_8bfc9d62299c,zp8,74,1
90845,CFG_cf541d0f8a3a,zp8,74,1
90846,CFG_3278d3379c8a,zp8,74,1
90847,CFG_65f78a36ed50,zp8,74,1
90848,CFG_9178f775d49a,zp8,74,1
90849,CFG_f18488ce1456,zp8,74,1
90850,CFG_9178f775d49a,zp8,74,1
90851,CFG_8a51f93d684d,zp8,74,1
90852,CFG_deda15f4c4a8,zp8,74,1
90853,CFG_e1e6e0c66c93,zp8,74,1
90854,CFG_755205a28938,zp8,74,1
90855,CFG_17620e2785dc,zp8,74,1
90856,CFG_b2a3cbb134c5,zp8,74,1
90857,CFG_8a51f93d684d,zp8,74,1
90858,CFG_b8e6a5652de1,zp8,74,1
90859,CFG_755205a28938,zp8,74,1
90860,CFG_2154b722e06b,zp8,74,1
90861,CFG_5be0533f7ebf,zp8,74,1
90862,CFG_9c659499047b,zp8,74,1
90863,CFG_1738a11cbd49,zp8,74,1
90864,CFG_8bfc9d62299c,zp8,74,1
90865,CFG_d96b0c9e44d0,zp8,74,1
90866,CFG_de29bb20eaa6,zp8,74,1
90867,CFG_2154b722e06b,zp8,74,1
90868,CFG_b2a3cbb134c5,zp8,74,1
90869,CFG_e87513c8563d,zp8,74,1
90870,CFG_5514d03a77b0,zp8,74,1
90871,CFG_3a3d7179fe0d,zp8,74,1
90872,CFG_2534839bab0a,zp8,74,1
90873,CFG_1ec55dc0a2ff,zp8,74,1
90874,CFG_1e693796a40d,zp8,74,1
90875,CFG_1ec55dc0a2ff,zp8,74,1
90876,CFG_1ec55dc0a2ff,zp8,74,1
90877,CFG_2154b722e06b,zp8,74,1
90878,CFG_9178f775d49a,zp8,74,1
90879,CFG_f18488ce1456,zp8,74,1
90880,CFG_f18488ce1456,zp8,74,1
90881,CFG_d96b0c9e44d0,zp8,74,1
90882,CFG_9178f775d49a,zp8,74,1
90883,CFG_f18488ce1456,zp8,74,1
90884,CFG_a1d878e7d840,zp8,74,1
90885,CFG_5be0533f7ebf,zp8,74,1
90886,CFG_67b539d34471,zp8,74,1
90887,CFG_deda15f4c4a8,zp8,74,1
90888,CFG_1ec55dc0a2ff,zp8,74,1
90889,CFG_2534839bab0a,zp8,74,1
90890,CFG_f18488ce1456,zp8,74,1
90891,CFG_8bfc9d62299c,zp8,74,1
90892,CFG_59aede929579,zp8,74,1
90893,CFG_8a51f93d684d,zp8,74,1
90894,CFG_59aede929579,zp8,74,1
90895,CFG_8a51f93d684d,zp8,74,1
90896,CFG_710c47edfbc8,zp8,74,1
90897,CFG_939ca62c69c2,zp8,74,1
90898,CFG_3697b100c401,zp8,74,1
90899,CFG_cf541d0f8a3a,zp8,74,1
90900,CFG_2154b722e06b,zp8,74,1
90901,CFG_bbea204eb2ac,zp8,74,1
90902,CFG_3278d3379c8a,zp8,74,1
90903,CFG_1738a11cbd49,zp8,74,1
90904,CFG_802041076799,zp8,74,1
90905,CFG_59f154754573,zp8,74,1
90906,CFG_1ec55dc0a2ff,zp8,74,1
90907,CFG_3a3d7179fe0d,zp8,74,1
90908,CFG_710c47edfbc8,zp8,74,1
90909,CFG_7fa53b7ab3bf,zp8,74,1
90910,CFG_d96b0c9e44d0,zp8,74,1
90911,CFG_939ca62c69c2,zp8,74,1
90912,CFG_6caaadb373ea,zp8,74,1
90913,CFG_b2a3cbb134c5,zp8,74,1
90914,CFG_3a3d7179fe0d,zp8,74,1
90915,CFG_29c3378e155b,zp8,74,1
90916,CFG_3697b100c401,zp8,74,1
90917,CFG_de29bb20eaa6,zp8,74,1
90918,CFG_8bfc9d62299c,zp8,74,1
90919,CFG_59aede929579,zp8,74,1
90920,CFG_29c3378e155b,zp8,74,1
90921,CFG_59aede929579,zp8,74,1
90922,CFG_67b539d34471,zp8,74,1
90923,CFG_36f82e31118f,zp8,74,1
90924,CFG_e1e6e0c66c93,zp8,74,1
90925,CFG_b2a3cbb134c5,zp8,74,1
90926,CFG_59f154754573,zp8,74,1
90927,CFG_17620e2785dc,zp8,74,1
90928,CFG_ffde3ea1b2e3,zp8,74,1
90929,CFG_2154b722e06b,zp8,74,1
90930,CFG_f18488ce1456,zp8,74,1
90931,CFG_8a51f93d684d,zp8,74,1
90932,CFG_773ac98270b6,zp8,74,1
90933,CFG_8bfc9d62299c,zp8,74,1
90934,CFG_67b539d34471,zp8,74,1
90935,CFG_f18488ce1456,zp8,74,1
90936,CFG_1ec55dc0a2ff,zp8,74,1
90937,CFG_773ac98270b6,zp8,74,1
90938,CFG_1738a11cbd49,zp8,74,1
90939,CFG_3697b100c401,zp8,74,1
90940,CFG_39fe645ba2f1,zp8,74,1
90941,CFG_dda2f907b868,zp8,74,1
90942,CFG_c910518048de,zp8,74,1
90943,CFG_deda15f4c4a8,zp8,74,1
90944,CFG_36f82e31118f,zp8,74,1
90945,CFG_1ec55dc0a2ff,zp8,74,1
90946,CFG_939ca62c69c2,zp8,74,1
90947,CFG_b2a3cbb134c5,zp8,74,1
90948,CFG_67b539d34471,zp8,74,1
90949,CFG_1738a11cbd49,zp8,74,1
90950,CFG_755205a28938,zp8,74,1
90951,CFG_1738a11cbd49,zp8,74,1
90952,CFG_e1e6e0c66c93,zp8,74,1
90953,CFG_f18488ce1456,zp8,74,1
90954,CFG_9c659499047b,zp8,74,1
90955,CFG_de29bb20eaa6,zp8,74,1
90956,CFG_f18488ce1456,zp8,74,1
90957,CFG_deda15f4c4a8,zp8,74,1
90958,CFG_d7aadf87f0b1,zp8,74,1
90959,CFG_b2a3cbb134c5,zp8,74,1
90960,CFG_deda15f4c4a8,zp8,74,1
90961,CFG_bbea204eb2ac,zp8,74,1
90962,CFG_8bfc9d62299c,zp8,74,1
90963,CFG_4cd2b98cde9e,zp8,74,1
90964,CFG_b2a3cbb134c5,zp8,74,1
90965,CFG_5cd0c67d59bc,zp8,74,1
90966,CFG_9178f775d49a,zp8,74,1
90967,CFG_275e4ca07248,zp8,74,1
90968,CFG_773ac98270b6,zp8,74,1
90969,CFG_d0face5aa80d,zp8,74,1
90970,CFG_d96b0c9e44d0,zp8,74,1
90971,CFG_939ca62c69c2,zp8,74,1
90972,CFG_773ac98270b6,zp8,74,1
90973,CFG_c910518048de,zp8,74,1
90974,CFG_939ca62c69c2,zp8,74,1
90975,CFG_59f154754573,zp8,74,1
90976,CFG_f18488ce1456,zp8,74,1
90977,CFG_5514d03a77b0,zp8,74,1
90978,CFG_275e4ca07248,zp8,74,1
90979,CFG_6caaadb373ea,zp8,74,1
90980,CFG_be784e24b621,zp8,74,1
90981,CFG_cf6528e23789,zp8,74,1
90982,CFG_5851809b712d,zp8,74,1
90983,CFG_be784e24b621,zp8,74,1
90984,CFG_8bfc9d62299c,zp8,74,1
90985,CFG_c910518048de,zp8,74,1
90986,CFG_755205a28938,zp8,74,1
90987,CFG_755205a28938,zp8,74,1
90988,CFG_c910518048de,zp8,74,1
90989,CFG_9c659499047b,zp8,74,1
90990,CFG_773ac98270b6,zp8,74,1
90991,CFG_773ac98270b6,zp8,74,1
90992,CFG_deda15f4c4a8,zp8,74,1
90993,CFG_e1e6e0c66c93,zp8,74,1
90994,CFG_bbea204eb2ac,zp8,74,1
90995,CFG_67b539d34471,zp8,74,1
90996,CFG_b2a3cbb134c5,zp8,74,1
90997,CFG_f18488ce1456,zp8,74,1
90998,CFG_e1e6e0c66c93,zp8,74,1
90999,CFG_cf6528e23789,zp8,74,1
91000,CFG_939ca62c69c2,zp8,74,1
91001,CFG_cf541d0f8a3a,zp8,74,1
91002,CFG_59f154754573,zp8,74,1
91003,CFG_17620e2785dc,zp8,74,1
91004,CFG_3a3d7179fe0d,zp8,74,1
91005,CFG_9c659499047b,zp8,74,1
91006,CFG_67b539d34471,zp8,74,1
91007,CFG_99b4d8a9c762,zp8,74,1
91008,CFG_1ec55dc0a2ff,zp8,74,1
91009,CFG_9c659499047b,zp8,74,1
91010,CFG_727914633b9e,zp8,74,1
91011,CFG_1738a11cbd49,zp8,74,1
91012,CFG_67b539d34471,zp8,74,1
91013,CFG_a34f76b67ef4,zp8,74,1
91014,CFG_29c3378e155b,zp8,74,1
91015,CFG_c94b44f1b2f9,zp8,74,1
91016,CFG_8bfc9d62299c,zp8,74,1
91017,CFG_f18488ce1456,zp8,74,1
91018,CFG_9c659499047b,zp8,74,1
91019,CFG_17620e2785dc,zp8,74,1
91020,CFG_acabbc62a021,zp8,74,1
91021,CFG_a34f76b67ef4,zp8,74,1
91022,CFG_710c47edfbc8,zp8,74,1
91023,CFG_cf541d0f8a3a,zp8,74,1
91024,CFG_36f82e31118f,zp8,74,1
91025,CFG_939ca62c69c2,zp8,74,1
91026,CFG_f18488ce1456,zp8,74,1
91027,CFG_d7aadf87f0b1,zp8,74,1
91028,CFG_f18488ce1456,zp8,74,1
91029,CFG_cf6528e23789,zp8,74,1
91030,CFG_773ac98270b6,zp8,74,1
91031,CFG_39fe645ba2f1,zp8,74,1
91032,CFG_a34f76b67ef4,zp8,74,1
91033,CFG_773ac98270b6,zp8,74,1
91034,CFG_17620e2785dc,zp8,74,1
91035,CFG_a34f76b67ef4,zp8,74,1
91036,CFG_8a51f93d684d,zp8,74,1
91037,CFG_39fe645ba2f1,zp8,74,1
91038,CFG_67b539d34471,zp8,74,1
91039,CFG_9178f775d49a,zp8,74,1
91040,CFG_f18488ce1456,zp8,74,1
91041,CFG_b2a3cbb134c5,zp8,74,1
91042,CFG_5851809b712d,zp8,74,1
91043,CFG_1e693796a40d,zp8,74,1
91044,CFG_9178f775d49a,zp8,74,1
91045,CFG_625048fefa0b,zp8,74,1
91046,CFG_3e489afc8bfd,zp8,74,1
91047,CFG_a9714f85f877,zp8,74,1
91048,CFG_9178f775d49a,zp8,74,1
91049,CFG_1ec55dc0a2ff,zp8,74,1
91050,CFG_e1e6e0c66c93,zp8,74,1
91051,CFG_773ac98270b6,zp8,74,1
91052,CFG_939ca62c69c2,zp8,74,1
91053,CFG_cf541d0f8a3a,zp8,74,1
91054,CFG_29c3378e155b,zp8,74,1
91055,CFG_7155e4ee7bdf,zp8,74,1
91056,CFG_b2a3cbb134c5,zp8,74,1
91057,CFG_acabbc62a021,zp8,74,1
91058,CFG_1738a11cbd49,zp8,74,1
91059,CFG_b2a3cbb134c5,zp8,74,1
91060,CFG_f993a0fc6256,zp8,74,1
91061,CFG_59aede929579,zp8,74,1
91062,CFG_be784e24b621,zp8,74,1
91063,CFG_773ac98270b6,zp8,74,1
91064,CFG_de29bb20eaa6,zp8,74,1
91065,CFG_f18488ce1456,zp8,74,1
91066,CFG_773ac98270b6,zp8,74,1
91067,CFG_ceef49456daa,zp8,74,1
91068,CFG_8a51f93d684d,zp8,74,1
91069,CFG_1738a11cbd49,zp8,74,1
91070,CFG_8a51f93d684d,zp8,74,1
91071,CFG_cf541d0f8a3a,zp8,74,1
91072,CFG_1e693796a40d,zp8,74,1
91073,CFG_deda15f4c4a8,zp8,74,1
91074,CFG_b0eabb76b70f,zp8,74,1
91075,CFG_4bec09598a98,zp8,74,1
91076,CFG_67b539d34471,zp8,74,1
91077,CFG_59aede929579,zp8,74,1
91078,CFG_d39c77a1a4bf,zp8,74,1
91079,CFG_755205a28938,zp8,74,1
91080,CFG_b2a3cbb134c5,zp8,74,1
91081,CFG_9c659499047b,zp8,74,1
91082,CFG_5514d03a77b0,zp8,74,1
91083,CFG_5514d03a77b0,zp8,74,1
91084,CFG_f18488ce1456,zp8,74,1
91085,CFG_5851809b712d,zp8,74,1
91086,CFG_7fa53b7ab3bf,zp8,74,1
91087,CFG_8a51f93d684d,zp8,74,1
91088,CFG_8a51f93d684d,zp8,74,1
91089,CFG_3a3d7179fe0d,zp8,74,1
91090,CFG_f18488ce1456,zp8,74,1
91091,CFG_8bfc9d62299c,zp8,74,1
91092,CFG_773ac98270b6,zp8,74,1
91093,CFG_5cd0c67d59bc,zp8,74,1
91094,CFG_755205a28938,zp8,74,1
91095,CFG_e1e6e0c66c93,zp8,74,1
91096,CFG_1ec55dc0a2ff,zp8,74,1
91097,CFG_3a3d7179fe0d,zp8,74,1
91098,CFG_3a3d7179fe0d,zp8,74,1
91099,CFG_d39c77a1a4bf,zp8,74,1
91100,CFG_755205a28938,zp8,74,1
91101,CFG_e3950fd94ca1,zp8,74,1
91102,CFG_1738a11cbd49,zp8,74,1
91103,CFG_67b539d34471,zp8,74,1
91104,CFG_d96b0c9e44d0,zp8,74,1
91105,CFG_2534839bab0a,zp8,74,1
91106,CFG_cf541d0f8a3a,zp8,74,1
91107,CFG_17620e2785dc,zp8,74,1
91108,CFG_77c8b99b43d9,zp8,74,1
91109,CFG_36f82e31118f,zp8,74,1
91110,CFG_a292c20a75fd,zp8,74,1
91111,CFG_2154b722e06b,zp8,74,1
91112,CFG_9178f775d49a,zp8,74,1
91113,CFG_773ac98270b6,zp8,74,1
91114,CFG_17620e2785dc,zp8,74,1
91115,CFG_2154b722e06b,zp8,74,1
91116,CFG_9c659499047b,zp8,74,1
91117,CFG_b8e6a5652de1,zp8,74,1
91118,CFG_36f82e31118f,zp8,74,1
91119,CFG_9178f775d49a,zp8,74,1
91120,CFG_939ca62c69c2,zp8,74,1
91121,CFG_755205a28938,zp8,74,1
91122,CFG_65f78a36ed50,zp8,74,1
91123,CFG_773ac98270b6,zp8,74,1
91124,CFG_8bfc9d62299c,zp8,74,1
91125,CFG_8a51f93d684d,zp8,74,1
91126,CFG_802041076799,zp8,74,1
91127,CFG_727914633b9e,zp8,74,1
91128,CFG_67b539d34471,zp8,74,1
91129,CFG_f18488ce1456,zp8,74,1
91130,CFG_5514d03a77b0,zp8,74,1
91131,CFG_d96b0c9e44d0,zp8,74,1
91132,CFG_b2a3cbb134c5,zp8,74,1
91133,CFG_a34f76b67ef4,zp8,74,1
91134,CFG_755205a28938,zp8,74,1
91135,CFG_275e4ca07248,zp8,74,1
91136,CFG_755205a28938,zp8,74,1
91137,CFG_67b539d34471,zp8,74,1
91138,CFG_939ca62c69c2,zp8,74,1
91139,CFG_29c3378e155b,zp8,74,1
91140,CFG_65f78a36ed50,zp8,74,1
91141,CFG_a34f76b67ef4,zp8,74,1
91142,CFG_773ac98270b6,zp8,74,1
91143,CFG_59f154754573,zp8,74,1
91144,CFG_deda15f4c4a8,zp8,74,1
91145,CFG_939ca62c69c2,zp8,74,1
91146,CFG_67b539d34471,zp8,74,1
91147,CFG_9178f775d49a,zp8,74,1
91148,CFG_f18488ce1456,zp8,74,1
91149,CFG_67b539d34471,zp8,74,1
91150,CFG_67b539d34471,zp8,74,1
91151,CFG_b2a3cbb134c5,zp8,74,1
91152,CFG_1738a11cbd49,zp8,74,1
91153,CFG_36f82e31118f,zp8,74,1
91154,CFG_5851809b712d,zp8,74,1
91155,CFG_b8e6a5652de1,zp8,74,1
91156,CFG_6caaadb373ea,zp8,74,1
91157,CFG_3a3d7179fe0d,zp8,74,1
91158,CFG_deda15f4c4a8,zp8,74,1
91159,CFG_9178f775d49a,zp8,74,1
91160,CFG_acabbc62a021,zp8,74,1
91161,CFG_59f154754573,zp8,74,1
91162,CFG_acabbc62a021,zp8,74,1
91163,CFG_cf541d0f8a3a,zp8,74,1
91164,CFG_755205a28938,zp8,74,1
91165,CFG_3a3d7179fe0d,zp8,74,1
91166,CFG_17620e2785dc,zp8,74,1
91167,CFG_2154b722e06b,zp8,74,1
91168,CFG_e3950fd94ca1,zp8,74,1
91169,CFG_67b539d34471,zp8,74,1
91170,CFG_67b539d34471,zp8,74,1
91171,CFG_e1e6e0c66c93,zp8,74,1
91172,CFG_b04e3d146803,zp8,74,1
91173,CFG_d96b0c9e44d0,zp8,74,1
91174,CFG_77c8b99b43d9,zp8,74,1
91175,CFG_5cd0c67d59bc,zp8,74,1
91176,CFG_39fe645ba2f1,zp8,74,1
91177,CFG_3278d3379c8a,zp8,74,1
91178,CFG_755205a28938,zp8,74,1
91179,CFG_be784e24b621,zp8,74,1
91180,CFG_1e693796a40d,zp8,74,1
91181,CFG_65f78a36ed50,zp8,74,1
91182,CFG_710c47edfbc8,zp8,74,1
91183,CFG_59f154754573,zp8,74,1
91184,CFG_5cd0c67d59bc,zp8,74,1
91185,CFG_36f82e31118f,zp8,74,1
91186,CFG_d7aadf87f0b1,zp8,74,1
91187,CFG_de29bb20eaa6,zp8,74,1
91188,CFG_8f2957e28805,zp8,74,1
91189,CFG_8a51f93d684d,zp8,74,1
91190,CFG_7cd4c6b023c5,zp8,74,1
91191,CFG_8bfc9d62299c,zp8,74,1
91192,CFG_67b539d34471,zp8,74,1
91193,CFG_939ca62c69c2,zp8,74,1
91194,CFG_755205a28938,zp8,74,1
91195,CFG_d96b0c9e44d0,zp8,74,1
91196,CFG_b8e6a5652de1,zp8,74,1
91197,CFG_a292c20a75fd,zp8,74,1
91198,CFG_5514d03a77b0,zp8,74,1
91199,CFG_ac213567a5a2,zp8,74,1
91200,CFG_cf541d0f8a3a,zp8,74,1
91201,CFG_e1e6e0c66c93,zp8,74,1
91202,CFG_e1e6e0c66c93,zp8,74,1
91203,CFG_17620e2785dc,zp8,74,1
91204,CFG_5514d03a77b0,zp8,74,1
91205,CFG_9c659499047b,zp8,74,1
91206,CFG_532891bb36ca,zp8,74,1
91207,CFG_3a3d7179fe0d,zp8,74,1
91208,CFG_dda2f907b868,zp8,74,1
91209,CFG_ffde3ea1b2e3,zp8,74,1
91210,CFG_5cd0c67d59bc,zp8,74,1
91211,CFG_3a3d7179fe0d,zp8,74,1
91212,CFG_17620e2785dc,zp8,74,1
91213,CFG_bbea204eb2ac,zp8,74,1
91214,CFG_77c8b99b43d9,zp8,74,1
91215,CFG_710c47edfbc8,zp8,74,1
91216,CFG_67b539d34471,zp8,74,1
91217,CFG_8a51f93d684d,zp8,74,1
91218,CFG_773ac98270b6,zp8,74,1
91219,CFG_de29bb20eaa6,zp8,74,1
91220,CFG_e1e6e0c66c93,zp8,74,1
91221,CFG_67b539d34471,zp8,74,1
91222,CFG_d96b0c9e44d0,zp8,74,1
91223,CFG_36f82e31118f,zp8,74,1
91224,CFG_b0eabb76b70f,zp8,74,1
91225,CFG_17620e2785dc,zp8,74,1
91226,CFG_cf541d0f8a3a,zp8,74,1
91227,CFG_e3386d946379,zp8,74,1
91228,CFG_6caaadb373ea,zp8,74,1
91229,CFG_5514d03a77b0,zp8,74,1
91230,CFG_b8e6a5652de1,zp8,74,1
91231,CFG_b2a3cbb134c5,zp8,74,1
91232,CFG_802041076799,zp8,74,1
91233,CFG_67b539d34471,zp8,74,1
91234,CFG_3278d3379c8a,zp8,74,1
91235,CFG_59aede929579,zp8,74,1
91236,CFG_b8e6a5652de1,zp8,74,1
91237,CFG_275e4ca07248,zp8,74,1
91238,CFG_5cd0c67d59bc,zp8,74,1
91239,CFG_3278d3379c8a,zp8,74,1
91240,CFG_b2a3cbb134c5,zp8,74,1
91241,CFG_710c47edfbc8,zp8,74,1
91242,CFG_9178f775d49a,zp8,74,1
91243,CFG_bbea204eb2ac,zp8,74,1
91244,CFG_727914633b9e,zp8,74,1
91245,CFG_deda15f4c4a8,zp8,74,1
91246,CFG_9178f775d49a,zp8,74,1
91247,CFG_773ac98270b6,zp8,74,1
91248,CFG_c910518048de,zp8,74,1
91249,CFG_9178f775d49a,zp8,74,1
91250,CFG_755205a28938,zp8,74,1
91251,CFG_17620e2785dc,zp8,74,1
91252,CFG_8f2957e28805,zp8,74,1
91253,CFG_3697b100c401,zp8,74,1
91254,CFG_7155e4ee7bdf,zp8,74,1
91255,CFG_f18488ce1456,zp8,74,1
91256,CFG_1ec55dc0a2ff,zp8,74,1
91257,CFG_3e489afc8bfd,zp8,74,1
91258,CFG_39fe645ba2f1,zp8,74,1
91259,CFG_f18488ce1456,zp8,74,1
91260,CFG_8a51f93d684d,zp8,74,1
91261,CFG_f18488ce1456,zp8,74,1
91262,CFG_1ec55dc0a2ff,zp8,74,1
91263,CFG_9178f775d49a,zp8,74,1
91264,CFG_be784e24b621,zp8,74,1
91265,CFG_f18488ce1456,zp8,74,1
91266,CFG_9c659499047b,zp8,74,1
91267,CFG_67b539d34471,zp8,74,1
91268,CFG_cc5bbb6e9d13,zp8,74,1
91269,CFG_9178f775d49a,zp8,74,1
91270,CFG_1738a11cbd49,zp8,74,1
91271,CFG_29c3378e155b,zp8,74,1
91272,CFG_7fa53b7ab3bf,zp8,74,1
91273,CFG_710c47edfbc8,zp8,74,1
91274,CFG_e1e6e0c66c93,zp8,74,1
91275,CFG_de29bb20eaa6,zp8,74,1
91276,CFG_275e4ca07248,zp8,74,1
91277,CFG_9178f775d49a,zp8,74,1
91278,CFG_939ca62c69c2,zp8,74,1
91279,CFG_1d0f84c0bb06,zp8,74,1
91280,CFG_bbea204eb2ac,zp8,74,1
91281,CFG_2534839bab0a,zp8,74,1
91282,CFG_36f82e31118f,zp8,74,1
91283,CFG_3278d3379c8a,zp8,74,1
91284,CFG_65f78a36ed50,zp8,74,1
91285,CFG_65f78a36ed50,zp8,74,1
91286,CFG_d39c77a1a4bf,zp8,74,1
91287,CFG_cf541d0f8a3a,zp8,74,1
91288,CFG_f18488ce1456,zp8,74,1
91289,CFG_36f82e31118f,zp8,74,1
91290,CFG_de29bb20eaa6,zp8,74,1
91291,CFG_275e4ca07248,zp8,74,1
91292,CFG_e3950fd94ca1,zp8,74,1
91293,CFG_67b539d34471,zp8,74,1
91294,CFG_cc5bbb6e9d13,zp8,74,1
91295,CFG_a292c20a75fd,zp8,74,1
91296,CFG_a1d878e7d840,zp8,74,1
91297,CFG_939ca62c69c2,zp8,74,1
91298,CFG_1738a11cbd49,zp8,74,1
91299,CFG_f18488ce1456,zp8,74,1
91300,CFG_39fe645ba2f1,zp8,74,1
91301,CFG_2534839bab0a,zp8,74,1
91302,CFG_1738a11cbd49,zp8,74,1
91303,CFG_59f154754573,zp8,74,1
91304,CFG_6caaadb373ea,zp8,74,1
91305,CFG_a1d878e7d840,zp8,74,1
91306,CFG_36f82e31118f,zp8,74,1
91307,CFG_a292c20a75fd,zp8,74,1
91308,CFG_939ca62c69c2,zp8,74,1
91309,CFG_67b539d34471,zp8,74,1
91310,CFG_9c659499047b,zp8,74,1
91311,CFG_b2a3cbb134c5,zp8,74,1
91312,CFG_ceef49456daa,zp8,74,1
91313,CFG_727914633b9e,zp8,74,1
91314,CFG_59aede929579,zp8,74,1
91315,CFG_755205a28938,zp8,74,1
91316,CFG_cc5bbb6e9d13,zp8,74,1
91317,CFG_65f78a36ed50,zp8,74,1
91318,CFG_65f78a36ed50,zp8,74,1
91319,CFG_755205a28938,zp8,74,1
91320,CFG_e3386d946379,zp8,74,1
91321,CFG_f18488ce1456,zp8,74,1
91322,CFG_59f154754573,zp8,74,1
91323,CFG_b2a3cbb134c5,zp8,74,1
91324,CFG_e1e6e0c66c93,zp8,74,1
91325,CFG_a1d878e7d840,zp8,74,1
91326,CFG_17620e2785dc,zp8,74,1
91327,CFG_ceef49456daa,zp8,74,1
91328,CFG_3a3d7179fe0d,zp8,74,1
91329,CFG_acabbc62a021,zp8,74,1
91330,CFG_d96b0c9e44d0,zp8,74,1
91331,CFG_2154b722e06b,zp8,74,1
91332,CFG_67b539d34471,zp8,74,1
91333,CFG_39fe645ba2f1,zp8,74,1
91334,CFG_710c47edfbc8,zp8,74,1
91335,CFG_cc5bbb6e9d13,zp8,74,1
91336,CFG_36f82e31118f,zp8,74,1
91337,CFG_ceef49456daa,zp8,74,1
91338,CFG_e3950fd94ca1,zp8,74,1
91339,CFG_67b539d34471,zp8,74,1
91340,CFG_59f154754573,zp8,74,1
91341,CFG_65f78a36ed50,zp8,74,1
91342,CFG_ffde3ea1b2e3,zp8,74,1
91343,CFG_1ec55dc0a2ff,zp8,74,1
91344,CFG_cf541d0f8a3a,zp8,74,1
91345,CFG_deda15f4c4a8,zp8,74,1
91346,CFG_67b539d34471,zp8,74,1
91347,CFG_67b539d34471,zp8,74,1
91348,CFG_9c659499047b,zp8,74,1
91349,CFG_e3950fd94ca1,zp8,74,1
91350,CFG_d96b0c9e44d0,zp8,74,1
91351,CFG_b2a3cbb134c5,zp8,74,1
91352,CFG_ac213567a5a2,zp8,74,1
91353,CFG_8bfc9d62299c,zp8,74,1
91354,CFG_9178f775d49a,zp8,74,1
91355,CFG_59aede929579,zp8,74,1
91356,CFG_67b539d34471,zp8,74,1
91357,CFG_67b539d34471,zp8,74,1
91358,CFG_17620e2785dc,zp8,74,1
91359,CFG_3a3d7179fe0d,zp8,74,1
91360,CFG_3a3d7179fe0d,zp8,74,1
91361,CFG_e1e6e0c66c93,zp8,74,1
91362,CFG_be784e24b621,zp8,74,1
91363,CFG_1ec55dc0a2ff,zp8,74,1
91364,CFG_d39c77a1a4bf,zp8,74,1
91365,CFG_710c47edfbc8,zp8,74,1
91366,CFG_5514d03a77b0,zp8,74,1
91367,CFG_2154b722e06b,zp8,74,1
91368,CFG_275e4ca07248,zp8,74,1
91369,CFG_8a51f93d684d,zp8,74,1
91370,CFG_1738a11cbd49,zp8,74,1
91371,CFG_7fa53b7ab3bf,zp8,74,1
91372,CFG_29c3378e155b,zp8,74,1
91373,CFG_773ac98270b6,zp8,74,1
91374,CFG_deda15f4c4a8,zp8,74,1
91375,CFG_39fe645ba2f1,zp8,74,1
91376,CFG_3a3d7179fe0d,zp8,74,1
91377,CFG_7fa53b7ab3bf,zp8,74,1
91378,CFG_f993a0fc6256,zp8,74,1
91379,CFG_d96b0c9e44d0,zp8,74,1
91380,CFG_8bfc9d62299c,zp8,74,1
91381,CFG_b2a3cbb134c5,zp8,74,1
91382,CFG_5531dad98c69,zp8,74,1
91383,CFG_ffde3ea1b2e3,zp8,74,1
91384,CFG_17620e2785dc,zp8,74,1
91385,CFG_f18488ce1456,zp8,74,1
91386,CFG_1ec55dc0a2ff,zp8,74,1
91387,CFG_802041076799,zp8,74,1
91388,CFG_17620e2785dc,zp8,74,1
91389,CFG_b2a3cbb134c5,zp8,74,1
91390,CFG_3a3d7179fe0d,zp8,74,1
91391,CFG_17620e2785dc,zp8,74,1
91392,CFG_b2a3cbb134c5,zp8,74,1
91393,CFG_f18488ce1456,zp8,74,1
91394,CFG_773ac98270b6,zp8,74,1
91395,CFG_7fa53b7ab3bf,zp8,74,1
91396,CFG_29c3378e155b,zp8,74,1
91397,CFG_cf541d0f8a3a,zp8,74,1
91398,CFG_f18488ce1456,zp8,74,1
91399,CFG_5cd0c67d59bc,zp8,74,1
91400,CFG_c94b44f1b2f9,zp8,74,1
91401,CFG_b2a3cbb134c5,zp8,74,1
91402,CFG_755205a28938,zp8,74,1
91403,CFG_8f2957e28805,zp8,74,1
91404,CFG_9178f775d49a,zp8,74,1
91405,CFG_b04e3d146803,zp8,74,1
91406,CFG_5be0533f7ebf,zp8,74,1
91407,CFG_773ac98270b6,zp8,74,1
91408,CFG_755205a28938,zp8,74,1
91409,CFG_f18488ce1456,zp8,74,1
91410,CFG_2154b722e06b,zp8,74,1
91411,CFG_773ac98270b6,zp8,74,1
91412,CFG_e3386d946379,zp8,74,1
91413,CFG_59aede929579,zp8,74,1
91414,CFG_2154b722e06b,zp8,74,1
91415,CFG_1e693796a40d,zp8,74,1
91416,CFG_59aede929579,zp8,74,1
91417,CFG_d7aadf87f0b1,zp8,74,1
91418,CFG_1738a11cbd49,zp8,74,1
91419,CFG_8a51f93d684d,zp8,74,1
91420,CFG_5cd0c67d59bc,zp8,74,1
91421,CFG_939ca62c69c2,zp8,74,1
91422,CFG_275e4ca07248,zp8,74,1
91423,CFG_9178f775d49a,zp8,74,1
91424,CFG_77c8b99b43d9,zp8,74,1
91425,CFG_939ca62c69c2,zp8,74,1
91426,CFG_d96b0c9e44d0,zp8,74,1
91427,CFG_8a51f93d684d,zp8,74,1
91428,CFG_e3950fd94ca1,zp8,74,1
91429,CFG_cc5bbb6e9d13,zp8,74,1
91430,CFG_36f82e31118f,zp8,74,1
91431,CFG_532891bb36ca,zp8,74,1
91432,CFG_e3950fd94ca1,zp8,74,1
91433,CFG_8a51f93d684d,zp8,74,1
91434,CFG_8a51f93d684d,zp8,74,1
91435,CFG_ffde3ea1b2e3,zp8,74,1
91436,CFG_67b539d34471,zp8,74,1
91437,CFG_59f154754573,zp8,74,1
91438,CFG_29c3378e155b,zp8,74,1
91439,CFG_deda15f4c4a8,zp8,74,1
91440,CFG_3697b100c401,zp8,74,1
91441,CFG_17620e2785dc,zp8,74,1
91442,CFG_cc5bbb6e9d13,zp8,74,1
91443,CFG_36f82e31118f,zp8,74,1
91444,CFG_710c47edfbc8,zp8,74,1
91445,CFG_36f82e31118f,zp8,74,1
91446,CFG_59f154754573,zp8,74,1
91447,CFG_755205a28938,zp8,74,1
91448,CFG_29c3378e155b,zp8,74,1
91449,CFG_b2a3cbb134c5,zp8,74,1
91450,CFG_1e693796a40d,zp8,74,1
91451,CFG_99b4d8a9c762,zp8,74,1
91452,CFG_e1e6e0c66c93,zp8,74,1
91453,CFG_be784e24b621,zp8,74,1
91454,CFG_3278d3379c8a,zp8,74,1
91455,CFG_b8e6a5652de1,zp8,74,1
91456,CFG_d39c77a1a4bf,zp8,74,1
91457,CFG_1738a11cbd49,zp8,74,1
91458,CFG_b2a3cbb134c5,zp8,74,1
91459,CFG_ffde3ea1b2e3,zp8,74,1
91460,CFG_d96b0c9e44d0,zp8,74,1
91461,CFG_b2a3cbb134c5,zp8,74,1
91462,CFG_710c47edfbc8,zp8,74,1
91463,CFG_be784e24b621,zp8,74,1
91464,CFG_29c3378e155b,zp8,74,1
91465,CFG_deda15f4c4a8,zp8,74,1
91466,CFG_bbea204eb2ac,zp8,74,1
91467,CFG_29c3378e155b,zp8,74,1
91468,CFG_d0face5aa80d,zp8,74,1
91469,CFG_7fa53b7ab3bf,zp8,74,1
91470,CFG_710c47edfbc8,zp8,74,1
91471,CFG_d96b0c9e44d0,zp8,74,1
91472,CFG_59f154754573,zp8,74,1
91473,CFG_e3386d946379,zp8,74,1
91474,CFG_36f82e31118f,zp8,74,1
91475,CFG_67b539d34471,zp8,74,1
91476,CFG_b2a3cbb134c5,zp8,74,1
91477,CFG_6caaadb373ea,zp8,74,1
91478,CFG_e1e6e0c66c93,zp8,74,1
91479,CFG_99b4d8a9c762,zp8,74,1
91480,CFG_755205a28938,zp8,74,1
91481,CFG_b2a3cbb134c5,zp8,74,1
91482,CFG_9178f775d49a,zp8,74,1
91483,CFG_17620e2785dc,zp8,74,1
91484,CFG_deda15f4c4a8,zp8,74,1
91485,CFG_1ec55dc0a2ff,zp8,74,1
91486,CFG_cf541d0f8a3a,zp8,74,1
91487,CFG_29c3378e155b,zp8,74,1
91488,CFG_773ac98270b6,zp8,74,1
91489,CFG_f993a0fc6256,zp8,74,1
91490,CFG_f18488ce1456,zp8,74,1
91491,CFG_d7aadf87f0b1,zp8,74,1
91492,CFG_d96b0c9e44d0,zp8,74,1
91493,CFG_39fe645ba2f1,zp8,74,1
91494,CFG_cf541d0f8a3a,zp8,74,1
91495,CFG_59aede929579,zp8,74,1
91496,CFG_3a3d7179fe0d,zp8,74,1
91497,CFG_36f82e31118f,zp8,74,1
91498,CFG_9c659499047b,zp8,74,1
91499,CFG_f18488ce1456,zp8,74,1
91500,CFG_c94b44f1b2f9,zp8,74,1
91501,CFG_67b539d34471,zp8,74,1
91502,CFG_939ca62c69c2,zp8,74,1
91503,CFG_9c659499047b,zp8,74,1
91504,CFG_3a3d7179fe0d,zp8,74,1
91505,CFG_3a3d7179fe0d,zp8,74,1
91506,CFG_3a3d7179fe0d,zp8,74,1
91507,CFG_b2a3cbb134c5,zp8,74,1
91508,CFG_9c659499047b,zp8,74,1
91509,CFG_59f154754573,zp8,74,1
91510,CFG_cf6528e23789,zp8,74,1
91511,CFG_d39c77a1a4bf,zp8,74,1
91512,CFG_deda15f4c4a8,zp8,74,1
91513,CFG_67b539d34471,zp8,74,1
91514,CFG_c94b44f1b2f9,zp8,74,1
91515,CFG_5cd0c67d59bc,zp8,74,1
91516,CFG_5851809b712d,zp8,74,1
91517,CFG_8a51f93d684d,zp8,74,1
91518,CFG_67b539d34471,zp8,74,1
91519,CFG_5514d03a77b0,zp8,74,1
91520,CFG_cf541d0f8a3a,zp8,74,1
91521,CFG_de29bb20eaa6,zp8,74,1
91522,CFG_d96b0c9e44d0,zp8,74,1
91523,CFG_e3950fd94ca1,zp8,74,1
91524,CFG_e1e6e0c66c93,zp8,74,1
91525,CFG_8f2957e28805,zp8,74,1
91526,CFG_e1e6e0c66c93,zp8,74,1
91527,CFG_ac213567a5a2,zp8,74,1
91528,CFG_f18488ce1456,zp8,74,1
91529,CFG_8a51f93d684d,zp8,74,1
91530,CFG_e3386d946379,zp8,74,1
91531,CFG_ac213567a5a2,zp8,74,1
91532,CFG_755205a28938,zp8,74,1
91533,CFG_1e693796a40d,zp8,74,1
91534,CFG_67b539d34471,zp8,74,1
91535,CFG_7cd4c6b023c5,zp8,74,1
91536,CFG_1ec55dc0a2ff,zp8,74,1
91537,CFG_17620e2785dc,zp8,74,1
91538,CFG_b8e6a5652de1,zp8,74,1
91539,CFG_710c47edfbc8,zp8,74,1
91540,CFG_a1d878e7d840,zp8,74,1
91541,CFG_8bfc9d62299c,zp8,74,1
91542,CFG_d96b0c9e44d0,zp8,74,1
91543,CFG_9c659499047b,zp8,74,1
91544,CFG_bbea204eb2ac,zp8,74,1
91545,CFG_be784e24b621,zp8,74,1
91546,CFG_9c659499047b,zp8,74,1
91547,CFG_a34f76b67ef4,zp8,74,1
91548,CFG_3278d3379c8a,zp8,74,1
91549,CFG_67b539d34471,zp8,74,1
91550,CFG_b2a3cbb134c5,zp8,74,1
91551,CFG_f18488ce1456,zp8,74,1
91552,CFG_3a3d7179fe0d,zp8,74,1
91553,CFG_deda15f4c4a8,zp8,74,1
91554,CFG_3697b100c401,zp8,74,1
91555,CFG_39fe645ba2f1,zp8,74,1
91556,CFG_755205a28938,zp8,74,1
91557,CFG_b8e6a5652de1,zp8,74,1
91558,CFG_b2a3cbb134c5,zp8,74,1
91559,CFG_b2a3cbb134c5,zp8,74,1
91560,CFG_be784e24b621,zp8,74,1
91561,CFG_f18488ce1456,zp8,74,1
91562,CFG_9178f775d49a,zp8,74,1
91563,CFG_deda15f4c4a8,zp8,74,1
91564,CFG_db37bdfe8c71,zp8,74,1
91565,CFG_939ca62c69c2,zp8,74,1
91566,CFG_67b539d34471,zp8,74,1
91567,CFG_7155e4ee7bdf,zp8,74,1
91568,CFG_67b539d34471,zp8,74,1
91569,CFG_cf541d0f8a3a,zp8,74,1
91570,CFG_755205a28938,zp8,74,1
91571,CFG_ffde3ea1b2e3,zp8,74,1
91572,CFG_67b539d34471,zp8,74,1
91573,CFG_b2a3cbb134c5,zp8,74,1
91574,CFG_29c3378e155b,zp8,74,1
91575,CFG_1e693796a40d,zp8,74,1
91576,CFG_1e693796a40d,zp8,74,1
91577,CFG_59aede929579,zp8,74,1
91578,CFG_9178f775d49a,zp8,74,1
91579,CFG_bd6412fc68b0,zp8,74,1
91580,CFG_9178f775d49a,zp8,74,1
91581,CFG_f18488ce1456,zp8,74,1
91582,CFG_3a3d7179fe0d,zp8,74,1
91583,CFG_c94b44f1b2f9,zp8,74,1
91584,CFG_1ec55dc0a2ff,zp8,74,1
91585,CFG_c94b44f1b2f9,zp8,74,1
91586,CFG_b2a3cbb134c5,zp8,74,1
91587,CFG_f18488ce1456,zp8,74,1
91588,CFG_288ddbff7431,zp8,74,1
91589,CFG_be784e24b621,zp8,74,1
91590,CFG_bd6412fc68b0,zp8,74,1
91591,CFG_b2a3cbb134c5,zp8,74,1
91592,CFG_67b539d34471,zp8,74,1
91593,CFG_b2a3cbb134c5,zp8,74,1
91594,CFG_deda15f4c4a8,zp8,74,1
91595,CFG_a1d878e7d840,zp8,74,1
91596,CFG_1738a11cbd49,zp8,74,1
91597,CFG_b2a3cbb134c5,zp8,74,1
91598,CFG_cf541d0f8a3a,zp8,74,1
91599,CFG_b2a3cbb134c5,zp8,74,1
91600,CFG_59aede929579,zp8,74,1
91601,CFG_b2bb984b770a,zp8,74,1
91602,CFG_8a51f93d684d,zp8,74,1
91603,CFG_9c659499047b,zp8,74,1
91604,CFG_ffde3ea1b2e3,zp8,74,1
91605,CFG_8f2957e28805,zp8,74,1
91606,CFG_3a3d7179fe0d,zp8,74,1
91607,CFG_9c659499047b,zp8,74,1
91608,CFG_2154b722e06b,zp8,74,1
91609,CFG_ceef49456daa,zp8,74,1
91610,CFG_6ff9e417e386,zp8,74,1
91611,CFG_59f154754573,zp8,74,1
91612,CFG_67b539d34471,zp8,74,1
91613,CFG_9178f775d49a,zp8,74,1
91614,CFG_b04e3d146803,zp8,74,1
91615,CFG_cf541d0f8a3a,zp8,74,1
91616,CFG_939ca62c69c2,zp8,74,1
91617,CFG_cf541d0f8a3a,zp8,74,1
91618,CFG_6caaadb373ea,zp8,74,1
91619,CFG_77c8b99b43d9,zp8,74,1
91620,CFG_36f82e31118f,zp8,74,1
91621,CFG_5cd0c67d59bc,zp8,74,1
91622,CFG_b2a3cbb134c5,zp8,74,1
91623,CFG_59f154754573,zp8,74,1
91624,CFG_67b539d34471,zp8,74,1
91625,CFG_b04e3d146803,zp8,74,1
91626,CFG_ffde3ea1b2e3,zp8,74,1
91627,CFG_e87513c8563d,zp8,74,1
91628,CFG_3697b100c401,zp8,74,1
91629,CFG_5851809b712d,zp8,74,1
91630,CFG_7fa53b7ab3bf,zp8,74,1
91631,CFG_d96b0c9e44d0,zp8,74,1
91632,CFG_275e4ca07248,zp8,74,1
91633,CFG_b2a3cbb134c5,zp8,74,1
91634,CFG_1ec55dc0a2ff,zp8,74,1
91635,CFG_8a3f0c7c09a9,zp8,74,1
91636,CFG_17620e2785dc,zp8,74,1
91637,CFG_d96b0c9e44d0,zp8,74,1
91638,CFG_b04e3d146803,zp8,74,1
91639,CFG_f993a0fc6256,zp8,74,1
91640,CFG_a1d878e7d840,zp8,74,1
91641,CFG_39fe645ba2f1,zp8,74,1
91642,CFG_be784e24b621,zp8,74,1
91643,CFG_d96b0c9e44d0,zp8,74,1
91644,CFG_1ec55dc0a2ff,zp8,74,1
91645,CFG_9178f775d49a,zp8,74,1
91646,CFG_9178f775d49a,zp8,74,1
91647,CFG_8bfc9d62299c,zp8,74,1
91648,CFG_9c659499047b,zp8,74,1
91649,CFG_b2a3cbb134c5,zp8,74,1
91650,CFG_9c659499047b,zp8,74,1
91651,CFG_de29bb20eaa6,zp8,74,1
91652,CFG_59aede929579,zp8,74,1
91653,CFG_9c659499047b,zp8,74,1
91654,CFG_b8e6a5652de1,zp8,74,1
91655,CFG_39fe645ba2f1,zp8,74,1
91656,CFG_e1e6e0c66c93,zp8,74,1
91657,CFG_939ca62c69c2,zp8,74,1
91658,CFG_e1e6e0c66c93,zp8,74,1
91659,CFG_67b539d34471,zp8,74,1
91660,CFG_275e4ca07248,zp8,74,1
91661,CFG_8bfc9d62299c,zp8,74,1
91662,CFG_8a51f93d684d,zp8,74,1
91663,CFG_ceef49456daa,zp8,74,1
91664,CFG_939ca62c69c2,zp8,74,1
91665,CFG_8bfc9d62299c,zp8,74,1
91666,CFG_c94b44f1b2f9,zp8,74,1
91667,CFG_835bac03bc4f,zp8,74,1
91668,CFG_9c659499047b,zp8,74,1
91669,CFG_bd6412fc68b0,zp8,74,1
91670,CFG_f18488ce1456,zp8,74,1
91671,CFG_ceef49456daa,zp8,74,1
91672,CFG_4cd2b98cde9e,zp8,74,1
91673,CFG_deda15f4c4a8,zp8,74,1
91674,CFG_b2a3cbb134c5,zp8,74,1
91675,CFG_deda15f4c4a8,zp8,74,1
91676,CFG_67b539d34471,zp8,74,1
91677,CFG_9c659499047b,zp8,74,1
91678,CFG_cf541d0f8a3a,zp8,74,1
91679,CFG_39fe645ba2f1,zp8,74,1
91680,CFG_1e693796a40d,zp8,74,1
91681,CFG_1ec55dc0a2ff,zp8,74,1
91682,CFG_d7aadf87f0b1,zp8,74,1
91683,CFG_939ca62c69c2,zp8,74,1
91684,CFG_b2a3cbb134c5,zp8,74,1
91685,CFG_59f154754573,zp8,74,1
91686,CFG_e1e6e0c66c93,zp8,74,1
91687,CFG_755205a28938,zp8,74,1
91688,CFG_8a51f93d684d,zp8,74,1
91689,CFG_710c47edfbc8,zp8,74,1
91690,CFG_e1e6e0c66c93,zp8,74,1
91691,CFG_773ac98270b6,zp8,74,1
91692,CFG_dda2f907b868,zp8,74,1
91693,CFG_288ddbff7431,zp8,74,1
91694,CFG_f90a73d2a477,zp8,74,1
91695,CFG_ffde3ea1b2e3,zp8,74,1
91696,CFG_b2a3cbb134c5,zp8,74,1
91697,CFG_f993a0fc6256,zp8,74,1
91698,CFG_d39c77a1a4bf,zp8,74,1
91699,CFG_bbea204eb2ac,zp8,74,1
91700,CFG_1ec55dc0a2ff,zp8,74,1
91701,CFG_e3950fd94ca1,zp8,74,1
91702,CFG_9178f775d49a,zp8,74,1
91703,CFG_cf541d0f8a3a,zp8,74,1
91704,CFG_8bfc9d62299c,zp8,74,1
91705,CFG_de29bb20eaa6,zp8,74,1
91706,CFG_8a51f93d684d,zp8,74,1
91707,CFG_939ca62c69c2,zp8,74,1
91708,CFG_2154b722e06b,zp8,74,1
91709,CFG_939ca62c69c2,zp8,74,1
91710,CFG_3a3d7179fe0d,zp8,74,1
91711,CFG_3a3d7179fe0d,zp8,74,1
91712,CFG_8f2957e28805,zp8,74,1
91713,CFG_ffde3ea1b2e3,zp8,74,1
91714,CFG_be784e24b621,zp8,74,1
91715,CFG_939ca62c69c2,zp8,74,1
91716,CFG_773ac98270b6,zp8,74,1
91717,CFG_5531dad98c69,zp8,74,1
91718,CFG_1738a11cbd49,zp8,74,1
91719,CFG_773ac98270b6,zp8,74,1
91720,CFG_8a51f93d684d,zp8,74,1
91721,CFG_1ec55dc0a2ff,zp8,74,1
91722,CFG_59aede929579,zp8,74,1
91723,CFG_bd6412fc68b0,zp8,74,1
91724,CFG_ffde3ea1b2e3,zp8,74,1
91725,CFG_67b539d34471,zp8,74,1
91726,CFG_b2a3cbb134c5,zp8,74,1
91727,CFG_f18488ce1456,zp8,74,1
91728,CFG_532891bb36ca,zp8,74,1
91729,CFG_67b539d34471,zp8,74,1
91730,CFG_67b539d34471,zp8,74,1
91731,CFG_d7aadf87f0b1,zp8,74,1
91732,CFG_275e4ca07248,zp8,74,1
91733,CFG_9c659499047b,zp8,74,1
91734,CFG_f18488ce1456,zp8,74,1
91735,CFG_d39c77a1a4bf,zp8,74,1
91736,CFG_a1ebd0490272,zp8,74,1
91737,CFG_ac213567a5a2,zp8,74,1
91738,CFG_5514d03a77b0,zp8,74,1
91739,CFG_9c659499047b,zp8,74,1
91740,CFG_de29bb20eaa6,zp8,74,1
91741,CFG_3a3d7179fe0d,zp8,74,1
91742,CFG_36f82e31118f,zp8,74,1
91743,CFG_ac213567a5a2,zp8,74,1
91744,CFG_b2a3cbb134c5,zp8,74,1
91745,CFG_3a3d7179fe0d,zp8,74,1
91746,CFG_275e4ca07248,zp8,74,1
91747,CFG_3a3d7179fe0d,zp8,74,1
91748,CFG_6caaadb373ea,zp8,74,1
91749,CFG_deda15f4c4a8,zp8,74,1
91750,CFG_773ac98270b6,zp8,74,1
91751,CFG_e1e6e0c66c93,zp8,74,1
91752,CFG_bd6412fc68b0,zp8,74,1
91753,CFG_cf541d0f8a3a,zp8,74,1
91754,CFG_ffde3ea1b2e3,zp8,74,1
91755,CFG_d96b0c9e44d0,zp8,74,1
91756,CFG_e1e6e0c66c93,zp8,74,1
91757,CFG_9c659499047b,zp8,74,1
91758,CFG_deda15f4c4a8,zp8,74,1
91759,CFG_be784e24b621,zp8,74,1
91760,CFG_d96b0c9e44d0,zp8,74,1
91761,CFG_710c47edfbc8,zp8,74,1
91762,CFG_9178f775d49a,zp8,74,1
91763,CFG_deda15f4c4a8,zp8,74,1
91764,CFG_ffde3ea1b2e3,zp8,74,1
91765,CFG_b2a3cbb134c5,zp8,74,1
91766,CFG_be784e24b621,zp8,74,1
91767,CFG_e1e6e0c66c93,zp8,74,1
91768,CFG_9178f775d49a,zp8,74,1
91769,CFG_59f154754573,zp8,74,1
91770,CFG_f18488ce1456,zp8,74,1
91771,CFG_3e489afc8bfd,zp8,74,1
91772,CFG_f993a0fc6256,zp8,74,1
91773,CFG_a1d878e7d840,zp8,74,1
91774,CFG_17620e2785dc,zp8,74,1
91775,CFG_773ac98270b6,zp8,74,1
91776,CFG_f18488ce1456,zp8,74,1
91777,CFG_bbea204eb2ac,zp8,74,1
91778,CFG_cf541d0f8a3a,zp8,74,1
91779,CFG_ac213567a5a2,zp8,74,1
91780,CFG_8f2957e28805,zp8,74,1
91781,CFG_deda15f4c4a8,zp8,74,1
91782,CFG_8bfc9d62299c,zp8,74,1
91783,CFG_ac213567a5a2,zp8,74,1
91784,CFG_65f78a36ed50,zp8,74,1
91785,CFG_1d0f84c0bb06,zp8,74,1
91786,CFG_db37bdfe8c71,zp8,74,1
91787,CFG_d7aadf87f0b1,zp8,74,1
91788,CFG_8bfc9d62299c,zp8,74,1
91789,CFG_8a51f93d684d,zp8,74,1
91790,CFG_1ec55dc0a2ff,zp8,74,1
91791,CFG_9178f775d49a,zp8,74,1
91792,CFG_755205a28938,zp8,74,1
91793,CFG_cf541d0f8a3a,zp8,74,1
91794,CFG_755205a28938,zp8,74,1
91795,CFG_710c47edfbc8,zp8,74,1
91796,CFG_f18488ce1456,zp8,74,1
91797,CFG_773ac98270b6,zp8,74,1
91798,CFG_835bac03bc4f,zp8,74,1
91799,CFG_f18488ce1456,zp8,74,1
91800,CFG_67b539d34471,zp8,74,1
91801,CFG_288ddbff7431,zp8,74,1
91802,CFG_d39c77a1a4bf,zp8,74,1
91803,CFG_8bfc9d62299c,zp8,74,1
91804,CFG_ac213567a5a2,zp8,74,1
91805,CFG_b8e6a5652de1,zp8,74,1
91806,CFG_deda15f4c4a8,zp8,74,1
91807,CFG_1ec55dc0a2ff,zp8,74,1
91808,CFG_e1e6e0c66c93,zp8,74,1
91809,CFG_29c3378e155b,zp8,74,1
91810,CFG_cf541d0f8a3a,zp8,74,1
91811,CFG_9178f775d49a,zp8,74,1
91812,CFG_2154b722e06b,zp8,74,1
91813,CFG_8a51f93d684d,zp8,74,1
91814,CFG_5cd0c67d59bc,zp8,74,1
91815,CFG_be784e24b621,zp8,74,1
91816,CFG_ffde3ea1b2e3,zp8,74,1
91817,CFG_b8e6a5652de1,zp8,74,1
91818,CFG_deda15f4c4a8,zp8,74,1
91819,CFG_755205a28938,zp8,74,1
91820,CFG_5cd0c67d59bc,zp8,74,1
91821,CFG_67b539d34471,zp8,74,1
91822,CFG_c94b44f1b2f9,zp8,74,1
91823,CFG_59f154754573,zp8,74,1
91824,CFG_3278d3379c8a,zp8,74,1
91825,CFG_f18488ce1456,zp8,74,1
91826,CFG_3a3d7179fe0d,zp8,74,1
91827,CFG_710c47edfbc8,zp8,74,1
91828,CFG_773ac98270b6,zp8,74,1
91829,CFG_e3386d946379,zp8,74,1
91830,CFG_9178f775d49a,zp8,74,1
91831,CFG_9178f775d49a,zp8,74,1
91832,CFG_c94b44f1b2f9,zp8,74,1
91833,CFG_9178f775d49a,zp8,74,1
91834,CFG_b8e6a5652de1,zp8,74,1
91835,CFG_6caaadb373ea,zp8,74,1
91836,CFG_be784e24b621,zp8,74,1
91837,CFG_59f154754573,zp8,74,1
91838,CFG_be784e24b621,zp8,74,1
91839,CFG_67b539d34471,zp8,74,1
91840,CFG_ffde3ea1b2e3,zp8,74,1
91841,CFG_773ac98270b6,zp8,74,1
91842,CFG_17620e2785dc,zp8,74,1
91843,CFG_1ec55dc0a2ff,zp8,74,1
91844,CFG_5514d03a77b0,zp8,74,1
91845,CFG_1738a11cbd49,zp8,74,1
91846,CFG_e1e6e0c66c93,zp8,74,1
91847,CFG_be784e24b621,zp8,74,1
91848,CFG_ffde3ea1b2e3,zp8,74,1
91849,CFG_ac213567a5a2,zp8,74,1
91850,CFG_bbea204eb2ac,zp8,74,1
91851,CFG_be784e24b621,zp8,74,1
91852,CFG_5cd0c67d59bc,zp8,74,1
91853,CFG_625048fefa0b,zp8,74,1
91854,CFG_b8e6a5652de1,zp8,74,1
91855,CFG_cf541d0f8a3a,zp8,74,1
91856,CFG_727914633b9e,zp8,74,1
91857,CFG_acabbc62a021,zp8,74,1
91858,CFG_710c47edfbc8,zp8,74,1
91859,CFG_ceef49456daa,zp8,74,1
91860,CFG_9178f775d49a,zp8,74,1
91861,CFG_625048fefa0b,zp8,74,1
91862,CFG_59f154754573,zp8,74,1
91863,CFG_5514d03a77b0,zp8,74,1
91864,CFG_b2a3cbb134c5,zp8,74,1
91865,CFG_59f154754573,zp8,74,1
91866,CFG_ffde3ea1b2e3,zp8,74,1
91867,CFG_f18488ce1456,zp8,74,1
91868,CFG_1ec55dc0a2ff,zp8,74,1
91869,CFG_3a3d7179fe0d,zp8,74,1
91870,CFG_6caaadb373ea,zp8,74,1
91871,CFG_ffde3ea1b2e3,zp8,74,1
91872,CFG_8a51f93d684d,zp8,74,1
91873,CFG_f18488ce1456,zp8,74,1
91874,CFG_1738a11cbd49,zp8,74,1
91875,CFG_bbea204eb2ac,zp8,74,1
91876,CFG_9c659499047b,zp8,74,1
91877,CFG_755205a28938,zp8,74,1
91878,CFG_3a3d7179fe0d,zp8,74,1
91879,CFG_d96b0c9e44d0,zp8,74,1
91880,CFG_5851809b712d,zp8,74,1
91881,CFG_f18488ce1456,zp8,74,1
91882,CFG_9178f775d49a,zp8,74,1
91883,CFG_b2a3cbb134c5,zp8,74,1
91884,CFG_773ac98270b6,zp8,74,1
91885,CFG_9178f775d49a,zp8,74,1
91886,CFG_e1e6e0c66c93,zp8,74,1
91887,CFG_1ec55dc0a2ff,zp8,74,1
91888,CFG_5531dad98c69,zp8,74,1
91889,CFG_1e693796a40d,zp8,74,1
91890,CFG_d7aadf87f0b1,zp8,74,1
91891,CFG_710c47edfbc8,zp8,74,1
91892,CFG_3a3d7179fe0d,zp8,74,1
91893,CFG_67b539d34471,zp8,74,1
91894,CFG_8bfc9d62299c,zp8,74,1
91895,CFG_2154b722e06b,zp8,74,1
91896,CFG_f18488ce1456,zp8,74,1
91897,CFG_cf6528e23789,zp8,74,1
91898,CFG_8a51f93d684d,zp8,74,1
91899,CFG_8bfc9d62299c,zp8,74,1
91900,CFG_be784e24b621,zp8,74,1
91901,CFG_59f154754573,zp8,74,1
91902,CFG_a1d878e7d840,zp8,74,1
91903,CFG_f18488ce1456,zp8,74,1
91904,CFG_d96b0c9e44d0,zp8,74,1
91905,CFG_3a3d7179fe0d,zp8,74,1
91906,CFG_8a51f93d684d,zp8,74,1
91907,CFG_773ac98270b6,zp8,74,1
91908,CFG_e1e6e0c66c93,zp8,74,1
91909,CFG_9178f775d49a,zp8,74,1
91910,CFG_36f82e31118f,zp8,74,1
91911,CFG_710c47edfbc8,zp8,74,1
91912,CFG_5531dad98c69,zp8,74,1
91913,CFG_67b539d34471,zp8,74,1
91914,CFG_e3950fd94ca1,zp8,74,1
91915,CFG_773ac98270b6,zp8,74,1
91916,CFG_727914633b9e,zp8,74,1
91917,CFG_755205a28938,zp8,74,1
91918,CFG_bbea204eb2ac,zp8,74,1
91919,CFG_be784e24b621,zp8,74,1
91920,CFG_b2a3cbb134c5,zp8,74,1
91921,CFG_3a3d7179fe0d,zp8,74,1
91922,CFG_cf541d0f8a3a,zp8,74,1
91923,CFG_7fa53b7ab3bf,zp8,74,1
91924,CFG_67b539d34471,zp8,74,1
91925,CFG_b2a3cbb134c5,zp8,74,1
91926,CFG_c94b44f1b2f9,zp8,74,1
91927,CFG_29c3378e155b,zp8,74,1
91928,CFG_b2a3cbb134c5,zp8,74,1
91929,CFG_67b539d34471,zp8,74,1
91930,CFG_ffde3ea1b2e3,zp8,74,1
91931,CFG_1738a11cbd49,zp8,74,1
91932,CFG_67b539d34471,zp8,74,1
91933,CFG_5cd0c67d59bc,zp8,74,1
91934,CFG_67b539d34471,zp8,74,1
91935,CFG_3a3d7179fe0d,zp8,74,1
91936,CFG_5be0533f7ebf,zp8,74,1
91937,CFG_d96b0c9e44d0,zp8,74,1
91938,CFG_cf541d0f8a3a,zp8,74,1
91939,CFG_be784e24b621,zp8,74,1
91940,CFG_9178f775d49a,zp8,74,1
91941,CFG_1738a11cbd49,zp8,74,1
91942,CFG_b04e3d146803,zp8,74,1
91943,CFG_1ec55dc0a2ff,zp8,74,1
91944,CFG_8a51f93d684d,zp8,74,1
91945,CFG_77c8b99b43d9,zp8,74,1
91946,CFG_3a3d7179fe0d,zp8,74,1
91947,CFG_773ac98270b6,zp8,74,1
91948,CFG_1738a11cbd49,zp8,74,1
91949,CFG_5851809b712d,zp8,74,1
91950,CFG_deda15f4c4a8,zp8,74,1
91951,CFG_9178f775d49a,zp8,74,1
91952,CFG_275e4ca07248,zp8,74,1
91953,CFG_bd6412fc68b0,zp8,74,1
91954,CFG_3a3d7179fe0d,zp8,74,1
91955,CFG_e3950fd94ca1,zp8,74,1
91956,CFG_67b539d34471,zp8,74,1
91957,CFG_8a51f93d684d,zp8,74,1
91958,CFG_802041076799,zp8,74,1
91959,CFG_de29bb20eaa6,zp8,74,1
91960,CFG_f18488ce1456,zp8,74,1
91961,CFG_d7aadf87f0b1,zp8,74,1
91962,CFG_29c3378e155b,zp8,74,1
91963,CFG_36f82e31118f,zp8,74,1
91964,CFG_773ac98270b6,zp8,74,1
91965,CFG_1ec55dc0a2ff,zp8,74,1
91966,CFG_e1e6e0c66c93,zp8,74,1
91967,CFG_f18488ce1456,zp8,74,1
91968,CFG_773ac98270b6,zp8,74,1
91969,CFG_755205a28938,zp8,74,1
91970,CFG_e1e6e0c66c93,zp8,74,1
91971,CFG_f18488ce1456,zp8,74,1
91972,CFG_d39c77a1a4bf,zp8,74,1
91973,CFG_727914633b9e,zp8,74,1
91974,CFG_bd6412fc68b0,zp8,74,1
91975,CFG_e1e6e0c66c93,zp8,74,1
91976,CFG_773ac98270b6,zp8,74,1
91977,CFG_ffde3ea1b2e3,zp8,74,1
91978,CFG_637b6e72af93,zp8,74,1
91979,CFG_802041076799,zp8,74,1
91980,CFG_cc5bbb6e9d13,zp8,74,1
91981,CFG_6caaadb373ea,zp8,74,1
91982,CFG_ac213567a5a2,zp8,74,1
91983,CFG_755205a28938,zp8,74,1
91984,CFG_2154b722e06b,zp8,74,1
91985,CFG_b8e6a5652de1,zp8,74,1
91986,CFG_9178f775d49a,zp8,74,1
91987,CFG_17620e2785dc,zp8,74,1
91988,CFG_c94b44f1b2f9,zp8,74,1
91989,CFG_e3386d946379,zp8,74,1
91990,CFG_f18488ce1456,zp8,74,1
91991,CFG_e1e6e0c66c93,zp8,74,1
91992,CFG_3278d3379c8a,zp8,74,1
91993,CFG_b2a3cbb134c5,zp8,74,1
91994,CFG_939ca62c69c2,zp8,74,1
91995,CFG_b2a3cbb134c5,zp8,74,1
91996,CFG_f18488ce1456,zp8,74,1
91997,CFG_59aede929579,zp8,74,1
91998,CFG_939ca62c69c2,zp8,74,1
91999,CFG_3278d3379c8a,zp8,74,1
92000,CFG_a34f76b67ef4,zp8,74,1
