scenario_id,period,node_id,product_id,opening_units,receipts_units,consumed_or_dispatched_units,closing_units
baseline,61,battery-supplier_inv,BEV,0,159,159,0
baseline,61,battery-supplier_prod,componment_battery1,930,0,930,0
baseline,61,battery-supplier_prod,componment_battery2,558,0,558,0
baseline,61,battery-supplier_prod,componment_battery3,372,0,372,0
baseline,61,engine-supplier_inv,D02,120,30,18,132
baseline,61,engine-supplier_inv,D2I,123,49,70,102
baseline,61,engine-supplier_inv,D33,376,112,66,422
baseline,61,engine-supplier_inv,D36,6,2,0,8
baseline,61,engine-supplier_inv,D60,52,12,2,62
baseline,61,engine-supplier_inv,D64,342,135,186,291
baseline,61,engine-supplier_inv,D80,206,80,103,183
baseline,61,engine-supplier_inv,D83,849,384,727,506
baseline,61,engine-supplier_inv,DB0,21,10,3,28
baseline,61,engine-supplier_inv,DB8,39,11,8,42
baseline,61,engine-supplier_inv,DE2,9,3,2,10
baseline,61,engine-supplier_inv,DE4,121,41,69,93
baseline,61,engine-supplier_inv,DE5,175,50,38,187
baseline,61,engine-supplier_inv,DF4,9,3,0,12
baseline,61,engine-supplier_inv,DF6,10,2,0,12
baseline,61,engine-supplier_inv,DG6,754,233,155,832
baseline,61,engine-supplier_inv,DG8,438,117,103,452
baseline,61,engine-supplier_inv,DK7,210,79,116,173
baseline,61,engine-supplier_inv,DK8,577,183,134,626
baseline,61,engine-supplier_inv,DK9,33,11,6,38
baseline,61,engine-supplier_inv,DM4,24,9,2,31
baseline,61,engine-supplier_inv,DN1,15,2,0,17
baseline,61,engine-supplier_inv,DN4,758,223,171,810
baseline,61,engine-supplier_inv,DN6,31,10,8,33
baseline,61,engine-supplier_inv,DP2,102,29,14,117
baseline,61,engine-supplier_inv,DQ4,60,24,4,80
baseline,61,engine-supplier_inv,DQ9,286,88,53,321
baseline,61,engine-supplier_inv,DR8,64,18,11,71
baseline,61,engine-supplier_inv,DS9,190,50,31,209
baseline,61,engine-supplier_prod,D02,0,43,43,0
baseline,61,engine-supplier_prod,D2I,0,32,32,0
baseline,61,engine-supplier_prod,D33,0,168,168,0
baseline,61,engine-supplier_prod,D36,0,3,3,0
baseline,61,engine-supplier_prod,D60,0,25,25,0
baseline,61,engine-supplier_prod,D64,0,94,94,0
baseline,61,engine-supplier_prod,D80,0,65,65,0
baseline,61,engine-supplier_prod,D83,0,52,52,0
baseline,61,engine-supplier_prod,DB0,0,11,11,0
baseline,61,engine-supplier_prod,DB8,0,11,11,0
baseline,61,engine-supplier_prod,DE2,0,4,4,0
baseline,61,engine-supplier_prod,DE4,0,16,16,0
baseline,61,engine-supplier_prod,DE5,0,66,66,0
baseline,61,engine-supplier_prod,DF4,0,7,7,0
baseline,61,engine-supplier_prod,DF6,0,5,5,0
baseline,61,engine-supplier_prod,DG6,0,299,299,0
baseline,61,engine-supplier_prod,DG8,0,161,161,0
baseline,61,engine-supplier_prod,DK7,0,38,38,0
baseline,61,engine-supplier_prod,DK8,0,260,260,0
baseline,61,engine-supplier_prod,DK9,0,12,12,0
baseline,61,engine-supplier_prod,DM4,0,15,15,0
baseline,61,engine-supplier_prod,DN1,0,5,5,0
baseline,61,engine-supplier_prod,DN4,0,278,278,0
baseline,61,engine-supplier_prod,DN6,0,12,12,0
baseline,61,engine-supplier_prod,DP2,0,42,42,0
baseline,61,engine-supplier_prod,DQ4,0,39,39,0
baseline,61,engine-supplier_prod,DQ9,0,118,118,0
baseline,61,engine-supplier_prod,DR8,0,29,29,0
baseline,61,engine-supplier_prod,DS9,0,90,90,0
baseline,61,gear-supplier_inv,G0C,192,82,90,184
baseline,61,gear-supplier_inv,G0K,1090,688,451,1327
baseline,61,gear-supplier_inv,G0L,64,51,25,90
baseline,61,gear-supplier_inv,G0R,39,26,6,59
baseline,61,gear-supplier_inv,G1A,403,259,183,479
baseline,61,gear-supplier_inv,G1C,864,515,357,1022
baseline,61,gear-supplier_inv,G1D,563,315,261,617
baseline,61,gear-supplier_inv,G1Z,785,64,727,122
baseline,61,gear-supplier_prod,G0C,0,112,112,0
baseline,61,gear-supplier_prod,G0K,0,661,661,0
baseline,61,gear-supplier_prod,G0L,0,37,37,0
baseline,61,gear-supplier_prod,G0R,0,26,26,0
baseline,61,gear-supplier_prod,G1A,0,268,268,0
baseline,61,gear-supplier_prod,G1C,0,535,535,0
baseline,61,gear-supplier_prod,G1D,0,309,309,0
baseline,61,gear-supplier_prod,G1Z,0,52,52,0
baseline,61,seat-supplier_inv,Q1A,0,201,201,0
baseline,61,seat-supplier_inv,Q2J,0,768,768,0
baseline,61,seat-supplier_inv,Q4H,0,760,760,0
baseline,61,seat-supplier_inv,Q4P,0,271,271,0
baseline,61,seat-supplier_prod,componment_seat1,2155,0,768,1387
baseline,61,seat-supplier_prod,componment_seat2,2480,0,760,1720
baseline,61,seat-supplier_prod,componment_seat3,822,0,271,551
baseline,61,seat-supplier_prod,componment_seat4,543,0,201,342
baseline,61,zp7,BEV,52,200,52,200
baseline,61,zp7,D02,76,44,43,77
baseline,61,zp7,D2I,73,37,32,78
baseline,61,zp7,D33,304,150,168,286
baseline,61,zp7,D36,3,3,3,3
baseline,61,zp7,D60,35,20,25,30
baseline,61,zp7,D64,223,93,94,222
baseline,61,zp7,D80,148,64,65,147
baseline,61,zp7,D83,345,159,52,452
baseline,61,zp7,DB0,19,6,11,14
baseline,61,zp7,DB8,24,15,11,28
baseline,61,zp7,DE2,5,6,4,7
baseline,61,zp7,DE4,55,32,16,71
baseline,61,zp7,DE5,117,61,66,112
baseline,61,zp7,DF4,8,4,7,5
baseline,61,zp7,DF6,13,5,5,13
baseline,61,zp7,DG6,536,279,299,516
baseline,61,zp7,DG8,305,167,161,311
baseline,61,zp7,DK7,115,49,38,126
baseline,61,zp7,DK8,441,202,260,383
baseline,61,zp7,DK9,29,7,12,24
baseline,61,zp7,DM4,19,14,15,18
baseline,61,zp7,DN1,6,11,5,12
baseline,61,zp7,DN4,531,287,278,540
baseline,61,zp7,DN6,19,15,12,22
baseline,61,zp7,DP2,82,46,42,86
baseline,61,zp7,DQ4,52,33,39,46
baseline,61,zp7,DQ9,209,99,118,190
baseline,61,zp7,DR8,59,22,29,52
baseline,61,zp7,DS9,149,70,90,129
baseline,61,zp7,G0C,112,85,112,85
baseline,61,zp7,G0K,661,573,661,573
baseline,61,zp7,G0L,37,39,37,39
baseline,61,zp7,G0R,26,18,26,18
baseline,61,zp7,G1A,268,245,268,245
baseline,61,zp7,G1C,535,452,535,452
baseline,61,zp7,G1D,309,295,309,295
baseline,61,zp7,G1Z,52,293,52,293
baseline,61,zp7,Q1A,0,201,201,0
baseline,61,zp7,Q2J,0,768,768,0
baseline,61,zp7,Q4H,0,760,760,0
baseline,61,zp7,Q4P,0,271,271,0
baseline,62,battery-supplier_inv,BEV,0,93,93,0
baseline,62,battery-supplier_prod,componment_battery1,0,0,0,0
baseline,62,battery-supplier_prod,componment_battery2,0,0,0,0
baseline,62,battery-supplier_prod,componment_battery3,0,0,0,0
baseline,62,engine-supplier_inv,D02,132,43,57,118
baseline,62,engine-supplier_inv,D2I,102,32,34,100
baseline,62,engine-supplier_inv,D33,422,168,148,442
baseline,62,engine-supplier_inv,D36,8,3,1,10
baseline,62,engine-supplier_inv,D60,62,25,25,62
baseline,62,engine-supplier_inv,D64,291,94,84,301
baseline,62,engine-supplier_inv,D80,183,65,49,199
baseline,62,engine-supplier_inv,D83,506,52,63,495
baseline,62,engine-supplier_inv,DB0,28,11,9,30
baseline,62,engine-supplier_inv,DB8,42,11,21,32
baseline,62,engine-supplier_inv,DE2,10,4,2,12
baseline,62,engine-supplier_inv,DE4,93,16,28,81
baseline,62,engine-supplier_inv,DE5,187,66,66,187
baseline,62,engine-supplier_inv,DF4,12,7,7,12
baseline,62,engine-supplier_inv,DF6,12,5,7,10
baseline,62,engine-supplier_inv,DG6,832,299,331,800
baseline,62,engine-supplier_inv,DG8,452,161,184,429
baseline,62,engine-supplier_inv,DK7,173,38,58,153
baseline,62,engine-supplier_inv,DK8,626,260,248,638
baseline,62,engine-supplier_inv,DK9,38,12,18,32
baseline,62,engine-supplier_inv,DM4,31,15,13,33
baseline,62,engine-supplier_inv,DN1,17,5,8,14
baseline,62,engine-supplier_inv,DN4,810,278,311,777
baseline,62,engine-supplier_inv,DN6,33,12,12,33
baseline,62,engine-supplier_inv,DP2,117,42,50,109
baseline,62,engine-supplier_inv,DQ4,80,39,33,86
baseline,62,engine-supplier_inv,DQ9,321,118,132,307
baseline,62,engine-supplier_inv,DR8,71,29,30,70
baseline,62,engine-supplier_inv,DS9,209,90,71,228
baseline,62,engine-supplier_prod,D02,0,33,33,0
baseline,62,engine-supplier_prod,D2I,0,41,41,0
baseline,62,engine-supplier_prod,D33,0,136,136,0
baseline,62,engine-supplier_prod,D36,0,0,0,0
baseline,62,engine-supplier_prod,D60,0,10,10,0
baseline,62,engine-supplier_prod,D64,0,129,129,0
baseline,62,engine-supplier_prod,D80,0,83,83,0
baseline,62,engine-supplier_prod,D83,0,293,293,0
baseline,62,engine-supplier_prod,DB0,0,8,8,0
baseline,62,engine-supplier_prod,DB8,0,13,13,0
baseline,62,engine-supplier_prod,DE2,0,1,1,0
baseline,62,engine-supplier_prod,DE4,0,39,39,0
baseline,62,engine-supplier_prod,DE5,0,51,51,0
baseline,62,engine-supplier_prod,DF4,0,1,1,0
baseline,62,engine-supplier_prod,DF6,0,8,8,0
baseline,62,engine-supplier_prod,DG6,0,237,237,0
baseline,62,engine-supplier_prod,DG8,0,144,144,0
baseline,62,engine-supplier_prod,DK7,0,77,77,0
baseline,62,engine-supplier_prod,DK8,0,181,181,0
baseline,62,engine-supplier_prod,DK9,0,17,17,0
baseline,62,engine-supplier_prod,DM4,0,4,4,0
baseline,62,engine-supplier_prod,DN1,0,1,1,0
baseline,62,engine-supplier_prod,DN4,0,253,253,0
baseline,62,engine-supplier_prod,DN6,0,7,7,0
baseline,62,engine-supplier_prod,DP2,0,40,40,0
baseline,62,engine-supplier_prod,DQ4,0,13,13,0
baseline,62,engine-supplier_prod,DQ9,0,91,91,0
baseline,62,engine-supplier_prod,DR8,0,30,30,0
baseline,62,engine-supplier_prod,DS9,0,59,59,0
baseline,62,gear-supplier_inv,G0C,184,94,109,169
baseline,62,gear-supplier_inv,G0K,1327,540,712,1155
baseline,62,gear-supplier_inv,G0L,90,29,40,79
baseline,62,gear-supplier_inv,G0R,59,15,35,39
baseline,62,gear-supplier_inv,G1A,479,234,249,464
baseline,62,gear-supplier_inv,G1C,1022,430,562,890
baseline,62,gear-supplier_inv,G1D,617,274,330,561
baseline,62,gear-supplier_inv,G1Z,122,384,63,443
baseline,62,gear-supplier_prod,G0C,0,85,85,0
baseline,62,gear-supplier_prod,G0K,0,573,573,0
baseline,62,gear-supplier_prod,G0L,0,39,39,0
baseline,62,gear-supplier_prod,G0R,0,18,18,0
baseline,62,gear-supplier_prod,G1A,0,245,245,0
baseline,62,gear-supplier_prod,G1C,0,452,452,0
baseline,62,gear-supplier_prod,G1D,0,295,295,0
baseline,62,gear-supplier_prod,G1Z,0,293,293,0
baseline,62,seat-supplier_inv,Q1A,0,171,171,0
baseline,62,seat-supplier_inv,Q2J,0,625,625,0
baseline,62,seat-supplier_inv,Q4H,0,925,925,0
baseline,62,seat-supplier_inv,Q4P,0,279,279,0
baseline,62,seat-supplier_prod,componment_seat1,1387,4732,625,5494
baseline,62,seat-supplier_prod,componment_seat2,1720,6187,925,6982
baseline,62,seat-supplier_prod,componment_seat3,551,1900,279,2172
baseline,62,seat-supplier_prod,componment_seat4,342,1181,171,1352
baseline,62,zp7,BEV,200,159,293,66
baseline,62,zp7,D02,77,18,33,62
baseline,62,zp7,D2I,78,70,41,107
baseline,62,zp7,D33,286,66,136,216
baseline,62,zp7,D36,3,0,0,3
baseline,62,zp7,D60,30,2,10,22
baseline,62,zp7,D64,222,186,129,279
baseline,62,zp7,D80,147,103,83,167
baseline,62,zp7,D83,452,727,293,886
baseline,62,zp7,DB0,14,3,8,9
baseline,62,zp7,DB8,28,8,13,23
baseline,62,zp7,DE2,7,2,1,8
baseline,62,zp7,DE4,71,69,39,101
baseline,62,zp7,DE5,112,38,51,99
baseline,62,zp7,DF4,5,0,1,4
baseline,62,zp7,DF6,13,0,8,5
baseline,62,zp7,DG6,516,155,237,434
baseline,62,zp7,DG8,311,103,144,270
baseline,62,zp7,DK7,126,116,77,165
baseline,62,zp7,DK8,383,134,181,336
baseline,62,zp7,DK9,24,6,17,13
baseline,62,zp7,DM4,18,2,4,16
baseline,62,zp7,DN1,12,0,1,11
baseline,62,zp7,DN4,540,171,253,458
baseline,62,zp7,DN6,22,8,7,23
baseline,62,zp7,DP2,86,14,40,60
baseline,62,zp7,DQ4,46,4,13,37
baseline,62,zp7,DQ9,190,53,91,152
baseline,62,zp7,DR8,52,11,30,33
baseline,62,zp7,DS9,129,31,59,101
baseline,62,zp7,G0C,85,100,85,100
baseline,62,zp7,G0K,573,661,573,661
baseline,62,zp7,G0L,39,35,39,35
baseline,62,zp7,G0R,18,28,18,28
baseline,62,zp7,G1A,245,264,245,264
baseline,62,zp7,G1C,452,457,452,457
baseline,62,zp7,G1D,295,296,295,296
baseline,62,zp7,G1Z,293,159,293,159
baseline,62,zp7,Q1A,0,171,171,0
baseline,62,zp7,Q2J,0,625,625,0
baseline,62,zp7,Q4H,0,925,925,0
baseline,62,zp7,Q4P,0,279,279,0
baseline,63,battery-supplier_inv,BEV,0,0,0,0
baseline,63,battery-supplier_prod,componment_battery1,0,0,0,0
baseline,63,battery-supplier_prod,componment_battery2,0,0,0,0
baseline,63,battery-supplier_prod,componment_battery3,0,0,0,0
baseline,63,engine-supplier_inv,D02,118,33,46,105
baseline,63,engine-supplier_inv,D2I,100,41,31,110
baseline,63,engine-supplier_inv,D33,442,136,172,406
baseline,63,engine-supplier_inv,D36,10,0,5,5
baseline,63,engine-supplier_inv,D60,62,10,25,47
baseline,63,engine-supplier_inv,D64,301,129,100,330
baseline,63,engine-supplier_inv,D80,199,83,69,213
baseline,63,engine-supplier_inv,D83,495,293,174,614
baseline,63,engine-supplier_inv,DB0,30,8,9,29
baseline,63,engine-supplier_inv,DB8,32,13,10,35
baseline,63,engine-supplier_inv,DE2,12,1,5,8
baseline,63,engine-supplier_inv,DE4,81,39,34,86
baseline,63,engine-supplier_inv,DE5,187,51,78,160
baseline,63,engine-supplier_inv,DF4,12,1,2,11
baseline,63,engine-supplier_inv,DF6,10,8,3,15
baseline,63,engine-supplier_inv,DG6,800,237,292,745
baseline,63,engine-supplier_inv,DG8,429,144,165,408
baseline,63,engine-supplier_inv,DK7,153,77,54,176
baseline,63,engine-supplier_inv,DK8,638,181,213,606
baseline,63,engine-supplier_inv,DK9,32,17,9,40
baseline,63,engine-supplier_inv,DM4,33,4,9,28
baseline,63,engine-supplier_inv,DN1,14,1,7,8
baseline,63,engine-supplier_inv,DN4,777,253,292,738
baseline,63,engine-supplier_inv,DN6,33,7,13,27
baseline,63,engine-supplier_inv,DP2,109,40,39,110
baseline,63,engine-supplier_inv,DQ4,86,13,23,76
baseline,63,engine-supplier_inv,DQ9,307,91,107,291
baseline,63,engine-supplier_inv,DR8,70,30,24,76
baseline,63,engine-supplier_inv,DS9,228,59,90,197
baseline,63,engine-supplier_prod,D02,0,44,44,0
baseline,63,engine-supplier_prod,D2I,0,37,37,0
baseline,63,engine-supplier_prod,D33,0,150,150,0
baseline,63,engine-supplier_prod,D36,0,3,3,0
baseline,63,engine-supplier_prod,D60,0,20,20,0
baseline,63,engine-supplier_prod,D64,0,93,93,0
baseline,63,engine-supplier_prod,D80,0,64,64,0
baseline,63,engine-supplier_prod,D83,0,159,159,0
baseline,63,engine-supplier_prod,DB0,0,6,6,0
baseline,63,engine-supplier_prod,DB8,0,15,15,0
baseline,63,engine-supplier_prod,DE2,0,6,6,0
baseline,63,engine-supplier_prod,DE4,0,32,32,0
baseline,63,engine-supplier_prod,DE5,0,61,61,0
baseline,63,engine-supplier_prod,DF4,0,4,4,0
baseline,63,engine-supplier_prod,DF6,0,5,5,0
baseline,63,engine-supplier_prod,DG6,0,279,279,0
baseline,63,engine-supplier_prod,DG8,0,167,167,0
baseline,63,engine-supplier_prod,DK7,0,49,49,0
baseline,63,engine-supplier_prod,DK8,0,202,202,0
baseline,63,engine-supplier_prod,DK9,0,7,7,0
baseline,63,engine-supplier_prod,DM4,0,14,14,0
baseline,63,engine-supplier_prod,DN1,0,11,11,0
baseline,63,engine-supplier_prod,DN4,0,287,287,0
baseline,63,engine-supplier_prod,DN6,0,15,15,0
baseline,63,engine-supplier_prod,DP2,0,46,46,0
baseline,63,engine-supplier_prod,DQ4,0,33,33,0
baseline,63,engine-supplier_prod,DQ9,0,99,99,0
baseline,63,engine-supplier_prod,DR8,0,22,22,0
baseline,63,engine-supplier_prod,DS9,0,70,70,0
baseline,63,gear-supplier_inv,G0C,169,112,88,193
baseline,63,gear-supplier_inv,G0K,1155,661,676,1140
baseline,63,gear-supplier_inv,G0L,79,37,52,64
baseline,63,gear-supplier_inv,G0R,39,26,26,39
baseline,63,gear-supplier_inv,G1A,464,268,255,477
baseline,63,gear-supplier_inv,G1C,890,535,506,919
baseline,63,gear-supplier_inv,G1D,561,309,323,547
baseline,63,gear-supplier_inv,G1Z,443,52,174,321
baseline,63,gear-supplier_prod,G0C,0,100,100,0
baseline,63,gear-supplier_prod,G0K,0,661,661,0
baseline,63,gear-supplier_prod,G0L,0,35,35,0
baseline,63,gear-supplier_prod,G0R,0,28,28,0
baseline,63,gear-supplier_prod,G1A,0,264,264,0
baseline,63,gear-supplier_prod,G1C,0,457,457,0
baseline,63,gear-supplier_prod,G1D,0,296,296,0
baseline,63,gear-supplier_prod,G1Z,0,159,159,0
baseline,63,seat-supplier_inv,Q1A,0,171,171,0
baseline,63,seat-supplier_inv,Q2J,0,762,762,0
baseline,63,seat-supplier_inv,Q4H,0,795,795,0
baseline,63,seat-supplier_inv,Q4P,0,272,272,0
baseline,63,seat-supplier_prod,componment_seat1,5494,0,762,4732
baseline,63,seat-supplier_prod,componment_seat2,6982,0,795,6187
baseline,63,seat-supplier_prod,componment_seat3,2172,0,272,1900
baseline,63,seat-supplier_prod,componment_seat4,1352,0,171,1181
baseline,63,zp7,BEV,66,93,159,0
baseline,63,zp7,D02,62,57,44,75
baseline,63,zp7,D2I,107,34,37,104
baseline,63,zp7,D33,216,148,150,214
baseline,63,zp7,D36,3,1,3,1
baseline,63,zp7,D60,22,25,20,27
baseline,63,zp7,D64,279,84,93,270
baseline,63,zp7,D80,167,49,64,152
baseline,63,zp7,D83,886,63,159,790
baseline,63,zp7,DB0,9,9,6,12
baseline,63,zp7,DB8,23,21,15,29
baseline,63,zp7,DE2,8,2,6,4
baseline,63,zp7,DE4,101,28,32,97
baseline,63,zp7,DE5,99,66,61,104
baseline,63,zp7,DF4,4,7,4,7
baseline,63,zp7,DF6,5,7,5,7
baseline,63,zp7,DG6,434,331,279,486
baseline,63,zp7,DG8,270,184,167,287
baseline,63,zp7,DK7,165,58,49,174
baseline,63,zp7,DK8,336,248,202,382
baseline,63,zp7,DK9,13,18,7,24
baseline,63,zp7,DM4,16,13,14,15
baseline,63,zp7,DN1,11,8,11,8
baseline,63,zp7,DN4,458,311,287,482
baseline,63,zp7,DN6,23,12,15,20
baseline,63,zp7,DP2,60,50,46,64
baseline,63,zp7,DQ4,37,33,33,37
baseline,63,zp7,DQ9,152,132,99,185
baseline,63,zp7,DR8,33,30,22,41
baseline,63,zp7,DS9,101,71,70,102
baseline,63,zp7,G0C,100,90,100,90
baseline,63,zp7,G0K,661,451,661,451
baseline,63,zp7,G0L,35,25,35,25
baseline,63,zp7,G0R,28,6,28,6
baseline,63,zp7,G1A,264,183,264,183
baseline,63,zp7,G1C,457,357,457,357
baseline,63,zp7,G1D,296,261,296,261
baseline,63,zp7,G1Z,159,727,159,727
baseline,63,zp7,Q1A,0,171,171,0
baseline,63,zp7,Q2J,0,762,762,0
baseline,63,zp7,Q4H,0,795,795,0
baseline,63,zp7,Q4P,0,272,272,0
baseline,64,battery-supplier_inv,BEV,0,0,0,0
baseline,64,battery-supplier_prod,componment_battery1,0,0,0,0
baseline,64,battery-supplier_prod,componment_battery2,0,0,0,0
baseline,64,battery-supplier_prod,componment_battery3,0,0,0,0
baseline,64,engine-supplier_inv,D02,105,44,34,115
baseline,64,engine-supplier_inv,D2I,110,37,41,106
baseline,64,engine-supplier_inv,D33,406,150,138,418
baseline,64,engine-supplier_inv,D36,5,3,3,5
baseline,64,engine-supplier_inv,D60,47,20,18,49
baseline,64,engine-supplier_inv,D64,330,93,121,302
baseline,64,engine-supplier_inv,D80,213,64,81,196
baseline,64,engine-supplier_inv,D83,614,159,280,493
baseline,64,engine-supplier_inv,DB0,29,6,10,25
baseline,64,engine-supplier_inv,DB8,35,15,11,39
baseline,64,engine-supplier_inv,DE2,8,6,4,10
baseline,64,engine-supplier_inv,DE4,86,32,35,83
baseline,64,engine-supplier_inv,DE5,160,61,56,165
baseline,64,engine-supplier_inv,DF4,11,4,4,11
baseline,64,engine-supplier_inv,DF6,15,5,3,17
baseline,64,engine-supplier_inv,DG6,745,279,270,754
baseline,64,engine-supplier_inv,DG8,408,167,134,441
baseline,64,engine-supplier_inv,DK7,176,49,69,156
baseline,64,engine-supplier_inv,DK8,606,202,215,593
baseline,64,engine-supplier_inv,DK9,40,7,17,30
baseline,64,engine-supplier_inv,DM4,28,14,11,31
baseline,64,engine-supplier_inv,DN1,8,11,2,17
baseline,64,engine-supplier_inv,DN4,738,287,268,757
baseline,64,engine-supplier_inv,DN6,27,15,11,31
baseline,64,engine-supplier_inv,DP2,110,46,39,117
baseline,64,engine-supplier_inv,DQ4,76,33,29,80
baseline,64,engine-supplier_inv,DQ9,291,99,100,290
baseline,64,engine-supplier_inv,DR8,76,22,25,73
baseline,64,engine-supplier_inv,DS9,197,70,71,196
baseline,64,engine-supplier_prod,D02,0,15,15,0
baseline,64,engine-supplier_prod,D2I,0,68,68,0
baseline,64,engine-supplier_prod,D33,0,63,63,0
baseline,64,engine-supplier_prod,D36,0,0,0,0
baseline,64,engine-supplier_prod,D60,0,2,2,0
baseline,64,engine-supplier_prod,D64,0,180,180,0
baseline,64,engine-supplier_prod,D80,0,99,99,0
baseline,64,engine-supplier_prod,D83,0,709,709,0
baseline,64,engine-supplier_prod,DB0,0,3,3,0
baseline,64,engine-supplier_prod,DB8,0,8,8,0
baseline,64,engine-supplier_prod,DE2,0,2,2,0
baseline,64,engine-supplier_prod,DE4,0,66,66,0
baseline,64,engine-supplier_prod,DE5,0,36,36,0
baseline,64,engine-supplier_prod,DF4,0,0,0,0
baseline,64,engine-supplier_prod,DF6,0,0,0,0
baseline,64,engine-supplier_prod,DG6,0,142,142,0
baseline,64,engine-supplier_prod,DG8,0,96,96,0
baseline,64,engine-supplier_prod,DK7,0,112,112,0
baseline,64,engine-supplier_prod,DK8,0,125,125,0
baseline,64,engine-supplier_prod,DK9,0,6,6,0
baseline,64,engine-supplier_prod,DM4,0,2,2,0
baseline,64,engine-supplier_prod,DN1,0,0,0,0
baseline,64,engine-supplier_prod,DN4,0,158,158,0
baseline,64,engine-supplier_prod,DN6,0,8,8,0
baseline,64,engine-supplier_prod,DP2,0,12,12,0
baseline,64,engine-supplier_prod,DQ4,0,3,3,0
baseline,64,engine-supplier_prod,DQ9,0,46,46,0
baseline,64,engine-supplier_prod,DR8,0,11,11,0
baseline,64,engine-supplier_prod,DS9,0,28,28,0
baseline,64,gear-supplier_inv,G0C,193,85,101,177
baseline,64,gear-supplier_inv,G0K,1140,573,608,1105
baseline,64,gear-supplier_inv,G0L,64,39,36,67
baseline,64,gear-supplier_inv,G0R,39,18,19,38
baseline,64,gear-supplier_inv,G1A,477,245,270,452
baseline,64,gear-supplier_inv,G1C,919,452,485,886
baseline,64,gear-supplier_inv,G1D,547,295,301,541
baseline,64,gear-supplier_inv,G1Z,321,293,280,334
baseline,64,gear-supplier_prod,G0C,0,86,86,0
baseline,64,gear-supplier_prod,G0K,0,420,420,0
baseline,64,gear-supplier_prod,G0L,0,24,24,0
baseline,64,gear-supplier_prod,G0R,0,6,6,0
baseline,64,gear-supplier_prod,G1A,0,166,166,0
baseline,64,gear-supplier_prod,G1C,0,339,339,0
baseline,64,gear-supplier_prod,G1D,0,250,250,0
baseline,64,gear-supplier_prod,G1Z,0,709,709,0
baseline,64,seat-supplier_inv,Q1A,0,124,124,0
baseline,64,seat-supplier_inv,Q2J,0,392,392,0
baseline,64,seat-supplier_inv,Q4H,0,521,521,0
baseline,64,seat-supplier_inv,Q4P,0,254,254,0
baseline,64,seat-supplier_prod,componment_seat1,4732,0,392,4340
baseline,64,seat-supplier_prod,componment_seat2,6187,0,521,5666
baseline,64,seat-supplier_prod,componment_seat3,1900,0,254,1646
baseline,64,seat-supplier_prod,componment_seat4,1181,0,124,1057
baseline,64,zp7,BEV,0,0,0,0
baseline,64,zp7,D02,75,46,15,106
baseline,64,zp7,D2I,104,31,68,67
baseline,64,zp7,D33,214,172,63,323
baseline,64,zp7,D36,1,5,0,6
baseline,64,zp7,D60,27,25,2,50
baseline,64,zp7,D64,270,100,180,190
baseline,64,zp7,D80,152,69,99,122
baseline,64,zp7,D83,790,174,0,964
baseline,64,zp7,DB0,12,9,3,18
baseline,64,zp7,DB8,29,10,8,31
baseline,64,zp7,DE2,4,5,2,7
baseline,64,zp7,DE4,97,34,66,65
baseline,64,zp7,DE5,104,78,36,146
baseline,64,zp7,DF4,7,2,0,9
baseline,64,zp7,DF6,7,3,0,10
baseline,64,zp7,DG6,486,292,142,636
baseline,64,zp7,DG8,287,165,96,356
baseline,64,zp7,DK7,174,54,112,116
baseline,64,zp7,DK8,382,213,125,470
baseline,64,zp7,DK9,24,9,6,27
baseline,64,zp7,DM4,15,9,2,22
baseline,64,zp7,DN1,8,7,0,15
baseline,64,zp7,DN4,482,292,158,616
baseline,64,zp7,DN6,20,13,8,25
baseline,64,zp7,DP2,64,39,12,91
baseline,64,zp7,DQ4,37,23,3,57
baseline,64,zp7,DQ9,185,107,46,246
baseline,64,zp7,DR8,41,24,11,54
baseline,64,zp7,DS9,102,90,28,164
baseline,64,zp7,G0C,90,109,86,113
baseline,64,zp7,G0K,451,712,420,743
baseline,64,zp7,G0L,25,40,24,41
baseline,64,zp7,G0R,6,35,6,35
baseline,64,zp7,G1A,183,249,166,266
baseline,64,zp7,G1C,357,562,339,580
baseline,64,zp7,G1D,261,330,250,341
baseline,64,zp7,G1Z,727,63,0,790
baseline,64,zp7,Q1A,0,124,124,0
baseline,64,zp7,Q2J,0,392,392,0
baseline,64,zp7,Q4H,0,521,521,0
baseline,64,zp7,Q4P,0,254,254,0
baseline,65,battery-supplier_inv,BEV,0,0,0,0
baseline,65,battery-supplier_prod,componment_battery1,0,0,0,0
baseline,65,battery-supplier_prod,componment_battery2,0,0,0,0
baseline,65,battery-supplier_prod,componment_battery3,0,0,0,0
baseline,65,engine-supplier_inv,D02,115,15,64,66
baseline,65,engine-supplier_inv,D2I,106,68,29,145
baseline,65,engine-supplier_inv,D33,418,63,181,300
baseline,65,engine-supplier_inv,D36,5,0,2,3
baseline,65,engine-supplier_inv,D60,49,2,18,33
baseline,65,engine-supplier_inv,D64,302,180,105,377
baseline,65,engine-supplier_inv,D80,196,99,78,217
baseline,65,engine-supplier_inv,D83,493,709,65,1137
baseline,65,engine-supplier_inv,DB0,25,3,11,17
baseline,65,engine-supplier_inv,DB8,39,8,14,33
baseline,65,engine-supplier_inv,DE2,10,2,1,11
baseline,65,engine-supplier_inv,DE4,83,66,25,124
baseline,65,engine-supplier_inv,DE5,165,36,73,128
baseline,65,engine-supplier_inv,DF4,11,0,1,10
baseline,65,engine-supplier_inv,DF6,17,0,13,4
baseline,65,engine-supplier_inv,DG6,754,142,306,590
baseline,65,engine-supplier_inv,DG8,441,96,190,347
baseline,65,engine-supplier_inv,DK7,156,112,48,220
baseline,65,engine-supplier_inv,DK8,593,125,209,509
baseline,65,engine-supplier_inv,DK9,30,6,20,16
baseline,65,engine-supplier_inv,DM4,31,2,9,24
baseline,65,engine-supplier_inv,DN1,17,0,5,12
baseline,65,engine-supplier_inv,DN4,757,158,305,610
baseline,65,engine-supplier_inv,DN6,31,8,6,33
baseline,65,engine-supplier_inv,DP2,117,12,61,68
baseline,65,engine-supplier_inv,DQ4,80,3,23,60
baseline,65,engine-supplier_inv,DQ9,290,46,123,213
baseline,65,engine-supplier_inv,DR8,73,11,36,48
baseline,65,engine-supplier_inv,DS9,196,28,79,145
baseline,65,engine-supplier_prod,D02,0,57,57,0
baseline,65,engine-supplier_prod,D2I,0,35,35,0
baseline,65,engine-supplier_prod,D33,0,135,135,0
baseline,65,engine-supplier_prod,D36,0,1,1,0
baseline,65,engine-supplier_prod,D60,0,22,22,0
baseline,65,engine-supplier_prod,D64,0,82,82,0
baseline,65,engine-supplier_prod,D80,0,51,51,0
baseline,65,engine-supplier_prod,D83,0,76,76,0
baseline,65,engine-supplier_prod,DB0,0,9,9,0
baseline,65,engine-supplier_prod,DB8,0,20,20,0
baseline,65,engine-supplier_prod,DE2,0,2,2,0
baseline,65,engine-supplier_prod,DE4,0,31,31,0
baseline,65,engine-supplier_prod,DE5,0,57,57,0
baseline,65,engine-supplier_prod,DF4,0,6,6,0
baseline,65,engine-supplier_prod,DF6,0,7,7,0
baseline,65,engine-supplier_prod,DG6,0,316,316,0
baseline,65,engine-supplier_prod,DG8,0,172,172,0
baseline,65,engine-supplier_prod,DK7,0,58,58,0
baseline,65,engine-supplier_prod,DK8,0,234,234,0
baseline,65,engine-supplier_prod,DK9,0,17,17,0
baseline,65,engine-supplier_prod,DM4,0,12,12,0
baseline,65,engine-supplier_prod,DN1,0,7,7,0
baseline,65,engine-supplier_prod,DN4,0,284,284,0
baseline,65,engine-supplier_prod,DN6,0,11,11,0
baseline,65,engine-supplier_prod,DP2,0,45,45,0
baseline,65,engine-supplier_prod,DQ4,0,28,28,0
baseline,65,engine-supplier_prod,DQ9,0,128,128,0
baseline,65,engine-supplier_prod,DR8,0,30,30,0
baseline,65,engine-supplier_prod,DS9,0,67,67,0
baseline,65,gear-supplier_inv,G0C,177,100,78,199
baseline,65,gear-supplier_inv,G0K,1105,661,687,1079
baseline,65,gear-supplier_inv,G0L,67,35,46,56
baseline,65,gear-supplier_inv,G0R,38,28,28,38
baseline,65,gear-supplier_inv,G1A,452,264,287,429
baseline,65,gear-supplier_inv,G1C,886,457,555,788
baseline,65,gear-supplier_inv,G1D,541,296,354,483
baseline,65,gear-supplier_inv,G1Z,334,159,65,428
baseline,65,gear-supplier_prod,G0C,0,106,106,0
baseline,65,gear-supplier_prod,G0K,0,670,670,0
baseline,65,gear-supplier_prod,G0L,0,40,40,0
baseline,65,gear-supplier_prod,G0R,0,33,33,0
baseline,65,gear-supplier_prod,G1A,0,237,237,0
baseline,65,gear-supplier_prod,G1C,0,525,525,0
baseline,65,gear-supplier_prod,G1D,0,313,313,0
baseline,65,gear-supplier_prod,G1Z,0,76,76,0
baseline,65,seat-supplier_inv,Q1A,0,170,170,0
baseline,65,seat-supplier_inv,Q2J,0,770,770,0
baseline,65,seat-supplier_inv,Q4H,0,703,703,0
baseline,65,seat-supplier_inv,Q4P,0,281,281,0
baseline,65,seat-supplier_prod,componment_seat1,4340,0,770,3570
baseline,65,seat-supplier_prod,componment_seat2,5666,0,703,4963
baseline,65,seat-supplier_prod,componment_seat3,1646,0,281,1365
baseline,65,seat-supplier_prod,componment_seat4,1057,0,170,887
baseline,65,zp7,BEV,0,0,0,0
baseline,65,zp7,D02,106,34,57,83
baseline,65,zp7,D2I,67,41,35,73
baseline,65,zp7,D33,323,138,135,326
baseline,65,zp7,D36,6,3,1,8
baseline,65,zp7,D60,50,18,22,46
baseline,65,zp7,D64,190,121,82,229
baseline,65,zp7,D80,122,81,51,152
baseline,65,zp7,D83,964,280,0,1244
baseline,65,zp7,DB0,18,10,9,19
baseline,65,zp7,DB8,31,11,20,22
baseline,65,zp7,DE2,7,4,2,9
baseline,65,zp7,DE4,65,35,31,69
baseline,65,zp7,DE5,146,56,57,145
baseline,65,zp7,DF4,9,4,6,7
baseline,65,zp7,DF6,10,3,7,6
baseline,65,zp7,DG6,636,270,316,590
baseline,65,zp7,DG8,356,134,172,318
baseline,65,zp7,DK7,116,69,58,127
baseline,65,zp7,DK8,470,215,234,451
baseline,65,zp7,DK9,27,17,17,27
baseline,65,zp7,DM4,22,11,12,21
baseline,65,zp7,DN1,15,2,7,10
baseline,65,zp7,DN4,616,268,284,600
baseline,65,zp7,DN6,25,11,11,25
baseline,65,zp7,DP2,91,39,45,85
baseline,65,zp7,DQ4,57,29,28,58
baseline,65,zp7,DQ9,246,100,128,218
baseline,65,zp7,DR8,54,25,30,49
baseline,65,zp7,DS9,164,71,67,168
baseline,65,zp7,G0C,113,88,106,95
baseline,65,zp7,G0K,743,676,670,749
baseline,65,zp7,G0L,41,52,40,53
baseline,65,zp7,G0R,35,26,33,28
baseline,65,zp7,G1A,266,255,237,284
baseline,65,zp7,G1C,580,506,525,561
baseline,65,zp7,G1D,341,323,313,351
baseline,65,zp7,G1Z,790,174,0,964
baseline,65,zp7,Q1A,0,170,170,0
baseline,65,zp7,Q2J,0,770,770,0
baseline,65,zp7,Q4H,0,703,703,0
baseline,65,zp7,Q4P,0,281,281,0
baseline,66,battery-supplier_inv,BEV,0,0,0,0
baseline,66,battery-supplier_prod,componment_battery1,0,9470,2940,6530
baseline,66,battery-supplier_prod,componment_battery2,0,5682,1764,3918
baseline,66,battery-supplier_prod,componment_battery3,0,3788,1176,2612
baseline,66,engine-supplier_inv,D02,66,57,35,88
baseline,66,engine-supplier_inv,D2I,145,35,48,132
baseline,66,engine-supplier_inv,D33,300,135,119,316
baseline,66,engine-supplier_inv,D36,3,1,1,3
baseline,66,engine-supplier_inv,D60,33,22,10,45
baseline,66,engine-supplier_inv,D64,377,82,127,332
baseline,66,engine-supplier_inv,D80,217,51,86,182
baseline,66,engine-supplier_inv,D83,1137,76,390,823
baseline,66,engine-supplier_inv,DB0,17,9,6,20
baseline,66,engine-supplier_inv,DB8,33,20,14,39
baseline,66,engine-supplier_inv,DE2,11,2,3,10
baseline,66,engine-supplier_inv,DE4,124,31,54,101
baseline,66,engine-supplier_inv,DE5,128,57,49,136
baseline,66,engine-supplier_inv,DF4,10,6,1,15
baseline,66,engine-supplier_inv,DF6,4,7,3,8
baseline,66,engine-supplier_inv,DG6,590,316,232,674
baseline,66,engine-supplier_inv,DG8,347,172,136,383
baseline,66,engine-supplier_inv,DK7,220,58,88,190
baseline,66,engine-supplier_inv,DK8,509,234,178,565
baseline,66,engine-supplier_inv,DK9,16,17,11,22
baseline,66,engine-supplier_inv,DM4,24,12,9,27
baseline,66,engine-supplier_inv,DN1,12,7,2,17
baseline,66,engine-supplier_inv,DN4,610,284,279,615
baseline,66,engine-supplier_inv,DN6,33,11,12,32
baseline,66,engine-supplier_inv,DP2,68,45,35,78
baseline,66,engine-supplier_inv,DQ4,60,28,21,67
baseline,66,engine-supplier_inv,DQ9,213,128,78,263
baseline,66,engine-supplier_inv,DR8,48,30,16,62
baseline,66,engine-supplier_inv,DS9,145,67,57,155
baseline,66,engine-supplier_prod,D02,0,48,48,0
baseline,66,engine-supplier_prod,D2I,0,20,20,0
baseline,66,engine-supplier_prod,D33,0,178,178,0
baseline,66,engine-supplier_prod,D36,0,5,5,0
baseline,66,engine-supplier_prod,D60,0,28,28,0
baseline,66,engine-supplier_prod,D64,0,80,80,0
baseline,66,engine-supplier_prod,D80,0,56,56,0
baseline,66,engine-supplier_prod,D83,0,64,64,0
baseline,66,engine-supplier_prod,DB0,0,9,9,0
baseline,66,engine-supplier_prod,DB8,0,11,11,0
baseline,66,engine-supplier_prod,DE2,0,5,5,0
baseline,66,engine-supplier_prod,DE4,0,24,24,0
baseline,66,engine-supplier_prod,DE5,0,82,82,0
baseline,66,engine-supplier_prod,DF4,0,3,3,0
baseline,66,engine-supplier_prod,DF6,0,3,3,0
baseline,66,engine-supplier_prod,DG6,0,296,296,0
baseline,66,engine-supplier_prod,DG8,0,170,170,0
baseline,66,engine-supplier_prod,DK7,0,40,40,0
baseline,66,engine-supplier_prod,DK8,0,218,218,0
baseline,66,engine-supplier_prod,DK9,0,10,10,0
baseline,66,engine-supplier_prod,DM4,0,10,10,0
baseline,66,engine-supplier_prod,DN1,0,8,8,0
baseline,66,engine-supplier_prod,DN4,0,316,316,0
baseline,66,engine-supplier_prod,DN6,0,12,12,0
baseline,66,engine-supplier_prod,DP2,0,45,45,0
baseline,66,engine-supplier_prod,DQ4,0,29,29,0
baseline,66,engine-supplier_prod,DQ9,0,112,112,0
baseline,66,engine-supplier_prod,DR8,0,23,23,0
baseline,66,engine-supplier_prod,DS9,0,95,95,0
baseline,66,gear-supplier_inv,G0C,199,86,93,192
baseline,66,gear-supplier_inv,G0K,1079,420,599,900
baseline,66,gear-supplier_inv,G0L,56,24,32,48
baseline,66,gear-supplier_inv,G0R,38,6,21,23
baseline,66,gear-supplier_inv,G1A,429,166,239,356
baseline,66,gear-supplier_inv,G1C,788,339,441,686
baseline,66,gear-supplier_inv,G1D,483,250,285,448
baseline,66,gear-supplier_inv,G1Z,428,709,390,747
baseline,66,gear-supplier_prod,G0C,0,82,82,0
baseline,66,gear-supplier_prod,G0K,0,688,688,0
baseline,66,gear-supplier_prod,G0L,0,51,51,0
baseline,66,gear-supplier_prod,G0R,0,26,26,0
baseline,66,gear-supplier_prod,G1A,0,259,259,0
baseline,66,gear-supplier_prod,G1C,0,515,515,0
baseline,66,gear-supplier_prod,G1D,0,315,315,0
baseline,66,gear-supplier_prod,G1Z,0,64,64,0
baseline,66,seat-supplier_inv,Q1A,0,185,185,0
baseline,66,seat-supplier_inv,Q2J,0,728,728,0
baseline,66,seat-supplier_inv,Q4H,0,771,771,0
baseline,66,seat-supplier_inv,Q4P,0,252,252,0
baseline,66,seat-supplier_prod,componment_seat1,3570,0,728,2842
baseline,66,seat-supplier_prod,componment_seat2,4963,0,771,4192
baseline,66,seat-supplier_prod,componment_seat3,1365,0,252,1113
baseline,66,seat-supplier_prod,componment_seat4,887,0,185,702
baseline,66,zp7,BEV,0,0,0,0
baseline,66,zp7,D02,83,64,48,99
baseline,66,zp7,D2I,73,29,20,82
baseline,66,zp7,D33,326,181,178,329
baseline,66,zp7,D36,8,2,5,5
baseline,66,zp7,D60,46,18,28,36
baseline,66,zp7,D64,229,105,80,254
baseline,66,zp7,D80,152,78,56,174
baseline,66,zp7,D83,1244,65,0,1309
baseline,66,zp7,DB0,19,11,9,21
baseline,66,zp7,DB8,22,14,11,25
baseline,66,zp7,DE2,9,1,5,5
baseline,66,zp7,DE4,69,25,24,70
baseline,66,zp7,DE5,145,73,82,136
baseline,66,zp7,DF4,7,1,3,5
baseline,66,zp7,DF6,6,13,3,16
baseline,66,zp7,DG6,590,306,296,600
baseline,66,zp7,DG8,318,190,170,338
baseline,66,zp7,DK7,127,48,40,135
baseline,66,zp7,DK8,451,209,218,442
baseline,66,zp7,DK9,27,20,10,37
baseline,66,zp7,DM4,21,9,10,20
baseline,66,zp7,DN1,10,5,8,7
baseline,66,zp7,DN4,600,305,316,589
baseline,66,zp7,DN6,25,6,12,19
baseline,66,zp7,DP2,85,61,45,101
baseline,66,zp7,DQ4,58,23,29,52
baseline,66,zp7,DQ9,218,123,112,229
baseline,66,zp7,DR8,49,36,23,62
baseline,66,zp7,DS9,168,79,95,152
baseline,66,zp7,G0C,95,101,82,114
baseline,66,zp7,G0K,749,608,688,669
baseline,66,zp7,G0L,53,36,51,38
baseline,66,zp7,G0R,28,19,26,21
baseline,66,zp7,G1A,284,270,259,295
baseline,66,zp7,G1C,561,485,515,531
baseline,66,zp7,G1D,351,301,315,337
baseline,66,zp7,G1Z,964,280,0,1244
baseline,66,zp7,Q1A,0,185,185,0
baseline,66,zp7,Q2J,0,728,728,0
baseline,66,zp7,Q4H,0,771,771,0
baseline,66,zp7,Q4P,0,252,252,0
baseline,67,battery-supplier_inv,BEV,0,294,294,0
baseline,67,battery-supplier_prod,componment_battery1,6530,0,2940,3590
baseline,67,battery-supplier_prod,componment_battery2,3918,0,1764,2154
baseline,67,battery-supplier_prod,componment_battery3,2612,0,1176,1436
baseline,67,engine-supplier_inv,D02,88,48,61,75
baseline,67,engine-supplier_inv,D2I,132,20,29,123
baseline,67,engine-supplier_inv,D33,316,178,161,333
baseline,67,engine-supplier_inv,D36,3,5,2,6
baseline,67,engine-supplier_inv,D60,45,28,28,45
baseline,67,engine-supplier_inv,D64,332,80,108,304
baseline,67,engine-supplier_inv,D80,182,56,47,191
baseline,67,engine-supplier_inv,D83,823,64,77,810
baseline,67,engine-supplier_inv,DB0,20,9,8,21
baseline,67,engine-supplier_inv,DB8,39,11,19,31
baseline,67,engine-supplier_inv,DE2,10,5,2,13
baseline,67,engine-supplier_inv,DE4,101,24,25,100
baseline,67,engine-supplier_inv,DE5,136,82,70,148
baseline,67,engine-supplier_inv,DF4,15,3,6,12
baseline,67,engine-supplier_inv,DF6,8,3,8,3
baseline,67,engine-supplier_inv,DG6,674,296,306,664
baseline,67,engine-supplier_inv,DG8,383,170,168,385
baseline,67,engine-supplier_inv,DK7,190,40,55,175
baseline,67,engine-supplier_inv,DK8,565,218,237,546
baseline,67,engine-supplier_inv,DK9,22,10,16,16
baseline,67,engine-supplier_inv,DM4,27,10,9,28
baseline,67,engine-supplier_inv,DN1,17,8,3,22
baseline,67,engine-supplier_inv,DN4,615,316,332,599
baseline,67,engine-supplier_inv,DN6,32,12,8,36
baseline,67,engine-supplier_inv,DP2,78,45,41,82
baseline,67,engine-supplier_inv,DQ4,67,29,27,69
baseline,67,engine-supplier_inv,DQ9,263,112,135,240
baseline,67,engine-supplier_inv,DR8,62,23,23,62
baseline,67,engine-supplier_inv,DS9,155,95,89,161
baseline,67,engine-supplier_prod,D02,0,30,30,0
baseline,67,engine-supplier_prod,D2I,0,49,49,0
baseline,67,engine-supplier_prod,D33,0,112,112,0
baseline,67,engine-supplier_prod,D36,0,2,2,0
baseline,67,engine-supplier_prod,D60,0,12,12,0
baseline,67,engine-supplier_prod,D64,0,135,135,0
baseline,67,engine-supplier_prod,D80,0,80,80,0
baseline,67,engine-supplier_prod,D83,0,384,384,0
baseline,67,engine-supplier_prod,DB0,0,10,10,0
baseline,67,engine-supplier_prod,DB8,0,11,11,0
baseline,67,engine-supplier_prod,DE2,0,3,3,0
baseline,67,engine-supplier_prod,DE4,0,41,41,0
baseline,67,engine-supplier_prod,DE5,0,50,50,0
baseline,67,engine-supplier_prod,DF4,0,3,3,0
baseline,67,engine-supplier_prod,DF6,0,2,2,0
baseline,67,engine-supplier_prod,DG6,0,233,233,0
baseline,67,engine-supplier_prod,DG8,0,117,117,0
baseline,67,engine-supplier_prod,DK7,0,79,79,0
baseline,67,engine-supplier_prod,DK8,0,183,183,0
baseline,67,engine-supplier_prod,DK9,0,11,11,0
baseline,67,engine-supplier_prod,DM4,0,9,9,0
baseline,67,engine-supplier_prod,DN1,0,2,2,0
baseline,67,engine-supplier_prod,DN4,0,223,223,0
baseline,67,engine-supplier_prod,DN6,0,10,10,0
baseline,67,engine-supplier_prod,DP2,0,29,29,0
baseline,67,engine-supplier_prod,DQ4,0,24,24,0
baseline,67,engine-supplier_prod,DQ9,0,88,88,0
baseline,67,engine-supplier_prod,DR8,0,18,18,0
baseline,67,engine-supplier_prod,DS9,0,50,50,0
baseline,67,gear-supplier_inv,G0C,192,106,87,211
baseline,67,gear-supplier_inv,G0K,900,670,697,873
baseline,67,gear-supplier_inv,G0L,48,40,50,38
baseline,67,gear-supplier_inv,G0R,23,33,28,28
baseline,67,gear-supplier_inv,G1A,356,237,244,349
baseline,67,gear-supplier_inv,G1C,686,525,559,652
baseline,67,gear-supplier_inv,G1D,448,313,358,403
baseline,67,gear-supplier_inv,G1Z,747,76,77,746
baseline,67,gear-supplier_prod,G0C,0,94,94,0
baseline,67,gear-supplier_prod,G0K,0,540,540,0
baseline,67,gear-supplier_prod,G0L,0,29,29,0
baseline,67,gear-supplier_prod,G0R,0,15,15,0
baseline,67,gear-supplier_prod,G1A,0,234,234,0
baseline,67,gear-supplier_prod,G1C,0,430,430,0
baseline,67,gear-supplier_prod,G1D,0,274,274,0
baseline,67,gear-supplier_prod,G1Z,0,384,384,0
baseline,67,seat-supplier_inv,Q1A,0,162,162,0
baseline,67,seat-supplier_inv,Q2J,0,570,570,0
baseline,67,seat-supplier_inv,Q4H,0,615,615,0
baseline,67,seat-supplier_inv,Q4P,0,269,269,0
baseline,67,seat-supplier_prod,componment_seat1,2842,0,570,2272
baseline,67,seat-supplier_prod,componment_seat2,4192,0,615,3577
baseline,67,seat-supplier_prod,componment_seat3,1113,0,269,844
baseline,67,seat-supplier_prod,componment_seat4,702,0,162,540
baseline,67,zp7,BEV,0,0,0,0
baseline,67,zp7,D02,99,35,30,104
baseline,67,zp7,D2I,82,48,49,81
baseline,67,zp7,D33,329,119,112,336
baseline,67,zp7,D36,5,1,2,4
baseline,67,zp7,D60,36,10,12,34
baseline,67,zp7,D64,254,127,135,246
baseline,67,zp7,D80,174,86,80,180
baseline,67,zp7,D83,1309,390,0,1699
baseline,67,zp7,DB0,21,6,10,17
baseline,67,zp7,DB8,25,14,11,28
baseline,67,zp7,DE2,5,3,3,5
baseline,67,zp7,DE4,70,54,41,83
baseline,67,zp7,DE5,136,49,50,135
baseline,67,zp7,DF4,5,1,3,3
baseline,67,zp7,DF6,16,3,2,17
baseline,67,zp7,DG6,600,232,233,599
baseline,67,zp7,DG8,338,136,117,357
baseline,67,zp7,DK7,135,88,79,144
baseline,67,zp7,DK8,442,178,183,437
baseline,67,zp7,DK9,37,11,11,37
baseline,67,zp7,DM4,20,9,9,20
baseline,67,zp7,DN1,7,2,2,7
baseline,67,zp7,DN4,589,279,223,645
baseline,67,zp7,DN6,19,12,10,21
baseline,67,zp7,DP2,101,35,29,107
baseline,67,zp7,DQ4,52,21,24,49
baseline,67,zp7,DQ9,229,78,88,219
baseline,67,zp7,DR8,62,16,18,60
baseline,67,zp7,DS9,152,57,50,159
baseline,67,zp7,G0C,114,78,94,98
baseline,67,zp7,G0K,669,687,540,816
baseline,67,zp7,G0L,38,46,29,55
baseline,67,zp7,G0R,21,28,15,34
baseline,67,zp7,G1A,295,287,234,348
baseline,67,zp7,G1C,531,555,430,656
baseline,67,zp7,G1D,337,354,274,417
baseline,67,zp7,G1Z,1244,65,0,1309
baseline,67,zp7,Q1A,0,162,162,0
baseline,67,zp7,Q2J,0,570,570,0
baseline,67,zp7,Q4H,0,615,615,0
baseline,67,zp7,Q4P,0,269,269,0
baseline,68,battery-supplier_inv,BEV,0,294,294,0
baseline,68,battery-supplier_prod,componment_battery1,3590,0,2940,650
baseline,68,battery-supplier_prod,componment_battery2,2154,0,1764,390
baseline,68,battery-supplier_prod,componment_battery3,1436,0,1176,260
baseline,68,engine-supplier_inv,D02,75,30,59,46
baseline,68,engine-supplier_inv,D2I,123,49,36,136
baseline,68,engine-supplier_inv,D33,333,112,159,286
baseline,68,engine-supplier_inv,D36,6,2,1,7
baseline,68,engine-supplier_inv,D60,45,12,30,27
baseline,68,engine-supplier_inv,D64,304,135,81,358
baseline,68,engine-supplier_inv,D80,191,80,53,218
baseline,68,engine-supplier_inv,D83,810,384,56,1138
baseline,68,engine-supplier_inv,DB0,21,10,7,24
baseline,68,engine-supplier_inv,DB8,31,11,22,20
baseline,68,engine-supplier_inv,DE2,13,3,3,13
baseline,68,engine-supplier_inv,DE4,100,41,30,111
baseline,68,engine-supplier_inv,DE5,148,50,68,130
baseline,68,engine-supplier_inv,DF4,12,3,6,9
baseline,68,engine-supplier_inv,DF6,3,2,4,1
baseline,68,engine-supplier_inv,DG6,664,233,335,562
baseline,68,engine-supplier_inv,DG8,385,117,191,311
baseline,68,engine-supplier_inv,DK7,175,79,53,201
baseline,68,engine-supplier_inv,DK8,546,183,234,495
baseline,68,engine-supplier_inv,DK9,16,11,10,17
baseline,68,engine-supplier_inv,DM4,28,9,12,25
baseline,68,engine-supplier_inv,DN1,22,2,9,15
baseline,68,engine-supplier_inv,DN4,599,223,310,512
baseline,68,engine-supplier_inv,DN6,36,10,13,33
baseline,68,engine-supplier_inv,DP2,82,29,48,63
baseline,68,engine-supplier_inv,DQ4,69,24,33,60
baseline,68,engine-supplier_inv,DQ9,240,88,134,194
baseline,68,engine-supplier_inv,DR8,62,18,34,46
baseline,68,engine-supplier_inv,DS9,161,50,69,142
baseline,68,engine-supplier_prod,D02,0,53,53,0
baseline,68,engine-supplier_prod,D2I,0,27,27,0
baseline,68,engine-supplier_prod,D33,0,178,178,0
baseline,68,engine-supplier_prod,D36,0,3,3,0
baseline,68,engine-supplier_prod,D60,0,19,19,0
baseline,68,engine-supplier_prod,D64,0,96,96,0
baseline,68,engine-supplier_prod,D80,0,74,74,0
baseline,68,engine-supplier_prod,D83,0,59,59,0
baseline,68,engine-supplier_prod,DB0,0,10,10,0
baseline,68,engine-supplier_prod,DB8,0,11,11,0
baseline,68,engine-supplier_prod,DE2,0,2,2,0
baseline,68,engine-supplier_prod,DE4,0,25,25,0
baseline,68,engine-supplier_prod,DE5,0,69,69,0
baseline,68,engine-supplier_prod,DF4,0,2,2,0
baseline,68,engine-supplier_prod,DF6,0,10,10,0
baseline,68,engine-supplier_prod,DG6,0,291,291,0
baseline,68,engine-supplier_prod,DG8,0,173,173,0
baseline,68,engine-supplier_prod,DK7,0,48,48,0
baseline,68,engine-supplier_prod,DK8,0,217,217,0
baseline,68,engine-supplier_prod,DK9,0,21,21,0
baseline,68,engine-supplier_prod,DM4,0,8,8,0
baseline,68,engine-supplier_prod,DN1,0,1,1,0
baseline,68,engine-supplier_prod,DN4,0,283,283,0
baseline,68,engine-supplier_prod,DN6,0,8,8,0
baseline,68,engine-supplier_prod,DP2,0,59,59,0
baseline,68,engine-supplier_prod,DQ4,0,22,22,0
baseline,68,engine-supplier_prod,DQ9,0,111,111,0
baseline,68,engine-supplier_prod,DR8,0,40,40,0
baseline,68,engine-supplier_prod,DS9,0,80,80,0
baseline,68,gear-supplier_inv,G0C,211,82,113,180
baseline,68,gear-supplier_inv,G0K,873,688,726,835
baseline,68,gear-supplier_inv,G0L,38,51,46,43
baseline,68,gear-supplier_inv,G0R,28,26,31,23
baseline,68,gear-supplier_inv,G1A,349,259,256,352
baseline,68,gear-supplier_inv,G1C,652,515,547,620
baseline,68,gear-supplier_inv,G1D,403,315,325,393
baseline,68,gear-supplier_inv,G1Z,746,64,56,754
baseline,68,gear-supplier_prod,G0C,0,84,84,0
baseline,68,gear-supplier_prod,G0K,0,660,660,0
baseline,68,gear-supplier_prod,G0L,0,48,48,0
baseline,68,gear-supplier_prod,G0R,0,26,26,0
baseline,68,gear-supplier_prod,G1A,0,279,279,0
baseline,68,gear-supplier_prod,G1C,0,513,513,0
baseline,68,gear-supplier_prod,G1D,0,331,331,0
baseline,68,gear-supplier_prod,G1Z,0,59,59,0
baseline,68,seat-supplier_inv,Q1A,0,171,171,0
baseline,68,seat-supplier_inv,Q2J,0,607,607,0
baseline,68,seat-supplier_inv,Q4H,0,959,959,0
baseline,68,seat-supplier_inv,Q4P,0,263,263,0
baseline,68,seat-supplier_prod,componment_seat1,2272,0,607,1665
baseline,68,seat-supplier_prod,componment_seat2,3577,0,959,2618
baseline,68,seat-supplier_prod,componment_seat3,844,0,263,581
baseline,68,seat-supplier_prod,componment_seat4,540,0,171,369
baseline,68,zp7,BEV,0,294,294,0
baseline,68,zp7,D02,104,61,41,124
baseline,68,zp7,D2I,81,29,20,90
baseline,68,zp7,D33,336,161,158,339
baseline,68,zp7,D36,4,2,3,3
baseline,68,zp7,D60,34,28,18,44
baseline,68,zp7,D64,246,108,87,267
baseline,68,zp7,D80,180,47,64,163
baseline,68,zp7,D83,1699,77,294,1482
baseline,68,zp7,DB0,17,8,8,17
baseline,68,zp7,DB8,28,19,10,37
baseline,68,zp7,DE2,5,2,1,6
baseline,68,zp7,DE4,83,25,23,85
baseline,68,zp7,DE5,135,70,56,149
baseline,68,zp7,DF4,3,6,2,7
baseline,68,zp7,DF6,17,8,10,15
baseline,68,zp7,DG6,599,306,263,642
baseline,68,zp7,DG8,357,168,143,382
baseline,68,zp7,DK7,144,55,45,154
baseline,68,zp7,DK8,437,237,195,479
baseline,68,zp7,DK9,37,16,19,34
baseline,68,zp7,DM4,20,9,6,23
baseline,68,zp7,DN1,7,3,1,9
baseline,68,zp7,DN4,645,332,245,732
baseline,68,zp7,DN6,21,8,7,22
baseline,68,zp7,DP2,107,41,54,94
baseline,68,zp7,DQ4,49,27,18,58
baseline,68,zp7,DQ9,219,135,99,255
baseline,68,zp7,DR8,60,23,36,47
baseline,68,zp7,DS9,159,89,74,174
baseline,68,zp7,G0C,98,93,73,118
baseline,68,zp7,G0K,816,599,582,833
baseline,68,zp7,G0L,55,32,45,42
baseline,68,zp7,G0R,34,21,22,33
baseline,68,zp7,G1A,348,239,252,335
baseline,68,zp7,G1C,656,441,449,648
baseline,68,zp7,G1D,417,285,283,419
baseline,68,zp7,G1Z,1309,390,294,1405
baseline,68,zp7,Q1A,0,171,171,0
baseline,68,zp7,Q2J,0,607,607,0
baseline,68,zp7,Q4H,0,959,959,0
baseline,68,zp7,Q4P,0,263,263,0
baseline,69,battery-supplier_inv,BEV,0,294,294,0
baseline,69,battery-supplier_prod,componment_battery1,650,0,650,0
baseline,69,battery-supplier_prod,componment_battery2,390,0,390,0
baseline,69,battery-supplier_prod,componment_battery3,260,0,260,0
baseline,69,engine-supplier_inv,D02,46,53,26,73
baseline,69,engine-supplier_inv,D2I,136,27,62,101
baseline,69,engine-supplier_inv,D33,286,178,90,374
baseline,69,engine-supplier_inv,D36,7,3,0,10
baseline,69,engine-supplier_inv,D60,27,19,7,39
baseline,69,engine-supplier_inv,D64,358,96,171,283
baseline,69,engine-supplier_inv,D80,218,74,94,198
baseline,69,engine-supplier_inv,D83,1138,59,584,613
baseline,69,engine-supplier_inv,DB0,24,10,5,29
baseline,69,engine-supplier_inv,DB8,20,11,8,23
baseline,69,engine-supplier_inv,DE2,13,2,3,12
baseline,69,engine-supplier_inv,DE4,111,25,60,76
baseline,69,engine-supplier_inv,DE5,130,69,51,148
baseline,69,engine-supplier_inv,DF4,9,2,1,10
baseline,69,engine-supplier_inv,DF6,1,10,1,10
baseline,69,engine-supplier_inv,DG6,562,291,181,672
baseline,69,engine-supplier_inv,DG8,311,173,125,359
baseline,69,engine-supplier_inv,DK7,201,48,99,150
baseline,69,engine-supplier_inv,DK8,495,217,158,554
baseline,69,engine-supplier_inv,DK9,17,21,7,31
baseline,69,engine-supplier_inv,DM4,25,8,5,28
baseline,69,engine-supplier_inv,DN1,15,1,2,14
baseline,69,engine-supplier_inv,DN4,512,283,189,606
baseline,69,engine-supplier_inv,DN6,33,8,9,32
baseline,69,engine-supplier_inv,DP2,63,59,25,97
baseline,69,engine-supplier_inv,DQ4,60,22,14,68
baseline,69,engine-supplier_inv,DQ9,194,111,68,237
baseline,69,engine-supplier_inv,DR8,46,40,13,73
baseline,69,engine-supplier_inv,DS9,142,80,42,180
baseline,69,engine-supplier_prod,D02,0,43,43,0
baseline,69,engine-supplier_prod,D2I,0,39,39,0
baseline,69,engine-supplier_prod,D33,0,122,122,0
baseline,69,engine-supplier_prod,D36,0,1,1,0
baseline,69,engine-supplier_prod,D60,0,13,13,0
baseline,69,engine-supplier_prod,D64,0,113,113,0
baseline,69,engine-supplier_prod,D80,0,81,81,0
baseline,69,engine-supplier_prod,D83,0,275,275,0
baseline,69,engine-supplier_prod,DB0,0,5,5,0
baseline,69,engine-supplier_prod,DB8,0,16,16,0
baseline,69,engine-supplier_prod,DE2,0,3,3,0
baseline,69,engine-supplier_prod,DE4,0,41,41,0
baseline,69,engine-supplier_prod,DE5,0,52,52,0
baseline,69,engine-supplier_prod,DF4,0,1,1,0
baseline,69,engine-supplier_prod,DF6,0,7,7,0
baseline,69,engine-supplier_prod,DG6,0,245,245,0
baseline,69,engine-supplier_prod,DG8,0,144,144,0
baseline,69,engine-supplier_prod,DK7,0,68,68,0
baseline,69,engine-supplier_prod,DK8,0,175,175,0
baseline,69,engine-supplier_prod,DK9,0,11,11,0
baseline,69,engine-supplier_prod,DM4,0,11,11,0
baseline,69,engine-supplier_prod,DN1,0,6,6,0
baseline,69,engine-supplier_prod,DN4,0,292,292,0
baseline,69,engine-supplier_prod,DN6,0,10,10,0
baseline,69,engine-supplier_prod,DP2,0,40,40,0
baseline,69,engine-supplier_prod,DQ4,0,20,20,0
baseline,69,engine-supplier_prod,DQ9,0,91,91,0
baseline,69,engine-supplier_prod,DR8,0,16,16,0
baseline,69,engine-supplier_prod,DS9,0,59,59,0
baseline,69,gear-supplier_inv,G0C,180,94,91,183
baseline,69,gear-supplier_inv,G0K,835,540,504,871
baseline,69,gear-supplier_inv,G0L,43,29,29,43
baseline,69,gear-supplier_inv,G0R,23,15,12,26
baseline,69,gear-supplier_inv,G1A,352,234,192,394
baseline,69,gear-supplier_inv,G1C,620,430,407,643
baseline,69,gear-supplier_inv,G1D,393,274,281,386
baseline,69,gear-supplier_inv,G1Z,754,384,584,554
baseline,69,gear-supplier_prod,G0C,0,80,80,0
baseline,69,gear-supplier_prod,G0K,0,589,589,0
baseline,69,gear-supplier_prod,G0L,0,33,33,0
baseline,69,gear-supplier_prod,G0R,0,22,22,0
baseline,69,gear-supplier_prod,G1A,0,249,249,0
baseline,69,gear-supplier_prod,G1C,0,463,463,0
baseline,69,gear-supplier_prod,G1D,0,289,289,0
baseline,69,gear-supplier_prod,G1Z,0,275,275,0
baseline,69,seat-supplier_inv,Q1A,0,160,160,0
baseline,69,seat-supplier_inv,Q2J,0,631,631,0
baseline,69,seat-supplier_inv,Q4H,0,938,938,0
baseline,69,seat-supplier_inv,Q4P,0,271,271,0
baseline,69,seat-supplier_prod,componment_seat1,1665,5269,631,6303
baseline,69,seat-supplier_prod,componment_seat2,2618,5582,938,7262
baseline,69,seat-supplier_prod,componment_seat3,581,1923,271,2233
baseline,69,seat-supplier_prod,componment_seat4,369,1226,160,1435
baseline,69,zp7,BEV,0,294,294,0
baseline,69,zp7,D02,124,59,49,134
baseline,69,zp7,D2I,90,36,37,89
baseline,69,zp7,D33,339,159,129,369
baseline,69,zp7,D36,3,1,1,3
baseline,69,zp7,D60,44,30,13,61
baseline,69,zp7,D64,267,81,95,253
baseline,69,zp7,D80,163,53,75,141
baseline,69,zp7,D83,1482,56,294,1244
baseline,69,zp7,DB0,17,7,6,18
baseline,69,zp7,DB8,37,22,13,46
baseline,69,zp7,DE2,6,3,3,6
baseline,69,zp7,DE4,85,30,32,83
baseline,69,zp7,DE5,149,68,59,158
baseline,69,zp7,DF4,7,6,1,12
baseline,69,zp7,DF6,15,4,7,12
baseline,69,zp7,DG6,642,335,242,735
baseline,69,zp7,DG8,382,191,159,414
baseline,69,zp7,DK7,154,53,53,154
baseline,69,zp7,DK8,479,234,170,543
baseline,69,zp7,DK9,34,10,12,32
baseline,69,zp7,DM4,23,12,12,23
baseline,69,zp7,DN1,9,9,6,12
baseline,69,zp7,DN4,732,310,294,748
baseline,69,zp7,DN6,22,13,9,26
baseline,69,zp7,DP2,94,48,41,101
baseline,69,zp7,DQ4,58,33,24,67
baseline,69,zp7,DQ9,255,134,92,297
baseline,69,zp7,DR8,47,34,17,64
baseline,69,zp7,DS9,174,69,55,188
baseline,69,zp7,G0C,118,87,76,129
baseline,69,zp7,G0K,833,697,586,944
baseline,69,zp7,G0L,42,50,28,64
baseline,69,zp7,G0R,33,28,25,36
baseline,69,zp7,G1A,335,244,241,338
baseline,69,zp7,G1C,648,559,459,748
baseline,69,zp7,G1D,419,358,291,486
baseline,69,zp7,G1Z,1405,77,294,1188
baseline,69,zp7,Q1A,0,160,160,0
baseline,69,zp7,Q2J,0,631,631,0
baseline,69,zp7,Q4H,0,938,938,0
baseline,69,zp7,Q4P,0,271,271,0
baseline,70,battery-supplier_inv,BEV,0,65,65,0
baseline,70,battery-supplier_prod,componment_battery1,0,0,0,0
baseline,70,battery-supplier_prod,componment_battery2,0,0,0,0
baseline,70,battery-supplier_prod,componment_battery3,0,0,0,0
baseline,70,engine-supplier_inv,D02,73,43,45,71
baseline,70,engine-supplier_inv,D2I,101,39,28,112
baseline,70,engine-supplier_inv,D33,374,122,173,323
baseline,70,engine-supplier_inv,D36,10,1,3,8
baseline,70,engine-supplier_inv,D60,39,13,23,29
baseline,70,engine-supplier_inv,D64,283,113,92,304
baseline,70,engine-supplier_inv,D80,198,81,71,208
baseline,70,engine-supplier_inv,D83,613,275,52,836
baseline,70,engine-supplier_inv,DB0,29,5,13,21
baseline,70,engine-supplier_inv,DB8,23,16,13,26
baseline,70,engine-supplier_inv,DE2,12,3,4,11
baseline,70,engine-supplier_inv,DE4,76,41,18,99
baseline,70,engine-supplier_inv,DE5,148,52,66,134
baseline,70,engine-supplier_inv,DF4,10,1,6,5
baseline,70,engine-supplier_inv,DF6,10,7,6,11
baseline,70,engine-supplier_inv,DG6,672,245,329,588
baseline,70,engine-supplier_inv,DG8,359,144,174,329
baseline,70,engine-supplier_inv,DK7,150,68,46,172
baseline,70,engine-supplier_inv,DK8,554,175,260,469
baseline,70,engine-supplier_inv,DK9,31,11,17,25
baseline,70,engine-supplier_inv,DM4,28,11,11,28
baseline,70,engine-supplier_inv,DN1,14,6,5,15
baseline,70,engine-supplier_inv,DN4,606,292,307,591
baseline,70,engine-supplier_inv,DN6,32,10,10,32
baseline,70,engine-supplier_inv,DP2,97,40,44,93
baseline,70,engine-supplier_inv,DQ4,68,20,35,53
baseline,70,engine-supplier_inv,DQ9,237,91,125,203
baseline,70,engine-supplier_inv,DR8,73,16,38,51
baseline,70,engine-supplier_inv,DS9,180,59,86,153
baseline,70,engine-supplier_prod,D02,0,53,53,0
baseline,70,engine-supplier_prod,D2I,0,34,34,0
baseline,70,engine-supplier_prod,D33,0,145,145,0
baseline,70,engine-supplier_prod,D36,0,2,2,0
baseline,70,engine-supplier_prod,D60,0,20,20,0
baseline,70,engine-supplier_prod,D64,0,105,105,0
baseline,70,engine-supplier_prod,D80,0,55,55,0
baseline,70,engine-supplier_prod,D83,0,182,182,0
baseline,70,engine-supplier_prod,DB0,0,7,7,0
baseline,70,engine-supplier_prod,DB8,0,17,17,0
baseline,70,engine-supplier_prod,DE2,0,1,1,0
baseline,70,engine-supplier_prod,DE4,0,31,31,0
baseline,70,engine-supplier_prod,DE5,0,61,61,0
baseline,70,engine-supplier_prod,DF4,0,4,4,0
baseline,70,engine-supplier_prod,DF6,0,5,5,0
baseline,70,engine-supplier_prod,DG6,0,263,263,0
baseline,70,engine-supplier_prod,DG8,0,153,153,0
baseline,70,engine-supplier_prod,DK7,0,68,68,0
baseline,70,engine-supplier_prod,DK8,0,201,201,0
baseline,70,engine-supplier_prod,DK9,0,11,11,0
baseline,70,engine-supplier_prod,DM4,0,7,7,0
baseline,70,engine-supplier_prod,DN1,0,2,2,0
baseline,70,engine-supplier_prod,DN4,0,296,296,0
baseline,70,engine-supplier_prod,DN6,0,10,10,0
baseline,70,engine-supplier_prod,DP2,0,33,33,0
baseline,70,engine-supplier_prod,DQ4,0,24,24,0
baseline,70,engine-supplier_prod,DQ9,0,102,102,0
baseline,70,engine-supplier_prod,DR8,0,22,22,0
baseline,70,engine-supplier_prod,DS9,0,86,86,0
baseline,70,gear-supplier_inv,G0C,183,84,98,169
baseline,70,gear-supplier_inv,G0K,871,660,718,813
baseline,70,gear-supplier_inv,G0L,43,48,48,43
baseline,70,gear-supplier_inv,G0R,26,26,24,28
baseline,70,gear-supplier_inv,G1A,394,279,305,368
baseline,70,gear-supplier_inv,G1C,643,513,541,615
baseline,70,gear-supplier_inv,G1D,386,331,314,403
baseline,70,gear-supplier_inv,G1Z,554,59,52,561
baseline,70,gear-supplier_prod,G0C,0,89,89,0
baseline,70,gear-supplier_prod,G0K,0,631,631,0
baseline,70,gear-supplier_prod,G0L,0,42,42,0
baseline,70,gear-supplier_prod,G0R,0,24,24,0
baseline,70,gear-supplier_prod,G1A,0,214,214,0
baseline,70,gear-supplier_prod,G1C,0,500,500,0
baseline,70,gear-supplier_prod,G1D,0,318,318,0
baseline,70,gear-supplier_prod,G1Z,0,182,182,0
baseline,70,seat-supplier_inv,Q1A,0,178,178,0
baseline,70,seat-supplier_inv,Q2J,0,713,713,0
baseline,70,seat-supplier_inv,Q4H,0,841,841,0
baseline,70,seat-supplier_inv,Q4P,0,268,268,0
baseline,70,seat-supplier_prod,componment_seat1,6303,0,713,5590
baseline,70,seat-supplier_prod,componment_seat2,7262,0,841,6421
baseline,70,seat-supplier_prod,componment_seat3,2233,0,268,1965
baseline,70,seat-supplier_prod,componment_seat4,1435,0,178,1257
baseline,70,zp7,BEV,0,294,294,0
baseline,70,zp7,D02,134,26,51,109
baseline,70,zp7,D2I,89,62,37,114
baseline,70,zp7,D33,369,90,129,330
baseline,70,zp7,D36,3,0,1,2
baseline,70,zp7,D60,61,7,17,51
baseline,70,zp7,D64,253,171,114,310
baseline,70,zp7,D80,141,94,63,172
baseline,70,zp7,D83,1244,584,294,1534
baseline,70,zp7,DB0,18,5,7,16
baseline,70,zp7,DB8,46,8,18,36
baseline,70,zp7,DE2,6,3,2,7
baseline,70,zp7,DE4,83,60,39,104
baseline,70,zp7,DE5,158,51,50,159
baseline,70,zp7,DF4,12,1,4,9
baseline,70,zp7,DF6,12,1,2,11
baseline,70,zp7,DG6,735,181,240,676
baseline,70,zp7,DG8,414,125,134,405
baseline,70,zp7,DK7,154,99,74,179
baseline,70,zp7,DK8,543,158,187,514
baseline,70,zp7,DK9,32,7,11,28
baseline,70,zp7,DM4,23,5,6,22
baseline,70,zp7,DN1,12,2,1,13
baseline,70,zp7,DN4,748,189,275,662
baseline,70,zp7,DN6,26,9,11,24
baseline,70,zp7,DP2,101,25,34,92
baseline,70,zp7,DQ4,67,14,21,60
baseline,70,zp7,DQ9,297,68,84,281
baseline,70,zp7,DR8,64,13,19,58
baseline,70,zp7,DS9,188,42,75,155
baseline,70,zp7,G0C,129,113,90,152
baseline,70,zp7,G0K,944,726,583,1087
baseline,70,zp7,G0L,64,46,41,69
baseline,70,zp7,G0R,36,31,17,50
baseline,70,zp7,G1A,338,256,211,383
baseline,70,zp7,G1C,748,547,464,831
baseline,70,zp7,G1D,486,325,300,511
baseline,70,zp7,G1Z,1188,56,294,950
baseline,70,zp7,Q1A,0,178,178,0
baseline,70,zp7,Q2J,0,713,713,0
baseline,70,zp7,Q4H,0,841,841,0
baseline,70,zp7,Q4P,0,268,268,0
baseline,71,battery-supplier_inv,BEV,0,0,0,0
baseline,71,battery-supplier_prod,componment_battery1,0,0,0,0
baseline,71,battery-supplier_prod,componment_battery2,0,0,0,0
baseline,71,battery-supplier_prod,componment_battery3,0,0,0,0
baseline,71,engine-supplier_inv,D02,71,53,31,93
baseline,71,engine-supplier_inv,D2I,112,34,12,134
baseline,71,engine-supplier_inv,D33,323,145,87,381
baseline,71,engine-supplier_inv,D36,8,2,2,8
baseline,71,engine-supplier_inv,D60,29,20,8,41
baseline,71,engine-supplier_inv,D64,304,105,59,350
baseline,71,engine-supplier_inv,D80,208,55,36,227
baseline,71,engine-supplier_inv,D83,836,182,31,987
baseline,71,engine-supplier_inv,DB0,21,7,7,21
baseline,71,engine-supplier_inv,DB8,26,17,6,37
baseline,71,engine-supplier_inv,DE2,11,1,1,11
baseline,71,engine-supplier_inv,DE4,99,31,15,115
baseline,71,engine-supplier_inv,DE5,134,61,34,161
baseline,71,engine-supplier_inv,DF4,5,4,0,9
baseline,71,engine-supplier_inv,DF6,11,5,7,9
baseline,71,engine-supplier_inv,DG6,588,263,145,706
baseline,71,engine-supplier_inv,DG8,329,153,85,397
baseline,71,engine-supplier_inv,DK7,172,68,26,214
baseline,71,engine-supplier_inv,DK8,469,201,99,571
baseline,71,engine-supplier_inv,DK9,25,11,11,25
baseline,71,engine-supplier_inv,DM4,28,7,3,32
baseline,71,engine-supplier_inv,DN1,15,2,0,17
baseline,71,engine-supplier_inv,DN4,591,296,128,759
baseline,71,engine-supplier_inv,DN6,32,10,4,38
baseline,71,engine-supplier_inv,DP2,93,33,34,92
baseline,71,engine-supplier_inv,DQ4,53,24,12,65
baseline,71,engine-supplier_inv,DQ9,203,102,59,246
baseline,71,engine-supplier_inv,DR8,51,22,19,54
baseline,71,engine-supplier_inv,DS9,153,86,39,200
baseline,71,engine-supplier_prod,D02,0,0,0,0
baseline,71,engine-supplier_prod,D2I,0,0,0,0
baseline,71,engine-supplier_prod,D33,0,0,0,0
baseline,71,engine-supplier_prod,D36,0,0,0,0
baseline,71,engine-supplier_prod,D60,0,0,0,0
baseline,71,engine-supplier_prod,D64,0,0,0,0
baseline,71,engine-supplier_prod,D80,0,0,0,0
baseline,71,engine-supplier_prod,D83,0,0,0,0
baseline,71,engine-supplier_prod,DB0,0,0,0,0
baseline,71,engine-supplier_prod,DB8,0,0,0,0
baseline,71,engine-supplier_prod,DE2,0,0,0,0
baseline,71,engine-supplier_prod,DE4,0,0,0,0
baseline,71,engine-supplier_prod,DE5,0,0,0,0
baseline,71,engine-supplier_prod,DF4,0,0,0,0
baseline,71,engine-supplier_prod,DF6,0,0,0,0
baseline,71,engine-supplier_prod,DG6,0,0,0,0
baseline,71,engine-supplier_prod,DG8,0,0,0,0
baseline,71,engine-supplier_prod,DK7,0,0,0,0
baseline,71,engine-supplier_prod,DK8,0,0,0,0
baseline,71,engine-supplier_prod,DK9,0,0,0,0
baseline,71,engine-supplier_prod,DM4,0,0,0,0
baseline,71,engine-supplier_prod,DN1,0,0,0,0
baseline,71,engine-supplier_prod,DN4,0,0,0,0
baseline,71,engine-supplier_prod,DN6,0,0,0,0
baseline,71,engine-supplier_prod,DP2,0,0,0,0
baseline,71,engine-supplier_prod,DQ4,0,0,0,0
baseline,71,engine-supplier_prod,DQ9,0,0,0,0
baseline,71,engine-supplier_prod,DR8,0,0,0,0
baseline,71,engine-supplier_prod,DS9,0,0,0,0
baseline,71,gear-supplier_inv,G0C,169,80,41,208
baseline,71,gear-supplier_inv,G0K,813,589,319,1083
baseline,71,gear-supplier_inv,G0L,43,33,22,54
baseline,71,gear-supplier_inv,G0R,28,22,13,37
baseline,71,gear-supplier_inv,G1A,368,249,136,481
baseline,71,gear-supplier_inv,G1C,615,463,260,818
baseline,71,gear-supplier_inv,G1D,403,289,178,514
baseline,71,gear-supplier_inv,G1Z,561,275,31,805
baseline,71,gear-supplier_prod,G0C,0,0,0,0
baseline,71,gear-supplier_prod,G0K,0,0,0,0
baseline,71,gear-supplier_prod,G0L,0,0,0,0
baseline,71,gear-supplier_prod,G0R,0,0,0,0
baseline,71,gear-supplier_prod,G1A,0,0,0,0
baseline,71,gear-supplier_prod,G1C,0,0,0,0
baseline,71,gear-supplier_prod,G1D,0,0,0,0
baseline,71,gear-supplier_prod,G1Z,0,0,0,0
baseline,71,seat-supplier_inv,Q1A,0,165,165,0
baseline,71,seat-supplier_inv,Q2J,0,785,785,0
baseline,71,seat-supplier_inv,Q4H,0,787,787,0
baseline,71,seat-supplier_inv,Q4P,0,263,263,0
baseline,71,seat-supplier_prod,componment_seat1,5590,0,785,4805
baseline,71,seat-supplier_prod,componment_seat2,6421,0,787,5634
baseline,71,seat-supplier_prod,componment_seat3,1965,0,263,1702
baseline,71,seat-supplier_prod,componment_seat4,1257,0,165,1092
baseline,71,zp7,BEV,0,65,65,0
baseline,71,zp7,D02,109,45,49,105
baseline,71,zp7,D2I,114,28,31,111
baseline,71,zp7,D33,330,173,140,363
baseline,71,zp7,D36,2,3,1,4
baseline,71,zp7,D60,51,23,25,49
baseline,71,zp7,D64,310,92,95,307
baseline,71,zp7,D80,172,71,52,191
baseline,71,zp7,D83,1534,52,65,1521
baseline,71,zp7,DB0,16,13,8,21
baseline,71,zp7,DB8,36,13,16,33
baseline,71,zp7,DE2,7,4,2,9
baseline,71,zp7,DE4,104,18,27,95
baseline,71,zp7,DE5,159,66,69,156
baseline,71,zp7,DF4,9,6,6,9
baseline,71,zp7,DF6,11,6,9,8
baseline,71,zp7,DG6,676,329,314,691
baseline,71,zp7,DG8,405,174,163,416
baseline,71,zp7,DK7,179,46,56,169
baseline,71,zp7,DK8,514,260,225,549
baseline,71,zp7,DK9,28,17,15,30
baseline,71,zp7,DM4,22,11,12,21
baseline,71,zp7,DN1,13,5,6,12
baseline,71,zp7,DN4,662,307,296,673
baseline,71,zp7,DN6,24,10,10,24
baseline,71,zp7,DP2,92,44,39,97
baseline,71,zp7,DQ4,60,35,25,70
baseline,71,zp7,DQ9,281,125,135,271
baseline,71,zp7,DR8,58,38,30,66
baseline,71,zp7,DS9,155,86,79,162
baseline,71,zp7,G0C,152,91,87,156
baseline,71,zp7,G0K,1087,504,667,924
baseline,71,zp7,G0L,69,29,42,56
baseline,71,zp7,G0R,50,12,38,24
baseline,71,zp7,G1A,383,192,243,332
baseline,71,zp7,G1C,831,407,524,714
baseline,71,zp7,G1D,511,281,334,458
baseline,71,zp7,G1Z,950,584,65,1469
baseline,71,zp7,Q1A,0,165,165,0
baseline,71,zp7,Q2J,0,785,785,0
baseline,71,zp7,Q4H,0,787,787,0
baseline,71,zp7,Q4P,0,263,263,0
baseline,72,battery-supplier_inv,BEV,0,0,0,0
baseline,72,battery-supplier_prod,componment_battery1,0,0,0,0
baseline,72,battery-supplier_prod,componment_battery2,0,0,0,0
baseline,72,battery-supplier_prod,componment_battery3,0,0,0,0
baseline,72,engine-supplier_inv,D02,93,0,0,93
baseline,72,engine-supplier_inv,D2I,134,0,0,134
baseline,72,engine-supplier_inv,D33,381,0,0,381
baseline,72,engine-supplier_inv,D36,8,0,0,8
baseline,72,engine-supplier_inv,D60,41,0,0,41
baseline,72,engine-supplier_inv,D64,350,0,0,350
baseline,72,engine-supplier_inv,D80,227,0,0,227
baseline,72,engine-supplier_inv,D83,987,0,0,987
baseline,72,engine-supplier_inv,DB0,21,0,0,21
baseline,72,engine-supplier_inv,DB8,37,0,0,37
baseline,72,engine-supplier_inv,DE2,11,0,0,11
baseline,72,engine-supplier_inv,DE4,115,0,0,115
baseline,72,engine-supplier_inv,DE5,161,0,0,161
baseline,72,engine-supplier_inv,DF4,9,0,0,9
baseline,72,engine-supplier_inv,DF6,9,0,0,9
baseline,72,engine-supplier_inv,DG6,706,0,0,706
baseline,72,engine-supplier_inv,DG8,397,0,0,397
baseline,72,engine-supplier_inv,DK7,214,0,0,214
baseline,72,engine-supplier_inv,DK8,571,0,0,571
baseline,72,engine-supplier_inv,DK9,25,0,0,25
baseline,72,engine-supplier_inv,DM4,32,0,0,32
baseline,72,engine-supplier_inv,DN1,17,0,0,17
baseline,72,engine-supplier_inv,DN4,759,0,0,759
baseline,72,engine-supplier_inv,DN6,38,0,0,38
baseline,72,engine-supplier_inv,DP2,92,0,0,92
baseline,72,engine-supplier_inv,DQ4,65,0,0,65
baseline,72,engine-supplier_inv,DQ9,246,0,0,246
baseline,72,engine-supplier_inv,DR8,54,0,0,54
baseline,72,engine-supplier_inv,DS9,200,0,0,200
baseline,72,engine-supplier_prod,D02,0,0,0,0
baseline,72,engine-supplier_prod,D2I,0,0,0,0
baseline,72,engine-supplier_prod,D33,0,0,0,0
baseline,72,engine-supplier_prod,D36,0,0,0,0
baseline,72,engine-supplier_prod,D60,0,0,0,0
baseline,72,engine-supplier_prod,D64,0,0,0,0
baseline,72,engine-supplier_prod,D80,0,0,0,0
baseline,72,engine-supplier_prod,D83,0,0,0,0
baseline,72,engine-supplier_prod,DB0,0,0,0,0
baseline,72,engine-supplier_prod,DB8,0,0,0,0
baseline,72,engine-supplier_prod,DE2,0,0,0,0
baseline,72,engine-supplier_prod,DE4,0,0,0,0
baseline,72,engine-supplier_prod,DE5,0,0,0,0
baseline,72,engine-supplier_prod,DF4,0,0,0,0
baseline,72,engine-supplier_prod,DF6,0,0,0,0
baseline,72,engine-supplier_prod,DG6,0,0,0,0
baseline,72,engine-supplier_prod,DG8,0,0,0,0
baseline,72,engine-supplier_prod,DK7,0,0,0,0
baseline,72,engine-supplier_prod,DK8,0,0,0,0
baseline,72,engine-supplier_prod,DK9,0,0,0,0
baseline,72,engine-supplier_prod,DM4,0,0,0,0
baseline,72,engine-supplier_prod,DN1,0,0,0,0
baseline,72,engine-supplier_prod,DN4,0,0,0,0
baseline,72,engine-supplier_prod,DN6,0,0,0,0
baseline,72,engine-supplier_prod,DP2,0,0,0,0
baseline,72,engine-supplier_prod,DQ4,0,0,0,0
baseline,72,engine-supplier_prod,DQ9,0,0,0,0
baseline,72,engine-supplier_prod,DR8,0,0,0,0
baseline,72,engine-supplier_prod,DS9,0,0,0,0
baseline,72,gear-supplier_inv,G0C,208,89,0,297
baseline,72,gear-supplier_inv,G0K,1083,631,0,1714
baseline,72,gear-supplier_inv,G0L,54,42,0,96
baseline,72,gear-supplier_inv,G0R,37,24,0,61
baseline,72,gear-supplier_inv,G1A,481,214,0,695
baseline,72,gear-supplier_inv,G1C,818,500,0,1318
baseline,72,gear-supplier_inv,G1D,514,318,0,832
baseline,72,gear-supplier_inv,G1Z,805,182,0,987
baseline,72,gear-supplier_prod,G0C,0,0,0,0
baseline,72,gear-supplier_prod,G0K,0,0,0,0
baseline,72,gear-supplier_prod,G0L,0,0,0,0
baseline,72,gear-supplier_prod,G0R,0,0,0,0
baseline,72,gear-supplier_prod,G1A,0,0,0,0
baseline,72,gear-supplier_prod,G1C,0,0,0,0
baseline,72,gear-supplier_prod,G1D,0,0,0,0
baseline,72,gear-supplier_prod,G1Z,0,0,0,0
baseline,72,seat-supplier_inv,Q1A,0,188,188,0
baseline,72,seat-supplier_inv,Q2J,0,745,745,0
baseline,72,seat-supplier_inv,Q4H,0,767,767,0
baseline,72,seat-supplier_inv,Q4P,0,300,300,0
baseline,72,seat-supplier_prod,componment_seat1,4805,0,745,4060
baseline,72,seat-supplier_prod,componment_seat2,5634,0,767,4867
baseline,72,seat-supplier_prod,componment_seat3,1702,0,300,1402
baseline,72,seat-supplier_prod,componment_seat4,1092,0,188,904
baseline,72,zp7,BEV,0,0,0,0
baseline,72,zp7,D02,105,31,53,83
baseline,72,zp7,D2I,111,12,45,78
baseline,72,zp7,D33,363,87,146,304
baseline,72,zp7,D36,4,2,1,5
baseline,72,zp7,D60,49,8,26,31
baseline,72,zp7,D64,307,59,120,246
baseline,72,zp7,D80,191,36,71,156
baseline,72,zp7,D83,1521,31,0,1552
baseline,72,zp7,DB0,21,7,8,20
baseline,72,zp7,DB8,33,6,19,20
baseline,72,zp7,DE2,9,1,4,6
baseline,72,zp7,DE4,95,15,43,67
baseline,72,zp7,DE5,156,34,67,123
baseline,72,zp7,DF4,9,0,2,7
baseline,72,zp7,DF6,8,7,2,13
baseline,72,zp7,DG6,691,145,297,539
baseline,72,zp7,DG8,416,85,185,316
baseline,72,zp7,DK7,169,26,65,130
baseline,72,zp7,DK8,549,99,226,422
baseline,72,zp7,DK9,30,11,11,30
baseline,72,zp7,DM4,21,3,9,15
baseline,72,zp7,DN1,12,0,6,6
baseline,72,zp7,DN4,673,128,297,504
baseline,72,zp7,DN6,24,4,14,14
baseline,72,zp7,DP2,97,34,45,86
baseline,72,zp7,DQ4,70,12,31,51
baseline,72,zp7,DQ9,271,59,118,212
baseline,72,zp7,DR8,66,19,25,60
baseline,72,zp7,DS9,162,39,64,137
baseline,72,zp7,G0C,156,98,111,143
baseline,72,zp7,G0K,924,718,698,944
baseline,72,zp7,G0L,56,48,51,53
baseline,72,zp7,G0R,24,24,21,27
baseline,72,zp7,G1A,332,305,251,386
baseline,72,zp7,G1C,714,541,535,720
baseline,72,zp7,G1D,458,314,333,439
baseline,72,zp7,G1Z,1469,52,0,1521
baseline,72,zp7,Q1A,0,188,188,0
baseline,72,zp7,Q2J,0,745,745,0
baseline,72,zp7,Q4H,0,767,767,0
baseline,72,zp7,Q4P,0,300,300,0
baseline,73,battery-supplier_inv,BEV,0,0,0,0
baseline,73,battery-supplier_prod,componment_battery1,0,4220,0,4220
baseline,73,battery-supplier_prod,componment_battery2,0,2532,0,2532
baseline,73,battery-supplier_prod,componment_battery3,0,1688,0,1688
baseline,73,engine-supplier_inv,D02,93,0,0,93
baseline,73,engine-supplier_inv,D2I,134,0,0,134
baseline,73,engine-supplier_inv,D33,381,0,0,381
baseline,73,engine-supplier_inv,D36,8,0,0,8
baseline,73,engine-supplier_inv,D60,41,0,0,41
baseline,73,engine-supplier_inv,D64,350,0,0,350
baseline,73,engine-supplier_inv,D80,227,0,0,227
baseline,73,engine-supplier_inv,D83,987,0,0,987
baseline,73,engine-supplier_inv,DB0,21,0,0,21
baseline,73,engine-supplier_inv,DB8,37,0,0,37
baseline,73,engine-supplier_inv,DE2,11,0,0,11
baseline,73,engine-supplier_inv,DE4,115,0,0,115
baseline,73,engine-supplier_inv,DE5,161,0,0,161
baseline,73,engine-supplier_inv,DF4,9,0,0,9
baseline,73,engine-supplier_inv,DF6,9,0,0,9
baseline,73,engine-supplier_inv,DG6,706,0,0,706
baseline,73,engine-supplier_inv,DG8,397,0,0,397
baseline,73,engine-supplier_inv,DK7,214,0,0,214
baseline,73,engine-supplier_inv,DK8,571,0,0,571
baseline,73,engine-supplier_inv,DK9,25,0,0,25
baseline,73,engine-supplier_inv,DM4,32,0,0,32
baseline,73,engine-supplier_inv,DN1,17,0,0,17
baseline,73,engine-supplier_inv,DN4,759,0,0,759
baseline,73,engine-supplier_inv,DN6,38,0,0,38
baseline,73,engine-supplier_inv,DP2,92,0,0,92
baseline,73,engine-supplier_inv,DQ4,65,0,0,65
baseline,73,engine-supplier_inv,DQ9,246,0,0,246
baseline,73,engine-supplier_inv,DR8,54,0,0,54
baseline,73,engine-supplier_inv,DS9,200,0,0,200
baseline,73,engine-supplier_prod,D02,0,0,0,0
baseline,73,engine-supplier_prod,D2I,0,0,0,0
baseline,73,engine-supplier_prod,D33,0,0,0,0
baseline,73,engine-supplier_prod,D36,0,0,0,0
baseline,73,engine-supplier_prod,D60,0,0,0,0
baseline,73,engine-supplier_prod,D64,0,0,0,0
baseline,73,engine-supplier_prod,D80,0,0,0,0
baseline,73,engine-supplier_prod,D83,0,0,0,0
baseline,73,engine-supplier_prod,DB0,0,0,0,0
baseline,73,engine-supplier_prod,DB8,0,0,0,0
baseline,73,engine-supplier_prod,DE2,0,0,0,0
baseline,73,engine-supplier_prod,DE4,0,0,0,0
baseline,73,engine-supplier_prod,DE5,0,0,0,0
baseline,73,engine-supplier_prod,DF4,0,0,0,0
baseline,73,engine-supplier_prod,DF6,0,0,0,0
baseline,73,engine-supplier_prod,DG6,0,0,0,0
baseline,73,engine-supplier_prod,DG8,0,0,0,0
baseline,73,engine-supplier_prod,DK7,0,0,0,0
baseline,73,engine-supplier_prod,DK8,0,0,0,0
baseline,73,engine-supplier_prod,DK9,0,0,0,0
baseline,73,engine-supplier_prod,DM4,0,0,0,0
baseline,73,engine-supplier_prod,DN1,0,0,0,0
baseline,73,engine-supplier_prod,DN4,0,0,0,0
baseline,73,engine-supplier_prod,DN6,0,0,0,0
baseline,73,engine-supplier_prod,DP2,0,0,0,0
baseline,73,engine-supplier_prod,DQ4,0,0,0,0
baseline,73,engine-supplier_prod,DQ9,0,0,0,0
baseline,73,engine-supplier_prod,DR8,0,0,0,0
baseline,73,engine-supplier_prod,DS9,0,0,0,0
baseline,73,gear-supplier_inv,G0C,297,0,0,297
baseline,73,gear-supplier_inv,G0K,1714,0,0,1714
baseline,73,gear-supplier_inv,G0L,96,0,0,96
baseline,73,gear-supplier_inv,G0R,61,0,0,61
baseline,73,gear-supplier_inv,G1A,695,0,0,695
baseline,73,gear-supplier_inv,G1C,1318,0,0,1318
baseline,73,gear-supplier_inv,G1D,832,0,0,832
baseline,73,gear-supplier_inv,G1Z,987,0,0,987
baseline,73,gear-supplier_prod,G0C,0,0,0,0
baseline,73,gear-supplier_prod,G0K,0,0,0,0
baseline,73,gear-supplier_prod,G0L,0,0,0,0
baseline,73,gear-supplier_prod,G0R,0,0,0,0
baseline,73,gear-supplier_prod,G1A,0,0,0,0
baseline,73,gear-supplier_prod,G1C,0,0,0,0
baseline,73,gear-supplier_prod,G1D,0,0,0,0
baseline,73,gear-supplier_prod,G1Z,0,0,0,0
baseline,73,seat-supplier_inv,Q1A,0,171,171,0
baseline,73,seat-supplier_inv,Q2J,0,616,616,0
baseline,73,seat-supplier_inv,Q4H,0,669,669,0
baseline,73,seat-supplier_inv,Q4P,0,276,276,0
baseline,73,seat-supplier_prod,componment_seat1,4060,0,616,3444
baseline,73,seat-supplier_prod,componment_seat2,4867,0,669,4198
baseline,73,seat-supplier_prod,componment_seat3,1402,0,276,1126
baseline,73,seat-supplier_prod,componment_seat4,904,0,171,733
baseline,73,zp7,BEV,0,0,0,0
baseline,73,zp7,D02,83,0,34,49
baseline,73,zp7,D2I,78,0,56,22
baseline,73,zp7,D33,304,0,126,178
baseline,73,zp7,D36,5,0,2,3
baseline,73,zp7,D60,31,0,11,20
baseline,73,zp7,D64,246,0,144,102
baseline,73,zp7,D80,156,0,81,75
baseline,73,zp7,D83,1552,0,0,1552
baseline,73,zp7,DB0,20,0,10,10
baseline,73,zp7,DB8,20,0,5,15
baseline,73,zp7,DE2,6,0,4,2
baseline,73,zp7,DE4,67,0,41,26
baseline,73,zp7,DE5,123,0,52,71
baseline,73,zp7,DF4,7,0,5,2
baseline,73,zp7,DF6,13,0,1,12
baseline,73,zp7,DG6,539,0,244,295
baseline,73,zp7,DG8,316,0,155,161
baseline,73,zp7,DK7,130,0,78,52
baseline,73,zp7,DK8,422,0,197,225
baseline,73,zp7,DK9,30,0,10,20
baseline,73,zp7,DM4,15,0,8,7
baseline,73,zp7,DN1,6,0,4,2
baseline,73,zp7,DN4,504,0,226,278
baseline,73,zp7,DN6,14,0,7,7
baseline,73,zp7,DP2,86,0,30,56
baseline,73,zp7,DQ4,51,0,24,27
baseline,73,zp7,DQ9,212,0,102,110
baseline,73,zp7,DR8,60,0,21,39
baseline,73,zp7,DS9,137,0,54,83
baseline,73,zp7,G0C,143,41,100,84
baseline,73,zp7,G0K,944,319,597,666
baseline,73,zp7,G0L,53,22,29,46
baseline,73,zp7,G0R,27,13,15,25
baseline,73,zp7,G1A,386,136,234,288
baseline,73,zp7,G1C,720,260,471,509
baseline,73,zp7,G1D,439,178,286,331
baseline,73,zp7,G1Z,1521,31,0,1552
baseline,73,zp7,Q1A,0,171,171,0
baseline,73,zp7,Q2J,0,616,616,0
baseline,73,zp7,Q4H,0,669,669,0
baseline,73,zp7,Q4P,0,276,276,0
baseline,74,battery-supplier_inv,BEV,0,0,0,0
baseline,74,battery-supplier_prod,componment_battery1,4220,0,0,4220
baseline,74,battery-supplier_prod,componment_battery2,2532,0,0,2532
baseline,74,battery-supplier_prod,componment_battery3,1688,0,0,1688
baseline,74,engine-supplier_inv,D02,93,0,0,93
baseline,74,engine-supplier_inv,D2I,134,0,0,134
baseline,74,engine-supplier_inv,D33,381,0,0,381
baseline,74,engine-supplier_inv,D36,8,0,0,8
baseline,74,engine-supplier_inv,D60,41,0,0,41
baseline,74,engine-supplier_inv,D64,350,0,0,350
baseline,74,engine-supplier_inv,D80,227,0,0,227
baseline,74,engine-supplier_inv,D83,987,0,0,987
baseline,74,engine-supplier_inv,DB0,21,0,0,21
baseline,74,engine-supplier_inv,DB8,37,0,0,37
baseline,74,engine-supplier_inv,DE2,11,0,0,11
baseline,74,engine-supplier_inv,DE4,115,0,0,115
baseline,74,engine-supplier_inv,DE5,161,0,0,161
baseline,74,engine-supplier_inv,DF4,9,0,0,9
baseline,74,engine-supplier_inv,DF6,9,0,0,9
baseline,74,engine-supplier_inv,DG6,706,0,0,706
baseline,74,engine-supplier_inv,DG8,397,0,0,397
baseline,74,engine-supplier_inv,DK7,214,0,0,214
baseline,74,engine-supplier_inv,DK8,571,0,0,571
baseline,74,engine-supplier_inv,DK9,25,0,0,25
baseline,74,engine-supplier_inv,DM4,32,0,0,32
baseline,74,engine-supplier_inv,DN1,17,0,0,17
baseline,74,engine-supplier_inv,DN4,759,0,0,759
baseline,74,engine-supplier_inv,DN6,38,0,0,38
baseline,74,engine-supplier_inv,DP2,92,0,0,92
baseline,74,engine-supplier_inv,DQ4,65,0,0,65
baseline,74,engine-supplier_inv,DQ9,246,0,0,246
baseline,74,engine-supplier_inv,DR8,54,0,0,54
baseline,74,engine-supplier_inv,DS9,200,0,0,200
baseline,74,engine-supplier_prod,D02,0,0,0,0
baseline,74,engine-supplier_prod,D2I,0,0,0,0
baseline,74,engine-supplier_prod,D33,0,0,0,0
baseline,74,engine-supplier_prod,D36,0,0,0,0
baseline,74,engine-supplier_prod,D60,0,0,0,0
baseline,74,engine-supplier_prod,D64,0,0,0,0
baseline,74,engine-supplier_prod,D80,0,0,0,0
baseline,74,engine-supplier_prod,D83,0,0,0,0
baseline,74,engine-supplier_prod,DB0,0,0,0,0
baseline,74,engine-supplier_prod,DB8,0,0,0,0
baseline,74,engine-supplier_prod,DE2,0,0,0,0
baseline,74,engine-supplier_prod,DE4,0,0,0,0
baseline,74,engine-supplier_prod,DE5,0,0,0,0
baseline,74,engine-supplier_prod,DF4,0,0,0,0
baseline,74,engine-supplier_prod,DF6,0,0,0,0
baseline,74,engine-supplier_prod,DG6,0,0,0,0
baseline,74,engine-supplier_prod,DG8,0,0,0,0
baseline,74,engine-supplier_prod,DK7,0,0,0,0
baseline,74,engine-supplier_prod,DK8,0,0,0,0
baseline,74,engine-supplier_prod,DK9,0,0,0,0
baseline,74,engine-supplier_prod,DM4,0,0,0,0
baseline,74,engine-supplier_prod,DN1,0,0,0,0
baseline,74,engine-supplier_prod,DN4,0,0,0,0
baseline,74,engine-supplier_prod,DN6,0,0,0,0
baseline,74,engine-supplier_prod,DP2,0,0,0,0
baseline,74,engine-supplier_prod,DQ4,0,0,0,0
baseline,74,engine-supplier_prod,DQ9,0,0,0,0
baseline,74,engine-supplier_prod,DR8,0,0,0,0
baseline,74,engine-supplier_prod,DS9,0,0,0,0
baseline,74,gear-supplier_inv,G0C,297,0,0,297
baseline,74,gear-supplier_inv,G0K,1714,0,0,1714
baseline,74,gear-supplier_inv,G0L,96,0,0,96
baseline,74,gear-supplier_inv,G0R,61,0,0,61
baseline,74,gear-supplier_inv,G1A,695,0,0,695
baseline,74,gear-supplier_inv,G1C,1318,0,0,1318
baseline,74,gear-supplier_inv,G1D,832,0,0,832
baseline,74,gear-supplier_inv,G1Z,987,0,0,987
baseline,74,gear-supplier_prod,G0C,0,0,0,0
baseline,74,gear-supplier_prod,G0K,0,0,0,0
baseline,74,gear-supplier_prod,G0L,0,0,0,0
baseline,74,gear-supplier_prod,G0R,0,0,0,0
baseline,74,gear-supplier_prod,G1A,0,0,0,0
baseline,74,gear-supplier_prod,G1C,0,0,0,0
baseline,74,gear-supplier_prod,G1D,0,0,0,0
baseline,74,gear-supplier_prod,G1Z,0,0,0,0
baseline,74,seat-supplier_inv,Q1A,0,196,196,0
baseline,74,seat-supplier_inv,Q2J,0,687,687,0
baseline,74,seat-supplier_inv,Q4H,0,762,762,0
baseline,74,seat-supplier_inv,Q4P,0,304,304,0
baseline,74,seat-supplier_prod,componment_seat1,3444,0,687,2757
baseline,74,seat-supplier_prod,componment_seat2,4198,0,762,3436
baseline,74,seat-supplier_prod,componment_seat3,1126,0,304,822
baseline,74,seat-supplier_prod,componment_seat4,733,0,196,537
baseline,74,zp7,BEV,0,0,0,0
baseline,74,zp7,D02,49,0,49,0
baseline,74,zp7,D2I,22,0,22,0
baseline,74,zp7,D33,178,0,178,0
baseline,74,zp7,D36,3,0,3,0
baseline,74,zp7,D60,20,0,20,0
baseline,74,zp7,D64,102,0,102,0
baseline,74,zp7,D80,75,0,75,0
baseline,74,zp7,D83,1552,0,0,1552
baseline,74,zp7,DB0,10,0,10,0
baseline,74,zp7,DB8,15,0,15,0
baseline,74,zp7,DE2,2,0,2,0
baseline,74,zp7,DE4,26,0,26,0
baseline,74,zp7,DE5,71,0,71,0
baseline,74,zp7,DF4,2,0,2,0
baseline,74,zp7,DF6,12,0,12,0
baseline,74,zp7,DG6,295,0,295,0
baseline,74,zp7,DG8,161,0,161,0
baseline,74,zp7,DK7,52,0,52,0
baseline,74,zp7,DK8,225,0,225,0
baseline,74,zp7,DK9,20,0,20,0
baseline,74,zp7,DM4,7,0,7,0
baseline,74,zp7,DN1,2,0,2,0
baseline,74,zp7,DN4,278,0,278,0
baseline,74,zp7,DN6,7,0,7,0
baseline,74,zp7,DP2,56,0,56,0
baseline,74,zp7,DQ4,27,0,27,0
baseline,74,zp7,DQ9,110,0,110,0
baseline,74,zp7,DR8,39,0,39,0
baseline,74,zp7,DS9,83,0,83,0
baseline,74,zp7,G0C,84,0,84,0
baseline,74,zp7,G0K,666,0,666,0
baseline,74,zp7,G0L,46,0,46,0
baseline,74,zp7,G0R,25,0,25,0
baseline,74,zp7,G1A,288,0,288,0
baseline,74,zp7,G1C,509,0,509,0
baseline,74,zp7,G1D,331,0,331,0
baseline,74,zp7,G1Z,1552,0,0,1552
baseline,74,zp7,Q1A,0,196,196,0
baseline,74,zp7,Q2J,0,687,687,0
baseline,74,zp7,Q4H,0,762,762,0
baseline,74,zp7,Q4P,0,304,304,0
expedited,61,battery-supplier_inv,BEV,0,159,159,0
expedited,61,battery-supplier_prod,componment_battery1,930,0,930,0
expedited,61,battery-supplier_prod,componment_battery2,558,0,558,0
expedited,61,battery-supplier_prod,componment_battery3,372,0,372,0
expedited,61,engine-supplier_inv,D02,120,30,18,132
expedited,61,engine-supplier_inv,D2I,123,49,70,102
expedited,61,engine-supplier_inv,D33,376,112,66,422
expedited,61,engine-supplier_inv,D36,6,2,0,8
expedited,61,engine-supplier_inv,D60,52,12,2,62
expedited,61,engine-supplier_inv,D64,342,135,186,291
expedited,61,engine-supplier_inv,D80,206,80,103,183
expedited,61,engine-supplier_inv,D83,849,384,727,506
expedited,61,engine-supplier_inv,DB0,21,10,3,28
expedited,61,engine-supplier_inv,DB8,39,11,8,42
expedited,61,engine-supplier_inv,DE2,9,3,2,10
expedited,61,engine-supplier_inv,DE4,121,41,69,93
expedited,61,engine-supplier_inv,DE5,175,50,38,187
expedited,61,engine-supplier_inv,DF4,9,3,0,12
expedited,61,engine-supplier_inv,DF6,10,2,0,12
expedited,61,engine-supplier_inv,DG6,754,233,155,832
expedited,61,engine-supplier_inv,DG8,438,117,103,452
expedited,61,engine-supplier_inv,DK7,210,79,116,173
expedited,61,engine-supplier_inv,DK8,577,183,134,626
expedited,61,engine-supplier_inv,DK9,33,11,6,38
expedited,61,engine-supplier_inv,DM4,24,9,2,31
expedited,61,engine-supplier_inv,DN1,15,2,0,17
expedited,61,engine-supplier_inv,DN4,758,223,171,810
expedited,61,engine-supplier_inv,DN6,31,10,8,33
expedited,61,engine-supplier_inv,DP2,102,29,14,117
expedited,61,engine-supplier_inv,DQ4,60,24,4,80
expedited,61,engine-supplier_inv,DQ9,286,88,53,321
expedited,61,engine-supplier_inv,DR8,64,18,11,71
expedited,61,engine-supplier_inv,DS9,190,50,31,209
expedited,61,engine-supplier_prod,D02,0,43,43,0
expedited,61,engine-supplier_prod,D2I,0,32,32,0
expedited,61,engine-supplier_prod,D33,0,168,168,0
expedited,61,engine-supplier_prod,D36,0,3,3,0
expedited,61,engine-supplier_prod,D60,0,25,25,0
expedited,61,engine-supplier_prod,D64,0,94,94,0
expedited,61,engine-supplier_prod,D80,0,65,65,0
expedited,61,engine-supplier_prod,D83,0,52,52,0
expedited,61,engine-supplier_prod,DB0,0,11,11,0
expedited,61,engine-supplier_prod,DB8,0,11,11,0
expedited,61,engine-supplier_prod,DE2,0,4,4,0
expedited,61,engine-supplier_prod,DE4,0,16,16,0
expedited,61,engine-supplier_prod,DE5,0,66,66,0
expedited,61,engine-supplier_prod,DF4,0,7,7,0
expedited,61,engine-supplier_prod,DF6,0,5,5,0
expedited,61,engine-supplier_prod,DG6,0,299,299,0
expedited,61,engine-supplier_prod,DG8,0,161,161,0
expedited,61,engine-supplier_prod,DK7,0,38,38,0
expedited,61,engine-supplier_prod,DK8,0,260,260,0
expedited,61,engine-supplier_prod,DK9,0,12,12,0
expedited,61,engine-supplier_prod,DM4,0,15,15,0
expedited,61,engine-supplier_prod,DN1,0,5,5,0
expedited,61,engine-supplier_prod,DN4,0,278,278,0
expedited,61,engine-supplier_prod,DN6,0,12,12,0
expedited,61,engine-supplier_prod,DP2,0,42,42,0
expedited,61,engine-supplier_prod,DQ4,0,39,39,0
expedited,61,engine-supplier_prod,DQ9,0,118,118,0
expedited,61,engine-supplier_prod,DR8,0,29,29,0
expedited,61,engine-supplier_prod,DS9,0,90,90,0
expedited,61,gear-supplier_inv,G0C,192,82,90,184
expedited,61,gear-supplier_inv,G0K,1090,688,451,1327
expedited,61,gear-supplier_inv,G0L,64,51,25,90
expedited,61,gear-supplier_inv,G0R,39,26,6,59
expedited,61,gear-supplier_inv,G1A,403,259,183,479
expedited,61,gear-supplier_inv,G1C,864,515,357,1022
expedited,61,gear-supplier_inv,G1D,563,315,261,617
expedited,61,gear-supplier_inv,G1Z,785,64,727,122
expedited,61,gear-supplier_prod,G0C,0,112,112,0
expedited,61,gear-supplier_prod,G0K,0,661,661,0
expedited,61,gear-supplier_prod,G0L,0,37,37,0
expedited,61,gear-supplier_prod,G0R,0,26,26,0
expedited,61,gear-supplier_prod,G1A,0,268,268,0
expedited,61,gear-supplier_prod,G1C,0,535,535,0
expedited,61,gear-supplier_prod,G1D,0,309,309,0
expedited,61,gear-supplier_prod,G1Z,0,52,52,0
expedited,61,seat-supplier_inv,Q1A,0,201,201,0
expedited,61,seat-supplier_inv,Q2J,0,768,768,0
expedited,61,seat-supplier_inv,Q4H,0,760,760,0
expedited,61,seat-supplier_inv,Q4P,0,271,271,0
expedited,61,seat-supplier_prod,componment_seat1,2155,0,768,1387
expedited,61,seat-supplier_prod,componment_seat2,2480,0,760,1720
expedited,61,seat-supplier_prod,componment_seat3,822,0,271,551
expedited,61,seat-supplier_prod,componment_seat4,543,0,201,342
expedited,61,zp7,BEV,52,200,52,200
expedited,61,zp7,D02,76,44,43,77
expedited,61,zp7,D2I,73,37,32,78
expedited,61,zp7,D33,304,150,168,286
expedited,61,zp7,D36,3,3,3,3
expedited,61,zp7,D60,35,20,25,30
expedited,61,zp7,D64,223,93,94,222
expedited,61,zp7,D80,148,64,65,147
expedited,61,zp7,D83,345,159,52,452
expedited,61,zp7,DB0,19,6,11,14
expedited,61,zp7,DB8,24,15,11,28
expedited,61,zp7,DE2,5,6,4,7
expedited,61,zp7,DE4,55,32,16,71
expedited,61,zp7,DE5,117,61,66,112
expedited,61,zp7,DF4,8,4,7,5
expedited,61,zp7,DF6,13,5,5,13
expedited,61,zp7,DG6,536,279,299,516
expedited,61,zp7,DG8,305,167,161,311
expedited,61,zp7,DK7,115,49,38,126
expedited,61,zp7,DK8,441,202,260,383
expedited,61,zp7,DK9,29,7,12,24
expedited,61,zp7,DM4,19,14,15,18
expedited,61,zp7,DN1,6,11,5,12
expedited,61,zp7,DN4,531,287,278,540
expedited,61,zp7,DN6,19,15,12,22
expedited,61,zp7,DP2,82,46,42,86
expedited,61,zp7,DQ4,52,33,39,46
expedited,61,zp7,DQ9,209,99,118,190
expedited,61,zp7,DR8,59,22,29,52
expedited,61,zp7,DS9,149,70,90,129
expedited,61,zp7,G0C,112,85,112,85
expedited,61,zp7,G0K,661,573,661,573
expedited,61,zp7,G0L,37,39,37,39
expedited,61,zp7,G0R,26,18,26,18
expedited,61,zp7,G1A,268,245,268,245
expedited,61,zp7,G1C,535,452,535,452
expedited,61,zp7,G1D,309,295,309,295
expedited,61,zp7,G1Z,52,293,52,293
expedited,61,zp7,Q1A,0,201,201,0
expedited,61,zp7,Q2J,0,768,768,0
expedited,61,zp7,Q4H,0,760,760,0
expedited,61,zp7,Q4P,0,271,271,0
expedited,62,battery-supplier_inv,BEV,0,93,93,0
expedited,62,battery-supplier_prod,componment_battery1,0,9470,2940,6530
expedited,62,battery-supplier_prod,componment_battery2,0,5682,1764,3918
expedited,62,battery-supplier_prod,componment_battery3,0,3788,1176,2612
expedited,62,engine-supplier_inv,D02,132,43,57,118
expedited,62,engine-supplier_inv,D2I,102,32,34,100
expedited,62,engine-supplier_inv,D33,422,168,148,442
expedited,62,engine-supplier_inv,D36,8,3,1,10
expedited,62,engine-supplier_inv,D60,62,25,25,62
expedited,62,engine-supplier_inv,D64,291,94,84,301
expedited,62,engine-supplier_inv,D80,183,65,49,199
expedited,62,engine-supplier_inv,D83,506,52,63,495
expedited,62,engine-supplier_inv,DB0,28,11,9,30
expedited,62,engine-supplier_inv,DB8,42,11,21,32
expedited,62,engine-supplier_inv,DE2,10,4,2,12
expedited,62,engine-supplier_inv,DE4,93,16,28,81
expedited,62,engine-supplier_inv,DE5,187,66,66,187
expedited,62,engine-supplier_inv,DF4,12,7,7,12
expedited,62,engine-supplier_inv,DF6,12,5,7,10
expedited,62,engine-supplier_inv,DG6,832,299,331,800
expedited,62,engine-supplier_inv,DG8,452,161,184,429
expedited,62,engine-supplier_inv,DK7,173,38,58,153
expedited,62,engine-supplier_inv,DK8,626,260,248,638
expedited,62,engine-supplier_inv,DK9,38,12,18,32
expedited,62,engine-supplier_inv,DM4,31,15,13,33
expedited,62,engine-supplier_inv,DN1,17,5,8,14
expedited,62,engine-supplier_inv,DN4,810,278,311,777
expedited,62,engine-supplier_inv,DN6,33,12,12,33
expedited,62,engine-supplier_inv,DP2,117,42,50,109
expedited,62,engine-supplier_inv,DQ4,80,39,33,86
expedited,62,engine-supplier_inv,DQ9,321,118,132,307
expedited,62,engine-supplier_inv,DR8,71,29,30,70
expedited,62,engine-supplier_inv,DS9,209,90,71,228
expedited,62,engine-supplier_prod,D02,0,33,33,0
expedited,62,engine-supplier_prod,D2I,0,41,41,0
expedited,62,engine-supplier_prod,D33,0,136,136,0
expedited,62,engine-supplier_prod,D36,0,0,0,0
expedited,62,engine-supplier_prod,D60,0,10,10,0
expedited,62,engine-supplier_prod,D64,0,129,129,0
expedited,62,engine-supplier_prod,D80,0,83,83,0
expedited,62,engine-supplier_prod,D83,0,293,293,0
expedited,62,engine-supplier_prod,DB0,0,8,8,0
expedited,62,engine-supplier_prod,DB8,0,13,13,0
expedited,62,engine-supplier_prod,DE2,0,1,1,0
expedited,62,engine-supplier_prod,DE4,0,39,39,0
expedited,62,engine-supplier_prod,DE5,0,51,51,0
expedited,62,engine-supplier_prod,DF4,0,1,1,0
expedited,62,engine-supplier_prod,DF6,0,8,8,0
expedited,62,engine-supplier_prod,DG6,0,237,237,0
expedited,62,engine-supplier_prod,DG8,0,144,144,0
expedited,62,engine-supplier_prod,DK7,0,77,77,0
expedited,62,engine-supplier_prod,DK8,0,181,181,0
expedited,62,engine-supplier_prod,DK9,0,17,17,0
expedited,62,engine-supplier_prod,DM4,0,4,4,0
expedited,62,engine-supplier_prod,DN1,0,1,1,0
expedited,62,engine-supplier_prod,DN4,0,253,253,0
expedited,62,engine-supplier_prod,DN6,0,7,7,0
expedited,62,engine-supplier_prod,DP2,0,40,40,0
expedited,62,engine-supplier_prod,DQ4,0,13,13,0
expedited,62,engine-supplier_prod,DQ9,0,91,91,0
expedited,62,engine-supplier_prod,DR8,0,30,30,0
expedited,62,engine-supplier_prod,DS9,0,59,59,0
expedited,62,gear-supplier_inv,G0C,184,94,109,169
expedited,62,gear-supplier_inv,G0K,1327,540,712,1155
expedited,62,gear-supplier_inv,G0L,90,29,40,79
expedited,62,gear-supplier_inv,G0R,59,15,35,39
expedited,62,gear-supplier_inv,G1A,479,234,249,464
expedited,62,gear-supplier_inv,G1C,1022,430,562,890
expedited,62,gear-supplier_inv,G1D,617,274,330,561
expedited,62,gear-supplier_inv,G1Z,122,384,63,443
expedited,62,gear-supplier_prod,G0C,0,85,85,0
expedited,62,gear-supplier_prod,G0K,0,573,573,0
expedited,62,gear-supplier_prod,G0L,0,39,39,0
expedited,62,gear-supplier_prod,G0R,0,18,18,0
expedited,62,gear-supplier_prod,G1A,0,245,245,0
expedited,62,gear-supplier_prod,G1C,0,452,452,0
expedited,62,gear-supplier_prod,G1D,0,295,295,0
expedited,62,gear-supplier_prod,G1Z,0,293,293,0
expedited,62,seat-supplier_inv,Q1A,0,171,171,0
expedited,62,seat-supplier_inv,Q2J,0,625,625,0
expedited,62,seat-supplier_inv,Q4H,0,925,925,0
expedited,62,seat-supplier_inv,Q4P,0,279,279,0
expedited,62,seat-supplier_prod,componment_seat1,1387,4732,625,5494
expedited,62,seat-supplier_prod,componment_seat2,1720,6187,925,6982
expedited,62,seat-supplier_prod,componment_seat3,551,1900,279,2172
expedited,62,seat-supplier_prod,componment_seat4,342,1181,171,1352
expedited,62,zp7,BEV,200,159,293,66
expedited,62,zp7,D02,77,18,33,62
expedited,62,zp7,D2I,78,70,41,107
expedited,62,zp7,D33,286,66,136,216
expedited,62,zp7,D36,3,0,0,3
expedited,62,zp7,D60,30,2,10,22
expedited,62,zp7,D64,222,186,129,279
expedited,62,zp7,D80,147,103,83,167
expedited,62,zp7,D83,452,727,293,886
expedited,62,zp7,DB0,14,3,8,9
expedited,62,zp7,DB8,28,8,13,23
expedited,62,zp7,DE2,7,2,1,8
expedited,62,zp7,DE4,71,69,39,101
expedited,62,zp7,DE5,112,38,51,99
expedited,62,zp7,DF4,5,0,1,4
expedited,62,zp7,DF6,13,0,8,5
expedited,62,zp7,DG6,516,155,237,434
expedited,62,zp7,DG8,311,103,144,270
expedited,62,zp7,DK7,126,116,77,165
expedited,62,zp7,DK8,383,134,181,336
expedited,62,zp7,DK9,24,6,17,13
expedited,62,zp7,DM4,18,2,4,16
expedited,62,zp7,DN1,12,0,1,11
expedited,62,zp7,DN4,540,171,253,458
expedited,62,zp7,DN6,22,8,7,23
expedited,62,zp7,DP2,86,14,40,60
expedited,62,zp7,DQ4,46,4,13,37
expedited,62,zp7,DQ9,190,53,91,152
expedited,62,zp7,DR8,52,11,30,33
expedited,62,zp7,DS9,129,31,59,101
expedited,62,zp7,G0C,85,100,85,100
expedited,62,zp7,G0K,573,661,573,661
expedited,62,zp7,G0L,39,35,39,35
expedited,62,zp7,G0R,18,28,18,28
expedited,62,zp7,G1A,245,264,245,264
expedited,62,zp7,G1C,452,457,452,457
expedited,62,zp7,G1D,295,296,295,296
expedited,62,zp7,G1Z,293,159,293,159
expedited,62,zp7,Q1A,0,171,171,0
expedited,62,zp7,Q2J,0,625,625,0
expedited,62,zp7,Q4H,0,925,925,0
expedited,62,zp7,Q4P,0,279,279,0
expedited,63,battery-supplier_inv,BEV,0,294,294,0
expedited,63,battery-supplier_prod,componment_battery1,6530,0,2940,3590
expedited,63,battery-supplier_prod,componment_battery2,3918,0,1764,2154
expedited,63,battery-supplier_prod,componment_battery3,2612,0,1176,1436
expedited,63,engine-supplier_inv,D02,118,33,46,105
expedited,63,engine-supplier_inv,D2I,100,41,31,110
expedited,63,engine-supplier_inv,D33,442,136,172,406
expedited,63,engine-supplier_inv,D36,10,0,5,5
expedited,63,engine-supplier_inv,D60,62,10,25,47
expedited,63,engine-supplier_inv,D64,301,129,100,330
expedited,63,engine-supplier_inv,D80,199,83,69,213
expedited,63,engine-supplier_inv,D83,495,293,174,614
expedited,63,engine-supplier_inv,DB0,30,8,9,29
expedited,63,engine-supplier_inv,DB8,32,13,10,35
expedited,63,engine-supplier_inv,DE2,12,1,5,8
expedited,63,engine-supplier_inv,DE4,81,39,34,86
expedited,63,engine-supplier_inv,DE5,187,51,78,160
expedited,63,engine-supplier_inv,DF4,12,1,2,11
expedited,63,engine-supplier_inv,DF6,10,8,3,15
expedited,63,engine-supplier_inv,DG6,800,237,292,745
expedited,63,engine-supplier_inv,DG8,429,144,165,408
expedited,63,engine-supplier_inv,DK7,153,77,54,176
expedited,63,engine-supplier_inv,DK8,638,181,213,606
expedited,63,engine-supplier_inv,DK9,32,17,9,40
expedited,63,engine-supplier_inv,DM4,33,4,9,28
expedited,63,engine-supplier_inv,DN1,14,1,7,8
expedited,63,engine-supplier_inv,DN4,777,253,292,738
expedited,63,engine-supplier_inv,DN6,33,7,13,27
expedited,63,engine-supplier_inv,DP2,109,40,39,110
expedited,63,engine-supplier_inv,DQ4,86,13,23,76
expedited,63,engine-supplier_inv,DQ9,307,91,107,291
expedited,63,engine-supplier_inv,DR8,70,30,24,76
expedited,63,engine-supplier_inv,DS9,228,59,90,197
expedited,63,engine-supplier_prod,D02,0,44,44,0
expedited,63,engine-supplier_prod,D2I,0,37,37,0
expedited,63,engine-supplier_prod,D33,0,150,150,0
expedited,63,engine-supplier_prod,D36,0,3,3,0
expedited,63,engine-supplier_prod,D60,0,20,20,0
expedited,63,engine-supplier_prod,D64,0,93,93,0
expedited,63,engine-supplier_prod,D80,0,64,64,0
expedited,63,engine-supplier_prod,D83,0,159,159,0
expedited,63,engine-supplier_prod,DB0,0,6,6,0
expedited,63,engine-supplier_prod,DB8,0,15,15,0
expedited,63,engine-supplier_prod,DE2,0,6,6,0
expedited,63,engine-supplier_prod,DE4,0,32,32,0
expedited,63,engine-supplier_prod,DE5,0,61,61,0
expedited,63,engine-supplier_prod,DF4,0,4,4,0
expedited,63,engine-supplier_prod,DF6,0,5,5,0
expedited,63,engine-supplier_prod,DG6,0,279,279,0
expedited,63,engine-supplier_prod,DG8,0,167,167,0
expedited,63,engine-supplier_prod,DK7,0,49,49,0
expedited,63,engine-supplier_prod,DK8,0,202,202,0
expedited,63,engine-supplier_prod,DK9,0,7,7,0
expedited,63,engine-supplier_prod,DM4,0,14,14,0
expedited,63,engine-supplier_prod,DN1,0,11,11,0
expedited,63,engine-supplier_prod,DN4,0,287,287,0
expedited,63,engine-supplier_prod,DN6,0,15,15,0
expedited,63,engine-supplier_prod,DP2,0,46,46,0
expedited,63,engine-supplier_prod,DQ4,0,33,33,0
expedited,63,engine-supplier_prod,DQ9,0,99,99,0
expedited,63,engine-supplier_prod,DR8,0,22,22,0
expedited,63,engine-supplier_prod,DS9,0,70,70,0
expedited,63,gear-supplier_inv,G0C,169,112,88,193
expedited,63,gear-supplier_inv,G0K,1155,661,676,1140
expedited,63,gear-supplier_inv,G0L,79,37,52,64
expedited,63,gear-supplier_inv,G0R,39,26,26,39
expedited,63,gear-supplier_inv,G1A,464,268,255,477
expedited,63,gear-supplier_inv,G1C,890,535,506,919
expedited,63,gear-supplier_inv,G1D,561,309,323,547
expedited,63,gear-supplier_inv,G1Z,443,52,174,321
expedited,63,gear-supplier_prod,G0C,0,100,100,0
expedited,63,gear-supplier_prod,G0K,0,661,661,0
expedited,63,gear-supplier_prod,G0L,0,35,35,0
expedited,63,gear-supplier_prod,G0R,0,28,28,0
expedited,63,gear-supplier_prod,G1A,0,264,264,0
expedited,63,gear-supplier_prod,G1C,0,457,457,0
expedited,63,gear-supplier_prod,G1D,0,296,296,0
expedited,63,gear-supplier_prod,G1Z,0,159,159,0
expedited,63,seat-supplier_inv,Q1A,0,171,171,0
expedited,63,seat-supplier_inv,Q2J,0,762,762,0
expedited,63,seat-supplier_inv,Q4H,0,795,795,0
expedited,63,seat-supplier_inv,Q4P,0,272,272,0
expedited,63,seat-supplier_prod,componment_seat1,5494,0,762,4732
expedited,63,seat-supplier_prod,componment_seat2,6982,0,795,6187
expedited,63,seat-supplier_prod,componment_seat3,2172,0,272,1900
expedited,63,seat-supplier_prod,componment_seat4,1352,0,171,1181
expedited,63,zp7,BEV,66,93,159,0
expedited,63,zp7,D02,62,57,44,75
expedited,63,zp7,D2I,107,34,37,104
expedited,63,zp7,D33,216,148,150,214
expedited,63,zp7,D36,3,1,3,1
expedited,63,zp7,D60,22,25,20,27
expedited,63,zp7,D64,279,84,93,270
expedited,63,zp7,D80,167,49,64,152
expedited,63,zp7,D83,886,63,159,790
expedited,63,zp7,DB0,9,9,6,12
expedited,63,zp7,DB8,23,21,15,29
expedited,63,zp7,DE2,8,2,6,4
expedited,63,zp7,DE4,101,28,32,97
expedited,63,zp7,DE5,99,66,61,104
expedited,63,zp7,DF4,4,7,4,7
expedited,63,zp7,DF6,5,7,5,7
expedited,63,zp7,DG6,434,331,279,486
expedited,63,zp7,DG8,270,184,167,287
expedited,63,zp7,DK7,165,58,49,174
expedited,63,zp7,DK8,336,248,202,382
expedited,63,zp7,DK9,13,18,7,24
expedited,63,zp7,DM4,16,13,14,15
expedited,63,zp7,DN1,11,8,11,8
expedited,63,zp7,DN4,458,311,287,482
expedited,63,zp7,DN6,23,12,15,20
expedited,63,zp7,DP2,60,50,46,64
expedited,63,zp7,DQ4,37,33,33,37
expedited,63,zp7,DQ9,152,132,99,185
expedited,63,zp7,DR8,33,30,22,41
expedited,63,zp7,DS9,101,71,70,102
expedited,63,zp7,G0C,100,90,100,90
expedited,63,zp7,G0K,661,451,661,451
expedited,63,zp7,G0L,35,25,35,25
expedited,63,zp7,G0R,28,6,28,6
expedited,63,zp7,G1A,264,183,264,183
expedited,63,zp7,G1C,457,357,457,357
expedited,63,zp7,G1D,296,261,296,261
expedited,63,zp7,G1Z,159,727,159,727
expedited,63,zp7,Q1A,0,171,171,0
expedited,63,zp7,Q2J,0,762,762,0
expedited,63,zp7,Q4H,0,795,795,0
expedited,63,zp7,Q4P,0,272,272,0
expedited,64,battery-supplier_inv,BEV,0,294,294,0
expedited,64,battery-supplier_prod,componment_battery1,3590,0,2940,650
expedited,64,battery-supplier_prod,componment_battery2,2154,0,1764,390
expedited,64,battery-supplier_prod,componment_battery3,1436,0,1176,260
expedited,64,engine-supplier_inv,D02,105,44,34,115
expedited,64,engine-supplier_inv,D2I,110,37,41,106
expedited,64,engine-supplier_inv,D33,406,150,138,418
expedited,64,engine-supplier_inv,D36,5,3,3,5
expedited,64,engine-supplier_inv,D60,47,20,18,49
expedited,64,engine-supplier_inv,D64,330,93,121,302
expedited,64,engine-supplier_inv,D80,213,64,81,196
expedited,64,engine-supplier_inv,D83,614,159,280,493
expedited,64,engine-supplier_inv,DB0,29,6,10,25
expedited,64,engine-supplier_inv,DB8,35,15,11,39
expedited,64,engine-supplier_inv,DE2,8,6,4,10
expedited,64,engine-supplier_inv,DE4,86,32,35,83
expedited,64,engine-supplier_inv,DE5,160,61,56,165
expedited,64,engine-supplier_inv,DF4,11,4,4,11
expedited,64,engine-supplier_inv,DF6,15,5,3,17
expedited,64,engine-supplier_inv,DG6,745,279,270,754
expedited,64,engine-supplier_inv,DG8,408,167,134,441
expedited,64,engine-supplier_inv,DK7,176,49,69,156
expedited,64,engine-supplier_inv,DK8,606,202,215,593
expedited,64,engine-supplier_inv,DK9,40,7,17,30
expedited,64,engine-supplier_inv,DM4,28,14,11,31
expedited,64,engine-supplier_inv,DN1,8,11,2,17
expedited,64,engine-supplier_inv,DN4,738,287,268,757
expedited,64,engine-supplier_inv,DN6,27,15,11,31
expedited,64,engine-supplier_inv,DP2,110,46,39,117
expedited,64,engine-supplier_inv,DQ4,76,33,29,80
expedited,64,engine-supplier_inv,DQ9,291,99,100,290
expedited,64,engine-supplier_inv,DR8,76,22,25,73
expedited,64,engine-supplier_inv,DS9,197,70,71,196
expedited,64,engine-supplier_prod,D02,0,15,15,0
expedited,64,engine-supplier_prod,D2I,0,68,68,0
expedited,64,engine-supplier_prod,D33,0,63,63,0
expedited,64,engine-supplier_prod,D36,0,0,0,0
expedited,64,engine-supplier_prod,D60,0,2,2,0
expedited,64,engine-supplier_prod,D64,0,180,180,0
expedited,64,engine-supplier_prod,D80,0,99,99,0
expedited,64,engine-supplier_prod,D83,0,709,709,0
expedited,64,engine-supplier_prod,DB0,0,3,3,0
expedited,64,engine-supplier_prod,DB8,0,8,8,0
expedited,64,engine-supplier_prod,DE2,0,2,2,0
expedited,64,engine-supplier_prod,DE4,0,66,66,0
expedited,64,engine-supplier_prod,DE5,0,36,36,0
expedited,64,engine-supplier_prod,DF4,0,0,0,0
expedited,64,engine-supplier_prod,DF6,0,0,0,0
expedited,64,engine-supplier_prod,DG6,0,142,142,0
expedited,64,engine-supplier_prod,DG8,0,96,96,0
expedited,64,engine-supplier_prod,DK7,0,112,112,0
expedited,64,engine-supplier_prod,DK8,0,125,125,0
expedited,64,engine-supplier_prod,DK9,0,6,6,0
expedited,64,engine-supplier_prod,DM4,0,2,2,0
expedited,64,engine-supplier_prod,DN1,0,0,0,0
expedited,64,engine-supplier_prod,DN4,0,158,158,0
expedited,64,engine-supplier_prod,DN6,0,8,8,0
expedited,64,engine-supplier_prod,DP2,0,12,12,0
expedited,64,engine-supplier_prod,DQ4,0,3,3,0
expedited,64,engine-supplier_prod,DQ9,0,46,46,0
expedited,64,engine-supplier_prod,DR8,0,11,11,0
expedited,64,engine-supplier_prod,DS9,0,28,28,0
expedited,64,gear-supplier_inv,G0C,193,85,101,177
expedited,64,gear-supplier_inv,G0K,1140,573,608,1105
expedited,64,gear-supplier_inv,G0L,64,39,36,67
expedited,64,gear-supplier_inv,G0R,39,18,19,38
expedited,64,gear-supplier_inv,G1A,477,245,270,452
expedited,64,gear-supplier_inv,G1C,919,452,485,886
expedited,64,gear-supplier_inv,G1D,547,295,301,541
expedited,64,gear-supplier_inv,G1Z,321,293,280,334
expedited,64,gear-supplier_prod,G0C,0,86,86,0
expedited,64,gear-supplier_prod,G0K,0,420,420,0
expedited,64,gear-supplier_prod,G0L,0,24,24,0
expedited,64,gear-supplier_prod,G0R,0,6,6,0
expedited,64,gear-supplier_prod,G1A,0,166,166,0
expedited,64,gear-supplier_prod,G1C,0,339,339,0
expedited,64,gear-supplier_prod,G1D,0,250,250,0
expedited,64,gear-supplier_prod,G1Z,0,709,709,0
expedited,64,seat-supplier_inv,Q1A,0,124,124,0
expedited,64,seat-supplier_inv,Q2J,0,397,397,0
expedited,64,seat-supplier_inv,Q4H,0,810,810,0
expedited,64,seat-supplier_inv,Q4P,0,254,254,0
expedited,64,seat-supplier_prod,componment_seat1,4732,0,397,4335
expedited,64,seat-supplier_prod,componment_seat2,6187,0,810,5377
expedited,64,seat-supplier_prod,componment_seat3,1900,0,254,1646
expedited,64,seat-supplier_prod,componment_seat4,1181,0,124,1057
expedited,64,zp7,BEV,0,294,294,0
expedited,64,zp7,D02,75,46,15,106
expedited,64,zp7,D2I,104,31,68,67
expedited,64,zp7,D33,214,172,63,323
expedited,64,zp7,D36,1,5,0,6
expedited,64,zp7,D60,27,25,2,50
expedited,64,zp7,D64,270,100,180,190
expedited,64,zp7,D80,152,69,99,122
expedited,64,zp7,D83,790,174,294,670
expedited,64,zp7,DB0,12,9,3,18
expedited,64,zp7,DB8,29,10,8,31
expedited,64,zp7,DE2,4,5,2,7
expedited,64,zp7,DE4,97,34,66,65
expedited,64,zp7,DE5,104,78,36,146
expedited,64,zp7,DF4,7,2,0,9
expedited,64,zp7,DF6,7,3,0,10
expedited,64,zp7,DG6,486,292,142,636
expedited,64,zp7,DG8,287,165,96,356
expedited,64,zp7,DK7,174,54,112,116
expedited,64,zp7,DK8,382,213,125,470
expedited,64,zp7,DK9,24,9,6,27
expedited,64,zp7,DM4,15,9,2,22
expedited,64,zp7,DN1,8,7,0,15
expedited,64,zp7,DN4,482,292,158,616
expedited,64,zp7,DN6,20,13,8,25
expedited,64,zp7,DP2,64,39,12,91
expedited,64,zp7,DQ4,37,23,3,57
expedited,64,zp7,DQ9,185,107,46,246
expedited,64,zp7,DR8,41,24,11,54
expedited,64,zp7,DS9,102,90,28,164
expedited,64,zp7,G0C,90,109,86,113
expedited,64,zp7,G0K,451,712,420,743
expedited,64,zp7,G0L,25,40,24,41
expedited,64,zp7,G0R,6,35,6,35
expedited,64,zp7,G1A,183,249,166,266
expedited,64,zp7,G1C,357,562,339,580
expedited,64,zp7,G1D,261,330,250,341
expedited,64,zp7,G1Z,727,63,294,496
expedited,64,zp7,Q1A,0,124,124,0
expedited,64,zp7,Q2J,0,397,397,0
expedited,64,zp7,Q4H,0,810,810,0
expedited,64,zp7,Q4P,0,254,254,0
expedited,65,battery-supplier_inv,BEV,0,294,294,0
expedited,65,battery-supplier_prod,componment_battery1,650,0,650,0
expedited,65,battery-supplier_prod,componment_battery2,390,0,390,0
expedited,65,battery-supplier_prod,componment_battery3,260,0,260,0
expedited,65,engine-supplier_inv,D02,115,15,64,66
expedited,65,engine-supplier_inv,D2I,106,68,29,145
expedited,65,engine-supplier_inv,D33,418,63,181,300
expedited,65,engine-supplier_inv,D36,5,0,2,3
expedited,65,engine-supplier_inv,D60,49,2,18,33
expedited,65,engine-supplier_inv,D64,302,180,105,377
expedited,65,engine-supplier_inv,D80,196,99,78,217
expedited,65,engine-supplier_inv,D83,493,709,65,1137
expedited,65,engine-supplier_inv,DB0,25,3,11,17
expedited,65,engine-supplier_inv,DB8,39,8,14,33
expedited,65,engine-supplier_inv,DE2,10,2,1,11
expedited,65,engine-supplier_inv,DE4,83,66,25,124
expedited,65,engine-supplier_inv,DE5,165,36,73,128
expedited,65,engine-supplier_inv,DF4,11,0,1,10
expedited,65,engine-supplier_inv,DF6,17,0,13,4
expedited,65,engine-supplier_inv,DG6,754,142,306,590
expedited,65,engine-supplier_inv,DG8,441,96,190,347
expedited,65,engine-supplier_inv,DK7,156,112,48,220
expedited,65,engine-supplier_inv,DK8,593,125,209,509
expedited,65,engine-supplier_inv,DK9,30,6,20,16
expedited,65,engine-supplier_inv,DM4,31,2,9,24
expedited,65,engine-supplier_inv,DN1,17,0,5,12
expedited,65,engine-supplier_inv,DN4,757,158,305,610
expedited,65,engine-supplier_inv,DN6,31,8,6,33
expedited,65,engine-supplier_inv,DP2,117,12,61,68
expedited,65,engine-supplier_inv,DQ4,80,3,23,60
expedited,65,engine-supplier_inv,DQ9,290,46,123,213
expedited,65,engine-supplier_inv,DR8,73,11,36,48
expedited,65,engine-supplier_inv,DS9,196,28,79,145
expedited,65,engine-supplier_prod,D02,0,57,57,0
expedited,65,engine-supplier_prod,D2I,0,35,35,0
expedited,65,engine-supplier_prod,D33,0,135,135,0
expedited,65,engine-supplier_prod,D36,0,1,1,0
expedited,65,engine-supplier_prod,D60,0,22,22,0
expedited,65,engine-supplier_prod,D64,0,82,82,0
expedited,65,engine-supplier_prod,D80,0,51,51,0
expedited,65,engine-supplier_prod,D83,0,76,76,0
expedited,65,engine-supplier_prod,DB0,0,9,9,0
expedited,65,engine-supplier_prod,DB8,0,20,20,0
expedited,65,engine-supplier_prod,DE2,0,2,2,0
expedited,65,engine-supplier_prod,DE4,0,31,31,0
expedited,65,engine-supplier_prod,DE5,0,57,57,0
expedited,65,engine-supplier_prod,DF4,0,6,6,0
expedited,65,engine-supplier_prod,DF6,0,7,7,0
expedited,65,engine-supplier_prod,DG6,0,316,316,0
expedited,65,engine-supplier_prod,DG8,0,172,172,0
expedited,65,engine-supplier_prod,DK7,0,58,58,0
expedited,65,engine-supplier_prod,DK8,0,234,234,0
expedited,65,engine-supplier_prod,DK9,0,17,17,0
expedited,65,engine-supplier_prod,DM4,0,12,12,0
expedited,65,engine-supplier_prod,DN1,0,7,7,0
expedited,65,engine-supplier_prod,DN4,0,284,284,0
expedited,65,engine-supplier_prod,DN6,0,11,11,0
expedited,65,engine-supplier_prod,DP2,0,45,45,0
expedited,65,engine-supplier_prod,DQ4,0,28,28,0
expedited,65,engine-supplier_prod,DQ9,0,128,128,0
expedited,65,engine-supplier_prod,DR8,0,30,30,0
expedited,65,engine-supplier_prod,DS9,0,67,67,0
expedited,65,gear-supplier_inv,G0C,177,100,78,199
expedited,65,gear-supplier_inv,G0K,1105,661,687,1079
expedited,65,gear-supplier_inv,G0L,67,35,46,56
expedited,65,gear-supplier_inv,G0R,38,28,28,38
expedited,65,gear-supplier_inv,G1A,452,264,287,429
expedited,65,gear-supplier_inv,G1C,886,457,555,788
expedited,65,gear-supplier_inv,G1D,541,296,354,483
expedited,65,gear-supplier_inv,G1Z,334,159,65,428
expedited,65,gear-supplier_prod,G0C,0,106,106,0
expedited,65,gear-supplier_prod,G0K,0,670,670,0
expedited,65,gear-supplier_prod,G0L,0,40,40,0
expedited,65,gear-supplier_prod,G0R,0,33,33,0
expedited,65,gear-supplier_prod,G1A,0,237,237,0
expedited,65,gear-supplier_prod,G1C,0,525,525,0
expedited,65,gear-supplier_prod,G1D,0,313,313,0
expedited,65,gear-supplier_prod,G1Z,0,76,76,0
expedited,65,seat-supplier_inv,Q1A,0,148,148,0
expedited,65,seat-supplier_inv,Q2J,0,697,697,0
expedited,65,seat-supplier_inv,Q4H,0,906,906,0
expedited,65,seat-supplier_inv,Q4P,0,249,249,0
expedited,65,seat-supplier_prod,componment_seat1,4335,0,697,3638
expedited,65,seat-supplier_prod,componment_seat2,5377,0,906,4471
expedited,65,seat-supplier_prod,componment_seat3,1646,0,249,1397
expedited,65,seat-supplier_prod,componment_seat4,1057,0,148,909
expedited,65,zp7,BEV,0,294,294,0
expedited,65,zp7,D02,106,34,46,94
expedited,65,zp7,D2I,67,41,31,77
expedited,65,zp7,D33,323,138,117,344
expedited,65,zp7,D36,6,3,1,8
expedited,65,zp7,D60,50,18,14,54
expedited,65,zp7,D64,190,121,75,236
expedited,65,zp7,D80,122,81,47,156
expedited,65,zp7,D83,670,280,294,656
expedited,65,zp7,DB0,18,10,8,20
expedited,65,zp7,DB8,31,11,17,25
expedited,65,zp7,DE2,7,4,2,9
expedited,65,zp7,DE4,65,35,30,70
expedited,65,zp7,DE5,146,56,49,153
expedited,65,zp7,DF4,9,4,6,7
expedited,65,zp7,DF6,10,3,6,7
expedited,65,zp7,DG6,636,270,285,621
expedited,65,zp7,DG8,356,134,154,336
expedited,65,zp7,DK7,116,69,54,131
expedited,65,zp7,DK8,470,215,206,479
expedited,65,zp7,DK9,27,17,16,28
expedited,65,zp7,DM4,22,11,12,21
expedited,65,zp7,DN1,15,2,7,10
expedited,65,zp7,DN4,616,268,251,633
expedited,65,zp7,DN6,25,11,10,26
expedited,65,zp7,DP2,91,39,39,91
expedited,65,zp7,DQ4,57,29,25,61
expedited,65,zp7,DQ9,246,100,113,233
expedited,65,zp7,DR8,54,25,26,53
expedited,65,zp7,DS9,164,71,59,176
expedited,65,zp7,G0C,113,88,92,109
expedited,65,zp7,G0K,743,676,593,826
expedited,65,zp7,G0L,41,52,35,58
expedited,65,zp7,G0R,35,26,29,32
expedited,65,zp7,G1A,266,255,215,306
expedited,65,zp7,G1C,580,506,471,615
expedited,65,zp7,G1D,341,323,271,393
expedited,65,zp7,G1Z,496,174,294,376
expedited,65,zp7,Q1A,0,148,148,0
expedited,65,zp7,Q2J,0,697,697,0
expedited,65,zp7,Q4H,0,906,906,0
expedited,65,zp7,Q4P,0,249,249,0
expedited,66,battery-supplier_inv,BEV,0,65,65,0
expedited,66,battery-supplier_prod,componment_battery1,0,0,0,0
expedited,66,battery-supplier_prod,componment_battery2,0,0,0,0
expedited,66,battery-supplier_prod,componment_battery3,0,0,0,0
expedited,66,engine-supplier_inv,D02,66,57,35,88
expedited,66,engine-supplier_inv,D2I,145,35,48,132
expedited,66,engine-supplier_inv,D33,300,135,119,316
expedited,66,engine-supplier_inv,D36,3,1,1,3
expedited,66,engine-supplier_inv,D60,33,22,10,45
expedited,66,engine-supplier_inv,D64,377,82,127,332
expedited,66,engine-supplier_inv,D80,217,51,86,182
expedited,66,engine-supplier_inv,D83,1137,76,390,823
expedited,66,engine-supplier_inv,DB0,17,9,6,20
expedited,66,engine-supplier_inv,DB8,33,20,14,39
expedited,66,engine-supplier_inv,DE2,11,2,3,10
expedited,66,engine-supplier_inv,DE4,124,31,54,101
expedited,66,engine-supplier_inv,DE5,128,57,49,136
expedited,66,engine-supplier_inv,DF4,10,6,1,15
expedited,66,engine-supplier_inv,DF6,4,7,3,8
expedited,66,engine-supplier_inv,DG6,590,316,232,674
expedited,66,engine-supplier_inv,DG8,347,172,136,383
expedited,66,engine-supplier_inv,DK7,220,58,88,190
expedited,66,engine-supplier_inv,DK8,509,234,178,565
expedited,66,engine-supplier_inv,DK9,16,17,11,22
expedited,66,engine-supplier_inv,DM4,24,12,9,27
expedited,66,engine-supplier_inv,DN1,12,7,2,17
expedited,66,engine-supplier_inv,DN4,610,284,279,615
expedited,66,engine-supplier_inv,DN6,33,11,12,32
expedited,66,engine-supplier_inv,DP2,68,45,35,78
expedited,66,engine-supplier_inv,DQ4,60,28,21,67
expedited,66,engine-supplier_inv,DQ9,213,128,78,263
expedited,66,engine-supplier_inv,DR8,48,30,16,62
expedited,66,engine-supplier_inv,DS9,145,67,57,155
expedited,66,engine-supplier_prod,D02,0,48,48,0
expedited,66,engine-supplier_prod,D2I,0,20,20,0
expedited,66,engine-supplier_prod,D33,0,178,178,0
expedited,66,engine-supplier_prod,D36,0,5,5,0
expedited,66,engine-supplier_prod,D60,0,28,28,0
expedited,66,engine-supplier_prod,D64,0,80,80,0
expedited,66,engine-supplier_prod,D80,0,56,56,0
expedited,66,engine-supplier_prod,D83,0,64,64,0
expedited,66,engine-supplier_prod,DB0,0,9,9,0
expedited,66,engine-supplier_prod,DB8,0,11,11,0
expedited,66,engine-supplier_prod,DE2,0,5,5,0
expedited,66,engine-supplier_prod,DE4,0,24,24,0
expedited,66,engine-supplier_prod,DE5,0,82,82,0
expedited,66,engine-supplier_prod,DF4,0,3,3,0
expedited,66,engine-supplier_prod,DF6,0,3,3,0
expedited,66,engine-supplier_prod,DG6,0,296,296,0
expedited,66,engine-supplier_prod,DG8,0,170,170,0
expedited,66,engine-supplier_prod,DK7,0,40,40,0
expedited,66,engine-supplier_prod,DK8,0,218,218,0
expedited,66,engine-supplier_prod,DK9,0,10,10,0
expedited,66,engine-supplier_prod,DM4,0,10,10,0
expedited,66,engine-supplier_prod,DN1,0,8,8,0
expedited,66,engine-supplier_prod,DN4,0,316,316,0
expedited,66,engine-supplier_prod,DN6,0,12,12,0
expedited,66,engine-supplier_prod,DP2,0,45,45,0
expedited,66,engine-supplier_prod,DQ4,0,29,29,0
expedited,66,engine-supplier_prod,DQ9,0,112,112,0
expedited,66,engine-supplier_prod,DR8,0,23,23,0
expedited,66,engine-supplier_prod,DS9,0,95,95,0
expedited,66,gear-supplier_inv,G0C,199,86,93,192
expedited,66,gear-supplier_inv,G0K,1079,420,599,900
expedited,66,gear-supplier_inv,G0L,56,24,32,48
expedited,66,gear-supplier_inv,G0R,38,6,21,23
expedited,66,gear-supplier_inv,G1A,429,166,239,356
expedited,66,gear-supplier_inv,G1C,788,339,441,686
expedited,66,gear-supplier_inv,G1D,483,250,285,448
expedited,66,gear-supplier_inv,G1Z,428,709,390,747
expedited,66,gear-supplier_prod,G0C,0,82,82,0
expedited,66,gear-supplier_prod,G0K,0,688,688,0
expedited,66,gear-supplier_prod,G0L,0,51,51,0
expedited,66,gear-supplier_prod,G0R,0,26,26,0
expedited,66,gear-supplier_prod,G1A,0,259,259,0
expedited,66,gear-supplier_prod,G1C,0,515,515,0
expedited,66,gear-supplier_prod,G1D,0,315,315,0
expedited,66,gear-supplier_prod,G1Z,0,64,64,0
expedited,66,seat-supplier_inv,Q1A,0,177,177,0
expedited,66,seat-supplier_inv,Q2J,0,762,762,0
expedited,66,seat-supplier_inv,Q4H,0,830,830,0
expedited,66,seat-supplier_inv,Q4P,0,231,231,0
expedited,66,seat-supplier_prod,componment_seat1,3638,0,762,2876
expedited,66,seat-supplier_prod,componment_seat2,4471,0,830,3641
expedited,66,seat-supplier_prod,componment_seat3,1397,0,231,1166
expedited,66,seat-supplier_prod,componment_seat4,909,0,177,732
expedited,66,zp7,BEV,0,294,242,52
expedited,66,zp7,D02,94,64,50,108
expedited,66,zp7,D2I,77,29,20,86
expedited,66,zp7,D33,344,181,152,373
expedited,66,zp7,D36,8,2,4,6
expedited,66,zp7,D60,54,18,29,43
expedited,66,zp7,D64,236,105,67,274
expedited,66,zp7,D80,156,78,49,185
expedited,66,zp7,D83,656,65,242,479
expedited,66,zp7,DB0,20,11,9,22
expedited,66,zp7,DB8,25,14,12,27
expedited,66,zp7,DE2,9,1,4,6
expedited,66,zp7,DE4,70,25,21,74
expedited,66,zp7,DE5,153,73,76,150
expedited,66,zp7,DF4,7,1,2,6
expedited,66,zp7,DF6,7,13,3,17
expedited,66,zp7,DG6,621,306,266,661
expedited,66,zp7,DG8,336,190,156,370
expedited,66,zp7,DK7,131,48,31,148
expedited,66,zp7,DK8,479,209,210,478
expedited,66,zp7,DK9,28,20,7,41
expedited,66,zp7,DM4,21,9,6,24
expedited,66,zp7,DN1,10,5,8,7
expedited,66,zp7,DN4,633,305,281,657
expedited,66,zp7,DN6,26,6,12,20
expedited,66,zp7,DP2,91,61,43,109
expedited,66,zp7,DQ4,61,23,29,55
expedited,66,zp7,DQ9,233,123,110,246
expedited,66,zp7,DR8,53,36,22,67
expedited,66,zp7,DS9,176,79,79,176
expedited,66,zp7,G0C,109,101,83,127
expedited,66,zp7,G0K,826,608,630,804
expedited,66,zp7,G0L,58,36,47,47
expedited,66,zp7,G0R,32,19,24,27
expedited,66,zp7,G1A,306,270,224,352
expedited,66,zp7,G1C,615,485,464,636
expedited,66,zp7,G1D,393,301,286,408
expedited,66,zp7,G1Z,376,280,242,414
expedited,66,zp7,Q1A,0,177,177,0
expedited,66,zp7,Q2J,0,762,762,0
expedited,66,zp7,Q4H,0,830,830,0
expedited,66,zp7,Q4P,0,231,231,0
expedited,67,battery-supplier_inv,BEV,0,0,0,0
expedited,67,battery-supplier_prod,componment_battery1,0,0,0,0
expedited,67,battery-supplier_prod,componment_battery2,0,0,0,0
expedited,67,battery-supplier_prod,componment_battery3,0,0,0,0
expedited,67,engine-supplier_inv,D02,88,48,61,75
expedited,67,engine-supplier_inv,D2I,132,20,29,123
expedited,67,engine-supplier_inv,D33,316,178,161,333
expedited,67,engine-supplier_inv,D36,3,5,2,6
expedited,67,engine-supplier_inv,D60,45,28,28,45
expedited,67,engine-supplier_inv,D64,332,80,108,304
expedited,67,engine-supplier_inv,D80,182,56,47,191
expedited,67,engine-supplier_inv,D83,823,64,77,810
expedited,67,engine-supplier_inv,DB0,20,9,8,21
expedited,67,engine-supplier_inv,DB8,39,11,19,31
expedited,67,engine-supplier_inv,DE2,10,5,2,13
expedited,67,engine-supplier_inv,DE4,101,24,25,100
expedited,67,engine-supplier_inv,DE5,136,82,70,148
expedited,67,engine-supplier_inv,DF4,15,3,6,12
expedited,67,engine-supplier_inv,DF6,8,3,8,3
expedited,67,engine-supplier_inv,DG6,674,296,306,664
expedited,67,engine-supplier_inv,DG8,383,170,168,385
expedited,67,engine-supplier_inv,DK7,190,40,55,175
expedited,67,engine-supplier_inv,DK8,565,218,237,546
expedited,67,engine-supplier_inv,DK9,22,10,16,16
expedited,67,engine-supplier_inv,DM4,27,10,9,28
expedited,67,engine-supplier_inv,DN1,17,8,3,22
expedited,67,engine-supplier_inv,DN4,615,316,332,599
expedited,67,engine-supplier_inv,DN6,32,12,8,36
expedited,67,engine-supplier_inv,DP2,78,45,41,82
expedited,67,engine-supplier_inv,DQ4,67,29,27,69
expedited,67,engine-supplier_inv,DQ9,263,112,135,240
expedited,67,engine-supplier_inv,DR8,62,23,23,62
expedited,67,engine-supplier_inv,DS9,155,95,89,161
expedited,67,engine-supplier_prod,D02,0,30,30,0
expedited,67,engine-supplier_prod,D2I,0,49,49,0
expedited,67,engine-supplier_prod,D33,0,112,112,0
expedited,67,engine-supplier_prod,D36,0,2,2,0
expedited,67,engine-supplier_prod,D60,0,12,12,0
expedited,67,engine-supplier_prod,D64,0,135,135,0
expedited,67,engine-supplier_prod,D80,0,80,80,0
expedited,67,engine-supplier_prod,D83,0,384,384,0
expedited,67,engine-supplier_prod,DB0,0,10,10,0
expedited,67,engine-supplier_prod,DB8,0,11,11,0
expedited,67,engine-supplier_prod,DE2,0,3,3,0
expedited,67,engine-supplier_prod,DE4,0,41,41,0
expedited,67,engine-supplier_prod,DE5,0,50,50,0
expedited,67,engine-supplier_prod,DF4,0,3,3,0
expedited,67,engine-supplier_prod,DF6,0,2,2,0
expedited,67,engine-supplier_prod,DG6,0,233,233,0
expedited,67,engine-supplier_prod,DG8,0,117,117,0
expedited,67,engine-supplier_prod,DK7,0,79,79,0
expedited,67,engine-supplier_prod,DK8,0,183,183,0
expedited,67,engine-supplier_prod,DK9,0,11,11,0
expedited,67,engine-supplier_prod,DM4,0,9,9,0
expedited,67,engine-supplier_prod,DN1,0,2,2,0
expedited,67,engine-supplier_prod,DN4,0,223,223,0
expedited,67,engine-supplier_prod,DN6,0,10,10,0
expedited,67,engine-supplier_prod,DP2,0,29,29,0
expedited,67,engine-supplier_prod,DQ4,0,24,24,0
expedited,67,engine-supplier_prod,DQ9,0,88,88,0
expedited,67,engine-supplier_prod,DR8,0,18,18,0
expedited,67,engine-supplier_prod,DS9,0,50,50,0
expedited,67,gear-supplier_inv,G0C,192,106,87,211
expedited,67,gear-supplier_inv,G0K,900,670,697,873
expedited,67,gear-supplier_inv,G0L,48,40,50,38
expedited,67,gear-supplier_inv,G0R,23,33,28,28
expedited,67,gear-supplier_inv,G1A,356,237,244,349
expedited,67,gear-supplier_inv,G1C,686,525,559,652
expedited,67,gear-supplier_inv,G1D,448,313,358,403
expedited,67,gear-supplier_inv,G1Z,747,76,77,746
expedited,67,gear-supplier_prod,G0C,0,94,94,0
expedited,67,gear-supplier_prod,G0K,0,540,540,0
expedited,67,gear-supplier_prod,G0L,0,29,29,0
expedited,67,gear-supplier_prod,G0R,0,15,15,0
expedited,67,gear-supplier_prod,G1A,0,234,234,0
expedited,67,gear-supplier_prod,G1C,0,430,430,0
expedited,67,gear-supplier_prod,G1D,0,274,274,0
expedited,67,gear-supplier_prod,G1Z,0,384,384,0
expedited,67,seat-supplier_inv,Q1A,0,177,177,0
expedited,67,seat-supplier_inv,Q2J,0,667,667,0
expedited,67,seat-supplier_inv,Q4H,0,849,849,0
expedited,67,seat-supplier_inv,Q4P,0,307,307,0
expedited,67,seat-supplier_prod,componment_seat1,2876,0,667,2209
expedited,67,seat-supplier_prod,componment_seat2,3641,0,849,2792
expedited,67,seat-supplier_prod,componment_seat3,1166,0,307,859
expedited,67,seat-supplier_prod,componment_seat4,732,0,177,555
expedited,67,zp7,BEV,52,65,117,0
expedited,67,zp7,D02,108,35,36,107
expedited,67,zp7,D2I,86,48,52,82
expedited,67,zp7,D33,373,119,144,348
expedited,67,zp7,D36,6,1,3,4
expedited,67,zp7,D60,43,10,19,34
expedited,67,zp7,D64,274,127,146,255
expedited,67,zp7,D80,185,86,87,184
expedited,67,zp7,D83,479,390,117,752
expedited,67,zp7,DB0,22,6,11,17
expedited,67,zp7,DB8,27,14,8,33
expedited,67,zp7,DE2,6,3,4,5
expedited,67,zp7,DE4,74,54,44,84
expedited,67,zp7,DE5,150,49,57,142
expedited,67,zp7,DF4,6,1,4,3
expedited,67,zp7,DF6,17,3,2,18
expedited,67,zp7,DG6,661,232,276,617
expedited,67,zp7,DG8,370,136,143,363
expedited,67,zp7,DK7,148,88,90,146
expedited,67,zp7,DK8,478,178,199,457
expedited,67,zp7,DK9,41,11,14,38
expedited,67,zp7,DM4,24,9,12,21
expedited,67,zp7,DN1,7,2,1,8
expedited,67,zp7,DN4,657,279,271,665
expedited,67,zp7,DN6,20,12,11,21
expedited,67,zp7,DP2,109,35,35,109
expedited,67,zp7,DQ4,55,21,25,51
expedited,67,zp7,DQ9,246,78,97,227
expedited,67,zp7,DR8,67,16,22,61
expedited,67,zp7,DS9,176,57,70,163
expedited,67,zp7,G0C,127,78,100,105
expedited,67,zp7,G0K,804,687,627,864
expedited,67,zp7,G0L,47,46,38,55
expedited,67,zp7,G0R,27,28,18,37
expedited,67,zp7,G1A,352,287,269,370
expedited,67,zp7,G1C,636,555,508,683
expedited,67,zp7,G1D,408,354,323,439
expedited,67,zp7,G1Z,414,65,117,362
expedited,67,zp7,Q1A,0,177,177,0
expedited,67,zp7,Q2J,0,667,667,0
expedited,67,zp7,Q4H,0,849,849,0
expedited,67,zp7,Q4P,0,307,307,0
expedited,68,battery-supplier_inv,BEV,0,0,0,0
expedited,68,battery-supplier_prod,componment_battery1,0,0,0,0
expedited,68,battery-supplier_prod,componment_battery2,0,0,0,0
expedited,68,battery-supplier_prod,componment_battery3,0,0,0,0
expedited,68,engine-supplier_inv,D02,75,30,59,46
expedited,68,engine-supplier_inv,D2I,123,49,36,136
expedited,68,engine-supplier_inv,D33,333,112,159,286
expedited,68,engine-supplier_inv,D36,6,2,1,7
expedited,68,engine-supplier_inv,D60,45,12,30,27
expedited,68,engine-supplier_inv,D64,304,135,81,358
expedited,68,engine-supplier_inv,D80,191,80,53,218
expedited,68,engine-supplier_inv,D83,810,384,56,1138
expedited,68,engine-supplier_inv,DB0,21,10,7,24
expedited,68,engine-supplier_inv,DB8,31,11,22,20
expedited,68,engine-supplier_inv,DE2,13,3,3,13
expedited,68,engine-supplier_inv,DE4,100,41,30,111
expedited,68,engine-supplier_inv,DE5,148,50,68,130
expedited,68,engine-supplier_inv,DF4,12,3,6,9
expedited,68,engine-supplier_inv,DF6,3,2,4,1
expedited,68,engine-supplier_inv,DG6,664,233,335,562
expedited,68,engine-supplier_inv,DG8,385,117,191,311
expedited,68,engine-supplier_inv,DK7,175,79,53,201
expedited,68,engine-supplier_inv,DK8,546,183,234,495
expedited,68,engine-supplier_inv,DK9,16,11,10,17
expedited,68,engine-supplier_inv,DM4,28,9,12,25
expedited,68,engine-supplier_inv,DN1,22,2,9,15
expedited,68,engine-supplier_inv,DN4,599,223,310,512
expedited,68,engine-supplier_inv,DN6,36,10,13,33
expedited,68,engine-supplier_inv,DP2,82,29,48,63
expedited,68,engine-supplier_inv,DQ4,69,24,33,60
expedited,68,engine-supplier_inv,DQ9,240,88,134,194
expedited,68,engine-supplier_inv,DR8,62,18,34,46
expedited,68,engine-supplier_inv,DS9,161,50,69,142
expedited,68,engine-supplier_prod,D02,0,53,53,0
expedited,68,engine-supplier_prod,D2I,0,27,27,0
expedited,68,engine-supplier_prod,D33,0,178,178,0
expedited,68,engine-supplier_prod,D36,0,3,3,0
expedited,68,engine-supplier_prod,D60,0,19,19,0
expedited,68,engine-supplier_prod,D64,0,96,96,0
expedited,68,engine-supplier_prod,D80,0,74,74,0
expedited,68,engine-supplier_prod,D83,0,59,59,0
expedited,68,engine-supplier_prod,DB0,0,10,10,0
expedited,68,engine-supplier_prod,DB8,0,11,11,0
expedited,68,engine-supplier_prod,DE2,0,2,2,0
expedited,68,engine-supplier_prod,DE4,0,25,25,0
expedited,68,engine-supplier_prod,DE5,0,69,69,0
expedited,68,engine-supplier_prod,DF4,0,2,2,0
expedited,68,engine-supplier_prod,DF6,0,10,10,0
expedited,68,engine-supplier_prod,DG6,0,291,291,0
expedited,68,engine-supplier_prod,DG8,0,173,173,0
expedited,68,engine-supplier_prod,DK7,0,48,48,0
expedited,68,engine-supplier_prod,DK8,0,217,217,0
expedited,68,engine-supplier_prod,DK9,0,21,21,0
expedited,68,engine-supplier_prod,DM4,0,8,8,0
expedited,68,engine-supplier_prod,DN1,0,1,1,0
expedited,68,engine-supplier_prod,DN4,0,283,283,0
expedited,68,engine-supplier_prod,DN6,0,8,8,0
expedited,68,engine-supplier_prod,DP2,0,59,59,0
expedited,68,engine-supplier_prod,DQ4,0,22,22,0
expedited,68,engine-supplier_prod,DQ9,0,111,111,0
expedited,68,engine-supplier_prod,DR8,0,40,40,0
expedited,68,engine-supplier_prod,DS9,0,80,80,0
expedited,68,gear-supplier_inv,G0C,211,82,113,180
expedited,68,gear-supplier_inv,G0K,873,688,726,835
expedited,68,gear-supplier_inv,G0L,38,51,46,43
expedited,68,gear-supplier_inv,G0R,28,26,31,23
expedited,68,gear-supplier_inv,G1A,349,259,256,352
expedited,68,gear-supplier_inv,G1C,652,515,547,620
expedited,68,gear-supplier_inv,G1D,403,315,325,393
expedited,68,gear-supplier_inv,G1Z,746,64,56,754
expedited,68,gear-supplier_prod,G0C,0,84,84,0
expedited,68,gear-supplier_prod,G0K,0,660,660,0
expedited,68,gear-supplier_prod,G0L,0,48,48,0
expedited,68,gear-supplier_prod,G0R,0,26,26,0
expedited,68,gear-supplier_prod,G1A,0,279,279,0
expedited,68,gear-supplier_prod,G1C,0,513,513,0
expedited,68,gear-supplier_prod,G1D,0,331,331,0
expedited,68,gear-supplier_prod,G1Z,0,59,59,0
expedited,68,seat-supplier_inv,Q1A,0,205,205,0
expedited,68,seat-supplier_inv,Q2J,0,709,709,0
expedited,68,seat-supplier_inv,Q4H,0,775,775,0
expedited,68,seat-supplier_inv,Q4P,0,311,311,0
expedited,68,seat-supplier_prod,componment_seat1,2209,0,709,1500
expedited,68,seat-supplier_prod,componment_seat2,2792,0,775,2017
expedited,68,seat-supplier_prod,componment_seat3,859,0,311,548
expedited,68,seat-supplier_prod,componment_seat4,555,0,205,350
expedited,68,zp7,BEV,0,0,0,0
expedited,68,zp7,D02,107,61,56,112
expedited,68,zp7,D2I,82,29,25,86
expedited,68,zp7,D33,348,161,184,325
expedited,68,zp7,D36,4,2,3,3
expedited,68,zp7,D60,34,28,19,43
expedited,68,zp7,D64,255,108,102,261
expedited,68,zp7,D80,184,47,74,157
expedited,68,zp7,D83,752,77,0,829
expedited,68,zp7,DB0,17,8,10,15
expedited,68,zp7,DB8,33,19,15,37
expedited,68,zp7,DE2,5,2,2,5
expedited,68,zp7,DE4,84,25,26,83
expedited,68,zp7,DE5,142,70,67,145
expedited,68,zp7,DF4,3,6,2,7
expedited,68,zp7,DF6,18,8,11,15
expedited,68,zp7,DG6,617,306,299,624
expedited,68,zp7,DG8,363,168,171,360
expedited,68,zp7,DK7,146,55,50,151
expedited,68,zp7,DK8,457,237,232,462
expedited,68,zp7,DK9,38,16,22,32
expedited,68,zp7,DM4,21,9,9,21
expedited,68,zp7,DN1,8,3,2,9
expedited,68,zp7,DN4,665,332,290,707
expedited,68,zp7,DN6,21,8,8,21
expedited,68,zp7,DP2,109,41,60,90
expedited,68,zp7,DQ4,51,27,23,55
expedited,68,zp7,DQ9,227,135,115,247
expedited,68,zp7,DR8,61,23,40,44
expedited,68,zp7,DS9,163,89,83,169
expedited,68,zp7,G0C,105,93,86,112
expedited,68,zp7,G0K,864,599,689,774
expedited,68,zp7,G0L,55,32,48,39
expedited,68,zp7,G0R,37,21,26,32
expedited,68,zp7,G1A,370,239,290,319
expedited,68,zp7,G1C,683,441,522,602
expedited,68,zp7,G1D,439,285,339,385
expedited,68,zp7,G1Z,362,390,0,752
expedited,68,zp7,Q1A,0,205,205,0
expedited,68,zp7,Q2J,0,709,709,0
expedited,68,zp7,Q4H,0,775,775,0
expedited,68,zp7,Q4P,0,311,311,0
expedited,69,battery-supplier_inv,BEV,0,0,0,0
expedited,69,battery-supplier_prod,componment_battery1,0,4220,2940,1280
expedited,69,battery-supplier_prod,componment_battery2,0,2532,1764,768
expedited,69,battery-supplier_prod,componment_battery3,0,1688,1176,512
expedited,69,engine-supplier_inv,D02,46,53,26,73
expedited,69,engine-supplier_inv,D2I,136,27,62,101
expedited,69,engine-supplier_inv,D33,286,178,90,374
expedited,69,engine-supplier_inv,D36,7,3,0,10
expedited,69,engine-supplier_inv,D60,27,19,7,39
expedited,69,engine-supplier_inv,D64,358,96,171,283
expedited,69,engine-supplier_inv,D80,218,74,94,198
expedited,69,engine-supplier_inv,D83,1138,59,584,613
expedited,69,engine-supplier_inv,DB0,24,10,5,29
expedited,69,engine-supplier_inv,DB8,20,11,8,23
expedited,69,engine-supplier_inv,DE2,13,2,3,12
expedited,69,engine-supplier_inv,DE4,111,25,60,76
expedited,69,engine-supplier_inv,DE5,130,69,51,148
expedited,69,engine-supplier_inv,DF4,9,2,1,10
expedited,69,engine-supplier_inv,DF6,1,10,1,10
expedited,69,engine-supplier_inv,DG6,562,291,181,672
expedited,69,engine-supplier_inv,DG8,311,173,125,359
expedited,69,engine-supplier_inv,DK7,201,48,99,150
expedited,69,engine-supplier_inv,DK8,495,217,158,554
expedited,69,engine-supplier_inv,DK9,17,21,7,31
expedited,69,engine-supplier_inv,DM4,25,8,5,28
expedited,69,engine-supplier_inv,DN1,15,1,2,14
expedited,69,engine-supplier_inv,DN4,512,283,189,606
expedited,69,engine-supplier_inv,DN6,33,8,9,32
expedited,69,engine-supplier_inv,DP2,63,59,25,97
expedited,69,engine-supplier_inv,DQ4,60,22,14,68
expedited,69,engine-supplier_inv,DQ9,194,111,68,237
expedited,69,engine-supplier_inv,DR8,46,40,13,73
expedited,69,engine-supplier_inv,DS9,142,80,42,180
expedited,69,engine-supplier_prod,D02,0,43,43,0
expedited,69,engine-supplier_prod,D2I,0,39,39,0
expedited,69,engine-supplier_prod,D33,0,122,122,0
expedited,69,engine-supplier_prod,D36,0,1,1,0
expedited,69,engine-supplier_prod,D60,0,13,13,0
expedited,69,engine-supplier_prod,D64,0,113,113,0
expedited,69,engine-supplier_prod,D80,0,81,81,0
expedited,69,engine-supplier_prod,D83,0,275,275,0
expedited,69,engine-supplier_prod,DB0,0,5,5,0
expedited,69,engine-supplier_prod,DB8,0,16,16,0
expedited,69,engine-supplier_prod,DE2,0,3,3,0
expedited,69,engine-supplier_prod,DE4,0,41,41,0
expedited,69,engine-supplier_prod,DE5,0,52,52,0
expedited,69,engine-supplier_prod,DF4,0,1,1,0
expedited,69,engine-supplier_prod,DF6,0,7,7,0
expedited,69,engine-supplier_prod,DG6,0,245,245,0
expedited,69,engine-supplier_prod,DG8,0,144,144,0
expedited,69,engine-supplier_prod,DK7,0,68,68,0
expedited,69,engine-supplier_prod,DK8,0,175,175,0
expedited,69,engine-supplier_prod,DK9,0,11,11,0
expedited,69,engine-supplier_prod,DM4,0,11,11,0
expedited,69,engine-supplier_prod,DN1,0,6,6,0
expedited,69,engine-supplier_prod,DN4,0,292,292,0
expedited,69,engine-supplier_prod,DN6,0,10,10,0
expedited,69,engine-supplier_prod,DP2,0,40,40,0
expedited,69,engine-supplier_prod,DQ4,0,20,20,0
expedited,69,engine-supplier_prod,DQ9,0,91,91,0
expedited,69,engine-supplier_prod,DR8,0,16,16,0
expedited,69,engine-supplier_prod,DS9,0,59,59,0
expedited,69,gear-supplier_inv,G0C,180,94,91,183
expedited,69,gear-supplier_inv,G0K,835,540,504,871
expedited,69,gear-supplier_inv,G0L,43,29,29,43
expedited,69,gear-supplier_inv,G0R,23,15,12,26
expedited,69,gear-supplier_inv,G1A,352,234,192,394
expedited,69,gear-supplier_inv,G1C,620,430,407,643
expedited,69,gear-supplier_inv,G1D,393,274,281,386
expedited,69,gear-supplier_inv,G1Z,754,384,584,554
expedited,69,gear-supplier_prod,G0C,0,80,80,0
expedited,69,gear-supplier_prod,G0K,0,589,589,0
expedited,69,gear-supplier_prod,G0L,0,33,33,0
expedited,69,gear-supplier_prod,G0R,0,22,22,0
expedited,69,gear-supplier_prod,G1A,0,249,249,0
expedited,69,gear-supplier_prod,G1C,0,463,463,0
expedited,69,gear-supplier_prod,G1D,0,289,289,0
expedited,69,gear-supplier_prod,G1Z,0,275,275,0
expedited,69,seat-supplier_inv,Q1A,0,168,168,0
expedited,69,seat-supplier_inv,Q2J,0,657,657,0
expedited,69,seat-supplier_inv,Q4H,0,684,684,0
expedited,69,seat-supplier_inv,Q4P,0,286,286,0
expedited,69,seat-supplier_prod,componment_seat1,1500,5269,657,6112
expedited,69,seat-supplier_prod,componment_seat2,2017,5582,684,6915
expedited,69,seat-supplier_prod,componment_seat3,548,1923,286,2185
expedited,69,seat-supplier_prod,componment_seat4,350,1226,168,1408
expedited,69,zp7,BEV,0,0,0,0
expedited,69,zp7,D02,112,59,43,128
expedited,69,zp7,D2I,86,36,42,80
expedited,69,zp7,D33,325,159,128,356
expedited,69,zp7,D36,3,1,1,3
expedited,69,zp7,D60,43,30,13,60
expedited,69,zp7,D64,261,81,116,226
expedited,69,zp7,D80,157,53,85,125
expedited,69,zp7,D83,829,56,0,885
expedited,69,zp7,DB0,15,7,5,17
expedited,69,zp7,DB8,37,22,17,42
expedited,69,zp7,DE2,5,3,3,5
expedited,69,zp7,DE4,83,30,41,72
expedited,69,zp7,DE5,145,68,61,152
expedited,69,zp7,DF4,7,6,1,12
expedited,69,zp7,DF6,15,4,7,12
expedited,69,zp7,DG6,624,335,255,704
expedited,69,zp7,DG8,360,191,152,399
expedited,69,zp7,DK7,151,53,68,136
expedited,69,zp7,DK8,462,234,180,516
expedited,69,zp7,DK9,32,10,11,31
expedited,69,zp7,DM4,21,12,11,22
expedited,69,zp7,DN1,9,9,6,12
expedited,69,zp7,DN4,707,310,305,712
expedited,69,zp7,DN6,21,13,10,24
expedited,69,zp7,DP2,90,48,41,97
expedited,69,zp7,DQ4,55,33,21,67
expedited,69,zp7,DQ9,247,134,95,286
expedited,69,zp7,DR8,44,34,17,61
expedited,69,zp7,DS9,169,69,60,178
expedited,69,zp7,G0C,112,87,85,114
expedited,69,zp7,G0K,774,697,608,863
expedited,69,zp7,G0L,39,50,33,56
expedited,69,zp7,G0R,32,28,25,35
expedited,69,zp7,G1A,319,244,260,303
expedited,69,zp7,G1C,602,559,481,680
expedited,69,zp7,G1D,385,358,303,440
expedited,69,zp7,G1Z,752,77,0,829
expedited,69,zp7,Q1A,0,168,168,0
expedited,69,zp7,Q2J,0,657,657,0
expedited,69,zp7,Q4H,0,684,684,0
expedited,69,zp7,Q4P,0,286,286,0
expedited,70,battery-supplier_inv,BEV,0,294,294,0
expedited,70,battery-supplier_prod,componment_battery1,1280,0,1280,0
expedited,70,battery-supplier_prod,componment_battery2,768,0,768,0
expedited,70,battery-supplier_prod,componment_battery3,512,0,512,0
expedited,70,engine-supplier_inv,D02,73,43,45,71
expedited,70,engine-supplier_inv,D2I,101,39,28,112
expedited,70,engine-supplier_inv,D33,374,122,173,323
expedited,70,engine-supplier_inv,D36,10,1,3,8
expedited,70,engine-supplier_inv,D60,39,13,23,29
expedited,70,engine-supplier_inv,D64,283,113,92,304
expedited,70,engine-supplier_inv,D80,198,81,71,208
expedited,70,engine-supplier_inv,D83,613,275,52,836
expedited,70,engine-supplier_inv,DB0,29,5,13,21
expedited,70,engine-supplier_inv,DB8,23,16,13,26
expedited,70,engine-supplier_inv,DE2,12,3,4,11
expedited,70,engine-supplier_inv,DE4,76,41,18,99
expedited,70,engine-supplier_inv,DE5,148,52,66,134
expedited,70,engine-supplier_inv,DF4,10,1,6,5
expedited,70,engine-supplier_inv,DF6,10,7,6,11
expedited,70,engine-supplier_inv,DG6,672,245,329,588
expedited,70,engine-supplier_inv,DG8,359,144,174,329
expedited,70,engine-supplier_inv,DK7,150,68,46,172
expedited,70,engine-supplier_inv,DK8,554,175,260,469
expedited,70,engine-supplier_inv,DK9,31,11,17,25
expedited,70,engine-supplier_inv,DM4,28,11,11,28
expedited,70,engine-supplier_inv,DN1,14,6,5,15
expedited,70,engine-supplier_inv,DN4,606,292,307,591
expedited,70,engine-supplier_inv,DN6,32,10,10,32
expedited,70,engine-supplier_inv,DP2,97,40,44,93
expedited,70,engine-supplier_inv,DQ4,68,20,35,53
expedited,70,engine-supplier_inv,DQ9,237,91,125,203
expedited,70,engine-supplier_inv,DR8,73,16,38,51
expedited,70,engine-supplier_inv,DS9,180,59,86,153
expedited,70,engine-supplier_prod,D02,0,53,53,0
expedited,70,engine-supplier_prod,D2I,0,34,34,0
expedited,70,engine-supplier_prod,D33,0,145,145,0
expedited,70,engine-supplier_prod,D36,0,2,2,0
expedited,70,engine-supplier_prod,D60,0,20,20,0
expedited,70,engine-supplier_prod,D64,0,105,105,0
expedited,70,engine-supplier_prod,D80,0,55,55,0
expedited,70,engine-supplier_prod,D83,0,182,182,0
expedited,70,engine-supplier_prod,DB0,0,7,7,0
expedited,70,engine-supplier_prod,DB8,0,17,17,0
expedited,70,engine-supplier_prod,DE2,0,1,1,0
expedited,70,engine-supplier_prod,DE4,0,31,31,0
expedited,70,engine-supplier_prod,DE5,0,61,61,0
expedited,70,engine-supplier_prod,DF4,0,4,4,0
expedited,70,engine-supplier_prod,DF6,0,5,5,0
expedited,70,engine-supplier_prod,DG6,0,263,263,0
expedited,70,engine-supplier_prod,DG8,0,153,153,0
expedited,70,engine-supplier_prod,DK7,0,68,68,0
expedited,70,engine-supplier_prod,DK8,0,201,201,0
expedited,70,engine-supplier_prod,DK9,0,11,11,0
expedited,70,engine-supplier_prod,DM4,0,7,7,0
expedited,70,engine-supplier_prod,DN1,0,2,2,0
expedited,70,engine-supplier_prod,DN4,0,296,296,0
expedited,70,engine-supplier_prod,DN6,0,10,10,0
expedited,70,engine-supplier_prod,DP2,0,33,33,0
expedited,70,engine-supplier_prod,DQ4,0,24,24,0
expedited,70,engine-supplier_prod,DQ9,0,102,102,0
expedited,70,engine-supplier_prod,DR8,0,22,22,0
expedited,70,engine-supplier_prod,DS9,0,86,86,0
expedited,70,gear-supplier_inv,G0C,183,84,98,169
expedited,70,gear-supplier_inv,G0K,871,660,718,813
expedited,70,gear-supplier_inv,G0L,43,48,48,43
expedited,70,gear-supplier_inv,G0R,26,26,24,28
expedited,70,gear-supplier_inv,G1A,394,279,305,368
expedited,70,gear-supplier_inv,G1C,643,513,541,615
expedited,70,gear-supplier_inv,G1D,386,331,314,403
expedited,70,gear-supplier_inv,G1Z,554,59,52,561
expedited,70,gear-supplier_prod,G0C,0,89,89,0
expedited,70,gear-supplier_prod,G0K,0,631,631,0
expedited,70,gear-supplier_prod,G0L,0,42,42,0
expedited,70,gear-supplier_prod,G0R,0,24,24,0
expedited,70,gear-supplier_prod,G1A,0,214,214,0
expedited,70,gear-supplier_prod,G1C,0,500,500,0
expedited,70,gear-supplier_prod,G1D,0,318,318,0
expedited,70,gear-supplier_prod,G1Z,0,182,182,0
expedited,70,seat-supplier_inv,Q1A,0,182,182,0
expedited,70,seat-supplier_inv,Q2J,0,675,675,0
expedited,70,seat-supplier_inv,Q4H,0,699,699,0
expedited,70,seat-supplier_inv,Q4P,0,262,262,0
expedited,70,seat-supplier_prod,componment_seat1,6112,0,675,5437
expedited,70,seat-supplier_prod,componment_seat2,6915,0,699,6216
expedited,70,seat-supplier_prod,componment_seat3,2185,0,262,1923
expedited,70,seat-supplier_prod,componment_seat4,1408,0,182,1226
expedited,70,zp7,BEV,0,0,0,0
expedited,70,zp7,D02,128,26,53,101
expedited,70,zp7,D2I,80,62,34,108
expedited,70,zp7,D33,356,90,145,301
expedited,70,zp7,D36,3,0,2,1
expedited,70,zp7,D60,60,7,20,47
expedited,70,zp7,D64,226,171,105,292
expedited,70,zp7,D80,125,94,55,164
expedited,70,zp7,D83,885,584,0,1469
expedited,70,zp7,DB0,17,5,7,15
expedited,70,zp7,DB8,42,8,17,33
expedited,70,zp7,DE2,5,3,1,7
expedited,70,zp7,DE4,72,60,31,101
expedited,70,zp7,DE5,152,51,61,142
expedited,70,zp7,DF4,12,1,4,9
expedited,70,zp7,DF6,12,1,5,8
expedited,70,zp7,DG6,704,181,263,622
expedited,70,zp7,DG8,399,125,153,371
expedited,70,zp7,DK7,136,99,68,167
expedited,70,zp7,DK8,516,158,201,473
expedited,70,zp7,DK9,31,7,11,27
expedited,70,zp7,DM4,22,5,7,20
expedited,70,zp7,DN1,12,2,2,12
expedited,70,zp7,DN4,712,189,296,605
expedited,70,zp7,DN6,24,9,10,23
expedited,70,zp7,DP2,97,25,33,89
expedited,70,zp7,DQ4,67,14,24,57
expedited,70,zp7,DQ9,286,68,102,252
expedited,70,zp7,DR8,61,13,22,52
expedited,70,zp7,DS9,178,42,86,134
expedited,70,zp7,G0C,114,113,89,138
expedited,70,zp7,G0K,863,726,631,958
expedited,70,zp7,G0L,56,46,42,60
expedited,70,zp7,G0R,35,31,24,42
expedited,70,zp7,G1A,303,256,214,345
expedited,70,zp7,G1C,680,547,500,727
expedited,70,zp7,G1D,440,325,318,447
expedited,70,zp7,G1Z,829,56,0,885
expedited,70,zp7,Q1A,0,182,182,0
expedited,70,zp7,Q2J,0,675,675,0
expedited,70,zp7,Q4H,0,699,699,0
expedited,70,zp7,Q4P,0,262,262,0
expedited,71,battery-supplier_inv,BEV,0,128,128,0
expedited,71,battery-supplier_prod,componment_battery1,0,0,0,0
expedited,71,battery-supplier_prod,componment_battery2,0,0,0,0
expedited,71,battery-supplier_prod,componment_battery3,0,0,0,0
expedited,71,engine-supplier_inv,D02,71,53,31,93
expedited,71,engine-supplier_inv,D2I,112,34,12,134
expedited,71,engine-supplier_inv,D33,323,145,87,381
expedited,71,engine-supplier_inv,D36,8,2,2,8
expedited,71,engine-supplier_inv,D60,29,20,8,41
expedited,71,engine-supplier_inv,D64,304,105,59,350
expedited,71,engine-supplier_inv,D80,208,55,36,227
expedited,71,engine-supplier_inv,D83,836,182,31,987
expedited,71,engine-supplier_inv,DB0,21,7,7,21
expedited,71,engine-supplier_inv,DB8,26,17,6,37
expedited,71,engine-supplier_inv,DE2,11,1,1,11
expedited,71,engine-supplier_inv,DE4,99,31,15,115
expedited,71,engine-supplier_inv,DE5,134,61,34,161
expedited,71,engine-supplier_inv,DF4,5,4,0,9
expedited,71,engine-supplier_inv,DF6,11,5,7,9
expedited,71,engine-supplier_inv,DG6,588,263,145,706
expedited,71,engine-supplier_inv,DG8,329,153,85,397
expedited,71,engine-supplier_inv,DK7,172,68,26,214
expedited,71,engine-supplier_inv,DK8,469,201,99,571
expedited,71,engine-supplier_inv,DK9,25,11,11,25
expedited,71,engine-supplier_inv,DM4,28,7,3,32
expedited,71,engine-supplier_inv,DN1,15,2,0,17
expedited,71,engine-supplier_inv,DN4,591,296,128,759
expedited,71,engine-supplier_inv,DN6,32,10,4,38
expedited,71,engine-supplier_inv,DP2,93,33,34,92
expedited,71,engine-supplier_inv,DQ4,53,24,12,65
expedited,71,engine-supplier_inv,DQ9,203,102,59,246
expedited,71,engine-supplier_inv,DR8,51,22,19,54
expedited,71,engine-supplier_inv,DS9,153,86,39,200
expedited,71,engine-supplier_prod,D02,0,0,0,0
expedited,71,engine-supplier_prod,D2I,0,0,0,0
expedited,71,engine-supplier_prod,D33,0,0,0,0
expedited,71,engine-supplier_prod,D36,0,0,0,0
expedited,71,engine-supplier_prod,D60,0,0,0,0
expedited,71,engine-supplier_prod,D64,0,0,0,0
expedited,71,engine-supplier_prod,D80,0,0,0,0
expedited,71,engine-supplier_prod,D83,0,0,0,0
expedited,71,engine-supplier_prod,DB0,0,0,0,0
expedited,71,engine-supplier_prod,DB8,0,0,0,0
expedited,71,engine-supplier_prod,DE2,0,0,0,0
expedited,71,engine-supplier_prod,DE4,0,0,0,0
expedited,71,engine-supplier_prod,DE5,0,0,0,0
expedited,71,engine-supplier_prod,DF4,0,0,0,0
expedited,71,engine-supplier_prod,DF6,0,0,0,0
expedited,71,engine-supplier_prod,DG6,0,0,0,0
expedited,71,engine-supplier_prod,DG8,0,0,0,0
expedited,71,engine-supplier_prod,DK7,0,0,0,0
expedited,71,engine-supplier_prod,DK8,0,0,0,0
expedited,71,engine-supplier_prod,DK9,0,0,0,0
expedited,71,engine-supplier_prod,DM4,0,0,0,0
expedited,71,engine-supplier_prod,DN1,0,0,0,0
expedited,71,engine-supplier_prod,DN4,0,0,0,0
expedited,71,engine-supplier_prod,DN6,0,0,0,0
expedited,71,engine-supplier_prod,DP2,0,0,0,0
expedited,71,engine-supplier_prod,DQ4,0,0,0,0
expedited,71,engine-supplier_prod,DQ9,0,0,0,0
expedited,71,engine-supplier_prod,DR8,0,0,0,0
expedited,71,engine-supplier_prod,DS9,0,0,0,0
expedited,71,gear-supplier_inv,G0C,169,80,41,208
expedited,71,gear-supplier_inv,G0K,813,589,319,1083
expedited,71,gear-supplier_inv,G0L,43,33,22,54
expedited,71,gear-supplier_inv,G0R,28,22,13,37
expedited,71,gear-supplier_inv,G1A,368,249,136,481
expedited,71,gear-supplier_inv,G1C,615,463,260,818
expedited,71,gear-supplier_inv,G1D,403,289,178,514
expedited,71,gear-supplier_inv,G1Z,561,275,31,805
expedited,71,gear-supplier_prod,G0C,0,0,0,0
expedited,71,gear-supplier_prod,G0K,0,0,0,0
expedited,71,gear-supplier_prod,G0L,0,0,0,0
expedited,71,gear-supplier_prod,G0R,0,0,0,0
expedited,71,gear-supplier_prod,G1A,0,0,0,0
expedited,71,gear-supplier_prod,G1C,0,0,0,0
expedited,71,gear-supplier_prod,G1D,0,0,0,0
expedited,71,gear-supplier_prod,G1Z,0,0,0,0
expedited,71,seat-supplier_inv,Q1A,0,144,144,0
expedited,71,seat-supplier_inv,Q2J,0,717,717,0
expedited,71,seat-supplier_inv,Q4H,0,903,903,0
expedited,71,seat-supplier_inv,Q4P,0,236,236,0
expedited,71,seat-supplier_prod,componment_seat1,5437,0,717,4720
expedited,71,seat-supplier_prod,componment_seat2,6216,0,903,5313
expedited,71,seat-supplier_prod,componment_seat3,1923,0,236,1687
expedited,71,seat-supplier_prod,componment_seat4,1226,0,144,1082
expedited,71,zp7,BEV,0,294,294,0
expedited,71,zp7,D02,101,45,44,102
expedited,71,zp7,D2I,108,28,30,106
expedited,71,zp7,D33,301,173,120,354
expedited,71,zp7,D36,1,3,1,3
expedited,71,zp7,D60,47,23,22,48
expedited,71,zp7,D64,292,92,83,301
expedited,71,zp7,D80,164,71,47,188
expedited,71,zp7,D83,1469,52,294,1227
expedited,71,zp7,DB0,15,13,8,20
expedited,71,zp7,DB8,33,13,13,33
expedited,71,zp7,DE2,7,4,3,8
expedited,71,zp7,DE4,101,18,28,91
expedited,71,zp7,DE5,142,66,56,152
expedited,71,zp7,DF4,9,6,6,9
expedited,71,zp7,DF6,8,6,6,8
expedited,71,zp7,DG6,622,329,289,662
expedited,71,zp7,DG8,371,174,142,403
expedited,71,zp7,DK7,167,46,46,167
expedited,71,zp7,DK8,473,260,199,534
expedited,71,zp7,DK9,27,17,15,29
expedited,71,zp7,DM4,20,11,11,20
expedited,71,zp7,DN1,12,5,5,12
expedited,71,zp7,DN4,605,307,260,652
expedited,71,zp7,DN6,23,10,9,24
expedited,71,zp7,DP2,89,44,38,95
expedited,71,zp7,DQ4,57,35,25,67
expedited,71,zp7,DQ9,252,125,113,264
expedited,71,zp7,DR8,52,38,25,65
expedited,71,zp7,DS9,134,86,62,158
expedited,71,zp7,G0C,138,91,83,146
expedited,71,zp7,G0K,958,504,579,883
expedited,71,zp7,G0L,60,29,35,54
expedited,71,zp7,G0R,42,12,32,22
expedited,71,zp7,G1A,345,192,220,317
expedited,71,zp7,G1C,727,407,466,668
expedited,71,zp7,G1D,447,281,291,437
expedited,71,zp7,G1Z,885,584,294,1175
expedited,71,zp7,Q1A,0,144,144,0
expedited,71,zp7,Q2J,0,717,717,0
expedited,71,zp7,Q4H,0,903,903,0
expedited,71,zp7,Q4P,0,236,236,0
expedited,72,battery-supplier_inv,BEV,0,0,0,0
expedited,72,battery-supplier_prod,componment_battery1,0,0,0,0
expedited,72,battery-supplier_prod,componment_battery2,0,0,0,0
expedited,72,battery-supplier_prod,componment_battery3,0,0,0,0
expedited,72,engine-supplier_inv,D02,93,0,0,93
expedited,72,engine-supplier_inv,D2I,134,0,0,134
expedited,72,engine-supplier_inv,D33,381,0,0,381
expedited,72,engine-supplier_inv,D36,8,0,0,8
expedited,72,engine-supplier_inv,D60,41,0,0,41
expedited,72,engine-supplier_inv,D64,350,0,0,350
expedited,72,engine-supplier_inv,D80,227,0,0,227
expedited,72,engine-supplier_inv,D83,987,0,0,987
expedited,72,engine-supplier_inv,DB0,21,0,0,21
expedited,72,engine-supplier_inv,DB8,37,0,0,37
expedited,72,engine-supplier_inv,DE2,11,0,0,11
expedited,72,engine-supplier_inv,DE4,115,0,0,115
expedited,72,engine-supplier_inv,DE5,161,0,0,161
expedited,72,engine-supplier_inv,DF4,9,0,0,9
expedited,72,engine-supplier_inv,DF6,9,0,0,9
expedited,72,engine-supplier_inv,DG6,706,0,0,706
expedited,72,engine-supplier_inv,DG8,397,0,0,397
expedited,72,engine-supplier_inv,DK7,214,0,0,214
expedited,72,engine-supplier_inv,DK8,571,0,0,571
expedited,72,engine-supplier_inv,DK9,25,0,0,25
expedited,72,engine-supplier_inv,DM4,32,0,0,32
expedited,72,engine-supplier_inv,DN1,17,0,0,17
expedited,72,engine-supplier_inv,DN4,759,0,0,759
expedited,72,engine-supplier_inv,DN6,38,0,0,38
expedited,72,engine-supplier_inv,DP2,92,0,0,92
expedited,72,engine-supplier_inv,DQ4,65,0,0,65
expedited,72,engine-supplier_inv,DQ9,246,0,0,246
expedited,72,engine-supplier_inv,DR8,54,0,0,54
expedited,72,engine-supplier_inv,DS9,200,0,0,200
expedited,72,engine-supplier_prod,D02,0,0,0,0
expedited,72,engine-supplier_prod,D2I,0,0,0,0
expedited,72,engine-supplier_prod,D33,0,0,0,0
expedited,72,engine-supplier_prod,D36,0,0,0,0
expedited,72,engine-supplier_prod,D60,0,0,0,0
expedited,72,engine-supplier_prod,D64,0,0,0,0
expedited,72,engine-supplier_prod,D80,0,0,0,0
expedited,72,engine-supplier_prod,D83,0,0,0,0
expedited,72,engine-supplier_prod,DB0,0,0,0,0
expedited,72,engine-supplier_prod,DB8,0,0,0,0
expedited,72,engine-supplier_prod,DE2,0,0,0,0
expedited,72,engine-supplier_prod,DE4,0,0,0,0
expedited,72,engine-supplier_prod,DE5,0,0,0,0
expedited,72,engine-supplier_prod,DF4,0,0,0,0
expedited,72,engine-supplier_prod,DF6,0,0,0,0
expedited,72,engine-supplier_prod,DG6,0,0,0,0
expedited,72,engine-supplier_prod,DG8,0,0,0,0
expedited,72,engine-supplier_prod,DK7,0,0,0,0
expedited,72,engine-supplier_prod,DK8,0,0,0,0
expedited,72,engine-supplier_prod,DK9,0,0,0,0
expedited,72,engine-supplier_prod,DM4,0,0,0,0
expedited,72,engine-supplier_prod,DN1,0,0,0,0
expedited,72,engine-supplier_prod,DN4,0,0,0,0
expedited,72,engine-supplier_prod,DN6,0,0,0,0
expedited,72,engine-supplier_prod,DP2,0,0,0,0
expedited,72,engine-supplier_prod,DQ4,0,0,0,0
expedited,72,engine-supplier_prod,DQ9,0,0,0,0
expedited,72,engine-supplier_prod,DR8,0,0,0,0
expedited,72,engine-supplier_prod,DS9,0,0,0,0
expedited,72,gear-supplier_inv,G0C,208,89,0,297
expedited,72,gear-supplier_inv,G0K,1083,631,0,1714
expedited,72,gear-supplier_inv,G0L,54,42,0,96
expedited,72,gear-supplier_inv,G0R,37,24,0,61
expedited,72,gear-supplier_inv,G1A,481,214,0,695
expedited,72,gear-supplier_inv,G1C,818,500,0,1318
expedited,72,gear-supplier_inv,G1D,514,318,0,832
expedited,72,gear-supplier_inv,G1Z,805,182,0,987
expedited,72,gear-supplier_prod,G0C,0,0,0,0
expedited,72,gear-supplier_prod,G0K,0,0,0,0
expedited,72,gear-supplier_prod,G0L,0,0,0,0
expedited,72,gear-supplier_prod,G0R,0,0,0,0
expedited,72,gear-supplier_prod,G1A,0,0,0,0
expedited,72,gear-supplier_prod,G1C,0,0,0,0
expedited,72,gear-supplier_prod,G1D,0,0,0,0
expedited,72,gear-supplier_prod,G1Z,0,0,0,0
expedited,72,seat-supplier_inv,Q1A,0,179,179,0
expedited,72,seat-supplier_inv,Q2J,0,768,768,0
expedited,72,seat-supplier_inv,Q4H,0,766,766,0
expedited,72,seat-supplier_inv,Q4P,0,287,287,0
expedited,72,seat-supplier_prod,componment_seat1,4720,0,768,3952
expedited,72,seat-supplier_prod,componment_seat2,5313,0,766,4547
expedited,72,seat-supplier_prod,componment_seat3,1687,0,287,1400
expedited,72,seat-supplier_prod,componment_seat4,1082,0,179,903
expedited,72,zp7,BEV,0,128,128,0
expedited,72,zp7,D02,102,31,50,83
expedited,72,zp7,D2I,106,12,40,78
expedited,72,zp7,D33,354,87,138,303
expedited,72,zp7,D36,3,2,0,5
expedited,72,zp7,D60,48,8,25,31
expedited,72,zp7,D64,301,59,114,246
expedited,72,zp7,D80,188,36,69,155
expedited,72,zp7,D83,1227,31,128,1130
expedited,72,zp7,DB0,20,7,7,20
expedited,72,zp7,DB8,33,6,19,20
expedited,72,zp7,DE2,8,1,3,6
expedited,72,zp7,DE4,91,15,39,67
expedited,72,zp7,DE5,152,34,63,123
expedited,72,zp7,DF4,9,0,2,7
expedited,72,zp7,DF6,8,7,2,13
expedited,72,zp7,DG6,662,145,270,537
expedited,72,zp7,DG8,403,85,172,316
expedited,72,zp7,DK7,167,26,64,129
expedited,72,zp7,DK8,534,99,212,421
expedited,72,zp7,DK9,29,11,10,30
expedited,72,zp7,DM4,20,3,8,15
expedited,72,zp7,DN1,12,0,6,6
expedited,72,zp7,DN4,652,128,278,502
expedited,72,zp7,DN6,24,4,14,14
expedited,72,zp7,DP2,95,34,43,86
expedited,72,zp7,DQ4,67,12,28,51
expedited,72,zp7,DQ9,264,59,111,212
expedited,72,zp7,DR8,65,19,24,60
expedited,72,zp7,DS9,158,39,61,136
expedited,72,zp7,G0C,146,98,101,143
expedited,72,zp7,G0K,883,718,660,941
expedited,72,zp7,G0L,54,48,49,53
expedited,72,zp7,G0R,22,24,19,27
expedited,72,zp7,G1A,317,305,238,384
expedited,72,zp7,G1C,668,541,493,716
expedited,72,zp7,G1D,437,314,312,439
expedited,72,zp7,G1Z,1175,52,128,1099
expedited,72,zp7,Q1A,0,179,179,0
expedited,72,zp7,Q2J,0,768,768,0
expedited,72,zp7,Q4H,0,766,766,0
expedited,72,zp7,Q4P,0,287,287,0
expedited,73,battery-supplier_inv,BEV,0,0,0,0
expedited,73,battery-supplier_prod,componment_battery1,0,0,0,0
expedited,73,battery-supplier_prod,componment_battery2,0,0,0,0
expedited,73,battery-supplier_prod,componment_battery3,0,0,0,0
expedited,73,engine-supplier_inv,D02,93,0,0,93
expedited,73,engine-supplier_inv,D2I,134,0,0,134
expedited,73,engine-supplier_inv,D33,381,0,0,381
expedited,73,engine-supplier_inv,D36,8,0,0,8
expedited,73,engine-supplier_inv,D60,41,0,0,41
expedited,73,engine-supplier_inv,D64,350,0,0,350
expedited,73,engine-supplier_inv,D80,227,0,0,227
expedited,73,engine-supplier_inv,D83,987,0,0,987
expedited,73,engine-supplier_inv,DB0,21,0,0,21
expedited,73,engine-supplier_inv,DB8,37,0,0,37
expedited,73,engine-supplier_inv,DE2,11,0,0,11
expedited,73,engine-supplier_inv,DE4,115,0,0,115
expedited,73,engine-supplier_inv,DE5,161,0,0,161
expedited,73,engine-supplier_inv,DF4,9,0,0,9
expedited,73,engine-supplier_inv,DF6,9,0,0,9
expedited,73,engine-supplier_inv,DG6,706,0,0,706
expedited,73,engine-supplier_inv,DG8,397,0,0,397
expedited,73,engine-supplier_inv,DK7,214,0,0,214
expedited,73,engine-supplier_inv,DK8,571,0,0,571
expedited,73,engine-supplier_inv,DK9,25,0,0,25
expedited,73,engine-supplier_inv,DM4,32,0,0,32
expedited,73,engine-supplier_inv,DN1,17,0,0,17
expedited,73,engine-supplier_inv,DN4,759,0,0,759
expedited,73,engine-supplier_inv,DN6,38,0,0,38
expedited,73,engine-supplier_inv,DP2,92,0,0,92
expedited,73,engine-supplier_inv,DQ4,65,0,0,65
expedited,73,engine-supplier_inv,DQ9,246,0,0,246
expedited,73,engine-supplier_inv,DR8,54,0,0,54
expedited,73,engine-supplier_inv,DS9,200,0,0,200
expedited,73,engine-supplier_prod,D02,0,0,0,0
expedited,73,engine-supplier_prod,D2I,0,0,0,0
expedited,73,engine-supplier_prod,D33,0,0,0,0
expedited,73,engine-supplier_prod,D36,0,0,0,0
expedited,73,engine-supplier_prod,D60,0,0,0,0
expedited,73,engine-supplier_prod,D64,0,0,0,0
expedited,73,engine-supplier_prod,D80,0,0,0,0
expedited,73,engine-supplier_prod,D83,0,0,0,0
expedited,73,engine-supplier_prod,DB0,0,0,0,0
expedited,73,engine-supplier_prod,DB8,0,0,0,0
expedited,73,engine-supplier_prod,DE2,0,0,0,0
expedited,73,engine-supplier_prod,DE4,0,0,0,0
expedited,73,engine-supplier_prod,DE5,0,0,0,0
expedited,73,engine-supplier_prod,DF4,0,0,0,0
expedited,73,engine-supplier_prod,DF6,0,0,0,0
expedited,73,engine-supplier_prod,DG6,0,0,0,0
expedited,73,engine-supplier_prod,DG8,0,0,0,0
expedited,73,engine-supplier_prod,DK7,0,0,0,0
expedited,73,engine-supplier_prod,DK8,0,0,0,0
expedited,73,engine-supplier_prod,DK9,0,0,0,0
expedited,73,engine-supplier_prod,DM4,0,0,0,0
expedited,73,engine-supplier_prod,DN1,0,0,0,0
expedited,73,engine-supplier_prod,DN4,0,0,0,0
expedited,73,engine-supplier_prod,DN6,0,0,0,0
expedited,73,engine-supplier_prod,DP2,0,0,0,0
expedited,73,engine-supplier_prod,DQ4,0,0,0,0
expedited,73,engine-supplier_prod,DQ9,0,0,0,0
expedited,73,engine-supplier_prod,DR8,0,0,0,0
expedited,73,engine-supplier_prod,DS9,0,0,0,0
expedited,73,gear-supplier_inv,G0C,297,0,0,297
expedited,73,gear-supplier_inv,G0K,1714,0,0,1714
expedited,73,gear-supplier_inv,G0L,96,0,0,96
expedited,73,gear-supplier_inv,G0R,61,0,0,61
expedited,73,gear-supplier_inv,G1A,695,0,0,695
expedited,73,gear-supplier_inv,G1C,1318,0,0,1318
expedited,73,gear-supplier_inv,G1D,832,0,0,832
expedited,73,gear-supplier_inv,G1Z,987,0,0,987
expedited,73,gear-supplier_prod,G0C,0,0,0,0
expedited,73,gear-supplier_prod,G0K,0,0,0,0
expedited,73,gear-supplier_prod,G0L,0,0,0,0
expedited,73,gear-supplier_prod,G0R,0,0,0,0
expedited,73,gear-supplier_prod,G1A,0,0,0,0
expedited,73,gear-supplier_prod,G1C,0,0,0,0
expedited,73,gear-supplier_prod,G1D,0,0,0,0
expedited,73,gear-supplier_prod,G1Z,0,0,0,0
expedited,73,seat-supplier_inv,Q1A,0,170,170,0
expedited,73,seat-supplier_inv,Q2J,0,613,613,0
expedited,73,seat-supplier_inv,Q4H,0,666,666,0
expedited,73,seat-supplier_inv,Q4P,0,274,274,0
expedited,73,seat-supplier_prod,componment_seat1,3952,0,613,3339
expedited,73,seat-supplier_prod,componment_seat2,4547,0,666,3881
expedited,73,seat-supplier_prod,componment_seat3,1400,0,274,1126
expedited,73,seat-supplier_prod,componment_seat4,903,0,170,733
expedited,73,zp7,BEV,0,0,0,0
expedited,73,zp7,D02,83,0,34,49
expedited,73,zp7,D2I,78,0,56,22
expedited,73,zp7,D33,303,0,125,178
expedited,73,zp7,D36,5,0,2,3
expedited,73,zp7,D60,31,0,11,20
expedited,73,zp7,D64,246,0,144,102
expedited,73,zp7,D80,155,0,80,75
expedited,73,zp7,D83,1130,0,0,1130
expedited,73,zp7,DB0,20,0,10,10
expedited,73,zp7,DB8,20,0,5,15
expedited,73,zp7,DE2,6,0,4,2
expedited,73,zp7,DE4,67,0,41,26
expedited,73,zp7,DE5,123,0,52,71
expedited,73,zp7,DF4,7,0,5,2
expedited,73,zp7,DF6,13,0,1,12
expedited,73,zp7,DG6,537,0,242,295
expedited,73,zp7,DG8,316,0,155,161
expedited,73,zp7,DK7,129,0,77,52
expedited,73,zp7,DK8,421,0,196,225
expedited,73,zp7,DK9,30,0,10,20
expedited,73,zp7,DM4,15,0,8,7
expedited,73,zp7,DN1,6,0,4,2
expedited,73,zp7,DN4,502,0,224,278
expedited,73,zp7,DN6,14,0,7,7
expedited,73,zp7,DP2,86,0,30,56
expedited,73,zp7,DQ4,51,0,24,27
expedited,73,zp7,DQ9,212,0,102,110
expedited,73,zp7,DR8,60,0,21,39
expedited,73,zp7,DS9,136,0,53,83
expedited,73,zp7,G0C,143,41,100,84
expedited,73,zp7,G0K,941,319,594,666
expedited,73,zp7,G0L,53,22,29,46
expedited,73,zp7,G0R,27,13,15,25
expedited,73,zp7,G1A,384,136,232,288
expedited,73,zp7,G1C,716,260,467,509
expedited,73,zp7,G1D,439,178,286,331
expedited,73,zp7,G1Z,1099,31,0,1130
expedited,73,zp7,Q1A,0,170,170,0
expedited,73,zp7,Q2J,0,613,613,0
expedited,73,zp7,Q4H,0,666,666,0
expedited,73,zp7,Q4P,0,274,274,0
expedited,74,battery-supplier_inv,BEV,0,0,0,0
expedited,74,battery-supplier_prod,componment_battery1,0,0,0,0
expedited,74,battery-supplier_prod,componment_battery2,0,0,0,0
expedited,74,battery-supplier_prod,componment_battery3,0,0,0,0
expedited,74,engine-supplier_inv,D02,93,0,0,93
expedited,74,engine-supplier_inv,D2I,134,0,0,134
expedited,74,engine-supplier_inv,D33,381,0,0,381
expedited,74,engine-supplier_inv,D36,8,0,0,8
expedited,74,engine-supplier_inv,D60,41,0,0,41
expedited,74,engine-supplier_inv,D64,350,0,0,350
expedited,74,engine-supplier_inv,D80,227,0,0,227
expedited,74,engine-supplier_inv,D83,987,0,0,987
expedited,74,engine-supplier_inv,DB0,21,0,0,21
expedited,74,engine-supplier_inv,DB8,37,0,0,37
expedited,74,engine-supplier_inv,DE2,11,0,0,11
expedited,74,engine-supplier_inv,DE4,115,0,0,115
expedited,74,engine-supplier_inv,DE5,161,0,0,161
expedited,74,engine-supplier_inv,DF4,9,0,0,9
expedited,74,engine-supplier_inv,DF6,9,0,0,9
expedited,74,engine-supplier_inv,DG6,706,0,0,706
expedited,74,engine-supplier_inv,DG8,397,0,0,397
expedited,74,engine-supplier_inv,DK7,214,0,0,214
expedited,74,engine-supplier_inv,DK8,571,0,0,571
expedited,74,engine-supplier_inv,DK9,25,0,0,25
expedited,74,engine-supplier_inv,DM4,32,0,0,32
expedited,74,engine-supplier_inv,DN1,17,0,0,17
expedited,74,engine-supplier_inv,DN4,759,0,0,759
expedited,74,engine-supplier_inv,DN6,38,0,0,38
expedited,74,engine-supplier_inv,DP2,92,0,0,92
expedited,74,engine-supplier_inv,DQ4,65,0,0,65
expedited,74,engine-supplier_inv,DQ9,246,0,0,246
expedited,74,engine-supplier_inv,DR8,54,0,0,54
expedited,74,engine-supplier_inv,DS9,200,0,0,200
expedited,74,engine-supplier_prod,D02,0,0,0,0
expedited,74,engine-supplier_prod,D2I,0,0,0,0
expedited,74,engine-supplier_prod,D33,0,0,0,0
expedited,74,engine-supplier_prod,D36,0,0,0,0
expedited,74,engine-supplier_prod,D60,0,0,0,0
expedited,74,engine-supplier_prod,D64,0,0,0,0
expedited,74,engine-supplier_prod,D80,0,0,0,0
expedited,74,engine-supplier_prod,D83,0,0,0,0
expedited,74,engine-supplier_prod,DB0,0,0,0,0
expedited,74,engine-supplier_prod,DB8,0,0,0,0
expedited,74,engine-supplier_prod,DE2,0,0,0,0
expedited,74,engine-supplier_prod,DE4,0,0,0,0
expedited,74,engine-supplier_prod,DE5,0,0,0,0
expedited,74,engine-supplier_prod,DF4,0,0,0,0
expedited,74,engine-supplier_prod,DF6,0,0,0,0
expedited,74,engine-supplier_prod,DG6,0,0,0,0
expedited,74,engine-supplier_prod,DG8,0,0,0,0
expedited,74,engine-supplier_prod,DK7,0,0,0,0
expedited,74,engine-supplier_prod,DK8,0,0,0,0
expedited,74,engine-supplier_prod,DK9,0,0,0,0
expedited,74,engine-supplier_prod,DM4,0,0,0,0
expedited,74,engine-supplier_prod,DN1,0,0,0,0
expedited,74,engine-supplier_prod,DN4,0,0,0,0
expedited,74,engine-supplier_prod,DN6,0,0,0,0
expedited,74,engine-supplier_prod,DP2,0,0,0,0
expedited,74,engine-supplier_prod,DQ4,0,0,0,0
expedited,74,engine-supplier_prod,DQ9,0,0,0,0
expedited,74,engine-supplier_prod,DR8,0,0,0,0
expedited,74,engine-supplier_prod,DS9,0,0,0,0
expedited,74,gear-supplier_inv,G0C,297,0,0,297
expedited,74,gear-supplier_inv,G0K,1714,0,0,1714
expedited,74,gear-supplier_inv,G0L,96,0,0,96
expedited,74,gear-supplier_inv,G0R,61,0,0,61
expedited,74,gear-supplier_inv,G1A,695,0,0,695
expedited,74,gear-supplier_inv,G1C,1318,0,0,1318
expedited,74,gear-supplier_inv,G1D,832,0,0,832
expedited,74,gear-supplier_inv,G1Z,987,0,0,987
expedited,74,gear-supplier_prod,G0C,0,0,0,0
expedited,74,gear-supplier_prod,G0K,0,0,0,0
expedited,74,gear-supplier_prod,G0L,0,0,0,0
expedited,74,gear-supplier_prod,G0R,0,0,0,0
expedited,74,gear-supplier_prod,G1A,0,0,0,0
expedited,74,gear-supplier_prod,G1C,0,0,0,0
expedited,74,gear-supplier_prod,G1D,0,0,0,0
expedited,74,gear-supplier_prod,G1Z,0,0,0,0
expedited,74,seat-supplier_inv,Q1A,0,196,196,0
expedited,74,seat-supplier_inv,Q2J,0,687,687,0
expedited,74,seat-supplier_inv,Q4H,0,762,762,0
expedited,74,seat-supplier_inv,Q4P,0,304,304,0
expedited,74,seat-supplier_prod,componment_seat1,3339,0,687,2652
expedited,74,seat-supplier_prod,componment_seat2,3881,0,762,3119
expedited,74,seat-supplier_prod,componment_seat3,1126,0,304,822
expedited,74,seat-supplier_prod,componment_seat4,733,0,196,537
expedited,74,zp7,BEV,0,0,0,0
expedited,74,zp7,D02,49,0,49,0
expedited,74,zp7,D2I,22,0,22,0
expedited,74,zp7,D33,178,0,178,0
expedited,74,zp7,D36,3,0,3,0
expedited,74,zp7,D60,20,0,20,0
expedited,74,zp7,D64,102,0,102,0
expedited,74,zp7,D80,75,0,75,0
expedited,74,zp7,D83,1130,0,0,1130
expedited,74,zp7,DB0,10,0,10,0
expedited,74,zp7,DB8,15,0,15,0
expedited,74,zp7,DE2,2,0,2,0
expedited,74,zp7,DE4,26,0,26,0
expedited,74,zp7,DE5,71,0,71,0
expedited,74,zp7,DF4,2,0,2,0
expedited,74,zp7,DF6,12,0,12,0
expedited,74,zp7,DG6,295,0,295,0
expedited,74,zp7,DG8,161,0,161,0
expedited,74,zp7,DK7,52,0,52,0
expedited,74,zp7,DK8,225,0,225,0
expedited,74,zp7,DK9,20,0,20,0
expedited,74,zp7,DM4,7,0,7,0
expedited,74,zp7,DN1,2,0,2,0
expedited,74,zp7,DN4,278,0,278,0
expedited,74,zp7,DN6,7,0,7,0
expedited,74,zp7,DP2,56,0,56,0
expedited,74,zp7,DQ4,27,0,27,0
expedited,74,zp7,DQ9,110,0,110,0
expedited,74,zp7,DR8,39,0,39,0
expedited,74,zp7,DS9,83,0,83,0
expedited,74,zp7,G0C,84,0,84,0
expedited,74,zp7,G0K,666,0,666,0
expedited,74,zp7,G0L,46,0,46,0
expedited,74,zp7,G0R,25,0,25,0
expedited,74,zp7,G1A,288,0,288,0
expedited,74,zp7,G1C,509,0,509,0
expedited,74,zp7,G1D,331,0,331,0
expedited,74,zp7,G1Z,1130,0,0,1130
expedited,74,zp7,Q1A,0,196,196,0
expedited,74,zp7,Q2J,0,687,687,0
expedited,74,zp7,Q4H,0,762,762,0
expedited,74,zp7,Q4P,0,304,304,0
buffer,61,battery-supplier_inv,BEV,0,159,159,0
buffer,61,battery-supplier_prod,componment_battery1,930,0,930,0
buffer,61,battery-supplier_prod,componment_battery2,558,0,558,0
buffer,61,battery-supplier_prod,componment_battery3,372,0,372,0
buffer,61,engine-supplier_inv,D02,120,30,18,132
buffer,61,engine-supplier_inv,D2I,123,49,70,102
buffer,61,engine-supplier_inv,D33,376,112,66,422
buffer,61,engine-supplier_inv,D36,6,2,0,8
buffer,61,engine-supplier_inv,D60,52,12,2,62
buffer,61,engine-supplier_inv,D64,342,135,186,291
buffer,61,engine-supplier_inv,D80,206,80,103,183
buffer,61,engine-supplier_inv,D83,849,384,727,506
buffer,61,engine-supplier_inv,DB0,21,10,3,28
buffer,61,engine-supplier_inv,DB8,39,11,8,42
buffer,61,engine-supplier_inv,DE2,9,3,2,10
buffer,61,engine-supplier_inv,DE4,121,41,69,93
buffer,61,engine-supplier_inv,DE5,175,50,38,187
buffer,61,engine-supplier_inv,DF4,9,3,0,12
buffer,61,engine-supplier_inv,DF6,10,2,0,12
buffer,61,engine-supplier_inv,DG6,754,233,155,832
buffer,61,engine-supplier_inv,DG8,438,117,103,452
buffer,61,engine-supplier_inv,DK7,210,79,116,173
buffer,61,engine-supplier_inv,DK8,577,183,134,626
buffer,61,engine-supplier_inv,DK9,33,11,6,38
buffer,61,engine-supplier_inv,DM4,24,9,2,31
buffer,61,engine-supplier_inv,DN1,15,2,0,17
buffer,61,engine-supplier_inv,DN4,758,223,171,810
buffer,61,engine-supplier_inv,DN6,31,10,8,33
buffer,61,engine-supplier_inv,DP2,102,29,14,117
buffer,61,engine-supplier_inv,DQ4,60,24,4,80
buffer,61,engine-supplier_inv,DQ9,286,88,53,321
buffer,61,engine-supplier_inv,DR8,64,18,11,71
buffer,61,engine-supplier_inv,DS9,190,50,31,209
buffer,61,engine-supplier_prod,D02,0,43,43,0
buffer,61,engine-supplier_prod,D2I,0,32,32,0
buffer,61,engine-supplier_prod,D33,0,168,168,0
buffer,61,engine-supplier_prod,D36,0,3,3,0
buffer,61,engine-supplier_prod,D60,0,25,25,0
buffer,61,engine-supplier_prod,D64,0,94,94,0
buffer,61,engine-supplier_prod,D80,0,65,65,0
buffer,61,engine-supplier_prod,D83,0,52,52,0
buffer,61,engine-supplier_prod,DB0,0,11,11,0
buffer,61,engine-supplier_prod,DB8,0,11,11,0
buffer,61,engine-supplier_prod,DE2,0,4,4,0
buffer,61,engine-supplier_prod,DE4,0,16,16,0
buffer,61,engine-supplier_prod,DE5,0,66,66,0
buffer,61,engine-supplier_prod,DF4,0,7,7,0
buffer,61,engine-supplier_prod,DF6,0,5,5,0
buffer,61,engine-supplier_prod,DG6,0,299,299,0
buffer,61,engine-supplier_prod,DG8,0,161,161,0
buffer,61,engine-supplier_prod,DK7,0,38,38,0
buffer,61,engine-supplier_prod,DK8,0,260,260,0
buffer,61,engine-supplier_prod,DK9,0,12,12,0
buffer,61,engine-supplier_prod,DM4,0,15,15,0
buffer,61,engine-supplier_prod,DN1,0,5,5,0
buffer,61,engine-supplier_prod,DN4,0,278,278,0
buffer,61,engine-supplier_prod,DN6,0,12,12,0
buffer,61,engine-supplier_prod,DP2,0,42,42,0
buffer,61,engine-supplier_prod,DQ4,0,39,39,0
buffer,61,engine-supplier_prod,DQ9,0,118,118,0
buffer,61,engine-supplier_prod,DR8,0,29,29,0
buffer,61,engine-supplier_prod,DS9,0,90,90,0
buffer,61,gear-supplier_inv,G0C,192,82,90,184
buffer,61,gear-supplier_inv,G0K,1090,688,451,1327
buffer,61,gear-supplier_inv,G0L,64,51,25,90
buffer,61,gear-supplier_inv,G0R,39,26,6,59
buffer,61,gear-supplier_inv,G1A,403,259,183,479
buffer,61,gear-supplier_inv,G1C,864,515,357,1022
buffer,61,gear-supplier_inv,G1D,563,315,261,617
buffer,61,gear-supplier_inv,G1Z,785,64,727,122
buffer,61,gear-supplier_prod,G0C,0,112,112,0
buffer,61,gear-supplier_prod,G0K,0,661,661,0
buffer,61,gear-supplier_prod,G0L,0,37,37,0
buffer,61,gear-supplier_prod,G0R,0,26,26,0
buffer,61,gear-supplier_prod,G1A,0,268,268,0
buffer,61,gear-supplier_prod,G1C,0,535,535,0
buffer,61,gear-supplier_prod,G1D,0,309,309,0
buffer,61,gear-supplier_prod,G1Z,0,52,52,0
buffer,61,seat-supplier_inv,Q1A,0,201,201,0
buffer,61,seat-supplier_inv,Q2J,0,768,768,0
buffer,61,seat-supplier_inv,Q4H,0,760,760,0
buffer,61,seat-supplier_inv,Q4P,0,271,271,0
buffer,61,seat-supplier_prod,componment_seat1,2155,0,768,1387
buffer,61,seat-supplier_prod,componment_seat2,2480,0,760,1720
buffer,61,seat-supplier_prod,componment_seat3,822,0,271,551
buffer,61,seat-supplier_prod,componment_seat4,543,0,201,342
buffer,61,zp7,BEV,1182,200,52,1330
buffer,61,zp7,D02,76,44,43,77
buffer,61,zp7,D2I,73,37,32,78
buffer,61,zp7,D33,304,150,168,286
buffer,61,zp7,D36,3,3,3,3
buffer,61,zp7,D60,35,20,25,30
buffer,61,zp7,D64,223,93,94,222
buffer,61,zp7,D80,148,64,65,147
buffer,61,zp7,D83,345,159,52,452
buffer,61,zp7,DB0,19,6,11,14
buffer,61,zp7,DB8,24,15,11,28
buffer,61,zp7,DE2,5,6,4,7
buffer,61,zp7,DE4,55,32,16,71
buffer,61,zp7,DE5,117,61,66,112
buffer,61,zp7,DF4,8,4,7,5
buffer,61,zp7,DF6,13,5,5,13
buffer,61,zp7,DG6,536,279,299,516
buffer,61,zp7,DG8,305,167,161,311
buffer,61,zp7,DK7,115,49,38,126
buffer,61,zp7,DK8,441,202,260,383
buffer,61,zp7,DK9,29,7,12,24
buffer,61,zp7,DM4,19,14,15,18
buffer,61,zp7,DN1,6,11,5,12
buffer,61,zp7,DN4,531,287,278,540
buffer,61,zp7,DN6,19,15,12,22
buffer,61,zp7,DP2,82,46,42,86
buffer,61,zp7,DQ4,52,33,39,46
buffer,61,zp7,DQ9,209,99,118,190
buffer,61,zp7,DR8,59,22,29,52
buffer,61,zp7,DS9,149,70,90,129
buffer,61,zp7,G0C,112,85,112,85
buffer,61,zp7,G0K,661,573,661,573
buffer,61,zp7,G0L,37,39,37,39
buffer,61,zp7,G0R,26,18,26,18
buffer,61,zp7,G1A,268,245,268,245
buffer,61,zp7,G1C,535,452,535,452
buffer,61,zp7,G1D,309,295,309,295
buffer,61,zp7,G1Z,52,293,52,293
buffer,61,zp7,Q1A,0,201,201,0
buffer,61,zp7,Q2J,0,768,768,0
buffer,61,zp7,Q4H,0,760,760,0
buffer,61,zp7,Q4P,0,271,271,0
buffer,62,battery-supplier_inv,BEV,0,93,93,0
buffer,62,battery-supplier_prod,componment_battery1,0,9470,2940,6530
buffer,62,battery-supplier_prod,componment_battery2,0,5682,1764,3918
buffer,62,battery-supplier_prod,componment_battery3,0,3788,1176,2612
buffer,62,engine-supplier_inv,D02,132,43,57,118
buffer,62,engine-supplier_inv,D2I,102,32,34,100
buffer,62,engine-supplier_inv,D33,422,168,148,442
buffer,62,engine-supplier_inv,D36,8,3,1,10
buffer,62,engine-supplier_inv,D60,62,25,25,62
buffer,62,engine-supplier_inv,D64,291,94,84,301
buffer,62,engine-supplier_inv,D80,183,65,49,199
buffer,62,engine-supplier_inv,D83,506,52,63,495
buffer,62,engine-supplier_inv,DB0,28,11,9,30
buffer,62,engine-supplier_inv,DB8,42,11,21,32
buffer,62,engine-supplier_inv,DE2,10,4,2,12
buffer,62,engine-supplier_inv,DE4,93,16,28,81
buffer,62,engine-supplier_inv,DE5,187,66,66,187
buffer,62,engine-supplier_inv,DF4,12,7,7,12
buffer,62,engine-supplier_inv,DF6,12,5,7,10
buffer,62,engine-supplier_inv,DG6,832,299,331,800
buffer,62,engine-supplier_inv,DG8,452,161,184,429
buffer,62,engine-supplier_inv,DK7,173,38,58,153
buffer,62,engine-supplier_inv,DK8,626,260,248,638
buffer,62,engine-supplier_inv,DK9,38,12,18,32
buffer,62,engine-supplier_inv,DM4,31,15,13,33
buffer,62,engine-supplier_inv,DN1,17,5,8,14
buffer,62,engine-supplier_inv,DN4,810,278,311,777
buffer,62,engine-supplier_inv,DN6,33,12,12,33
buffer,62,engine-supplier_inv,DP2,117,42,50,109
buffer,62,engine-supplier_inv,DQ4,80,39,33,86
buffer,62,engine-supplier_inv,DQ9,321,118,132,307
buffer,62,engine-supplier_inv,DR8,71,29,30,70
buffer,62,engine-supplier_inv,DS9,209,90,71,228
buffer,62,engine-supplier_prod,D02,0,33,33,0
buffer,62,engine-supplier_prod,D2I,0,41,41,0
buffer,62,engine-supplier_prod,D33,0,136,136,0
buffer,62,engine-supplier_prod,D36,0,0,0,0
buffer,62,engine-supplier_prod,D60,0,10,10,0
buffer,62,engine-supplier_prod,D64,0,129,129,0
buffer,62,engine-supplier_prod,D80,0,83,83,0
buffer,62,engine-supplier_prod,D83,0,293,293,0
buffer,62,engine-supplier_prod,DB0,0,8,8,0
buffer,62,engine-supplier_prod,DB8,0,13,13,0
buffer,62,engine-supplier_prod,DE2,0,1,1,0
buffer,62,engine-supplier_prod,DE4,0,39,39,0
buffer,62,engine-supplier_prod,DE5,0,51,51,0
buffer,62,engine-supplier_prod,DF4,0,1,1,0
buffer,62,engine-supplier_prod,DF6,0,8,8,0
buffer,62,engine-supplier_prod,DG6,0,237,237,0
buffer,62,engine-supplier_prod,DG8,0,144,144,0
buffer,62,engine-supplier_prod,DK7,0,77,77,0
buffer,62,engine-supplier_prod,DK8,0,181,181,0
buffer,62,engine-supplier_prod,DK9,0,17,17,0
buffer,62,engine-supplier_prod,DM4,0,4,4,0
buffer,62,engine-supplier_prod,DN1,0,1,1,0
buffer,62,engine-supplier_prod,DN4,0,253,253,0
buffer,62,engine-supplier_prod,DN6,0,7,7,0
buffer,62,engine-supplier_prod,DP2,0,40,40,0
buffer,62,engine-supplier_prod,DQ4,0,13,13,0
buffer,62,engine-supplier_prod,DQ9,0,91,91,0
buffer,62,engine-supplier_prod,DR8,0,30,30,0
buffer,62,engine-supplier_prod,DS9,0,59,59,0
buffer,62,gear-supplier_inv,G0C,184,94,109,169
buffer,62,gear-supplier_inv,G0K,1327,540,712,1155
buffer,62,gear-supplier_inv,G0L,90,29,40,79
buffer,62,gear-supplier_inv,G0R,59,15,35,39
buffer,62,gear-supplier_inv,G1A,479,234,249,464
buffer,62,gear-supplier_inv,G1C,1022,430,562,890
buffer,62,gear-supplier_inv,G1D,617,274,330,561
buffer,62,gear-supplier_inv,G1Z,122,384,63,443
buffer,62,gear-supplier_prod,G0C,0,85,85,0
buffer,62,gear-supplier_prod,G0K,0,573,573,0
buffer,62,gear-supplier_prod,G0L,0,39,39,0
buffer,62,gear-supplier_prod,G0R,0,18,18,0
buffer,62,gear-supplier_prod,G1A,0,245,245,0
buffer,62,gear-supplier_prod,G1C,0,452,452,0
buffer,62,gear-supplier_prod,G1D,0,295,295,0
buffer,62,gear-supplier_prod,G1Z,0,293,293,0
buffer,62,seat-supplier_inv,Q1A,0,171,171,0
buffer,62,seat-supplier_inv,Q2J,0,625,625,0
buffer,62,seat-supplier_inv,Q4H,0,925,925,0
buffer,62,seat-supplier_inv,Q4P,0,279,279,0
buffer,62,seat-supplier_prod,componment_seat1,1387,4732,625,5494
buffer,62,seat-supplier_prod,componment_seat2,1720,6187,925,6982
buffer,62,seat-supplier_prod,componment_seat3,551,1900,279,2172
buffer,62,seat-supplier_prod,componment_seat4,342,1181,171,1352
buffer,62,zp7,BEV,1330,159,293,1196
buffer,62,zp7,D02,77,18,33,62
buffer,62,zp7,D2I,78,70,41,107
buffer,62,zp7,D33,286,66,136,216
buffer,62,zp7,D36,3,0,0,3
buffer,62,zp7,D60,30,2,10,22
buffer,62,zp7,D64,222,186,129,279
buffer,62,zp7,D80,147,103,83,167
buffer,62,zp7,D83,452,727,293,886
buffer,62,zp7,DB0,14,3,8,9
buffer,62,zp7,DB8,28,8,13,23
buffer,62,zp7,DE2,7,2,1,8
buffer,62,zp7,DE4,71,69,39,101
buffer,62,zp7,DE5,112,38,51,99
buffer,62,zp7,DF4,5,0,1,4
buffer,62,zp7,DF6,13,0,8,5
buffer,62,zp7,DG6,516,155,237,434
buffer,62,zp7,DG8,311,103,144,270
buffer,62,zp7,DK7,126,116,77,165
buffer,62,zp7,DK8,383,134,181,336
buffer,62,zp7,DK9,24,6,17,13
buffer,62,zp7,DM4,18,2,4,16
buffer,62,zp7,DN1,12,0,1,11
buffer,62,zp7,DN4,540,171,253,458
buffer,62,zp7,DN6,22,8,7,23
buffer,62,zp7,DP2,86,14,40,60
buffer,62,zp7,DQ4,46,4,13,37
buffer,62,zp7,DQ9,190,53,91,152
buffer,62,zp7,DR8,52,11,30,33
buffer,62,zp7,DS9,129,31,59,101
buffer,62,zp7,G0C,85,100,85,100
buffer,62,zp7,G0K,573,661,573,661
buffer,62,zp7,G0L,39,35,39,35
buffer,62,zp7,G0R,18,28,18,28
buffer,62,zp7,G1A,245,264,245,264
buffer,62,zp7,G1C,452,457,452,457
buffer,62,zp7,G1D,295,296,295,296
buffer,62,zp7,G1Z,293,159,293,159
buffer,62,zp7,Q1A,0,171,171,0
buffer,62,zp7,Q2J,0,625,625,0
buffer,62,zp7,Q4H,0,925,925,0
buffer,62,zp7,Q4P,0,279,279,0
buffer,63,battery-supplier_inv,BEV,0,294,294,0
buffer,63,battery-supplier_prod,componment_battery1,6530,0,2940,3590
buffer,63,battery-supplier_prod,componment_battery2,3918,0,1764,2154
buffer,63,battery-supplier_prod,componment_battery3,2612,0,1176,1436
buffer,63,engine-supplier_inv,D02,118,33,46,105
buffer,63,engine-supplier_inv,D2I,100,41,31,110
buffer,63,engine-supplier_inv,D33,442,136,172,406
buffer,63,engine-supplier_inv,D36,10,0,5,5
buffer,63,engine-supplier_inv,D60,62,10,25,47
buffer,63,engine-supplier_inv,D64,301,129,100,330
buffer,63,engine-supplier_inv,D80,199,83,69,213
buffer,63,engine-supplier_inv,D83,495,293,174,614
buffer,63,engine-supplier_inv,DB0,30,8,9,29
buffer,63,engine-supplier_inv,DB8,32,13,10,35
buffer,63,engine-supplier_inv,DE2,12,1,5,8
buffer,63,engine-supplier_inv,DE4,81,39,34,86
buffer,63,engine-supplier_inv,DE5,187,51,78,160
buffer,63,engine-supplier_inv,DF4,12,1,2,11
buffer,63,engine-supplier_inv,DF6,10,8,3,15
buffer,63,engine-supplier_inv,DG6,800,237,292,745
buffer,63,engine-supplier_inv,DG8,429,144,165,408
buffer,63,engine-supplier_inv,DK7,153,77,54,176
buffer,63,engine-supplier_inv,DK8,638,181,213,606
buffer,63,engine-supplier_inv,DK9,32,17,9,40
buffer,63,engine-supplier_inv,DM4,33,4,9,28
buffer,63,engine-supplier_inv,DN1,14,1,7,8
buffer,63,engine-supplier_inv,DN4,777,253,292,738
buffer,63,engine-supplier_inv,DN6,33,7,13,27
buffer,63,engine-supplier_inv,DP2,109,40,39,110
buffer,63,engine-supplier_inv,DQ4,86,13,23,76
buffer,63,engine-supplier_inv,DQ9,307,91,107,291
buffer,63,engine-supplier_inv,DR8,70,30,24,76
buffer,63,engine-supplier_inv,DS9,228,59,90,197
buffer,63,engine-supplier_prod,D02,0,44,44,0
buffer,63,engine-supplier_prod,D2I,0,37,37,0
buffer,63,engine-supplier_prod,D33,0,150,150,0
buffer,63,engine-supplier_prod,D36,0,3,3,0
buffer,63,engine-supplier_prod,D60,0,20,20,0
buffer,63,engine-supplier_prod,D64,0,93,93,0
buffer,63,engine-supplier_prod,D80,0,64,64,0
buffer,63,engine-supplier_prod,D83,0,159,159,0
buffer,63,engine-supplier_prod,DB0,0,6,6,0
buffer,63,engine-supplier_prod,DB8,0,15,15,0
buffer,63,engine-supplier_prod,DE2,0,6,6,0
buffer,63,engine-supplier_prod,DE4,0,32,32,0
buffer,63,engine-supplier_prod,DE5,0,61,61,0
buffer,63,engine-supplier_prod,DF4,0,4,4,0
buffer,63,engine-supplier_prod,DF6,0,5,5,0
buffer,63,engine-supplier_prod,DG6,0,279,279,0
buffer,63,engine-supplier_prod,DG8,0,167,167,0
buffer,63,engine-supplier_prod,DK7,0,49,49,0
buffer,63,engine-supplier_prod,DK8,0,202,202,0
buffer,63,engine-supplier_prod,DK9,0,7,7,0
buffer,63,engine-supplier_prod,DM4,0,14,14,0
buffer,63,engine-supplier_prod,DN1,0,11,11,0
buffer,63,engine-supplier_prod,DN4,0,287,287,0
buffer,63,engine-supplier_prod,DN6,0,15,15,0
buffer,63,engine-supplier_prod,DP2,0,46,46,0
buffer,63,engine-supplier_prod,DQ4,0,33,33,0
buffer,63,engine-supplier_prod,DQ9,0,99,99,0
buffer,63,engine-supplier_prod,DR8,0,22,22,0
buffer,63,engine-supplier_prod,DS9,0,70,70,0
buffer,63,gear-supplier_inv,G0C,169,112,88,193
buffer,63,gear-supplier_inv,G0K,1155,661,676,1140
buffer,63,gear-supplier_inv,G0L,79,37,52,64
buffer,63,gear-supplier_inv,G0R,39,26,26,39
buffer,63,gear-supplier_inv,G1A,464,268,255,477
buffer,63,gear-supplier_inv,G1C,890,535,506,919
buffer,63,gear-supplier_inv,G1D,561,309,323,547
buffer,63,gear-supplier_inv,G1Z,443,52,174,321
buffer,63,gear-supplier_prod,G0C,0,100,100,0
buffer,63,gear-supplier_prod,G0K,0,661,661,0
buffer,63,gear-supplier_prod,G0L,0,35,35,0
buffer,63,gear-supplier_prod,G0R,0,28,28,0
buffer,63,gear-supplier_prod,G1A,0,264,264,0
buffer,63,gear-supplier_prod,G1C,0,457,457,0
buffer,63,gear-supplier_prod,G1D,0,296,296,0
buffer,63,gear-supplier_prod,G1Z,0,159,159,0
buffer,63,seat-supplier_inv,Q1A,0,171,171,0
buffer,63,seat-supplier_inv,Q2J,0,762,762,0
buffer,63,seat-supplier_inv,Q4H,0,795,795,0
buffer,63,seat-supplier_inv,Q4P,0,272,272,0
buffer,63,seat-supplier_prod,componment_seat1,5494,0,762,4732
buffer,63,seat-supplier_prod,componment_seat2,6982,0,795,6187
buffer,63,seat-supplier_prod,componment_seat3,2172,0,272,1900
buffer,63,seat-supplier_prod,componment_seat4,1352,0,171,1181
buffer,63,zp7,BEV,1196,93,159,1130
buffer,63,zp7,D02,62,57,44,75
buffer,63,zp7,D2I,107,34,37,104
buffer,63,zp7,D33,216,148,150,214
buffer,63,zp7,D36,3,1,3,1
buffer,63,zp7,D60,22,25,20,27
buffer,63,zp7,D64,279,84,93,270
buffer,63,zp7,D80,167,49,64,152
buffer,63,zp7,D83,886,63,159,790
buffer,63,zp7,DB0,9,9,6,12
buffer,63,zp7,DB8,23,21,15,29
buffer,63,zp7,DE2,8,2,6,4
buffer,63,zp7,DE4,101,28,32,97
buffer,63,zp7,DE5,99,66,61,104
buffer,63,zp7,DF4,4,7,4,7
buffer,63,zp7,DF6,5,7,5,7
buffer,63,zp7,DG6,434,331,279,486
buffer,63,zp7,DG8,270,184,167,287
buffer,63,zp7,DK7,165,58,49,174
buffer,63,zp7,DK8,336,248,202,382
buffer,63,zp7,DK9,13,18,7,24
buffer,63,zp7,DM4,16,13,14,15
buffer,63,zp7,DN1,11,8,11,8
buffer,63,zp7,DN4,458,311,287,482
buffer,63,zp7,DN6,23,12,15,20
buffer,63,zp7,DP2,60,50,46,64
buffer,63,zp7,DQ4,37,33,33,37
buffer,63,zp7,DQ9,152,132,99,185
buffer,63,zp7,DR8,33,30,22,41
buffer,63,zp7,DS9,101,71,70,102
buffer,63,zp7,G0C,100,90,100,90
buffer,63,zp7,G0K,661,451,661,451
buffer,63,zp7,G0L,35,25,35,25
buffer,63,zp7,G0R,28,6,28,6
buffer,63,zp7,G1A,264,183,264,183
buffer,63,zp7,G1C,457,357,457,357
buffer,63,zp7,G1D,296,261,296,261
buffer,63,zp7,G1Z,159,727,159,727
buffer,63,zp7,Q1A,0,171,171,0
buffer,63,zp7,Q2J,0,762,762,0
buffer,63,zp7,Q4H,0,795,795,0
buffer,63,zp7,Q4P,0,272,272,0
buffer,64,battery-supplier_inv,BEV,0,294,294,0
buffer,64,battery-supplier_prod,componment_battery1,3590,0,2940,650
buffer,64,battery-supplier_prod,componment_battery2,2154,0,1764,390
buffer,64,battery-supplier_prod,componment_battery3,1436,0,1176,260
buffer,64,engine-supplier_inv,D02,105,44,34,115
buffer,64,engine-supplier_inv,D2I,110,37,41,106
buffer,64,engine-supplier_inv,D33,406,150,138,418
buffer,64,engine-supplier_inv,D36,5,3,3,5
buffer,64,engine-supplier_inv,D60,47,20,18,49
buffer,64,engine-supplier_inv,D64,330,93,121,302
buffer,64,engine-supplier_inv,D80,213,64,81,196
buffer,64,engine-supplier_inv,D83,614,159,280,493
buffer,64,engine-supplier_inv,DB0,29,6,10,25
buffer,64,engine-supplier_inv,DB8,35,15,11,39
buffer,64,engine-supplier_inv,DE2,8,6,4,10
buffer,64,engine-supplier_inv,DE4,86,32,35,83
buffer,64,engine-supplier_inv,DE5,160,61,56,165
buffer,64,engine-supplier_inv,DF4,11,4,4,11
buffer,64,engine-supplier_inv,DF6,15,5,3,17
buffer,64,engine-supplier_inv,DG6,745,279,270,754
buffer,64,engine-supplier_inv,DG8,408,167,134,441
buffer,64,engine-supplier_inv,DK7,176,49,69,156
buffer,64,engine-supplier_inv,DK8,606,202,215,593
buffer,64,engine-supplier_inv,DK9,40,7,17,30
buffer,64,engine-supplier_inv,DM4,28,14,11,31
buffer,64,engine-supplier_inv,DN1,8,11,2,17
buffer,64,engine-supplier_inv,DN4,738,287,268,757
buffer,64,engine-supplier_inv,DN6,27,15,11,31
buffer,64,engine-supplier_inv,DP2,110,46,39,117
buffer,64,engine-supplier_inv,DQ4,76,33,29,80
buffer,64,engine-supplier_inv,DQ9,291,99,100,290
buffer,64,engine-supplier_inv,DR8,76,22,25,73
buffer,64,engine-supplier_inv,DS9,197,70,71,196
buffer,64,engine-supplier_prod,D02,0,15,15,0
buffer,64,engine-supplier_prod,D2I,0,68,68,0
buffer,64,engine-supplier_prod,D33,0,63,63,0
buffer,64,engine-supplier_prod,D36,0,0,0,0
buffer,64,engine-supplier_prod,D60,0,2,2,0
buffer,64,engine-supplier_prod,D64,0,180,180,0
buffer,64,engine-supplier_prod,D80,0,99,99,0
buffer,64,engine-supplier_prod,D83,0,709,709,0
buffer,64,engine-supplier_prod,DB0,0,3,3,0
buffer,64,engine-supplier_prod,DB8,0,8,8,0
buffer,64,engine-supplier_prod,DE2,0,2,2,0
buffer,64,engine-supplier_prod,DE4,0,66,66,0
buffer,64,engine-supplier_prod,DE5,0,36,36,0
buffer,64,engine-supplier_prod,DF4,0,0,0,0
buffer,64,engine-supplier_prod,DF6,0,0,0,0
buffer,64,engine-supplier_prod,DG6,0,142,142,0
buffer,64,engine-supplier_prod,DG8,0,96,96,0
buffer,64,engine-supplier_prod,DK7,0,112,112,0
buffer,64,engine-supplier_prod,DK8,0,125,125,0
buffer,64,engine-supplier_prod,DK9,0,6,6,0
buffer,64,engine-supplier_prod,DM4,0,2,2,0
buffer,64,engine-supplier_prod,DN1,0,0,0,0
buffer,64,engine-supplier_prod,DN4,0,158,158,0
buffer,64,engine-supplier_prod,DN6,0,8,8,0
buffer,64,engine-supplier_prod,DP2,0,12,12,0
buffer,64,engine-supplier_prod,DQ4,0,3,3,0
buffer,64,engine-supplier_prod,DQ9,0,46,46,0
buffer,64,engine-supplier_prod,DR8,0,11,11,0
buffer,64,engine-supplier_prod,DS9,0,28,28,0
buffer,64,gear-supplier_inv,G0C,193,85,101,177
buffer,64,gear-supplier_inv,G0K,1140,573,608,1105
buffer,64,gear-supplier_inv,G0L,64,39,36,67
buffer,64,gear-supplier_inv,G0R,39,18,19,38
buffer,64,gear-supplier_inv,G1A,477,245,270,452
buffer,64,gear-supplier_inv,G1C,919,452,485,886
buffer,64,gear-supplier_inv,G1D,547,295,301,541
buffer,64,gear-supplier_inv,G1Z,321,293,280,334
buffer,64,gear-supplier_prod,G0C,0,86,86,0
buffer,64,gear-supplier_prod,G0K,0,420,420,0
buffer,64,gear-supplier_prod,G0L,0,24,24,0
buffer,64,gear-supplier_prod,G0R,0,6,6,0
buffer,64,gear-supplier_prod,G1A,0,166,166,0
buffer,64,gear-supplier_prod,G1C,0,339,339,0
buffer,64,gear-supplier_prod,G1D,0,250,250,0
buffer,64,gear-supplier_prod,G1Z,0,709,709,0
buffer,64,seat-supplier_inv,Q1A,0,124,124,0
buffer,64,seat-supplier_inv,Q2J,0,403,403,0
buffer,64,seat-supplier_inv,Q4H,0,1219,1219,0
buffer,64,seat-supplier_inv,Q4P,0,254,254,0
buffer,64,seat-supplier_prod,componment_seat1,4732,0,403,4329
buffer,64,seat-supplier_prod,componment_seat2,6187,0,1219,4968
buffer,64,seat-supplier_prod,componment_seat3,1900,0,254,1646
buffer,64,seat-supplier_prod,componment_seat4,1181,0,124,1057
buffer,64,zp7,BEV,1130,294,709,715
buffer,64,zp7,D02,75,46,15,106
buffer,64,zp7,D2I,104,31,68,67
buffer,64,zp7,D33,214,172,63,323
buffer,64,zp7,D36,1,5,0,6
buffer,64,zp7,D60,27,25,2,50
buffer,64,zp7,D64,270,100,180,190
buffer,64,zp7,D80,152,69,99,122
buffer,64,zp7,D83,790,174,709,255
buffer,64,zp7,DB0,12,9,3,18
buffer,64,zp7,DB8,29,10,8,31
buffer,64,zp7,DE2,4,5,2,7
buffer,64,zp7,DE4,97,34,66,65
buffer,64,zp7,DE5,104,78,36,146
buffer,64,zp7,DF4,7,2,0,9
buffer,64,zp7,DF6,7,3,0,10
buffer,64,zp7,DG6,486,292,142,636
buffer,64,zp7,DG8,287,165,96,356
buffer,64,zp7,DK7,174,54,112,116
buffer,64,zp7,DK8,382,213,125,470
buffer,64,zp7,DK9,24,9,6,27
buffer,64,zp7,DM4,15,9,2,22
buffer,64,zp7,DN1,8,7,0,15
buffer,64,zp7,DN4,482,292,158,616
buffer,64,zp7,DN6,20,13,8,25
buffer,64,zp7,DP2,64,39,12,91
buffer,64,zp7,DQ4,37,23,3,57
buffer,64,zp7,DQ9,185,107,46,246
buffer,64,zp7,DR8,41,24,11,54
buffer,64,zp7,DS9,102,90,28,164
buffer,64,zp7,G0C,90,109,86,113
buffer,64,zp7,G0K,451,712,420,743
buffer,64,zp7,G0L,25,40,24,41
buffer,64,zp7,G0R,6,35,6,35
buffer,64,zp7,G1A,183,249,166,266
buffer,64,zp7,G1C,357,562,339,580
buffer,64,zp7,G1D,261,330,250,341
buffer,64,zp7,G1Z,727,63,709,81
buffer,64,zp7,Q1A,0,124,124,0
buffer,64,zp7,Q2J,0,403,403,0
buffer,64,zp7,Q4H,0,1219,1219,0
buffer,64,zp7,Q4P,0,254,254,0
buffer,65,battery-supplier_inv,BEV,0,294,294,0
buffer,65,battery-supplier_prod,componment_battery1,650,0,650,0
buffer,65,battery-supplier_prod,componment_battery2,390,0,390,0
buffer,65,battery-supplier_prod,componment_battery3,260,0,260,0
buffer,65,engine-supplier_inv,D02,115,15,64,66
buffer,65,engine-supplier_inv,D2I,106,68,29,145
buffer,65,engine-supplier_inv,D33,418,63,181,300
buffer,65,engine-supplier_inv,D36,5,0,2,3
buffer,65,engine-supplier_inv,D60,49,2,18,33
buffer,65,engine-supplier_inv,D64,302,180,105,377
buffer,65,engine-supplier_inv,D80,196,99,78,217
buffer,65,engine-supplier_inv,D83,493,709,65,1137
buffer,65,engine-supplier_inv,DB0,25,3,11,17
buffer,65,engine-supplier_inv,DB8,39,8,14,33
buffer,65,engine-supplier_inv,DE2,10,2,1,11
buffer,65,engine-supplier_inv,DE4,83,66,25,124
buffer,65,engine-supplier_inv,DE5,165,36,73,128
buffer,65,engine-supplier_inv,DF4,11,0,1,10
buffer,65,engine-supplier_inv,DF6,17,0,13,4
buffer,65,engine-supplier_inv,DG6,754,142,306,590
buffer,65,engine-supplier_inv,DG8,441,96,190,347
buffer,65,engine-supplier_inv,DK7,156,112,48,220
buffer,65,engine-supplier_inv,DK8,593,125,209,509
buffer,65,engine-supplier_inv,DK9,30,6,20,16
buffer,65,engine-supplier_inv,DM4,31,2,9,24
buffer,65,engine-supplier_inv,DN1,17,0,5,12
buffer,65,engine-supplier_inv,DN4,757,158,305,610
buffer,65,engine-supplier_inv,DN6,31,8,6,33
buffer,65,engine-supplier_inv,DP2,117,12,61,68
buffer,65,engine-supplier_inv,DQ4,80,3,23,60
buffer,65,engine-supplier_inv,DQ9,290,46,123,213
buffer,65,engine-supplier_inv,DR8,73,11,36,48
buffer,65,engine-supplier_inv,DS9,196,28,79,145
buffer,65,engine-supplier_prod,D02,0,57,57,0
buffer,65,engine-supplier_prod,D2I,0,35,35,0
buffer,65,engine-supplier_prod,D33,0,135,135,0
buffer,65,engine-supplier_prod,D36,0,1,1,0
buffer,65,engine-supplier_prod,D60,0,22,22,0
buffer,65,engine-supplier_prod,D64,0,82,82,0
buffer,65,engine-supplier_prod,D80,0,51,51,0
buffer,65,engine-supplier_prod,D83,0,76,76,0
buffer,65,engine-supplier_prod,DB0,0,9,9,0
buffer,65,engine-supplier_prod,DB8,0,20,20,0
buffer,65,engine-supplier_prod,DE2,0,2,2,0
buffer,65,engine-supplier_prod,DE4,0,31,31,0
buffer,65,engine-supplier_prod,DE5,0,57,57,0
buffer,65,engine-supplier_prod,DF4,0,6,6,0
buffer,65,engine-supplier_prod,DF6,0,7,7,0
buffer,65,engine-supplier_prod,DG6,0,316,316,0
buffer,65,engine-supplier_prod,DG8,0,172,172,0
buffer,65,engine-supplier_prod,DK7,0,58,58,0
buffer,65,engine-supplier_prod,DK8,0,234,234,0
buffer,65,engine-supplier_prod,DK9,0,17,17,0
buffer,65,engine-supplier_prod,DM4,0,12,12,0
buffer,65,engine-supplier_prod,DN1,0,7,7,0
buffer,65,engine-supplier_prod,DN4,0,284,284,0
buffer,65,engine-supplier_prod,DN6,0,11,11,0
buffer,65,engine-supplier_prod,DP2,0,45,45,0
buffer,65,engine-supplier_prod,DQ4,0,28,28,0
buffer,65,engine-supplier_prod,DQ9,0,128,128,0
buffer,65,engine-supplier_prod,DR8,0,30,30,0
buffer,65,engine-supplier_prod,DS9,0,67,67,0
buffer,65,gear-supplier_inv,G0C,177,100,78,199
buffer,65,gear-supplier_inv,G0K,1105,661,687,1079
buffer,65,gear-supplier_inv,G0L,67,35,46,56
buffer,65,gear-supplier_inv,G0R,38,28,28,38
buffer,65,gear-supplier_inv,G1A,452,264,287,429
buffer,65,gear-supplier_inv,G1C,886,457,555,788
buffer,65,gear-supplier_inv,G1D,541,296,354,483
buffer,65,gear-supplier_inv,G1Z,334,159,65,428
buffer,65,gear-supplier_prod,G0C,0,106,106,0
buffer,65,gear-supplier_prod,G0K,0,670,670,0
buffer,65,gear-supplier_prod,G0L,0,40,40,0
buffer,65,gear-supplier_prod,G0R,0,33,33,0
buffer,65,gear-supplier_prod,G1A,0,237,237,0
buffer,65,gear-supplier_prod,G1C,0,525,525,0
buffer,65,gear-supplier_prod,G1D,0,313,313,0
buffer,65,gear-supplier_prod,G1Z,0,76,76,0
buffer,65,seat-supplier_inv,Q1A,0,170,170,0
buffer,65,seat-supplier_inv,Q2J,0,819,819,0
buffer,65,seat-supplier_inv,Q4H,0,730,730,0
buffer,65,seat-supplier_inv,Q4P,0,281,281,0
buffer,65,seat-supplier_prod,componment_seat1,4329,0,819,3510
buffer,65,seat-supplier_prod,componment_seat2,4968,0,730,4238
buffer,65,seat-supplier_prod,componment_seat3,1646,0,281,1365
buffer,65,seat-supplier_prod,componment_seat4,1057,0,170,887
buffer,65,zp7,BEV,715,294,76,933
buffer,65,zp7,D02,106,34,57,83
buffer,65,zp7,D2I,67,41,35,73
buffer,65,zp7,D33,323,138,135,326
buffer,65,zp7,D36,6,3,1,8
buffer,65,zp7,D60,50,18,22,46
buffer,65,zp7,D64,190,121,82,229
buffer,65,zp7,D80,122,81,51,152
buffer,65,zp7,D83,255,280,76,459
buffer,65,zp7,DB0,18,10,9,19
buffer,65,zp7,DB8,31,11,20,22
buffer,65,zp7,DE2,7,4,2,9
buffer,65,zp7,DE4,65,35,31,69
buffer,65,zp7,DE5,146,56,57,145
buffer,65,zp7,DF4,9,4,6,7
buffer,65,zp7,DF6,10,3,7,6
buffer,65,zp7,DG6,636,270,316,590
buffer,65,zp7,DG8,356,134,172,318
buffer,65,zp7,DK7,116,69,58,127
buffer,65,zp7,DK8,470,215,234,451
buffer,65,zp7,DK9,27,17,17,27
buffer,65,zp7,DM4,22,11,12,21
buffer,65,zp7,DN1,15,2,7,10
buffer,65,zp7,DN4,616,268,284,600
buffer,65,zp7,DN6,25,11,11,25
buffer,65,zp7,DP2,91,39,45,85
buffer,65,zp7,DQ4,57,29,28,58
buffer,65,zp7,DQ9,246,100,128,218
buffer,65,zp7,DR8,54,25,30,49
buffer,65,zp7,DS9,164,71,67,168
buffer,65,zp7,G0C,113,88,106,95
buffer,65,zp7,G0K,743,676,670,749
buffer,65,zp7,G0L,41,52,40,53
buffer,65,zp7,G0R,35,26,33,28
buffer,65,zp7,G1A,266,255,237,284
buffer,65,zp7,G1C,580,506,525,561
buffer,65,zp7,G1D,341,323,313,351
buffer,65,zp7,G1Z,81,174,76,179
buffer,65,zp7,Q1A,0,170,170,0
buffer,65,zp7,Q2J,0,819,819,0
buffer,65,zp7,Q4H,0,730,730,0
buffer,65,zp7,Q4P,0,281,281,0
buffer,66,battery-supplier_inv,BEV,0,65,65,0
buffer,66,battery-supplier_prod,componment_battery1,0,0,0,0
buffer,66,battery-supplier_prod,componment_battery2,0,0,0,0
buffer,66,battery-supplier_prod,componment_battery3,0,0,0,0
buffer,66,engine-supplier_inv,D02,66,57,35,88
buffer,66,engine-supplier_inv,D2I,145,35,48,132
buffer,66,engine-supplier_inv,D33,300,135,119,316
buffer,66,engine-supplier_inv,D36,3,1,1,3
buffer,66,engine-supplier_inv,D60,33,22,10,45
buffer,66,engine-supplier_inv,D64,377,82,127,332
buffer,66,engine-supplier_inv,D80,217,51,86,182
buffer,66,engine-supplier_inv,D83,1137,76,390,823
buffer,66,engine-supplier_inv,DB0,17,9,6,20
buffer,66,engine-supplier_inv,DB8,33,20,14,39
buffer,66,engine-supplier_inv,DE2,11,2,3,10
buffer,66,engine-supplier_inv,DE4,124,31,54,101
buffer,66,engine-supplier_inv,DE5,128,57,49,136
buffer,66,engine-supplier_inv,DF4,10,6,1,15
buffer,66,engine-supplier_inv,DF6,4,7,3,8
buffer,66,engine-supplier_inv,DG6,590,316,232,674
buffer,66,engine-supplier_inv,DG8,347,172,136,383
buffer,66,engine-supplier_inv,DK7,220,58,88,190
buffer,66,engine-supplier_inv,DK8,509,234,178,565
buffer,66,engine-supplier_inv,DK9,16,17,11,22
buffer,66,engine-supplier_inv,DM4,24,12,9,27
buffer,66,engine-supplier_inv,DN1,12,7,2,17
buffer,66,engine-supplier_inv,DN4,610,284,279,615
buffer,66,engine-supplier_inv,DN6,33,11,12,32
buffer,66,engine-supplier_inv,DP2,68,45,35,78
buffer,66,engine-supplier_inv,DQ4,60,28,21,67
buffer,66,engine-supplier_inv,DQ9,213,128,78,263
buffer,66,engine-supplier_inv,DR8,48,30,16,62
buffer,66,engine-supplier_inv,DS9,145,67,57,155
buffer,66,engine-supplier_prod,D02,0,48,48,0
buffer,66,engine-supplier_prod,D2I,0,20,20,0
buffer,66,engine-supplier_prod,D33,0,178,178,0
buffer,66,engine-supplier_prod,D36,0,5,5,0
buffer,66,engine-supplier_prod,D60,0,28,28,0
buffer,66,engine-supplier_prod,D64,0,80,80,0
buffer,66,engine-supplier_prod,D80,0,56,56,0
buffer,66,engine-supplier_prod,D83,0,64,64,0
buffer,66,engine-supplier_prod,DB0,0,9,9,0
buffer,66,engine-supplier_prod,DB8,0,11,11,0
buffer,66,engine-supplier_prod,DE2,0,5,5,0
buffer,66,engine-supplier_prod,DE4,0,24,24,0
buffer,66,engine-supplier_prod,DE5,0,82,82,0
buffer,66,engine-supplier_prod,DF4,0,3,3,0
buffer,66,engine-supplier_prod,DF6,0,3,3,0
buffer,66,engine-supplier_prod,DG6,0,296,296,0
buffer,66,engine-supplier_prod,DG8,0,170,170,0
buffer,66,engine-supplier_prod,DK7,0,40,40,0
buffer,66,engine-supplier_prod,DK8,0,218,218,0
buffer,66,engine-supplier_prod,DK9,0,10,10,0
buffer,66,engine-supplier_prod,DM4,0,10,10,0
buffer,66,engine-supplier_prod,DN1,0,8,8,0
buffer,66,engine-supplier_prod,DN4,0,316,316,0
buffer,66,engine-supplier_prod,DN6,0,12,12,0
buffer,66,engine-supplier_prod,DP2,0,45,45,0
buffer,66,engine-supplier_prod,DQ4,0,29,29,0
buffer,66,engine-supplier_prod,DQ9,0,112,112,0
buffer,66,engine-supplier_prod,DR8,0,23,23,0
buffer,66,engine-supplier_prod,DS9,0,95,95,0
buffer,66,gear-supplier_inv,G0C,199,86,93,192
buffer,66,gear-supplier_inv,G0K,1079,420,599,900
buffer,66,gear-supplier_inv,G0L,56,24,32,48
buffer,66,gear-supplier_inv,G0R,38,6,21,23
buffer,66,gear-supplier_inv,G1A,429,166,239,356
buffer,66,gear-supplier_inv,G1C,788,339,441,686
buffer,66,gear-supplier_inv,G1D,483,250,285,448
buffer,66,gear-supplier_inv,G1Z,428,709,390,747
buffer,66,gear-supplier_prod,G0C,0,82,82,0
buffer,66,gear-supplier_prod,G0K,0,688,688,0
buffer,66,gear-supplier_prod,G0L,0,51,51,0
buffer,66,gear-supplier_prod,G0R,0,26,26,0
buffer,66,gear-supplier_prod,G1A,0,259,259,0
buffer,66,gear-supplier_prod,G1C,0,515,515,0
buffer,66,gear-supplier_prod,G1D,0,315,315,0
buffer,66,gear-supplier_prod,G1Z,0,64,64,0
buffer,66,seat-supplier_inv,Q1A,0,185,185,0
buffer,66,seat-supplier_inv,Q2J,0,781,781,0
buffer,66,seat-supplier_inv,Q4H,0,782,782,0
buffer,66,seat-supplier_inv,Q4P,0,252,252,0
buffer,66,seat-supplier_prod,componment_seat1,3510,0,781,2729
buffer,66,seat-supplier_prod,componment_seat2,4238,0,782,3456
buffer,66,seat-supplier_prod,componment_seat3,1365,0,252,1113
buffer,66,seat-supplier_prod,componment_seat4,887,0,185,702
buffer,66,zp7,BEV,933,294,64,1163
buffer,66,zp7,D02,83,64,48,99
buffer,66,zp7,D2I,73,29,20,82
buffer,66,zp7,D33,326,181,178,329
buffer,66,zp7,D36,8,2,5,5
buffer,66,zp7,D60,46,18,28,36
buffer,66,zp7,D64,229,105,80,254
buffer,66,zp7,D80,152,78,56,174
buffer,66,zp7,D83,459,65,64,460
buffer,66,zp7,DB0,19,11,9,21
buffer,66,zp7,DB8,22,14,11,25
buffer,66,zp7,DE2,9,1,5,5
buffer,66,zp7,DE4,69,25,24,70
buffer,66,zp7,DE5,145,73,82,136
buffer,66,zp7,DF4,7,1,3,5
buffer,66,zp7,DF6,6,13,3,16
buffer,66,zp7,DG6,590,306,296,600
buffer,66,zp7,DG8,318,190,170,338
buffer,66,zp7,DK7,127,48,40,135
buffer,66,zp7,DK8,451,209,218,442
buffer,66,zp7,DK9,27,20,10,37
buffer,66,zp7,DM4,21,9,10,20
buffer,66,zp7,DN1,10,5,8,7
buffer,66,zp7,DN4,600,305,316,589
buffer,66,zp7,DN6,25,6,12,19
buffer,66,zp7,DP2,85,61,45,101
buffer,66,zp7,DQ4,58,23,29,52
buffer,66,zp7,DQ9,218,123,112,229
buffer,66,zp7,DR8,49,36,23,62
buffer,66,zp7,DS9,168,79,95,152
buffer,66,zp7,G0C,95,101,82,114
buffer,66,zp7,G0K,749,608,688,669
buffer,66,zp7,G0L,53,36,51,38
buffer,66,zp7,G0R,28,19,26,21
buffer,66,zp7,G1A,284,270,259,295
buffer,66,zp7,G1C,561,485,515,531
buffer,66,zp7,G1D,351,301,315,337
buffer,66,zp7,G1Z,179,280,64,395
buffer,66,zp7,Q1A,0,185,185,0
buffer,66,zp7,Q2J,0,781,781,0
buffer,66,zp7,Q4H,0,782,782,0
buffer,66,zp7,Q4P,0,252,252,0
buffer,67,battery-supplier_inv,BEV,0,0,0,0
buffer,67,battery-supplier_prod,componment_battery1,0,0,0,0
buffer,67,battery-supplier_prod,componment_battery2,0,0,0,0
buffer,67,battery-supplier_prod,componment_battery3,0,0,0,0
buffer,67,engine-supplier_inv,D02,88,48,61,75
buffer,67,engine-supplier_inv,D2I,132,20,29,123
buffer,67,engine-supplier_inv,D33,316,178,161,333
buffer,67,engine-supplier_inv,D36,3,5,2,6
buffer,67,engine-supplier_inv,D60,45,28,28,45
buffer,67,engine-supplier_inv,D64,332,80,108,304
buffer,67,engine-supplier_inv,D80,182,56,47,191
buffer,67,engine-supplier_inv,D83,823,64,77,810
buffer,67,engine-supplier_inv,DB0,20,9,8,21
buffer,67,engine-supplier_inv,DB8,39,11,19,31
buffer,67,engine-supplier_inv,DE2,10,5,2,13
buffer,67,engine-supplier_inv,DE4,101,24,25,100
buffer,67,engine-supplier_inv,DE5,136,82,70,148
buffer,67,engine-supplier_inv,DF4,15,3,6,12
buffer,67,engine-supplier_inv,DF6,8,3,8,3
buffer,67,engine-supplier_inv,DG6,674,296,306,664
buffer,67,engine-supplier_inv,DG8,383,170,168,385
buffer,67,engine-supplier_inv,DK7,190,40,55,175
buffer,67,engine-supplier_inv,DK8,565,218,237,546
buffer,67,engine-supplier_inv,DK9,22,10,16,16
buffer,67,engine-supplier_inv,DM4,27,10,9,28
buffer,67,engine-supplier_inv,DN1,17,8,3,22
buffer,67,engine-supplier_inv,DN4,615,316,332,599
buffer,67,engine-supplier_inv,DN6,32,12,8,36
buffer,67,engine-supplier_inv,DP2,78,45,41,82
buffer,67,engine-supplier_inv,DQ4,67,29,27,69
buffer,67,engine-supplier_inv,DQ9,263,112,135,240
buffer,67,engine-supplier_inv,DR8,62,23,23,62
buffer,67,engine-supplier_inv,DS9,155,95,89,161
buffer,67,engine-supplier_prod,D02,0,30,30,0
buffer,67,engine-supplier_prod,D2I,0,49,49,0
buffer,67,engine-supplier_prod,D33,0,112,112,0
buffer,67,engine-supplier_prod,D36,0,2,2,0
buffer,67,engine-supplier_prod,D60,0,12,12,0
buffer,67,engine-supplier_prod,D64,0,135,135,0
buffer,67,engine-supplier_prod,D80,0,80,80,0
buffer,67,engine-supplier_prod,D83,0,384,384,0
buffer,67,engine-supplier_prod,DB0,0,10,10,0
buffer,67,engine-supplier_prod,DB8,0,11,11,0
buffer,67,engine-supplier_prod,DE2,0,3,3,0
buffer,67,engine-supplier_prod,DE4,0,41,41,0
buffer,67,engine-supplier_prod,DE5,0,50,50,0
buffer,67,engine-supplier_prod,DF4,0,3,3,0
buffer,67,engine-supplier_prod,DF6,0,2,2,0
buffer,67,engine-supplier_prod,DG6,0,233,233,0
buffer,67,engine-supplier_prod,DG8,0,117,117,0
buffer,67,engine-supplier_prod,DK7,0,79,79,0
buffer,67,engine-supplier_prod,DK8,0,183,183,0
buffer,67,engine-supplier_prod,DK9,0,11,11,0
buffer,67,engine-supplier_prod,DM4,0,9,9,0
buffer,67,engine-supplier_prod,DN1,0,2,2,0
buffer,67,engine-supplier_prod,DN4,0,223,223,0
buffer,67,engine-supplier_prod,DN6,0,10,10,0
buffer,67,engine-supplier_prod,DP2,0,29,29,0
buffer,67,engine-supplier_prod,DQ4,0,24,24,0
buffer,67,engine-supplier_prod,DQ9,0,88,88,0
buffer,67,engine-supplier_prod,DR8,0,18,18,0
buffer,67,engine-supplier_prod,DS9,0,50,50,0
buffer,67,gear-supplier_inv,G0C,192,106,87,211
buffer,67,gear-supplier_inv,G0K,900,670,697,873
buffer,67,gear-supplier_inv,G0L,48,40,50,38
buffer,67,gear-supplier_inv,G0R,23,33,28,28
buffer,67,gear-supplier_inv,G1A,356,237,244,349
buffer,67,gear-supplier_inv,G1C,686,525,559,652
buffer,67,gear-supplier_inv,G1D,448,313,358,403
buffer,67,gear-supplier_inv,G1Z,747,76,77,746
buffer,67,gear-supplier_prod,G0C,0,94,94,0
buffer,67,gear-supplier_prod,G0K,0,540,540,0
buffer,67,gear-supplier_prod,G0L,0,29,29,0
buffer,67,gear-supplier_prod,G0R,0,15,15,0
buffer,67,gear-supplier_prod,G1A,0,234,234,0
buffer,67,gear-supplier_prod,G1C,0,430,430,0
buffer,67,gear-supplier_prod,G1D,0,274,274,0
buffer,67,gear-supplier_prod,G1Z,0,384,384,0
buffer,67,seat-supplier_inv,Q1A,0,162,162,0
buffer,67,seat-supplier_inv,Q2J,0,595,595,0
buffer,67,seat-supplier_inv,Q4H,0,974,974,0
buffer,67,seat-supplier_inv,Q4P,0,269,269,0
buffer,67,seat-supplier_prod,componment_seat1,2729,0,595,2134
buffer,67,seat-supplier_prod,componment_seat2,3456,0,974,2482
buffer,67,seat-supplier_prod,componment_seat3,1113,0,269,844
buffer,67,seat-supplier_prod,componment_seat4,702,0,162,540
buffer,67,zp7,BEV,1163,65,384,844
buffer,67,zp7,D02,99,35,30,104
buffer,67,zp7,D2I,82,48,49,81
buffer,67,zp7,D33,329,119,112,336
buffer,67,zp7,D36,5,1,2,4
buffer,67,zp7,D60,36,10,12,34
buffer,67,zp7,D64,254,127,135,246
buffer,67,zp7,D80,174,86,80,180
buffer,67,zp7,D83,460,390,384,466
buffer,67,zp7,DB0,21,6,10,17
buffer,67,zp7,DB8,25,14,11,28
buffer,67,zp7,DE2,5,3,3,5
buffer,67,zp7,DE4,70,54,41,83
buffer,67,zp7,DE5,136,49,50,135
buffer,67,zp7,DF4,5,1,3,3
buffer,67,zp7,DF6,16,3,2,17
buffer,67,zp7,DG6,600,232,233,599
buffer,67,zp7,DG8,338,136,117,357
buffer,67,zp7,DK7,135,88,79,144
buffer,67,zp7,DK8,442,178,183,437
buffer,67,zp7,DK9,37,11,11,37
buffer,67,zp7,DM4,20,9,9,20
buffer,67,zp7,DN1,7,2,2,7
buffer,67,zp7,DN4,589,279,223,645
buffer,67,zp7,DN6,19,12,10,21
buffer,67,zp7,DP2,101,35,29,107
buffer,67,zp7,DQ4,52,21,24,49
buffer,67,zp7,DQ9,229,78,88,219
buffer,67,zp7,DR8,62,16,18,60
buffer,67,zp7,DS9,152,57,50,159
buffer,67,zp7,G0C,114,78,94,98
buffer,67,zp7,G0K,669,687,540,816
buffer,67,zp7,G0L,38,46,29,55
buffer,67,zp7,G0R,21,28,15,34
buffer,67,zp7,G1A,295,287,234,348
buffer,67,zp7,G1C,531,555,430,656
buffer,67,zp7,G1D,337,354,274,417
buffer,67,zp7,G1Z,395,65,384,76
buffer,67,zp7,Q1A,0,162,162,0
buffer,67,zp7,Q2J,0,595,595,0
buffer,67,zp7,Q4H,0,974,974,0
buffer,67,zp7,Q4P,0,269,269,0
buffer,68,battery-supplier_inv,BEV,0,0,0,0
buffer,68,battery-supplier_prod,componment_battery1,0,0,0,0
buffer,68,battery-supplier_prod,componment_battery2,0,0,0,0
buffer,68,battery-supplier_prod,componment_battery3,0,0,0,0
buffer,68,engine-supplier_inv,D02,75,30,59,46
buffer,68,engine-supplier_inv,D2I,123,49,36,136
buffer,68,engine-supplier_inv,D33,333,112,159,286
buffer,68,engine-supplier_inv,D36,6,2,1,7
buffer,68,engine-supplier_inv,D60,45,12,30,27
buffer,68,engine-supplier_inv,D64,304,135,81,358
buffer,68,engine-supplier_inv,D80,191,80,53,218
buffer,68,engine-supplier_inv,D83,810,384,56,1138
buffer,68,engine-supplier_inv,DB0,21,10,7,24
buffer,68,engine-supplier_inv,DB8,31,11,22,20
buffer,68,engine-supplier_inv,DE2,13,3,3,13
buffer,68,engine-supplier_inv,DE4,100,41,30,111
buffer,68,engine-supplier_inv,DE5,148,50,68,130
buffer,68,engine-supplier_inv,DF4,12,3,6,9
buffer,68,engine-supplier_inv,DF6,3,2,4,1
buffer,68,engine-supplier_inv,DG6,664,233,335,562
buffer,68,engine-supplier_inv,DG8,385,117,191,311
buffer,68,engine-supplier_inv,DK7,175,79,53,201
buffer,68,engine-supplier_inv,DK8,546,183,234,495
buffer,68,engine-supplier_inv,DK9,16,11,10,17
buffer,68,engine-supplier_inv,DM4,28,9,12,25
buffer,68,engine-supplier_inv,DN1,22,2,9,15
buffer,68,engine-supplier_inv,DN4,599,223,310,512
buffer,68,engine-supplier_inv,DN6,36,10,13,33
buffer,68,engine-supplier_inv,DP2,82,29,48,63
buffer,68,engine-supplier_inv,DQ4,69,24,33,60
buffer,68,engine-supplier_inv,DQ9,240,88,134,194
buffer,68,engine-supplier_inv,DR8,62,18,34,46
buffer,68,engine-supplier_inv,DS9,161,50,69,142
buffer,68,engine-supplier_prod,D02,0,53,53,0
buffer,68,engine-supplier_prod,D2I,0,27,27,0
buffer,68,engine-supplier_prod,D33,0,178,178,0
buffer,68,engine-supplier_prod,D36,0,3,3,0
buffer,68,engine-supplier_prod,D60,0,19,19,0
buffer,68,engine-supplier_prod,D64,0,96,96,0
buffer,68,engine-supplier_prod,D80,0,74,74,0
buffer,68,engine-supplier_prod,D83,0,59,59,0
buffer,68,engine-supplier_prod,DB0,0,10,10,0
buffer,68,engine-supplier_prod,DB8,0,11,11,0
buffer,68,engine-supplier_prod,DE2,0,2,2,0
buffer,68,engine-supplier_prod,DE4,0,25,25,0
buffer,68,engine-supplier_prod,DE5,0,69,69,0
buffer,68,engine-supplier_prod,DF4,0,2,2,0
buffer,68,engine-supplier_prod,DF6,0,10,10,0
buffer,68,engine-supplier_prod,DG6,0,291,291,0
buffer,68,engine-supplier_prod,DG8,0,173,173,0
buffer,68,engine-supplier_prod,DK7,0,48,48,0
buffer,68,engine-supplier_prod,DK8,0,217,217,0
buffer,68,engine-supplier_prod,DK9,0,21,21,0
buffer,68,engine-supplier_prod,DM4,0,8,8,0
buffer,68,engine-supplier_prod,DN1,0,1,1,0
buffer,68,engine-supplier_prod,DN4,0,283,283,0
buffer,68,engine-supplier_prod,DN6,0,8,8,0
buffer,68,engine-supplier_prod,DP2,0,59,59,0
buffer,68,engine-supplier_prod,DQ4,0,22,22,0
buffer,68,engine-supplier_prod,DQ9,0,111,111,0
buffer,68,engine-supplier_prod,DR8,0,40,40,0
buffer,68,engine-supplier_prod,DS9,0,80,80,0
buffer,68,gear-supplier_inv,G0C,211,82,113,180
buffer,68,gear-supplier_inv,G0K,873,688,726,835
buffer,68,gear-supplier_inv,G0L,38,51,46,43
buffer,68,gear-supplier_inv,G0R,28,26,31,23
buffer,68,gear-supplier_inv,G1A,349,259,256,352
buffer,68,gear-supplier_inv,G1C,652,515,547,620
buffer,68,gear-supplier_inv,G1D,403,315,325,393
buffer,68,gear-supplier_inv,G1Z,746,64,56,754
buffer,68,gear-supplier_prod,G0C,0,84,84,0
buffer,68,gear-supplier_prod,G0K,0,660,660,0
buffer,68,gear-supplier_prod,G0L,0,48,48,0
buffer,68,gear-supplier_prod,G0R,0,26,26,0
buffer,68,gear-supplier_prod,G1A,0,279,279,0
buffer,68,gear-supplier_prod,G1C,0,513,513,0
buffer,68,gear-supplier_prod,G1D,0,331,331,0
buffer,68,gear-supplier_prod,G1Z,0,59,59,0
buffer,68,seat-supplier_inv,Q1A,0,197,197,0
buffer,68,seat-supplier_inv,Q2J,0,732,732,0
buffer,68,seat-supplier_inv,Q4H,0,768,768,0
buffer,68,seat-supplier_inv,Q4P,0,303,303,0
buffer,68,seat-supplier_prod,componment_seat1,2134,0,732,1402
buffer,68,seat-supplier_prod,componment_seat2,2482,0,768,1714
buffer,68,seat-supplier_prod,componment_seat3,844,0,303,541
buffer,68,seat-supplier_prod,componment_seat4,540,0,197,343
buffer,68,zp7,BEV,844,0,59,785
buffer,68,zp7,D02,104,61,53,112
buffer,68,zp7,D2I,81,29,27,83
buffer,68,zp7,D33,336,161,178,319
buffer,68,zp7,D36,4,2,3,3
buffer,68,zp7,D60,34,28,19,43
buffer,68,zp7,D64,246,108,96,258
buffer,68,zp7,D80,180,47,74,153
buffer,68,zp7,D83,466,77,59,484
buffer,68,zp7,DB0,17,8,10,15
buffer,68,zp7,DB8,28,19,11,36
buffer,68,zp7,DE2,5,2,2,5
buffer,68,zp7,DE4,83,25,25,83
buffer,68,zp7,DE5,135,70,69,136
buffer,68,zp7,DF4,3,6,2,7
buffer,68,zp7,DF6,17,8,10,15
buffer,68,zp7,DG6,599,306,291,614
buffer,68,zp7,DG8,357,168,173,352
buffer,68,zp7,DK7,144,55,48,151
buffer,68,zp7,DK8,437,237,217,457
buffer,68,zp7,DK9,37,16,21,32
buffer,68,zp7,DM4,20,9,8,21
buffer,68,zp7,DN1,7,3,1,9
buffer,68,zp7,DN4,645,332,283,694
buffer,68,zp7,DN6,21,8,8,21
buffer,68,zp7,DP2,107,41,59,89
buffer,68,zp7,DQ4,49,27,22,54
buffer,68,zp7,DQ9,219,135,111,243
buffer,68,zp7,DR8,60,23,40,43
buffer,68,zp7,DS9,159,89,80,168
buffer,68,zp7,G0C,98,93,84,107
buffer,68,zp7,G0K,816,599,660,755
buffer,68,zp7,G0L,55,32,48,39
buffer,68,zp7,G0R,34,21,26,29
buffer,68,zp7,G1A,348,239,279,308
buffer,68,zp7,G1C,656,441,513,584
buffer,68,zp7,G1D,417,285,331,371
buffer,68,zp7,G1Z,76,390,59,407
buffer,68,zp7,Q1A,0,197,197,0
buffer,68,zp7,Q2J,0,732,732,0
buffer,68,zp7,Q4H,0,768,768,0
buffer,68,zp7,Q4P,0,303,303,0
buffer,69,battery-supplier_inv,BEV,0,0,0,0
buffer,69,battery-supplier_prod,componment_battery1,0,4220,2940,1280
buffer,69,battery-supplier_prod,componment_battery2,0,2532,1764,768
buffer,69,battery-supplier_prod,componment_battery3,0,1688,1176,512
buffer,69,engine-supplier_inv,D02,46,53,26,73
buffer,69,engine-supplier_inv,D2I,136,27,62,101
buffer,69,engine-supplier_inv,D33,286,178,90,374
buffer,69,engine-supplier_inv,D36,7,3,0,10
buffer,69,engine-supplier_inv,D60,27,19,7,39
buffer,69,engine-supplier_inv,D64,358,96,171,283
buffer,69,engine-supplier_inv,D80,218,74,94,198
buffer,69,engine-supplier_inv,D83,1138,59,584,613
buffer,69,engine-supplier_inv,DB0,24,10,5,29
buffer,69,engine-supplier_inv,DB8,20,11,8,23
buffer,69,engine-supplier_inv,DE2,13,2,3,12
buffer,69,engine-supplier_inv,DE4,111,25,60,76
buffer,69,engine-supplier_inv,DE5,130,69,51,148
buffer,69,engine-supplier_inv,DF4,9,2,1,10
buffer,69,engine-supplier_inv,DF6,1,10,1,10
buffer,69,engine-supplier_inv,DG6,562,291,181,672
buffer,69,engine-supplier_inv,DG8,311,173,125,359
buffer,69,engine-supplier_inv,DK7,201,48,99,150
buffer,69,engine-supplier_inv,DK8,495,217,158,554
buffer,69,engine-supplier_inv,DK9,17,21,7,31
buffer,69,engine-supplier_inv,DM4,25,8,5,28
buffer,69,engine-supplier_inv,DN1,15,1,2,14
buffer,69,engine-supplier_inv,DN4,512,283,189,606
buffer,69,engine-supplier_inv,DN6,33,8,9,32
buffer,69,engine-supplier_inv,DP2,63,59,25,97
buffer,69,engine-supplier_inv,DQ4,60,22,14,68
buffer,69,engine-supplier_inv,DQ9,194,111,68,237
buffer,69,engine-supplier_inv,DR8,46,40,13,73
buffer,69,engine-supplier_inv,DS9,142,80,42,180
buffer,69,engine-supplier_prod,D02,0,43,43,0
buffer,69,engine-supplier_prod,D2I,0,39,39,0
buffer,69,engine-supplier_prod,D33,0,122,122,0
buffer,69,engine-supplier_prod,D36,0,1,1,0
buffer,69,engine-supplier_prod,D60,0,13,13,0
buffer,69,engine-supplier_prod,D64,0,113,113,0
buffer,69,engine-supplier_prod,D80,0,81,81,0
buffer,69,engine-supplier_prod,D83,0,275,275,0
buffer,69,engine-supplier_prod,DB0,0,5,5,0
buffer,69,engine-supplier_prod,DB8,0,16,16,0
buffer,69,engine-supplier_prod,DE2,0,3,3,0
buffer,69,engine-supplier_prod,DE4,0,41,41,0
buffer,69,engine-supplier_prod,DE5,0,52,52,0
buffer,69,engine-supplier_prod,DF4,0,1,1,0
buffer,69,engine-supplier_prod,DF6,0,7,7,0
buffer,69,engine-supplier_prod,DG6,0,245,245,0
buffer,69,engine-supplier_prod,DG8,0,144,144,0
buffer,69,engine-supplier_prod,DK7,0,68,68,0
buffer,69,engine-supplier_prod,DK8,0,175,175,0
buffer,69,engine-supplier_prod,DK9,0,11,11,0
buffer,69,engine-supplier_prod,DM4,0,11,11,0
buffer,69,engine-supplier_prod,DN1,0,6,6,0
buffer,69,engine-supplier_prod,DN4,0,292,292,0
buffer,69,engine-supplier_prod,DN6,0,10,10,0
buffer,69,engine-supplier_prod,DP2,0,40,40,0
buffer,69,engine-supplier_prod,DQ4,0,20,20,0
buffer,69,engine-supplier_prod,DQ9,0,91,91,0
buffer,69,engine-supplier_prod,DR8,0,16,16,0
buffer,69,engine-supplier_prod,DS9,0,59,59,0
buffer,69,gear-supplier_inv,G0C,180,94,91,183
buffer,69,gear-supplier_inv,G0K,835,540,504,871
buffer,69,gear-supplier_inv,G0L,43,29,29,43
buffer,69,gear-supplier_inv,G0R,23,15,12,26
buffer,69,gear-supplier_inv,G1A,352,234,192,394
buffer,69,gear-supplier_inv,G1C,620,430,407,643
buffer,69,gear-supplier_inv,G1D,393,274,281,386
buffer,69,gear-supplier_inv,G1Z,754,384,584,554
buffer,69,gear-supplier_prod,G0C,0,80,80,0
buffer,69,gear-supplier_prod,G0K,0,589,589,0
buffer,69,gear-supplier_prod,G0L,0,33,33,0
buffer,69,gear-supplier_prod,G0R,0,22,22,0
buffer,69,gear-supplier_prod,G1A,0,249,249,0
buffer,69,gear-supplier_prod,G1C,0,463,463,0
buffer,69,gear-supplier_prod,G1D,0,289,289,0
buffer,69,gear-supplier_prod,G1Z,0,275,275,0
buffer,69,seat-supplier_inv,Q1A,0,161,161,0
buffer,69,seat-supplier_inv,Q2J,0,669,669,0
buffer,69,seat-supplier_inv,Q4H,0,891,891,0
buffer,69,seat-supplier_inv,Q4P,0,279,279,0
buffer,69,seat-supplier_prod,componment_seat1,1402,5269,669,6002
buffer,69,seat-supplier_prod,componment_seat2,1714,5582,891,6405
buffer,69,seat-supplier_prod,componment_seat3,541,1923,279,2185
buffer,69,seat-supplier_prod,componment_seat4,343,1226,161,1408
buffer,69,zp7,BEV,785,0,275,510
buffer,69,zp7,D02,112,59,43,128
buffer,69,zp7,D2I,83,36,39,80
buffer,69,zp7,D33,319,159,122,356
buffer,69,zp7,D36,3,1,1,3
buffer,69,zp7,D60,43,30,13,60
buffer,69,zp7,D64,258,81,113,226
buffer,69,zp7,D80,153,53,81,125
buffer,69,zp7,D83,484,56,275,265
buffer,69,zp7,DB0,15,7,5,17
buffer,69,zp7,DB8,36,22,16,42
buffer,69,zp7,DE2,5,3,3,5
buffer,69,zp7,DE4,83,30,41,72
buffer,69,zp7,DE5,136,68,52,152
buffer,69,zp7,DF4,7,6,1,12
buffer,69,zp7,DF6,15,4,7,12
buffer,69,zp7,DG6,614,335,245,704
buffer,69,zp7,DG8,352,191,144,399
buffer,69,zp7,DK7,151,53,68,136
buffer,69,zp7,DK8,457,234,175,516
buffer,69,zp7,DK9,32,10,11,31
buffer,69,zp7,DM4,21,12,11,22
buffer,69,zp7,DN1,9,9,6,12
buffer,69,zp7,DN4,694,310,292,712
buffer,69,zp7,DN6,21,13,10,24
buffer,69,zp7,DP2,89,48,40,97
buffer,69,zp7,DQ4,54,33,20,67
buffer,69,zp7,DQ9,243,134,91,286
buffer,69,zp7,DR8,43,34,16,61
buffer,69,zp7,DS9,168,69,59,178
buffer,69,zp7,G0C,107,87,80,114
buffer,69,zp7,G0K,755,697,589,863
buffer,69,zp7,G0L,39,50,33,56
buffer,69,zp7,G0R,29,28,22,35
buffer,69,zp7,G1A,308,244,249,303
buffer,69,zp7,G1C,584,559,463,680
buffer,69,zp7,G1D,371,358,289,440
buffer,69,zp7,G1Z,407,77,275,209
buffer,69,zp7,Q1A,0,161,161,0
buffer,69,zp7,Q2J,0,669,669,0
buffer,69,zp7,Q4H,0,891,891,0
buffer,69,zp7,Q4P,0,279,279,0
buffer,70,battery-supplier_inv,BEV,0,294,294,0
buffer,70,battery-supplier_prod,componment_battery1,1280,0,1280,0
buffer,70,battery-supplier_prod,componment_battery2,768,0,768,0
buffer,70,battery-supplier_prod,componment_battery3,512,0,512,0
buffer,70,engine-supplier_inv,D02,73,43,45,71
buffer,70,engine-supplier_inv,D2I,101,39,28,112
buffer,70,engine-supplier_inv,D33,374,122,173,323
buffer,70,engine-supplier_inv,D36,10,1,3,8
buffer,70,engine-supplier_inv,D60,39,13,23,29
buffer,70,engine-supplier_inv,D64,283,113,92,304
buffer,70,engine-supplier_inv,D80,198,81,71,208
buffer,70,engine-supplier_inv,D83,613,275,52,836
buffer,70,engine-supplier_inv,DB0,29,5,13,21
buffer,70,engine-supplier_inv,DB8,23,16,13,26
buffer,70,engine-supplier_inv,DE2,12,3,4,11
buffer,70,engine-supplier_inv,DE4,76,41,18,99
buffer,70,engine-supplier_inv,DE5,148,52,66,134
buffer,70,engine-supplier_inv,DF4,10,1,6,5
buffer,70,engine-supplier_inv,DF6,10,7,6,11
buffer,70,engine-supplier_inv,DG6,672,245,329,588
buffer,70,engine-supplier_inv,DG8,359,144,174,329
buffer,70,engine-supplier_inv,DK7,150,68,46,172
buffer,70,engine-supplier_inv,DK8,554,175,260,469
buffer,70,engine-supplier_inv,DK9,31,11,17,25
buffer,70,engine-supplier_inv,DM4,28,11,11,28
buffer,70,engine-supplier_inv,DN1,14,6,5,15
buffer,70,engine-supplier_inv,DN4,606,292,307,591
buffer,70,engine-supplier_inv,DN6,32,10,10,32
buffer,70,engine-supplier_inv,DP2,97,40,44,93
buffer,70,engine-supplier_inv,DQ4,68,20,35,53
buffer,70,engine-supplier_inv,DQ9,237,91,125,203
buffer,70,engine-supplier_inv,DR8,73,16,38,51
buffer,70,engine-supplier_inv,DS9,180,59,86,153
buffer,70,engine-supplier_prod,D02,0,53,53,0
buffer,70,engine-supplier_prod,D2I,0,34,34,0
buffer,70,engine-supplier_prod,D33,0,145,145,0
buffer,70,engine-supplier_prod,D36,0,2,2,0
buffer,70,engine-supplier_prod,D60,0,20,20,0
buffer,70,engine-supplier_prod,D64,0,105,105,0
buffer,70,engine-supplier_prod,D80,0,55,55,0
buffer,70,engine-supplier_prod,D83,0,182,182,0
buffer,70,engine-supplier_prod,DB0,0,7,7,0
buffer,70,engine-supplier_prod,DB8,0,17,17,0
buffer,70,engine-supplier_prod,DE2,0,1,1,0
buffer,70,engine-supplier_prod,DE4,0,31,31,0
buffer,70,engine-supplier_prod,DE5,0,61,61,0
buffer,70,engine-supplier_prod,DF4,0,4,4,0
buffer,70,engine-supplier_prod,DF6,0,5,5,0
buffer,70,engine-supplier_prod,DG6,0,263,263,0
buffer,70,engine-supplier_prod,DG8,0,153,153,0
buffer,70,engine-supplier_prod,DK7,0,68,68,0
buffer,70,engine-supplier_prod,DK8,0,201,201,0
buffer,70,engine-supplier_prod,DK9,0,11,11,0
buffer,70,engine-supplier_prod,DM4,0,7,7,0
buffer,70,engine-supplier_prod,DN1,0,2,2,0
buffer,70,engine-supplier_prod,DN4,0,296,296,0
buffer,70,engine-supplier_prod,DN6,0,10,10,0
buffer,70,engine-supplier_prod,DP2,0,33,33,0
buffer,70,engine-supplier_prod,DQ4,0,24,24,0
buffer,70,engine-supplier_prod,DQ9,0,102,102,0
buffer,70,engine-supplier_prod,DR8,0,22,22,0
buffer,70,engine-supplier_prod,DS9,0,86,86,0
buffer,70,gear-supplier_inv,G0C,183,84,98,169
buffer,70,gear-supplier_inv,G0K,871,660,718,813
buffer,70,gear-supplier_inv,G0L,43,48,48,43
buffer,70,gear-supplier_inv,G0R,26,26,24,28
buffer,70,gear-supplier_inv,G1A,394,279,305,368
buffer,70,gear-supplier_inv,G1C,643,513,541,615
buffer,70,gear-supplier_inv,G1D,386,331,314,403
buffer,70,gear-supplier_inv,G1Z,554,59,52,561
buffer,70,gear-supplier_prod,G0C,0,89,89,0
buffer,70,gear-supplier_prod,G0K,0,631,631,0
buffer,70,gear-supplier_prod,G0L,0,42,42,0
buffer,70,gear-supplier_prod,G0R,0,24,24,0
buffer,70,gear-supplier_prod,G1A,0,214,214,0
buffer,70,gear-supplier_prod,G1C,0,500,500,0
buffer,70,gear-supplier_prod,G1D,0,318,318,0
buffer,70,gear-supplier_prod,G1Z,0,182,182,0
buffer,70,seat-supplier_inv,Q1A,0,182,182,0
buffer,70,seat-supplier_inv,Q2J,0,733,733,0
buffer,70,seat-supplier_inv,Q4H,0,823,823,0
buffer,70,seat-supplier_inv,Q4P,0,262,262,0
buffer,70,seat-supplier_prod,componment_seat1,6002,0,733,5269
buffer,70,seat-supplier_prod,componment_seat2,6405,0,823,5582
buffer,70,seat-supplier_prod,componment_seat3,2185,0,262,1923
buffer,70,seat-supplier_prod,componment_seat4,1408,0,182,1226
buffer,70,zp7,BEV,510,0,182,328
buffer,70,zp7,D02,128,26,53,101
buffer,70,zp7,D2I,80,62,34,108
buffer,70,zp7,D33,356,90,145,301
buffer,70,zp7,D36,3,0,2,1
buffer,70,zp7,D60,60,7,20,47
buffer,70,zp7,D64,226,171,105,292
buffer,70,zp7,D80,125,94,55,164
buffer,70,zp7,D83,265,584,182,667
buffer,70,zp7,DB0,17,5,7,15
buffer,70,zp7,DB8,42,8,17,33
buffer,70,zp7,DE2,5,3,1,7
buffer,70,zp7,DE4,72,60,31,101
buffer,70,zp7,DE5,152,51,61,142
buffer,70,zp7,DF4,12,1,4,9
buffer,70,zp7,DF6,12,1,5,8
buffer,70,zp7,DG6,704,181,263,622
buffer,70,zp7,DG8,399,125,153,371
buffer,70,zp7,DK7,136,99,68,167
buffer,70,zp7,DK8,516,158,201,473
buffer,70,zp7,DK9,31,7,11,27
buffer,70,zp7,DM4,22,5,7,20
buffer,70,zp7,DN1,12,2,2,12
buffer,70,zp7,DN4,712,189,296,605
buffer,70,zp7,DN6,24,9,10,23
buffer,70,zp7,DP2,97,25,33,89
buffer,70,zp7,DQ4,67,14,24,57
buffer,70,zp7,DQ9,286,68,102,252
buffer,70,zp7,DR8,61,13,22,52
buffer,70,zp7,DS9,178,42,86,134
buffer,70,zp7,G0C,114,113,89,138
buffer,70,zp7,G0K,863,726,631,958
buffer,70,zp7,G0L,56,46,42,60
buffer,70,zp7,G0R,35,31,24,42
buffer,70,zp7,G1A,303,256,214,345
buffer,70,zp7,G1C,680,547,500,727
buffer,70,zp7,G1D,440,325,318,447
buffer,70,zp7,G1Z,209,56,182,83
buffer,70,zp7,Q1A,0,182,182,0
buffer,70,zp7,Q2J,0,733,733,0
buffer,70,zp7,Q4H,0,823,823,0
buffer,70,zp7,Q4P,0,262,262,0
buffer,71,battery-supplier_inv,BEV,0,128,128,0
buffer,71,battery-supplier_prod,componment_battery1,0,0,0,0
buffer,71,battery-supplier_prod,componment_battery2,0,0,0,0
buffer,71,battery-supplier_prod,componment_battery3,0,0,0,0
buffer,71,engine-supplier_inv,D02,71,53,31,93
buffer,71,engine-supplier_inv,D2I,112,34,12,134
buffer,71,engine-supplier_inv,D33,323,145,87,381
buffer,71,engine-supplier_inv,D36,8,2,2,8
buffer,71,engine-supplier_inv,D60,29,20,8,41
buffer,71,engine-supplier_inv,D64,304,105,59,350
buffer,71,engine-supplier_inv,D80,208,55,36,227
buffer,71,engine-supplier_inv,D83,836,182,31,987
buffer,71,engine-supplier_inv,DB0,21,7,7,21
buffer,71,engine-supplier_inv,DB8,26,17,6,37
buffer,71,engine-supplier_inv,DE2,11,1,1,11
buffer,71,engine-supplier_inv,DE4,99,31,15,115
buffer,71,engine-supplier_inv,DE5,134,61,34,161
buffer,71,engine-supplier_inv,DF4,5,4,0,9
buffer,71,engine-supplier_inv,DF6,11,5,7,9
buffer,71,engine-supplier_inv,DG6,588,263,145,706
buffer,71,engine-supplier_inv,DG8,329,153,85,397
buffer,71,engine-supplier_inv,DK7,172,68,26,214
buffer,71,engine-supplier_inv,DK8,469,201,99,571
buffer,71,engine-supplier_inv,DK9,25,11,11,25
buffer,71,engine-supplier_inv,DM4,28,7,3,32
buffer,71,engine-supplier_inv,DN1,15,2,0,17
buffer,71,engine-supplier_inv,DN4,591,296,128,759
buffer,71,engine-supplier_inv,DN6,32,10,4,38
buffer,71,engine-supplier_inv,DP2,93,33,34,92
buffer,71,engine-supplier_inv,DQ4,53,24,12,65
buffer,71,engine-supplier_inv,DQ9,203,102,59,246
buffer,71,engine-supplier_inv,DR8,51,22,19,54
buffer,71,engine-supplier_inv,DS9,153,86,39,200
buffer,71,engine-supplier_prod,D02,0,0,0,0
buffer,71,engine-supplier_prod,D2I,0,0,0,0
buffer,71,engine-supplier_prod,D33,0,0,0,0
buffer,71,engine-supplier_prod,D36,0,0,0,0
buffer,71,engine-supplier_prod,D60,0,0,0,0
buffer,71,engine-supplier_prod,D64,0,0,0,0
buffer,71,engine-supplier_prod,D80,0,0,0,0
buffer,71,engine-supplier_prod,D83,0,0,0,0
buffer,71,engine-supplier_prod,DB0,0,0,0,0
buffer,71,engine-supplier_prod,DB8,0,0,0,0
buffer,71,engine-supplier_prod,DE2,0,0,0,0
buffer,71,engine-supplier_prod,DE4,0,0,0,0
buffer,71,engine-supplier_prod,DE5,0,0,0,0
buffer,71,engine-supplier_prod,DF4,0,0,0,0
buffer,71,engine-supplier_prod,DF6,0,0,0,0
buffer,71,engine-supplier_prod,DG6,0,0,0,0
buffer,71,engine-supplier_prod,DG8,0,0,0,0
buffer,71,engine-supplier_prod,DK7,0,0,0,0
buffer,71,engine-supplier_prod,DK8,0,0,0,0
buffer,71,engine-supplier_prod,DK9,0,0,0,0
buffer,71,engine-supplier_prod,DM4,0,0,0,0
buffer,71,engine-supplier_prod,DN1,0,0,0,0
buffer,71,engine-supplier_prod,DN4,0,0,0,0
buffer,71,engine-supplier_prod,DN6,0,0,0,0
buffer,71,engine-supplier_prod,DP2,0,0,0,0
buffer,71,engine-supplier_prod,DQ4,0,0,0,0
buffer,71,engine-supplier_prod,DQ9,0,0,0,0
buffer,71,engine-supplier_prod,DR8,0,0,0,0
buffer,71,engine-supplier_prod,DS9,0,0,0,0
buffer,71,gear-supplier_inv,G0C,169,80,41,208
buffer,71,gear-supplier_inv,G0K,813,589,319,1083
buffer,71,gear-supplier_inv,G0L,43,33,22,54
buffer,71,gear-supplier_inv,G0R,28,22,13,37
buffer,71,gear-supplier_inv,G1A,368,249,136,481
buffer,71,gear-supplier_inv,G1C,615,463,260,818
buffer,71,gear-supplier_inv,G1D,403,289,178,514
buffer,71,gear-supplier_inv,G1Z,561,275,31,805
buffer,71,gear-supplier_prod,G0C,0,0,0,0
buffer,71,gear-supplier_prod,G0K,0,0,0,0
buffer,71,gear-supplier_prod,G0L,0,0,0,0
buffer,71,gear-supplier_prod,G0R,0,0,0,0
buffer,71,gear-supplier_prod,G1A,0,0,0,0
buffer,71,gear-supplier_prod,G1C,0,0,0,0
buffer,71,gear-supplier_prod,G1D,0,0,0,0
buffer,71,gear-supplier_prod,G1Z,0,0,0,0
buffer,71,seat-supplier_inv,Q1A,0,167,167,0
buffer,71,seat-supplier_inv,Q2J,0,845,845,0
buffer,71,seat-supplier_inv,Q4H,0,720,720,0
buffer,71,seat-supplier_inv,Q4P,0,268,268,0
buffer,71,seat-supplier_prod,componment_seat1,5269,0,845,4424
buffer,71,seat-supplier_prod,componment_seat2,5582,0,720,4862
buffer,71,seat-supplier_prod,componment_seat3,1923,0,268,1655
buffer,71,seat-supplier_prod,componment_seat4,1226,0,167,1059
buffer,71,zp7,BEV,328,294,68,554
buffer,71,zp7,D02,101,45,51,95
buffer,71,zp7,D2I,108,28,34,102
buffer,71,zp7,D33,301,173,136,338
buffer,71,zp7,D36,1,3,1,3
buffer,71,zp7,D60,47,23,23,47
buffer,71,zp7,D64,292,92,90,294
buffer,71,zp7,D80,164,71,51,184
buffer,71,zp7,D83,667,52,68,651
buffer,71,zp7,DB0,15,13,8,20
buffer,71,zp7,DB8,33,13,18,28
buffer,71,zp7,DE2,7,4,3,8
buffer,71,zp7,DE4,101,18,34,85
buffer,71,zp7,DE5,142,66,58,150
buffer,71,zp7,DF4,9,6,6,9
buffer,71,zp7,DF6,8,6,6,8
buffer,71,zp7,DG6,622,329,324,627
buffer,71,zp7,DG8,371,174,176,369
buffer,71,zp7,DK7,167,46,54,159
buffer,71,zp7,DK8,473,260,229,504
buffer,71,zp7,DK9,27,17,17,27
buffer,71,zp7,DM4,20,11,12,19
buffer,71,zp7,DN1,12,5,8,9
buffer,71,zp7,DN4,605,307,290,622
buffer,71,zp7,DN6,23,10,10,23
buffer,71,zp7,DP2,89,44,43,90
buffer,71,zp7,DQ4,57,35,29,63
buffer,71,zp7,DQ9,252,125,128,249
buffer,71,zp7,DR8,52,38,28,62
buffer,71,zp7,DS9,134,86,65,155
buffer,71,zp7,G0C,138,91,98,131
buffer,71,zp7,G0K,958,504,674,788
buffer,71,zp7,G0L,60,29,40,49
buffer,71,zp7,G0R,42,12,35,19
buffer,71,zp7,G1A,345,192,244,293
buffer,71,zp7,G1C,727,407,524,610
buffer,71,zp7,G1D,447,281,317,411
buffer,71,zp7,G1Z,83,584,68,599
buffer,71,zp7,Q1A,0,167,167,0
buffer,71,zp7,Q2J,0,845,845,0
buffer,71,zp7,Q4H,0,720,720,0
buffer,71,zp7,Q4P,0,268,268,0
buffer,72,battery-supplier_inv,BEV,0,0,0,0
buffer,72,battery-supplier_prod,componment_battery1,0,0,0,0
buffer,72,battery-supplier_prod,componment_battery2,0,0,0,0
buffer,72,battery-supplier_prod,componment_battery3,0,0,0,0
buffer,72,engine-supplier_inv,D02,93,0,0,93
buffer,72,engine-supplier_inv,D2I,134,0,0,134
buffer,72,engine-supplier_inv,D33,381,0,0,381
buffer,72,engine-supplier_inv,D36,8,0,0,8
buffer,72,engine-supplier_inv,D60,41,0,0,41
buffer,72,engine-supplier_inv,D64,350,0,0,350
buffer,72,engine-supplier_inv,D80,227,0,0,227
buffer,72,engine-supplier_inv,D83,987,0,0,987
buffer,72,engine-supplier_inv,DB0,21,0,0,21
buffer,72,engine-supplier_inv,DB8,37,0,0,37
buffer,72,engine-supplier_inv,DE2,11,0,0,11
buffer,72,engine-supplier_inv,DE4,115,0,0,115
buffer,72,engine-supplier_inv,DE5,161,0,0,161
buffer,72,engine-supplier_inv,DF4,9,0,0,9
buffer,72,engine-supplier_inv,DF6,9,0,0,9
buffer,72,engine-supplier_inv,DG6,706,0,0,706
buffer,72,engine-supplier_inv,DG8,397,0,0,397
buffer,72,engine-supplier_inv,DK7,214,0,0,214
buffer,72,engine-supplier_inv,DK8,571,0,0,571
buffer,72,engine-supplier_inv,DK9,25,0,0,25
buffer,72,engine-supplier_inv,DM4,32,0,0,32
buffer,72,engine-supplier_inv,DN1,17,0,0,17
buffer,72,engine-supplier_inv,DN4,759,0,0,759
buffer,72,engine-supplier_inv,DN6,38,0,0,38
buffer,72,engine-supplier_inv,DP2,92,0,0,92
buffer,72,engine-supplier_inv,DQ4,65,0,0,65
buffer,72,engine-supplier_inv,DQ9,246,0,0,246
buffer,72,engine-supplier_inv,DR8,54,0,0,54
buffer,72,engine-supplier_inv,DS9,200,0,0,200
buffer,72,engine-supplier_prod,D02,0,0,0,0
buffer,72,engine-supplier_prod,D2I,0,0,0,0
buffer,72,engine-supplier_prod,D33,0,0,0,0
buffer,72,engine-supplier_prod,D36,0,0,0,0
buffer,72,engine-supplier_prod,D60,0,0,0,0
buffer,72,engine-supplier_prod,D64,0,0,0,0
buffer,72,engine-supplier_prod,D80,0,0,0,0
buffer,72,engine-supplier_prod,D83,0,0,0,0
buffer,72,engine-supplier_prod,DB0,0,0,0,0
buffer,72,engine-supplier_prod,DB8,0,0,0,0
buffer,72,engine-supplier_prod,DE2,0,0,0,0
buffer,72,engine-supplier_prod,DE4,0,0,0,0
buffer,72,engine-supplier_prod,DE5,0,0,0,0
buffer,72,engine-supplier_prod,DF4,0,0,0,0
buffer,72,engine-supplier_prod,DF6,0,0,0,0
buffer,72,engine-supplier_prod,DG6,0,0,0,0
buffer,72,engine-supplier_prod,DG8,0,0,0,0
buffer,72,engine-supplier_prod,DK7,0,0,0,0
buffer,72,engine-supplier_prod,DK8,0,0,0,0
buffer,72,engine-supplier_prod,DK9,0,0,0,0
buffer,72,engine-supplier_prod,DM4,0,0,0,0
buffer,72,engine-supplier_prod,DN1,0,0,0,0
buffer,72,engine-supplier_prod,DN4,0,0,0,0
buffer,72,engine-supplier_prod,DN6,0,0,0,0
buffer,72,engine-supplier_prod,DP2,0,0,0,0
buffer,72,engine-supplier_prod,DQ4,0,0,0,0
buffer,72,engine-supplier_prod,DQ9,0,0,0,0
buffer,72,engine-supplier_prod,DR8,0,0,0,0
buffer,72,engine-supplier_prod,DS9,0,0,0,0
buffer,72,gear-supplier_inv,G0C,208,89,0,297
buffer,72,gear-supplier_inv,G0K,1083,631,0,1714
buffer,72,gear-supplier_inv,G0L,54,42,0,96
buffer,72,gear-supplier_inv,G0R,37,24,0,61
buffer,72,gear-supplier_inv,G1A,481,214,0,695
buffer,72,gear-supplier_inv,G1C,818,500,0,1318
buffer,72,gear-supplier_inv,G1D,514,318,0,832
buffer,72,gear-supplier_inv,G1Z,805,182,0,987
buffer,72,gear-supplier_prod,G0C,0,0,0,0
buffer,72,gear-supplier_prod,G0K,0,0,0,0
buffer,72,gear-supplier_prod,G0L,0,0,0,0
buffer,72,gear-supplier_prod,G0R,0,0,0,0
buffer,72,gear-supplier_prod,G1A,0,0,0,0
buffer,72,gear-supplier_prod,G1C,0,0,0,0
buffer,72,gear-supplier_prod,G1D,0,0,0,0
buffer,72,gear-supplier_prod,G1Z,0,0,0,0
buffer,72,seat-supplier_inv,Q1A,0,164,164,0
buffer,72,seat-supplier_inv,Q2J,0,649,649,0
buffer,72,seat-supplier_inv,Q4H,0,917,917,0
buffer,72,seat-supplier_inv,Q4P,0,270,270,0
buffer,72,seat-supplier_prod,componment_seat1,4424,0,649,3775
buffer,72,seat-supplier_prod,componment_seat2,4862,0,917,3945
buffer,72,seat-supplier_prod,componment_seat3,1655,0,270,1385
buffer,72,seat-supplier_prod,componment_seat4,1059,0,164,895
buffer,72,zp7,BEV,554,128,274,408
buffer,72,zp7,D02,95,31,44,82
buffer,72,zp7,D2I,102,12,40,74
buffer,72,zp7,D33,338,87,125,300
buffer,72,zp7,D36,3,2,0,5
buffer,72,zp7,D60,47,8,24,31
buffer,72,zp7,D64,294,59,117,236
buffer,72,zp7,D80,184,36,69,151
buffer,72,zp7,D83,651,31,274,408
buffer,72,zp7,DB0,20,7,7,20
buffer,72,zp7,DB8,28,6,14,20
buffer,72,zp7,DE2,8,1,4,5
buffer,72,zp7,DE4,85,15,37,63
buffer,72,zp7,DE5,150,34,64,120
buffer,72,zp7,DF4,9,0,2,7
buffer,72,zp7,DF6,8,7,2,13
buffer,72,zp7,DG6,627,145,245,527
buffer,72,zp7,DG8,369,85,142,312
buffer,72,zp7,DK7,159,26,64,121
buffer,72,zp7,DK8,504,99,191,412
buffer,72,zp7,DK9,27,11,8,30
buffer,72,zp7,DM4,19,3,7,15
buffer,72,zp7,DN1,9,0,3,6
buffer,72,zp7,DN4,622,128,259,491
buffer,72,zp7,DN6,23,4,13,14
buffer,72,zp7,DP2,90,34,40,84
buffer,72,zp7,DQ4,63,12,24,51
buffer,72,zp7,DQ9,249,59,102,206
buffer,72,zp7,DR8,62,19,21,60
buffer,72,zp7,DS9,155,39,58,136
buffer,72,zp7,G0C,131,98,93,136
buffer,72,zp7,G0K,788,718,590,916
buffer,72,zp7,G0L,49,48,45,52
buffer,72,zp7,G0R,19,24,17,26
buffer,72,zp7,G1A,293,305,225,373
buffer,72,zp7,G1C,610,541,456,695
buffer,72,zp7,G1D,411,314,300,425
buffer,72,zp7,G1Z,599,52,274,377
buffer,72,zp7,Q1A,0,164,164,0
buffer,72,zp7,Q2J,0,649,649,0
buffer,72,zp7,Q4H,0,917,917,0
buffer,72,zp7,Q4P,0,270,270,0
buffer,73,battery-supplier_inv,BEV,0,0,0,0
buffer,73,battery-supplier_prod,componment_battery1,0,0,0,0
buffer,73,battery-supplier_prod,componment_battery2,0,0,0,0
buffer,73,battery-supplier_prod,componment_battery3,0,0,0,0
buffer,73,engine-supplier_inv,D02,93,0,0,93
buffer,73,engine-supplier_inv,D2I,134,0,0,134
buffer,73,engine-supplier_inv,D33,381,0,0,381
buffer,73,engine-supplier_inv,D36,8,0,0,8
buffer,73,engine-supplier_inv,D60,41,0,0,41
buffer,73,engine-supplier_inv,D64,350,0,0,350
buffer,73,engine-supplier_inv,D80,227,0,0,227
buffer,73,engine-supplier_inv,D83,987,0,0,987
buffer,73,engine-supplier_inv,DB0,21,0,0,21
buffer,73,engine-supplier_inv,DB8,37,0,0,37
buffer,73,engine-supplier_inv,DE2,11,0,0,11
buffer,73,engine-supplier_inv,DE4,115,0,0,115
buffer,73,engine-supplier_inv,DE5,161,0,0,161
buffer,73,engine-supplier_inv,DF4,9,0,0,9
buffer,73,engine-supplier_inv,DF6,9,0,0,9
buffer,73,engine-supplier_inv,DG6,706,0,0,706
buffer,73,engine-supplier_inv,DG8,397,0,0,397
buffer,73,engine-supplier_inv,DK7,214,0,0,214
buffer,73,engine-supplier_inv,DK8,571,0,0,571
buffer,73,engine-supplier_inv,DK9,25,0,0,25
buffer,73,engine-supplier_inv,DM4,32,0,0,32
buffer,73,engine-supplier_inv,DN1,17,0,0,17
buffer,73,engine-supplier_inv,DN4,759,0,0,759
buffer,73,engine-supplier_inv,DN6,38,0,0,38
buffer,73,engine-supplier_inv,DP2,92,0,0,92
buffer,73,engine-supplier_inv,DQ4,65,0,0,65
buffer,73,engine-supplier_inv,DQ9,246,0,0,246
buffer,73,engine-supplier_inv,DR8,54,0,0,54
buffer,73,engine-supplier_inv,DS9,200,0,0,200
buffer,73,engine-supplier_prod,D02,0,0,0,0
buffer,73,engine-supplier_prod,D2I,0,0,0,0
buffer,73,engine-supplier_prod,D33,0,0,0,0
buffer,73,engine-supplier_prod,D36,0,0,0,0
buffer,73,engine-supplier_prod,D60,0,0,0,0
buffer,73,engine-supplier_prod,D64,0,0,0,0
buffer,73,engine-supplier_prod,D80,0,0,0,0
buffer,73,engine-supplier_prod,D83,0,0,0,0
buffer,73,engine-supplier_prod,DB0,0,0,0,0
buffer,73,engine-supplier_prod,DB8,0,0,0,0
buffer,73,engine-supplier_prod,DE2,0,0,0,0
buffer,73,engine-supplier_prod,DE4,0,0,0,0
buffer,73,engine-supplier_prod,DE5,0,0,0,0
buffer,73,engine-supplier_prod,DF4,0,0,0,0
buffer,73,engine-supplier_prod,DF6,0,0,0,0
buffer,73,engine-supplier_prod,DG6,0,0,0,0
buffer,73,engine-supplier_prod,DG8,0,0,0,0
buffer,73,engine-supplier_prod,DK7,0,0,0,0
buffer,73,engine-supplier_prod,DK8,0,0,0,0
buffer,73,engine-supplier_prod,DK9,0,0,0,0
buffer,73,engine-supplier_prod,DM4,0,0,0,0
buffer,73,engine-supplier_prod,DN1,0,0,0,0
buffer,73,engine-supplier_prod,DN4,0,0,0,0
buffer,73,engine-supplier_prod,DN6,0,0,0,0
buffer,73,engine-supplier_prod,DP2,0,0,0,0
buffer,73,engine-supplier_prod,DQ4,0,0,0,0
buffer,73,engine-supplier_prod,DQ9,0,0,0,0
buffer,73,engine-supplier_prod,DR8,0,0,0,0
buffer,73,engine-supplier_prod,DS9,0,0,0,0
buffer,73,gear-supplier_inv,G0C,297,0,0,297
buffer,73,gear-supplier_inv,G0K,1714,0,0,1714
buffer,73,gear-supplier_inv,G0L,96,0,0,96
buffer,73,gear-supplier_inv,G0R,61,0,0,61
buffer,73,gear-supplier_inv,G1A,695,0,0,695
buffer,73,gear-supplier_inv,G1C,1318,0,0,1318
buffer,73,gear-supplier_inv,G1D,832,0,0,832
buffer,73,gear-supplier_inv,G1Z,987,0,0,987
buffer,73,gear-supplier_prod,G0C,0,0,0,0
buffer,73,gear-supplier_prod,G0K,0,0,0,0
buffer,73,gear-supplier_prod,G0L,0,0,0,0
buffer,73,gear-supplier_prod,G0R,0,0,0,0
buffer,73,gear-supplier_prod,G1A,0,0,0,0
buffer,73,gear-supplier_prod,G1C,0,0,0,0
buffer,73,gear-supplier_prod,G1D,0,0,0,0
buffer,73,gear-supplier_prod,G1Z,0,0,0,0
buffer,73,seat-supplier_inv,Q1A,0,162,162,0
buffer,73,seat-supplier_inv,Q2J,0,616,616,0
buffer,73,seat-supplier_inv,Q4H,0,963,963,0
buffer,73,seat-supplier_inv,Q4P,0,259,259,0
buffer,73,seat-supplier_prod,componment_seat1,3775,0,616,3159
buffer,73,seat-supplier_prod,componment_seat2,3945,0,963,2982
buffer,73,seat-supplier_prod,componment_seat3,1385,0,259,1126
buffer,73,seat-supplier_prod,componment_seat4,895,0,162,733
buffer,73,zp7,BEV,408,0,357,51
buffer,73,zp7,D02,82,0,33,49
buffer,73,zp7,D2I,74,0,52,22
buffer,73,zp7,D33,300,0,122,178
buffer,73,zp7,D36,5,0,2,3
buffer,73,zp7,D60,31,0,11,20
buffer,73,zp7,D64,236,0,134,102
buffer,73,zp7,D80,151,0,76,75
buffer,73,zp7,D83,408,0,357,51
buffer,73,zp7,DB0,20,0,10,10
buffer,73,zp7,DB8,20,0,5,15
buffer,73,zp7,DE2,5,0,3,2
buffer,73,zp7,DE4,63,0,37,26
buffer,73,zp7,DE5,120,0,49,71
buffer,73,zp7,DF4,7,0,5,2
buffer,73,zp7,DF6,13,0,1,12
buffer,73,zp7,DG6,527,0,232,295
buffer,73,zp7,DG8,312,0,151,161
buffer,73,zp7,DK7,121,0,69,52
buffer,73,zp7,DK8,412,0,187,225
buffer,73,zp7,DK9,30,0,10,20
buffer,73,zp7,DM4,15,0,8,7
buffer,73,zp7,DN1,6,0,4,2
buffer,73,zp7,DN4,491,0,213,278
buffer,73,zp7,DN6,14,0,7,7
buffer,73,zp7,DP2,84,0,28,56
buffer,73,zp7,DQ4,51,0,24,27
buffer,73,zp7,DQ9,206,0,96,110
buffer,73,zp7,DR8,60,0,21,39
buffer,73,zp7,DS9,136,0,53,83
buffer,73,zp7,G0C,136,41,93,84
buffer,73,zp7,G0K,916,319,569,666
buffer,73,zp7,G0L,52,22,28,46
buffer,73,zp7,G0R,26,13,14,25
buffer,73,zp7,G1A,373,136,221,288
buffer,73,zp7,G1C,695,260,446,509
buffer,73,zp7,G1D,425,178,272,331
buffer,73,zp7,G1Z,377,31,357,51
buffer,73,zp7,Q1A,0,162,162,0
buffer,73,zp7,Q2J,0,616,616,0
buffer,73,zp7,Q4H,0,963,963,0
buffer,73,zp7,Q4P,0,259,259,0
buffer,74,battery-supplier_inv,BEV,0,0,0,0
buffer,74,battery-supplier_prod,componment_battery1,0,0,0,0
buffer,74,battery-supplier_prod,componment_battery2,0,0,0,0
buffer,74,battery-supplier_prod,componment_battery3,0,0,0,0
buffer,74,engine-supplier_inv,D02,93,0,0,93
buffer,74,engine-supplier_inv,D2I,134,0,0,134
buffer,74,engine-supplier_inv,D33,381,0,0,381
buffer,74,engine-supplier_inv,D36,8,0,0,8
buffer,74,engine-supplier_inv,D60,41,0,0,41
buffer,74,engine-supplier_inv,D64,350,0,0,350
buffer,74,engine-supplier_inv,D80,227,0,0,227
buffer,74,engine-supplier_inv,D83,987,0,0,987
buffer,74,engine-supplier_inv,DB0,21,0,0,21
buffer,74,engine-supplier_inv,DB8,37,0,0,37
buffer,74,engine-supplier_inv,DE2,11,0,0,11
buffer,74,engine-supplier_inv,DE4,115,0,0,115
buffer,74,engine-supplier_inv,DE5,161,0,0,161
buffer,74,engine-supplier_inv,DF4,9,0,0,9
buffer,74,engine-supplier_inv,DF6,9,0,0,9
buffer,74,engine-supplier_inv,DG6,706,0,0,706
buffer,74,engine-supplier_inv,DG8,397,0,0,397
buffer,74,engine-supplier_inv,DK7,214,0,0,214
buffer,74,engine-supplier_inv,DK8,571,0,0,571
buffer,74,engine-supplier_inv,DK9,25,0,0,25
buffer,74,engine-supplier_inv,DM4,32,0,0,32
buffer,74,engine-supplier_inv,DN1,17,0,0,17
buffer,74,engine-supplier_inv,DN4,759,0,0,759
buffer,74,engine-supplier_inv,DN6,38,0,0,38
buffer,74,engine-supplier_inv,DP2,92,0,0,92
buffer,74,engine-supplier_inv,DQ4,65,0,0,65
buffer,74,engine-supplier_inv,DQ9,246,0,0,246
buffer,74,engine-supplier_inv,DR8,54,0,0,54
buffer,74,engine-supplier_inv,DS9,200,0,0,200
buffer,74,engine-supplier_prod,D02,0,0,0,0
buffer,74,engine-supplier_prod,D2I,0,0,0,0
buffer,74,engine-supplier_prod,D33,0,0,0,0
buffer,74,engine-supplier_prod,D36,0,0,0,0
buffer,74,engine-supplier_prod,D60,0,0,0,0
buffer,74,engine-supplier_prod,D64,0,0,0,0
buffer,74,engine-supplier_prod,D80,0,0,0,0
buffer,74,engine-supplier_prod,D83,0,0,0,0
buffer,74,engine-supplier_prod,DB0,0,0,0,0
buffer,74,engine-supplier_prod,DB8,0,0,0,0
buffer,74,engine-supplier_prod,DE2,0,0,0,0
buffer,74,engine-supplier_prod,DE4,0,0,0,0
buffer,74,engine-supplier_prod,DE5,0,0,0,0
buffer,74,engine-supplier_prod,DF4,0,0,0,0
buffer,74,engine-supplier_prod,DF6,0,0,0,0
buffer,74,engine-supplier_prod,DG6,0,0,0,0
buffer,74,engine-supplier_prod,DG8,0,0,0,0
buffer,74,engine-supplier_prod,DK7,0,0,0,0
buffer,74,engine-supplier_prod,DK8,0,0,0,0
buffer,74,engine-supplier_prod,DK9,0,0,0,0
buffer,74,engine-supplier_prod,DM4,0,0,0,0
buffer,74,engine-supplier_prod,DN1,0,0,0,0
buffer,74,engine-supplier_prod,DN4,0,0,0,0
buffer,74,engine-supplier_prod,DN6,0,0,0,0
buffer,74,engine-supplier_prod,DP2,0,0,0,0
buffer,74,engine-supplier_prod,DQ4,0,0,0,0
buffer,74,engine-supplier_prod,DQ9,0,0,0,0
buffer,74,engine-supplier_prod,DR8,0,0,0,0
buffer,74,engine-supplier_prod,DS9,0,0,0,0
buffer,74,gear-supplier_inv,G0C,297,0,0,297
buffer,74,gear-supplier_inv,G0K,1714,0,0,1714
buffer,74,gear-supplier_inv,G0L,96,0,0,96
buffer,74,gear-supplier_inv,G0R,61,0,0,61
buffer,74,gear-supplier_inv,G1A,695,0,0,695
buffer,74,gear-supplier_inv,G1C,1318,0,0,1318
buffer,74,gear-supplier_inv,G1D,832,0,0,832
buffer,74,gear-supplier_inv,G1Z,987,0,0,987
buffer,74,gear-supplier_prod,G0C,0,0,0,0
buffer,74,gear-supplier_prod,G0K,0,0,0,0
buffer,74,gear-supplier_prod,G0L,0,0,0,0
buffer,74,gear-supplier_prod,G0R,0,0,0,0
buffer,74,gear-supplier_prod,G1A,0,0,0,0
buffer,74,gear-supplier_prod,G1C,0,0,0,0
buffer,74,gear-supplier_prod,G1D,0,0,0,0
buffer,74,gear-supplier_prod,G1Z,0,0,0,0
buffer,74,seat-supplier_inv,Q1A,0,196,196,0
buffer,74,seat-supplier_inv,Q2J,0,729,729,0
buffer,74,seat-supplier_inv,Q4H,0,771,771,0
buffer,74,seat-supplier_inv,Q4P,0,304,304,0
buffer,74,seat-supplier_prod,componment_seat1,3159,0,729,2430
buffer,74,seat-supplier_prod,componment_seat2,2982,0,771,2211
buffer,74,seat-supplier_prod,componment_seat3,1126,0,304,822
buffer,74,seat-supplier_prod,componment_seat4,733,0,196,537
buffer,74,zp7,BEV,51,0,51,0
buffer,74,zp7,D02,49,0,49,0
buffer,74,zp7,D2I,22,0,22,0
buffer,74,zp7,D33,178,0,178,0
buffer,74,zp7,D36,3,0,3,0
buffer,74,zp7,D60,20,0,20,0
buffer,74,zp7,D64,102,0,102,0
buffer,74,zp7,D80,75,0,75,0
buffer,74,zp7,D83,51,0,51,0
buffer,74,zp7,DB0,10,0,10,0
buffer,74,zp7,DB8,15,0,15,0
buffer,74,zp7,DE2,2,0,2,0
buffer,74,zp7,DE4,26,0,26,0
buffer,74,zp7,DE5,71,0,71,0
buffer,74,zp7,DF4,2,0,2,0
buffer,74,zp7,DF6,12,0,12,0
buffer,74,zp7,DG6,295,0,295,0
buffer,74,zp7,DG8,161,0,161,0
buffer,74,zp7,DK7,52,0,52,0
buffer,74,zp7,DK8,225,0,225,0
buffer,74,zp7,DK9,20,0,20,0
buffer,74,zp7,DM4,7,0,7,0
buffer,74,zp7,DN1,2,0,2,0
buffer,74,zp7,DN4,278,0,278,0
buffer,74,zp7,DN6,7,0,7,0
buffer,74,zp7,DP2,56,0,56,0
buffer,74,zp7,DQ4,27,0,27,0
buffer,74,zp7,DQ9,110,0,110,0
buffer,74,zp7,DR8,39,0,39,0
buffer,74,zp7,DS9,83,0,83,0
buffer,74,zp7,G0C,84,0,84,0
buffer,74,zp7,G0K,666,0,666,0
buffer,74,zp7,G0L,46,0,46,0
buffer,74,zp7,G0R,25,0,25,0
buffer,74,zp7,G1A,288,0,288,0
buffer,74,zp7,G1C,509,0,509,0
buffer,74,zp7,G1D,331,0,331,0
buffer,74,zp7,G1Z,51,0,51,0
buffer,74,zp7,Q1A,0,196,196,0
buffer,74,zp7,Q2J,0,729,729,0
buffer,74,zp7,Q4H,0,771,771,0
buffer,74,zp7,Q4P,0,304,304,0
